asset,scenario_name,target_qty,horizon_steps,max_child_qty,pov_cap,side,policy_name,day_name,day_path,start_idx,steps_used,episode_return,filled_total,exec_vwap,arrival_mid,cost_cash_vs_mid,remaining_qty,completion,completion_100pct,terminated_at_horizon,is_bps,run_name,ckpt,episode_id
DOGE,doge_q500000,500000.0,4320,3500.0,0.1,buy,TWAP,2026-01-17_steps_5s.parquet,/Users/jackfletcher/Desktop/FYP_Data/Replay_5s_DOGE/January/2026-01-17_steps_5s.parquet,4382,4320,-4.070603291511914e-05,500000.0000000014,0.1374868213223457,0.137525,2.7990485883258747,0.0,1.0000000000000029,1.0,1.0,0.4070603291511906,TWAP,,0
DOGE,doge_q500000,500000.0,4320,3500.0,0.1,buy,TWAP,2026-01-17_steps_5s.parquet,/Users/jackfletcher/Desktop/FYP_Data/Replay_5s_DOGE/January/2026-01-17_steps_5s.parquet,745,4320,-3.932402248503561e-05,499999.99999999884,0.13767353025417445,0.13828000000000001,2.71886291461536,0.0,0.9999999999999977,1.0,1.0,0.39324022485035576,TWAP,,1
DOGE,doge_q500000,500000.0,4320,3500.0,0.1,buy,TWAP,2026-01-13_steps_5s.parquet,/Users/jackfletcher/Desktop/FYP_Data/Replay_5s_DOGE/January/2026-01-13_steps_5s.parquet,1052,4320,-4.4925333697530275e-05,499999.999999999,0.13792975098232862,0.136785,3.0725558849083434,0.0,0.999999999999998,1.0,1.0,0.44925333697530334,TWAP,,2
DOGE,doge_q500000,500000.0,4320,3500.0,0.1,buy,TWAP,2026-01-23_steps_5s.parquet,/Users/jackfletcher/Desktop/FYP_Data/Replay_5s_DOGE/January/2026-01-23_steps_5s.parquet,1350,4320,-5.348496539484024e-05,500000.0000000009,0.12538222211880173,0.125125,3.3461531475146895,0.0,1.0000000000000018,1.0,1.0,0.534849653948402,TWAP,,3
DOGE,doge_q500000,500000.0,4320,3500.0,0.1,buy,TWAP,2026-01-18_steps_5s.parquet,/Users/jackfletcher/Desktop/FYP_Data/Replay_5s_DOGE/January/2026-01-18_steps_5s.parquet,1398,4320,-4.1711395864275036e-05,500000.0000000004,0.13723264563529386,0.13699,2.857022059723525,0.0,1.0000000000000009,1.0,1.0,0.4171139586427513,TWAP,,4
DOGE,doge_q500000,500000.0,4320,3500.0,0.1,buy,TWAP,2026-01-20_steps_5s.parquet,/Users/jackfletcher/Desktop/FYP_Data/Replay_5s_DOGE/January/2026-01-20_steps_5s.parquet,12107,4320,-7.635282833910234e-05,499999.99999999773,0.12393710787412537,0.123665,4.72108625827754,0.0,0.9999999999999954,1.0,1.0,0.7635282833910225,TWAP,,5
DOGE,doge_q500000,500000.0,4320,3500.0,0.1,buy,TWAP,2026-01-11_steps_5s.parquet,/Users/jackfletcher/Desktop/FYP_Data/Replay_5s_DOGE/January/2026-01-11_steps_5s.parquet,7696,4320,-5.216149730788627e-05,499999.99999999924,0.13992045137013237,0.13997500000000002,3.6506527928357047,0.0,0.9999999999999984,1.0,1.0,0.5216149730788646,TWAP,,6
DOGE,doge_q500000,500000.0,4320,3500.0,0.1,buy,TWAP,2026-01-17_steps_5s.parquet,/Users/jackfletcher/Desktop/FYP_Data/Replay_5s_DOGE/January/2026-01-17_steps_5s.parquet,2505,4320,-3.9294449599721914e-05,499999.9999999993,0.13747941845273637,0.137735,2.7061105078088494,0.0,0.9999999999999986,1.0,1.0,0.3929444959972192,TWAP,,7
DOGE,doge_q500000,500000.0,4320,3500.0,0.1,buy,TWAP,2026-01-31_steps_5s.parquet,/Users/jackfletcher/Desktop/FYP_Data/Replay_5s_DOGE/January/2026-01-31_steps_5s.parquet,4432,4320,-6.766875309762944e-05,500000.00000000105,0.1123991967314873,0.114565,3.876235349314954,0.0,1.000000000000002,1.0,1.0,0.6766875309762937,TWAP,,8
DOGE,doge_q500000,500000.0,4320,3500.0,0.1,buy,TWAP,2026-01-15_steps_5s.parquet,/Users/jackfletcher/Desktop/FYP_Data/Replay_5s_DOGE/January/2026-01-15_steps_5s.parquet,172,4320,-5.795571612556974e-05,499999.99999999994,0.14419604986614737,0.14712,4.263222478196916,0.0,0.9999999999999999,1.0,1.0,0.5795571612556981,TWAP,,9
DOGE,doge_q500000,500000.0,4320,3500.0,0.1,buy,TWAP,2026-01-19_steps_5s.parquet,/Users/jackfletcher/Desktop/FYP_Data/Replay_5s_DOGE/January/2026-01-19_steps_5s.parquet,11208,4320,-5.96552268246344e-05,500000.0000000035,0.12939704553312006,0.128195,3.8237509013919917,0.0,1.0000000000000069,1.0,1.0,0.5965522682463421,TWAP,,10
DOGE,doge_q500000,500000.0,4320,3500.0,0.1,buy,TWAP,2026-01-14_steps_5s.parquet,/Users/jackfletcher/Desktop/FYP_Data/Replay_5s_DOGE/January/2026-01-14_steps_5s.parquet,7845,4320,-6.781290730906209e-05,499999.99999999994,0.14778325807831308,0.14764,5.005948817554962,0.0,0.9999999999999999,1.0,1.0,0.6781290730906206,TWAP,,11
DOGE,doge_q500000,500000.0,4320,3500.0,0.1,buy,TWAP,2026-01-14_steps_5s.parquet,/Users/jackfletcher/Desktop/FYP_Data/Replay_5s_DOGE/January/2026-01-14_steps_5s.parquet,8532,4320,-7.0025059485872e-05,499999.9999999984,0.14812708178135744,0.146295,5.122158038742825,0.0,0.9999999999999969,1.0,1.0,0.7002505948587204,TWAP,,12
DOGE,doge_q500000,500000.0,4320,3500.0,0.1,buy,TWAP,2026-01-19_steps_5s.parquet,/Users/jackfletcher/Desktop/FYP_Data/Replay_5s_DOGE/January/2026-01-19_steps_5s.parquet,3932,4320,-5.3682045938169344e-05,500000.00000000134,0.12750784344298732,0.127145,3.412701865404288,0.0,1.0000000000000027,1.0,1.0,0.5368204593816961,TWAP,,13
DOGE,doge_q500000,500000.0,4320,3500.0,0.1,buy,TWAP,2026-01-24_steps_5s.parquet,/Users/jackfletcher/Desktop/FYP_Data/Replay_5s_DOGE/January/2026-01-24_steps_5s.parquet,10047,4320,-6.0650147495434564e-05,499999.9999999979,0.12399098329961127,0.12442,3.7730456756909914,0.0,0.9999999999999958,1.0,1.0,0.6065014749543468,TWAP,,14
DOGE,doge_q500000,500000.0,4320,3500.0,0.1,buy,TWAP,2026-01-14_steps_5s.parquet,/Users/jackfletcher/Desktop/FYP_Data/Replay_5s_DOGE/January/2026-01-14_steps_5s.parquet,8562,4320,-6.962623455557754e-05,499999.9999999974,0.14812999274702277,0.146245,5.091244336290223,0.0,0.9999999999999948,1.0,1.0,0.696262345555776,TWAP,,15
DOGE,doge_q500000,500000.0,4320,3500.0,0.1,buy,TWAP,2026-01-28_steps_5s.parquet,/Users/jackfletcher/Desktop/FYP_Data/Replay_5s_DOGE/January/2026-01-28_steps_5s.parquet,2528,4320,-5.281811503263593e-05,500000.0000000007,0.12519855675753574,0.124355,3.284098347441712,0.0,1.0000000000000013,1.0,1.0,0.5281811503263578,TWAP,,16
DOGE,doge_q500000,500000.0,4320,3500.0,0.1,buy,TWAP,2026-01-30_steps_5s.parquet,/Users/jackfletcher/Desktop/FYP_Data/Replay_5s_DOGE/January/2026-01-30_steps_5s.parquet,3000,4320,-6.877163926490274e-05,499999.99999999837,0.1141816898247203,0.114635,3.9418184335660675,0.0,0.9999999999999968,1.0,1.0,0.6877163926490283,TWAP,,17
DOGE,doge_q500000,500000.0,4320,3500.0,0.1,buy,TWAP,2026-01-10_steps_5s.parquet,/Users/jackfletcher/Desktop/FYP_Data/Replay_5s_DOGE/January/2026-01-10_steps_5s.parquet,5128,4320,-3.9238590212164264e-05,500000.0000000005,0.14009440977522344,0.14016499999999998,2.749938498544,0.0,1.000000000000001,1.0,1.0,0.3923859021216424,TWAP,,18
DOGE,doge_q500000,500000.0,4320,3500.0,0.1,buy,TWAP,2026-01-28_steps_5s.parquet,/Users/jackfletcher/Desktop/FYP_Data/Replay_5s_DOGE/January/2026-01-28_steps_5s.parquet,6776,4320,-5.6635084667448375e-05,500000.0,0.12619036493583366,0.12573499999999999,3.5605061853308206,0.0,1.0,1.0,1.0,0.5663508466744854,TWAP,,19
DOGE,doge_q500000,500000.0,4320,3500.0,0.1,buy,TWAP,2026-01-16_steps_5s.parquet,/Users/jackfletcher/Desktop/FYP_Data/Replay_5s_DOGE/January/2026-01-16_steps_5s.parquet,10334,4320,-5.816535739375825e-05,499999.9999999976,0.13685117123116436,0.138065,4.015300034284631,0.0,0.9999999999999952,1.0,1.0,0.5816535739375847,TWAP,,20
DOGE,doge_q500000,500000.0,4320,3500.0,0.1,buy,TWAP,2026-01-15_steps_5s.parquet,/Users/jackfletcher/Desktop/FYP_Data/Replay_5s_DOGE/January/2026-01-15_steps_5s.parquet,8587,4320,-6.762392243012593e-05,500000.00000000134,0.14282312996473615,0.14360499999999998,4.855566690289138,0.0,1.0000000000000027,1.0,1.0,0.6762392243012624,TWAP,,21
DOGE,doge_q500000,500000.0,4320,3500.0,0.1,buy,TWAP,2026-01-24_steps_5s.parquet,/Users/jackfletcher/Desktop/FYP_Data/Replay_5s_DOGE/January/2026-01-24_steps_5s.parquet,1788,4320,-6.588230257563034e-05,499999.99999999953,0.12444848390594755,0.12444,4.099196866255708,0.0,0.9999999999999991,1.0,1.0,0.6588230257563016,TWAP,,22
DOGE,doge_q500000,500000.0,4320,3500.0,0.1,buy,TWAP,2026-01-22_steps_5s.parquet,/Users/jackfletcher/Desktop/FYP_Data/Replay_5s_DOGE/January/2026-01-22_steps_5s.parquet,4057,4320,-4.646413700097549e-05,500000.0000000008,0.12654263235505375,0.127015,2.950821180589452,0.0,1.0000000000000016,1.0,1.0,0.4646413700097552,TWAP,,23
DOGE,doge_q500000,500000.0,4320,3500.0,0.1,buy,TWAP,2026-01-21_steps_5s.parquet,/Users/jackfletcher/Desktop/FYP_Data/Replay_5s_DOGE/January/2026-01-21_steps_5s.parquet,3311,4320,-5.7138425334193065e-05,500000.00000000134,0.12503979802040902,0.12556499999999998,3.587293188543976,0.0,1.0000000000000027,1.0,1.0,0.5713842533419307,TWAP,,24
DOGE,doge_q500000,500000.0,4320,3500.0,0.1,buy,TWAP,2026-01-14_steps_5s.parquet,/Users/jackfletcher/Desktop/FYP_Data/Replay_5s_DOGE/January/2026-01-14_steps_5s.parquet,10295,4320,-7.993209012938074e-05,500000.0000000015,0.14858398322684127,0.146555,5.857223734455699,0.0,1.000000000000003,1.0,1.0,0.7993209012938076,TWAP,,25
DOGE,doge_q500000,500000.0,4320,3500.0,0.1,buy,TWAP,2026-01-25_steps_5s.parquet,/Users/jackfletcher/Desktop/FYP_Data/Replay_5s_DOGE/January/2026-01-25_steps_5s.parquet,2169,4320,-5.351612713983163e-05,499999.99999999756,0.12318554272129624,0.123835,3.3135848021805185,0.0,0.9999999999999951,1.0,1.0,0.5351612713983153,TWAP,,26
DOGE,doge_q500000,500000.0,4320,3500.0,0.1,buy,TWAP,2026-01-22_steps_5s.parquet,/Users/jackfletcher/Desktop/FYP_Data/Replay_5s_DOGE/January/2026-01-22_steps_5s.parquet,6482,4320,-6.09447463478935e-05,500000.0000000006,0.12591826925209404,0.126425,3.8524697785162196,0.0,1.000000000000001,1.0,1.0,0.6094474634789353,TWAP,,27
DOGE,doge_q500000,500000.0,4320,3500.0,0.1,buy,TWAP,2026-01-18_steps_5s.parquet,/Users/jackfletcher/Desktop/FYP_Data/Replay_5s_DOGE/January/2026-01-18_steps_5s.parquet,5987,4320,-4.788359160299056e-05,499999.99999999674,0.13721647412507007,0.136965,3.2791880619517944,0.0,0.9999999999999934,1.0,1.0,0.4788359160299046,TWAP,,28
DOGE,doge_q500000,500000.0,4320,3500.0,0.1,buy,TWAP,2026-01-12_steps_5s.parquet,/Users/jackfletcher/Desktop/FYP_Data/Replay_5s_DOGE/January/2026-01-12_steps_5s.parquet,3917,4320,-5.0149195705703146e-05,500000.00000000047,0.138100643504224,0.14108500000000002,3.537649638069568,0.0,1.0000000000000009,1.0,1.0,0.5014919570570319,TWAP,,29
DOGE,doge_q500000,500000.0,4320,3500.0,0.1,buy,TWAP,2026-01-30_steps_5s.parquet,/Users/jackfletcher/Desktop/FYP_Data/Replay_5s_DOGE/January/2026-01-30_steps_5s.parquet,7295,4320,-8.93180250839296e-05,499999.99999999825,0.11492683859766997,0.11335500000000001,5.062322366694414,0.0,0.9999999999999966,1.0,1.0,0.8931802508392949,TWAP,,30
DOGE,doge_q500000,500000.0,4320,3500.0,0.1,buy,TWAP,2026-01-27_steps_5s.parquet,/Users/jackfletcher/Desktop/FYP_Data/Replay_5s_DOGE/January/2026-01-27_steps_5s.parquet,6487,4320,-5.701780433688979e-05,499999.9999999982,0.12207635225124559,0.122165,3.4827900334080732,0.0,0.9999999999999963,1.0,1.0,0.5701780433688983,TWAP,,31
DOGE,doge_q500000,500000.0,4320,3500.0,0.1,buy,TWAP,2026-01-24_steps_5s.parquet,/Users/jackfletcher/Desktop/FYP_Data/Replay_5s_DOGE/January/2026-01-24_steps_5s.parquet,7429,4320,-4.920332904463547e-05,500000.00000000093,0.12432397735523625,0.12443499999999999,3.0613081248345972,0.0,1.0000000000000018,1.0,1.0,0.49203329044635313,TWAP,,32
DOGE,doge_q500000,500000.0,4320,3500.0,0.1,buy,TWAP,2026-01-27_steps_5s.parquet,/Users/jackfletcher/Desktop/FYP_Data/Replay_5s_DOGE/January/2026-01-27_steps_5s.parquet,972,4320,-5.9470050938939344e-05,499999.9999999997,0.12269808175807824,0.122365,3.638526391571667,0.0,0.9999999999999994,1.0,1.0,0.5947005093893952,TWAP,,33
DOGE,doge_q500000,500000.0,4320,3500.0,0.1,buy,TWAP,2026-01-14_steps_5s.parquet,/Users/jackfletcher/Desktop/FYP_Data/Replay_5s_DOGE/January/2026-01-14_steps_5s.parquet,10919,4320,-8.085193817936176e-05,500000.0000000022,0.14848298674838403,0.14844000000000002,6.000830851672231,0.0,1.0000000000000044,1.0,1.0,0.8085193817936176,TWAP,,34
DOGE,doge_q500000,500000.0,4320,3500.0,0.1,buy,TWAP,2026-01-14_steps_5s.parquet,/Users/jackfletcher/Desktop/FYP_Data/Replay_5s_DOGE/January/2026-01-14_steps_5s.parquet,5058,4320,-6.140475019547349e-05,499999.9999999992,0.14753070753710856,0.148175,4.549324430107135,0.0,0.9999999999999983,1.0,1.0,0.614047501954734,TWAP,,35
DOGE,doge_q500000,500000.0,4320,3500.0,0.1,buy,TWAP,2026-01-18_steps_5s.parquet,/Users/jackfletcher/Desktop/FYP_Data/Replay_5s_DOGE/January/2026-01-18_steps_5s.parquet,9460,4320,-4.8111117757709136e-05,499999.9999999999,0.13699453065322167,0.136785,3.290439621244123,0.0,0.9999999999999998,1.0,1.0,0.4811111775770915,TWAP,,36
DOGE,doge_q500000,500000.0,4320,3500.0,0.1,buy,TWAP,2026-01-25_steps_5s.parquet,/Users/jackfletcher/Desktop/FYP_Data/Replay_5s_DOGE/January/2026-01-25_steps_5s.parquet,11461,4320,-7.377103882861679e-05,500000.0000000007,0.11974349348027277,0.12231500000000001,4.511652307161131,0.0,1.0000000000000013,1.0,1.0,0.7377103882861678,TWAP,,37
DOGE,doge_q500000,500000.0,4320,3500.0,0.1,buy,TWAP,2026-01-14_steps_5s.parquet,/Users/jackfletcher/Desktop/FYP_Data/Replay_5s_DOGE/January/2026-01-14_steps_5s.parquet,9992,4320,-8.121278966517551e-05,500000.0000000003,0.14846723696586892,0.145795,5.920209334617127,0.0,1.0000000000000007,1.0,1.0,0.8121278966517544,TWAP,,38
DOGE,doge_q500000,500000.0,4320,3500.0,0.1,buy,TWAP,2026-01-17_steps_5s.parquet,/Users/jackfletcher/Desktop/FYP_Data/Replay_5s_DOGE/January/2026-01-17_steps_5s.parquet,7644,4320,-4.736799195334948e-05,500000.00000000006,0.13811651148819926,0.13757999999999998,3.2584441664709094,0.0,1.0000000000000002,1.0,1.0,0.4736799195334947,TWAP,,39
DOGE,doge_q500000,500000.0,4320,3500.0,0.1,buy,TWAP,2026-01-08_steps_5s.parquet,/Users/jackfletcher/Desktop/FYP_Data/Replay_5s_DOGE/January/2026-01-08_steps_5s.parquet,6085,4320,-5.965657608449012e-05,499999.999999997,0.14118198584247038,0.14462,4.313767016669477,0.0,0.9999999999999939,1.0,1.0,0.5965657608449008,TWAP,,40
DOGE,doge_q500000,500000.0,4320,3500.0,0.1,buy,TWAP,2026-01-26_steps_5s.parquet,/Users/jackfletcher/Desktop/FYP_Data/Replay_5s_DOGE/January/2026-01-26_steps_5s.parquet,7854,4320,-5.7124992050457696e-05,500000.00000000023,0.12191978046227805,0.121255,3.463345455539115,0.0,1.0000000000000004,1.0,1.0,0.5712499205045756,TWAP,,41
DOGE,doge_q500000,500000.0,4320,3500.0,0.1,buy,TWAP,2026-01-12_steps_5s.parquet,/Users/jackfletcher/Desktop/FYP_Data/Replay_5s_DOGE/January/2026-01-12_steps_5s.parquet,378,4320,-5.659485903196439e-05,500000.0000000006,0.14033632090297693,0.138535,3.920184397996591,0.0,1.000000000000001,1.0,1.0,0.5659485903196435,TWAP,,42
DOGE,doge_q500000,500000.0,4320,3500.0,0.1,buy,TWAP,2026-01-29_steps_5s.parquet,/Users/jackfletcher/Desktop/FYP_Data/Replay_5s_DOGE/January/2026-01-29_steps_5s.parquet,2447,4320,-5.5833159368478455e-05,500000.0,0.1219569893554388,0.12249499999999999,3.4196414284208956,0.0,1.0,1.0,1.0,0.5583315936847865,TWAP,,43
DOGE,doge_q500000,500000.0,4320,3500.0,0.1,buy,TWAP,2026-01-28_steps_5s.parquet,/Users/jackfletcher/Desktop/FYP_Data/Replay_5s_DOGE/January/2026-01-28_steps_5s.parquet,1999,4320,-4.935841123949785e-05,500000.0000000001,0.12507300999225815,0.124745,3.078607505035578,0.0,1.0000000000000002,1.0,1.0,0.4935841123949783,TWAP,,44
DOGE,doge_q500000,500000.0,4320,3500.0,0.1,buy,TWAP,2026-01-10_steps_5s.parquet,/Users/jackfletcher/Desktop/FYP_Data/Replay_5s_DOGE/January/2026-01-10_steps_5s.parquet,12721,4320,-4.184611093875234e-05,499999.99999999953,0.13993530438279267,0.140075,2.9307969948728645,0.0,0.9999999999999991,1.0,1.0,0.41846110938752307,TWAP,,45
DOGE,doge_q500000,500000.0,4320,3500.0,0.1,buy,TWAP,2026-01-10_steps_5s.parquet,/Users/jackfletcher/Desktop/FYP_Data/Replay_5s_DOGE/January/2026-01-10_steps_5s.parquet,11304,4320,-3.8382474886529215e-05,499999.9999999997,0.1400609084659887,0.139995,2.6866772858698345,0.0,0.9999999999999994,1.0,1.0,0.38382474886529294,TWAP,,46
DOGE,doge_q500000,500000.0,4320,3500.0,0.1,buy,TWAP,2026-01-31_steps_5s.parquet,/Users/jackfletcher/Desktop/FYP_Data/Replay_5s_DOGE/January/2026-01-31_steps_5s.parquet,3978,4320,-6.599303038930424e-05,500000.00000000116,0.11267250707740897,0.114725,3.7855252057064708,0.0,1.0000000000000022,1.0,1.0,0.6599303038930435,TWAP,,47
DOGE,doge_q500000,500000.0,4320,3500.0,0.1,buy,TWAP,2026-01-09_steps_5s.parquet,/Users/jackfletcher/Desktop/FYP_Data/Replay_5s_DOGE/January/2026-01-09_steps_5s.parquet,12897,4320,-7.349603000778371e-05,500000.000000001,0.14042154861556694,0.142545,5.238245798729771,0.0,1.000000000000002,1.0,1.0,0.7349603000778381,TWAP,,48
DOGE,doge_q500000,500000.0,4320,3500.0,0.1,buy,TWAP,2026-01-11_steps_5s.parquet,/Users/jackfletcher/Desktop/FYP_Data/Replay_5s_DOGE/January/2026-01-11_steps_5s.parquet,10976,4320,-4.471061633700233e-05,500000.00000000006,0.13808673723122591,0.139895,3.1273958362324703,0.0,1.0000000000000002,1.0,1.0,0.44710616337002324,TWAP,,49
DOGE,doge_q500000,500000.0,4320,3500.0,0.1,buy,TWAP,2026-01-27_steps_5s.parquet,/Users/jackfletcher/Desktop/FYP_Data/Replay_5s_DOGE/January/2026-01-27_steps_5s.parquet,8559,4320,-6.859839473257095e-05,500000.0000000011,0.12277298087858328,0.122645,4.20662506098807,0.0,1.0000000000000022,1.0,1.0,0.6859839473257077,TWAP,,50
DOGE,doge_q500000,500000.0,4320,3500.0,0.1,buy,TWAP,2026-01-25_steps_5s.parquet,/Users/jackfletcher/Desktop/FYP_Data/Replay_5s_DOGE/January/2026-01-25_steps_5s.parquet,7644,4320,-6.074124679049338e-05,499999.99999999936,0.1225994462634119,0.123555,3.7524423735997106,0.0,0.9999999999999987,1.0,1.0,0.6074124679049347,TWAP,,51
DOGE,doge_q500000,500000.0,4320,3500.0,0.1,buy,TWAP,2026-01-25_steps_5s.parquet,/Users/jackfletcher/Desktop/FYP_Data/Replay_5s_DOGE/January/2026-01-25_steps_5s.parquet,11848,4320,-7.176545557847374e-05,500000.0000000002,0.11956929712865007,0.120225,4.31400094846101,0.0,1.0000000000000004,1.0,1.0,0.7176545557847387,TWAP,,52
DOGE,doge_q500000,500000.0,4320,3500.0,0.1,buy,TWAP,2026-01-11_steps_5s.parquet,/Users/jackfletcher/Desktop/FYP_Data/Replay_5s_DOGE/January/2026-01-11_steps_5s.parquet,9383,4320,-4.6925252207529426e-05,499999.9999999992,0.13930105500888712,0.140905,3.3060013311509686,0.0,0.9999999999999983,1.0,1.0,0.46925252207529444,TWAP,,53
DOGE,doge_q500000,500000.0,4320,3500.0,0.1,buy,TWAP,2026-01-28_steps_5s.parquet,/Users/jackfletcher/Desktop/FYP_Data/Replay_5s_DOGE/January/2026-01-28_steps_5s.parquet,424,4320,-4.748636839182346e-05,500000.0000000002,0.12488110068707786,0.12573,2.98523054895199,0.0,1.0000000000000004,1.0,1.0,0.47486368391823586,TWAP,,54
DOGE,doge_q500000,500000.0,4320,3500.0,0.1,buy,TWAP,2026-01-19_steps_5s.parquet,/Users/jackfletcher/Desktop/FYP_Data/Replay_5s_DOGE/January/2026-01-19_steps_5s.parquet,10993,4320,-6.202075101668801e-05,500000.0000000023,0.1293296772986284,0.128425,3.9825074746590916,0.0,1.0000000000000047,1.0,1.0,0.620207510166882,TWAP,,55
DOGE,doge_q500000,500000.0,4320,3500.0,0.1,buy,TWAP,2026-01-26_steps_5s.parquet,/Users/jackfletcher/Desktop/FYP_Data/Replay_5s_DOGE/January/2026-01-26_steps_5s.parquet,921,4320,-5.8285879688117775e-05,499999.9999999984,0.1218436750050412,0.12203,3.5563129491705086,0.0,0.9999999999999969,1.0,1.0,0.5828587968811781,TWAP,,56
DOGE,doge_q500000,500000.0,4320,3500.0,0.1,buy,TWAP,2026-01-28_steps_5s.parquet,/Users/jackfletcher/Desktop/FYP_Data/Replay_5s_DOGE/January/2026-01-28_steps_5s.parquet,5448,4320,-6.060700132848833e-05,500000.0,0.12634720375746428,0.125415,3.8005135358061715,0.0,1.0,1.0,1.0,0.6060700132848816,TWAP,,57
DOGE,doge_q500000,500000.0,4320,3500.0,0.1,buy,TWAP,2026-01-26_steps_5s.parquet,/Users/jackfletcher/Desktop/FYP_Data/Replay_5s_DOGE/January/2026-01-26_steps_5s.parquet,11359,4320,-5.5939937747918536e-05,499999.9999999997,0.12239842211034795,0.12193000000000001,3.410378304801863,0.0,0.9999999999999994,1.0,1.0,0.5593993774791869,TWAP,,58
DOGE,doge_q500000,500000.0,4320,3500.0,0.1,buy,TWAP,2026-01-28_steps_5s.parquet,/Users/jackfletcher/Desktop/FYP_Data/Replay_5s_DOGE/January/2026-01-28_steps_5s.parquet,3286,4320,-5.418098590735742e-05,500000.00000000023,0.12568486375052462,0.124245,3.3658582970298183,0.0,1.0000000000000004,1.0,1.0,0.5418098590735754,TWAP,,59
DOGE,doge_q500000,500000.0,4320,3500.0,0.1,buy,TWAP,2026-01-16_steps_5s.parquet,/Users/jackfletcher/Desktop/FYP_Data/Replay_5s_DOGE/January/2026-01-16_steps_5s.parquet,4860,4320,-4.6661119292956263e-05,499999.9999999995,0.13921975349424148,0.14027,3.2725776016114856,0.0,0.999999999999999,1.0,1.0,0.4666111929295623,TWAP,,60
DOGE,doge_q500000,500000.0,4320,3500.0,0.1,buy,TWAP,2026-01-27_steps_5s.parquet,/Users/jackfletcher/Desktop/FYP_Data/Replay_5s_DOGE/January/2026-01-27_steps_5s.parquet,4647,4320,-5.0856526490211503e-05,499999.9999999999,0.12217163786041238,0.122475,3.114326540944322,0.0,0.9999999999999998,1.0,1.0,0.5085652649021142,TWAP,,61
DOGE,doge_q500000,500000.0,4320,3500.0,0.1,buy,TWAP,2026-01-29_steps_5s.parquet,/Users/jackfletcher/Desktop/FYP_Data/Replay_5s_DOGE/January/2026-01-29_steps_5s.parquet,8460,4320,-6.3830829571142e-05,499999.99999999924,0.11877371178112117,0.121115,3.8654354617544278,0.0,0.9999999999999984,1.0,1.0,0.6383082957114193,TWAP,,62
DOGE,doge_q500000,500000.0,4320,3500.0,0.1,buy,TWAP,2026-01-24_steps_5s.parquet,/Users/jackfletcher/Desktop/FYP_Data/Replay_5s_DOGE/January/2026-01-24_steps_5s.parquet,11866,4320,-5.633045368278388e-05,500000.00000000175,0.1241631143160625,0.12344,3.4767156013014224,0.0,1.0000000000000036,1.0,1.0,0.563304536827839,TWAP,,63
DOGE,doge_q500000,500000.0,4320,3500.0,0.1,buy,TWAP,2026-01-17_steps_5s.parquet,/Users/jackfletcher/Desktop/FYP_Data/Replay_5s_DOGE/January/2026-01-17_steps_5s.parquet,767,4320,-3.9291066588335805e-05,499999.99999999907,0.13766590626470587,0.13833499999999999,2.7176648482487233,0.0,0.9999999999999981,1.0,1.0,0.39291066588335904,TWAP,,64
DOGE,doge_q500000,500000.0,4320,3500.0,0.1,buy,TWAP,2026-01-24_steps_5s.parquet,/Users/jackfletcher/Desktop/FYP_Data/Replay_5s_DOGE/January/2026-01-24_steps_5s.parquet,4627,4320,-4.6428434351275904e-05,500000.00000000076,0.12451612616601548,0.124395,2.8877325455634897,-2.842170943040401e-14,1.0000000000000016,1.0,1.0,0.46428434351276016,TWAP,,65
DOGE,doge_q500000,500000.0,4320,3500.0,0.1,buy,TWAP,2026-01-29_steps_5s.parquet,/Users/jackfletcher/Desktop/FYP_Data/Replay_5s_DOGE/January/2026-01-29_steps_5s.parquet,9929,4320,-6.533495753608667e-05,500000.0000000001,0.11704169871098023,0.12101500000000001,3.9532549431147666,0.0,1.0000000000000002,1.0,1.0,0.653349575360867,TWAP,,66
DOGE,doge_q500000,500000.0,4320,3500.0,0.1,buy,TWAP,2026-01-31_steps_5s.parquet,/Users/jackfletcher/Desktop/FYP_Data/Replay_5s_DOGE/January/2026-01-31_steps_5s.parquet,8392,4320,-0.00010522894803454558,499999.99999999907,0.10809538935141212,0.112065,5.896241030745695,0.0,0.9999999999999981,1.0,1.0,1.0522894803454594,TWAP,,67
DOGE,doge_q500000,500000.0,4320,3500.0,0.1,buy,TWAP,2026-01-22_steps_5s.parquet,/Users/jackfletcher/Desktop/FYP_Data/Replay_5s_DOGE/January/2026-01-22_steps_5s.parquet,7089,4320,-6.51863848547948e-05,499999.99999999965,0.12552545253225728,0.127005,4.139498404241599,0.0,0.9999999999999993,1.0,1.0,0.6518638485479468,TWAP,,68
DOGE,doge_q500000,500000.0,4320,3500.0,0.1,buy,TWAP,2026-01-12_steps_5s.parquet,/Users/jackfletcher/Desktop/FYP_Data/Replay_5s_DOGE/January/2026-01-12_steps_5s.parquet,12692,4320,-7.44081909106601e-05,499999.99999999907,0.13744720940442384,0.137785,5.126166292312675,0.0,0.9999999999999981,1.0,1.0,0.7440819091066045,TWAP,,69
DOGE,doge_q500000,500000.0,4320,3500.0,0.1,buy,TWAP,2026-01-12_steps_5s.parquet,/Users/jackfletcher/Desktop/FYP_Data/Replay_5s_DOGE/January/2026-01-12_steps_5s.parquet,3176,4320,-4.8771741049471486e-05,500000.00000000116,0.13878903520445207,0.14057999999999998,3.428165678367341,0.0,1.0000000000000022,1.0,1.0,0.48771741049471357,TWAP,,70
DOGE,doge_q500000,500000.0,4320,3500.0,0.1,buy,TWAP,2026-01-20_steps_5s.parquet,/Users/jackfletcher/Desktop/FYP_Data/Replay_5s_DOGE/January/2026-01-20_steps_5s.parquet,9905,4320,-8.8001626632762e-05,500000.0,0.12444234233962206,0.12530999999999998,5.513741916675715,0.0,1.0,1.0,1.0,0.8800162663276221,TWAP,,71
DOGE,doge_q500000,500000.0,4320,3500.0,0.1,buy,TWAP,2026-01-13_steps_5s.parquet,/Users/jackfletcher/Desktop/FYP_Data/Replay_5s_DOGE/January/2026-01-13_steps_5s.parquet,9535,4320,-6.261237489708224e-05,500000.000000001,0.14187952435441278,0.139395,4.3639259993893855,0.0,1.000000000000002,1.0,1.0,0.6261237489708219,TWAP,,72
DOGE,doge_q500000,500000.0,4320,3500.0,0.1,buy,TWAP,2026-01-17_steps_5s.parquet,/Users/jackfletcher/Desktop/FYP_Data/Replay_5s_DOGE/January/2026-01-17_steps_5s.parquet,11797,4320,-5.179349036830483e-05,499999.999999999,0.13868276246344116,0.13887500000000003,3.5964104874491847,0.0,0.999999999999998,1.0,1.0,0.5179349036830507,TWAP,,73
DOGE,doge_q500000,500000.0,4320,3500.0,0.1,buy,TWAP,2026-01-15_steps_5s.parquet,/Users/jackfletcher/Desktop/FYP_Data/Replay_5s_DOGE/January/2026-01-15_steps_5s.parquet,10965,4320,-5.830165756394445e-05,500000.0000000019,0.14062577774554838,0.142795,4.16259259592172,0.0,1.0000000000000038,1.0,1.0,0.583016575639444,TWAP,,74
DOGE,doge_q500000,500000.0,4320,3500.0,0.1,buy,TWAP,2026-01-13_steps_5s.parquet,/Users/jackfletcher/Desktop/FYP_Data/Replay_5s_DOGE/January/2026-01-13_steps_5s.parquet,1597,4320,-4.3054763500073045e-05,499999.99999999924,0.13816936879649314,0.137135,2.9521574962912442,0.0,0.9999999999999984,1.0,1.0,0.4305476350007284,TWAP,,75
DOGE,doge_q500000,500000.0,4320,3500.0,0.1,buy,TWAP,2026-01-12_steps_5s.parquet,/Users/jackfletcher/Desktop/FYP_Data/Replay_5s_DOGE/January/2026-01-12_steps_5s.parquet,12174,4320,-7.280118346747793e-05,500000.0000000001,0.13769714174863398,0.139355,5.072604461055187,0.0,1.0000000000000002,1.0,1.0,0.7280118346747784,TWAP,,76
DOGE,doge_q500000,500000.0,4320,3500.0,0.1,buy,TWAP,2026-01-20_steps_5s.parquet,/Users/jackfletcher/Desktop/FYP_Data/Replay_5s_DOGE/January/2026-01-20_steps_5s.parquet,2509,4320,-6.139280362768101e-05,499999.99999999977,0.1270930593611749,0.128155,3.9338973744527364,0.0,0.9999999999999996,1.0,1.0,0.6139280362768111,TWAP,,77
DOGE,doge_q500000,500000.0,4320,3500.0,0.1,buy,TWAP,2026-01-23_steps_5s.parquet,/Users/jackfletcher/Desktop/FYP_Data/Replay_5s_DOGE/January/2026-01-23_steps_5s.parquet,9048,4320,-8.02037872707814e-05,500000.0000000006,0.12509886895446753,0.12503999999999998,5.014340780169266,0.0,1.000000000000001,1.0,1.0,0.8020378727078161,TWAP,,78
DOGE,doge_q500000,500000.0,4320,3500.0,0.1,buy,TWAP,2026-01-25_steps_5s.parquet,/Users/jackfletcher/Desktop/FYP_Data/Replay_5s_DOGE/January/2026-01-25_steps_5s.parquet,1740,4320,-5.345204597862587e-05,500000.0000000008,0.12329806378516743,0.12382499999999999,3.3093497966516727,0.0,1.0000000000000016,1.0,1.0,0.5345204597862585,TWAP,,79
DOGE,doge_q500000,500000.0,4320,3500.0,0.1,buy,TWAP,2026-01-29_steps_5s.parquet,/Users/jackfletcher/Desktop/FYP_Data/Replay_5s_DOGE/January/2026-01-29_steps_5s.parquet,10068,4320,-6.562081543882078e-05,499999.9999999985,0.1168828370923645,0.120975,3.9692390738556687,0.0,0.999999999999997,1.0,1.0,0.6562081543882072,TWAP,,80
DOGE,doge_q500000,500000.0,4320,3500.0,0.1,buy,TWAP,2026-01-28_steps_5s.parquet,/Users/jackfletcher/Desktop/FYP_Data/Replay_5s_DOGE/January/2026-01-28_steps_5s.parquet,7680,4320,-5.7142399874493506e-05,499999.9999999985,0.12570176322091017,0.126695,3.619828176049471,0.0,0.999999999999997,1.0,1.0,0.5714239987449341,TWAP,,81
DOGE,doge_q500000,500000.0,4320,3500.0,0.1,buy,TWAP,2026-01-30_steps_5s.parquet,/Users/jackfletcher/Desktop/FYP_Data/Replay_5s_DOGE/January/2026-01-30_steps_5s.parquet,8772,4320,-8.775763272267938e-05,499999.999999999,0.11568251114690019,0.115245,5.056814191562568,0.0,0.999999999999998,1.0,1.0,0.8775763272267895,TWAP,,82
DOGE,doge_q500000,500000.0,4320,3500.0,0.1,buy,TWAP,2026-01-30_steps_5s.parquet,/Users/jackfletcher/Desktop/FYP_Data/Replay_5s_DOGE/January/2026-01-30_steps_5s.parquet,8585,4320,-8.623931618182264e-05,500000.0000000002,0.11564736304147367,0.11573,4.990238030861164,0.0,1.0000000000000004,1.0,1.0,0.8623931618182259,TWAP,,83
DOGE,doge_q500000,500000.0,4320,3500.0,0.1,buy,TWAP,2026-01-14_steps_5s.parquet,/Users/jackfletcher/Desktop/FYP_Data/Replay_5s_DOGE/January/2026-01-14_steps_5s.parquet,6041,4320,-6.54052229938327e-05,499999.999999999,0.147105652834815,0.148495,4.856174294234606,0.0,0.999999999999998,1.0,1.0,0.6540522299383287,TWAP,,84
DOGE,doge_q500000,500000.0,4320,3500.0,0.1,buy,TWAP,2026-01-20_steps_5s.parquet,/Users/jackfletcher/Desktop/FYP_Data/Replay_5s_DOGE/January/2026-01-20_steps_5s.parquet,5078,4320,-6.12494442196106e-05,499999.9999999992,0.125940427847869,0.12696000000000002,3.888114719060893,0.0,0.9999999999999983,1.0,1.0,0.6124944421961078,TWAP,,85
DOGE,doge_q500000,500000.0,4320,3500.0,0.1,buy,TWAP,2026-01-22_steps_5s.parquet,/Users/jackfletcher/Desktop/FYP_Data/Replay_5s_DOGE/January/2026-01-22_steps_5s.parquet,8526,4320,-6.890078861219029e-05,500000.00000000215,0.12504781889913777,0.125885,4.336787887222792,0.0,1.0000000000000042,1.0,1.0,0.6890078861219037,TWAP,,86
DOGE,doge_q500000,500000.0,4320,3500.0,0.1,buy,TWAP,2026-01-30_steps_5s.parquet,/Users/jackfletcher/Desktop/FYP_Data/Replay_5s_DOGE/January/2026-01-30_steps_5s.parquet,4923,4320,-8.275209706742259e-05,499999.9999999998,0.11420006534248328,0.11321500000000001,4.684389334744118,0.0,0.9999999999999997,1.0,1.0,0.8275209706742247,TWAP,,87
DOGE,doge_q500000,500000.0,4320,3500.0,0.1,buy,TWAP,2026-01-27_steps_5s.parquet,/Users/jackfletcher/Desktop/FYP_Data/Replay_5s_DOGE/January/2026-01-27_steps_5s.parquet,6691,4320,-5.738715808964092e-05,499999.9999999985,0.12209251030516706,0.12198500000000001,3.500186239782429,0.0,0.999999999999997,1.0,1.0,0.57387158089641,TWAP,,88
DOGE,doge_q500000,500000.0,4320,3500.0,0.1,buy,TWAP,2026-01-15_steps_5s.parquet,/Users/jackfletcher/Desktop/FYP_Data/Replay_5s_DOGE/January/2026-01-15_steps_5s.parquet,9493,4320,-6.305950352281004e-05,499999.9999999994,0.1420474329176835,0.14418,4.545959608959391,0.0,0.9999999999999989,1.0,1.0,0.6305950352281026,TWAP,,89
DOGE,doge_q500000,500000.0,4320,3500.0,0.1,buy,TWAP,2026-01-25_steps_5s.parquet,/Users/jackfletcher/Desktop/FYP_Data/Replay_5s_DOGE/January/2026-01-25_steps_5s.parquet,9570,4320,-7.42766971337972e-05,499999.9999999973,0.1213389855094884,0.123225,4.576373002156095,0.0,0.9999999999999947,1.0,1.0,0.7427669713379744,TWAP,,90
DOGE,doge_q500000,500000.0,4320,3500.0,0.1,buy,TWAP,2026-01-26_steps_5s.parquet,/Users/jackfletcher/Desktop/FYP_Data/Replay_5s_DOGE/January/2026-01-26_steps_5s.parquet,10836,4320,-5.922917597558432e-05,500000.00000000146,0.12247609111452329,0.122425,3.6255659344054463,0.0,1.0000000000000029,1.0,1.0,0.5922917597558417,TWAP,,91
DOGE,doge_q500000,500000.0,4320,3500.0,0.1,buy,TWAP,2026-01-16_steps_5s.parquet,/Users/jackfletcher/Desktop/FYP_Data/Replay_5s_DOGE/January/2026-01-16_steps_5s.parquet,2375,4320,-5.509583708800255e-05,500000.000000001,0.1398589624852883,0.140015,3.8571218149383433,0.0,1.000000000000002,1.0,1.0,0.5509583708800262,TWAP,,92
DOGE,doge_q500000,500000.0,4320,3500.0,0.1,buy,TWAP,2026-01-28_steps_5s.parquet,/Users/jackfletcher/Desktop/FYP_Data/Replay_5s_DOGE/January/2026-01-28_steps_5s.parquet,10685,4320,-7.166362213441971e-05,500000.0000000004,0.1249049903782192,0.12537500000000001,4.492413312551446,0.0,1.0000000000000009,1.0,1.0,0.7166362213441987,TWAP,,93
DOGE,doge_q500000,500000.0,4320,3500.0,0.1,buy,TWAP,2026-01-15_steps_5s.parquet,/Users/jackfletcher/Desktop/FYP_Data/Replay_5s_DOGE/January/2026-01-15_steps_5s.parquet,10043,4320,-6.172362994994193e-05,499999.9999999992,0.14147346791680473,0.144585,4.462155518156167,0.0,0.9999999999999983,1.0,1.0,0.6172362994994179,TWAP,,94
DOGE,doge_q500000,500000.0,4320,3500.0,0.1,buy,TWAP,2026-01-08_steps_5s.parquet,/Users/jackfletcher/Desktop/FYP_Data/Replay_5s_DOGE/January/2026-01-08_steps_5s.parquet,1329,4320,-5.9880341767857595e-05,499999.999999999,0.14538107555147992,0.14745,4.414678196835311,0.0,0.999999999999998,1.0,1.0,0.5988034176785774,TWAP,,95
DOGE,doge_q500000,500000.0,4320,3500.0,0.1,buy,TWAP,2026-01-23_steps_5s.parquet,/Users/jackfletcher/Desktop/FYP_Data/Replay_5s_DOGE/January/2026-01-23_steps_5s.parquet,5032,4320,-6.392905094719761e-05,500000.00000000006,0.12506689754414949,0.125015,3.9960451520819533,0.0,1.0000000000000002,1.0,1.0,0.639290509471976,TWAP,,96
DOGE,doge_q500000,500000.0,4320,3500.0,0.1,buy,TWAP,2026-01-26_steps_5s.parquet,/Users/jackfletcher/Desktop/FYP_Data/Replay_5s_DOGE/January/2026-01-26_steps_5s.parquet,3989,4320,-5.651908670851041e-05,500000.000000002,0.1214589519465969,0.12161,3.4366430673109627,0.0,1.000000000000004,1.0,1.0,0.565190867085102,TWAP,,97
DOGE,doge_q500000,500000.0,4320,3500.0,0.1,buy,TWAP,2026-01-21_steps_5s.parquet,/Users/jackfletcher/Desktop/FYP_Data/Replay_5s_DOGE/January/2026-01-21_steps_5s.parquet,8864,4320,-8.978078678577318e-05,499999.9999999997,0.12353675063079313,0.122165,5.484034908842001,0.0,0.9999999999999994,1.0,1.0,0.8978078678577335,TWAP,,98
DOGE,doge_q500000,500000.0,4320,3500.0,0.1,buy,TWAP,2026-01-22_steps_5s.parquet,/Users/jackfletcher/Desktop/FYP_Data/Replay_5s_DOGE/January/2026-01-22_steps_5s.parquet,9789,4320,-6.736823111859294e-05,500000.00000000035,0.12475128460537742,0.12573,4.235103849270349,0.0,1.0000000000000007,1.0,1.0,0.6736823111859299,TWAP,,99
DOGE,doge_q500000,500000.0,4320,3500.0,0.1,buy,DOGE_PPO_1,2026-01-17_steps_5s.parquet,/Users/jackfletcher/Desktop/FYP_Data/Replay_5s_DOGE/January/2026-01-17_steps_5s.parquet,4382,245,-6.407906698658553e-05,499999.9999999999,0.13747103448664771,0.137525,4.406236843665082,6.264940853652055e-13,0.9999999999999998,1.0,0.0,0.6407906698658544,DOGE_S2B1_lr0.0003_clip0.2_ent0.01_ep4_bs16_cl32_gamma0.999_lam0.95_seed1_H4320_Q3e+06_pov0.1_fee0,checkpoints/DOGE/DOGE_S2B1_lr0.0003_clip0.2_ent0.01_ep4_bs16_cl32_gamma0.999_lam0.95_seed1_H4320_Q3e+06_pov0.1_fee0/best.weights.h5,0
DOGE,doge_q500000,500000.0,4320,3500.0,0.1,buy,DOGE_PPO_1,2026-01-17_steps_5s.parquet,/Users/jackfletcher/Desktop/FYP_Data/Replay_5s_DOGE/January/2026-01-17_steps_5s.parquet,745,253,-5.699963416349924e-05,500000.0000000002,0.13832748556593646,0.13828000000000001,3.94095470606433,9.105836729041613e-13,1.0000000000000004,1.0,0.0,0.5699963416349914,DOGE_S2B1_lr0.0003_clip0.2_ent0.01_ep4_bs16_cl32_gamma0.999_lam0.95_seed1_H4320_Q3e+06_pov0.1_fee0,checkpoints/DOGE/DOGE_S2B1_lr0.0003_clip0.2_ent0.01_ep4_bs16_cl32_gamma0.999_lam0.95_seed1_H4320_Q3e+06_pov0.1_fee0/best.weights.h5,1
DOGE,doge_q500000,500000.0,4320,3500.0,0.1,buy,DOGE_PPO_1,2026-01-13_steps_5s.parquet,/Users/jackfletcher/Desktop/FYP_Data/Replay_5s_DOGE/January/2026-01-13_steps_5s.parquet,1052,294,-6.22213694542831e-05,500000.00000000006,0.13656854154632547,0.136785,4.255475010402056,8.252442059393863e-13,1.0000000000000002,1.0,0.0,0.6222136945428309,DOGE_S2B1_lr0.0003_clip0.2_ent0.01_ep4_bs16_cl32_gamma0.999_lam0.95_seed1_H4320_Q3e+06_pov0.1_fee0,checkpoints/DOGE/DOGE_S2B1_lr0.0003_clip0.2_ent0.01_ep4_bs16_cl32_gamma0.999_lam0.95_seed1_H4320_Q3e+06_pov0.1_fee0/best.weights.h5,2
DOGE,doge_q500000,500000.0,4320,3500.0,0.1,buy,DOGE_PPO_1,2026-01-23_steps_5s.parquet,/Users/jackfletcher/Desktop/FYP_Data/Replay_5s_DOGE/January/2026-01-23_steps_5s.parquet,1350,254,-7.670181472597861e-05,500000.00000000006,0.12521764820699102,0.125125,4.798657283794034,5.698393145563331e-13,1.0000000000000002,1.0,0.0,0.7670181472597857,DOGE_S2B1_lr0.0003_clip0.2_ent0.01_ep4_bs16_cl32_gamma0.999_lam0.95_seed1_H4320_Q3e+06_pov0.1_fee0,checkpoints/DOGE/DOGE_S2B1_lr0.0003_clip0.2_ent0.01_ep4_bs16_cl32_gamma0.999_lam0.95_seed1_H4320_Q3e+06_pov0.1_fee0/best.weights.h5,3
DOGE,doge_q500000,500000.0,4320,3500.0,0.1,buy,DOGE_PPO_1,2026-01-18_steps_5s.parquet,/Users/jackfletcher/Desktop/FYP_Data/Replay_5s_DOGE/January/2026-01-18_steps_5s.parquet,1398,273,-8.727818183911396e-05,500000.0,0.1372422940559948,0.13699,5.978119065070115,9.782467399983019e-13,1.0,1.0,0.0,0.8727818183911402,DOGE_S2B1_lr0.0003_clip0.2_ent0.01_ep4_bs16_cl32_gamma0.999_lam0.95_seed1_H4320_Q3e+06_pov0.1_fee0,checkpoints/DOGE/DOGE_S2B1_lr0.0003_clip0.2_ent0.01_ep4_bs16_cl32_gamma0.999_lam0.95_seed1_H4320_Q3e+06_pov0.1_fee0/best.weights.h5,4
DOGE,doge_q500000,500000.0,4320,3500.0,0.1,buy,DOGE_PPO_1,2026-01-20_steps_5s.parquet,/Users/jackfletcher/Desktop/FYP_Data/Replay_5s_DOGE/January/2026-01-20_steps_5s.parquet,12107,434,-8.764829977175788e-05,500000.0000000002,0.12425479283316959,0.123665,5.419513495637215,6.157736087251306e-13,1.0000000000000004,1.0,0.0,0.8764829977175782,DOGE_S2B1_lr0.0003_clip0.2_ent0.01_ep4_bs16_cl32_gamma0.999_lam0.95_seed1_H4320_Q3e+06_pov0.1_fee0,checkpoints/DOGE/DOGE_S2B1_lr0.0003_clip0.2_ent0.01_ep4_bs16_cl32_gamma0.999_lam0.95_seed1_H4320_Q3e+06_pov0.1_fee0/best.weights.h5,5
DOGE,doge_q500000,500000.0,4320,3500.0,0.1,buy,DOGE_PPO_1,2026-01-11_steps_5s.parquet,/Users/jackfletcher/Desktop/FYP_Data/Replay_5s_DOGE/January/2026-01-11_steps_5s.parquet,7696,263,-5.599702056258993e-05,500000.0000000002,0.1399398981910077,0.13997500000000002,3.919091476624263,5.315707597816801e-13,1.0000000000000004,1.0,0.0,0.5599702056258993,DOGE_S2B1_lr0.0003_clip0.2_ent0.01_ep4_bs16_cl32_gamma0.999_lam0.95_seed1_H4320_Q3e+06_pov0.1_fee0,checkpoints/DOGE/DOGE_S2B1_lr0.0003_clip0.2_ent0.01_ep4_bs16_cl32_gamma0.999_lam0.95_seed1_H4320_Q3e+06_pov0.1_fee0/best.weights.h5,6
DOGE,doge_q500000,500000.0,4320,3500.0,0.1,buy,DOGE_PPO_1,2026-01-17_steps_5s.parquet,/Users/jackfletcher/Desktop/FYP_Data/Replay_5s_DOGE/January/2026-01-17_steps_5s.parquet,2505,239,-5.2579610115319946e-05,500000.0,0.1374809482836363,0.137735,3.6210262996167932,6.443665204722676e-13,1.0,1.0,0.0,0.5257961011531991,DOGE_S2B1_lr0.0003_clip0.2_ent0.01_ep4_bs16_cl32_gamma0.999_lam0.95_seed1_H4320_Q3e+06_pov0.1_fee0,checkpoints/DOGE/DOGE_S2B1_lr0.0003_clip0.2_ent0.01_ep4_bs16_cl32_gamma0.999_lam0.95_seed1_H4320_Q3e+06_pov0.1_fee0/best.weights.h5,7
DOGE,doge_q500000,500000.0,4320,3500.0,0.1,buy,DOGE_PPO_1,2026-01-31_steps_5s.parquet,/Users/jackfletcher/Desktop/FYP_Data/Replay_5s_DOGE/January/2026-01-31_steps_5s.parquet,4432,322,-8.494310451813162e-05,500000.0000000004,0.11438148633784359,0.114565,4.865753384559877,9.067929000898501e-13,1.0000000000000009,1.0,0.0,0.8494310451813167,DOGE_S2B1_lr0.0003_clip0.2_ent0.01_ep4_bs16_cl32_gamma0.999_lam0.95_seed1_H4320_Q3e+06_pov0.1_fee0,checkpoints/DOGE/DOGE_S2B1_lr0.0003_clip0.2_ent0.01_ep4_bs16_cl32_gamma0.999_lam0.95_seed1_H4320_Q3e+06_pov0.1_fee0/best.weights.h5,8
DOGE,doge_q500000,500000.0,4320,3500.0,0.1,buy,DOGE_PPO_1,2026-01-15_steps_5s.parquet,/Users/jackfletcher/Desktop/FYP_Data/Replay_5s_DOGE/January/2026-01-15_steps_5s.parquet,172,310,-0.0001295685390780265,500000.00000000006,0.14686924656723566,0.14712,9.531061734579644,6.533977749351363e-13,1.0000000000000002,1.0,0.0,1.295685390780267,DOGE_S2B1_lr0.0003_clip0.2_ent0.01_ep4_bs16_cl32_gamma0.999_lam0.95_seed1_H4320_Q3e+06_pov0.1_fee0,checkpoints/DOGE/DOGE_S2B1_lr0.0003_clip0.2_ent0.01_ep4_bs16_cl32_gamma0.999_lam0.95_seed1_H4320_Q3e+06_pov0.1_fee0/best.weights.h5,9
DOGE,doge_q500000,500000.0,4320,3500.0,0.1,buy,DOGE_PPO_1,2026-01-19_steps_5s.parquet,/Users/jackfletcher/Desktop/FYP_Data/Replay_5s_DOGE/January/2026-01-19_steps_5s.parquet,11208,297,-8.784694831874368e-05,500000.0,0.1279337920850075,0.128195,5.63076976986067,9.55060896680338e-13,1.0,1.0,0.0,0.8784694831874363,DOGE_S2B1_lr0.0003_clip0.2_ent0.01_ep4_bs16_cl32_gamma0.999_lam0.95_seed1_H4320_Q3e+06_pov0.1_fee0,checkpoints/DOGE/DOGE_S2B1_lr0.0003_clip0.2_ent0.01_ep4_bs16_cl32_gamma0.999_lam0.95_seed1_H4320_Q3e+06_pov0.1_fee0/best.weights.h5,10
DOGE,doge_q500000,500000.0,4320,3500.0,0.1,buy,DOGE_PPO_1,2026-01-14_steps_5s.parquet,/Users/jackfletcher/Desktop/FYP_Data/Replay_5s_DOGE/January/2026-01-14_steps_5s.parquet,7845,316,-0.0001080529496104324,499999.9999999999,0.14718109356331105,0.14764,7.976468740242124,9.941837143274326e-13,0.9999999999999998,1.0,0.0,1.0805294961043246,DOGE_S2B1_lr0.0003_clip0.2_ent0.01_ep4_bs16_cl32_gamma0.999_lam0.95_seed1_H4320_Q3e+06_pov0.1_fee0,checkpoints/DOGE/DOGE_S2B1_lr0.0003_clip0.2_ent0.01_ep4_bs16_cl32_gamma0.999_lam0.95_seed1_H4320_Q3e+06_pov0.1_fee0/best.weights.h5,11
DOGE,doge_q500000,500000.0,4320,3500.0,0.1,buy,DOGE_PPO_1,2026-01-14_steps_5s.parquet,/Users/jackfletcher/Desktop/FYP_Data/Replay_5s_DOGE/January/2026-01-14_steps_5s.parquet,8532,349,-7.823159282992454e-05,500000.00000000006,0.14627602424682296,0.146295,5.722445436526908,6.176965907712828e-13,1.0000000000000002,1.0,0.0,0.7823159282992458,DOGE_S2B1_lr0.0003_clip0.2_ent0.01_ep4_bs16_cl32_gamma0.999_lam0.95_seed1_H4320_Q3e+06_pov0.1_fee0,checkpoints/DOGE/DOGE_S2B1_lr0.0003_clip0.2_ent0.01_ep4_bs16_cl32_gamma0.999_lam0.95_seed1_H4320_Q3e+06_pov0.1_fee0/best.weights.h5,12
DOGE,doge_q500000,500000.0,4320,3500.0,0.1,buy,DOGE_PPO_1,2026-01-19_steps_5s.parquet,/Users/jackfletcher/Desktop/FYP_Data/Replay_5s_DOGE/January/2026-01-19_steps_5s.parquet,3932,336,-6.928510807176223e-05,500000.0,0.1272201228825702,0.127145,4.404627532892101,8.968863547327772e-13,1.0,1.0,0.0,0.6928510807176217,DOGE_S2B1_lr0.0003_clip0.2_ent0.01_ep4_bs16_cl32_gamma0.999_lam0.95_seed1_H4320_Q3e+06_pov0.1_fee0,checkpoints/DOGE/DOGE_S2B1_lr0.0003_clip0.2_ent0.01_ep4_bs16_cl32_gamma0.999_lam0.95_seed1_H4320_Q3e+06_pov0.1_fee0/best.weights.h5,13
DOGE,doge_q500000,500000.0,4320,3500.0,0.1,buy,DOGE_PPO_1,2026-01-24_steps_5s.parquet,/Users/jackfletcher/Desktop/FYP_Data/Replay_5s_DOGE/January/2026-01-24_steps_5s.parquet,10047,264,-9.191481478457882e-05,499999.99999999994,0.12418046117076216,0.12442,5.718020627748658,9.221093955384742e-13,0.9999999999999999,1.0,0.0,0.9191481478457897,DOGE_S2B1_lr0.0003_clip0.2_ent0.01_ep4_bs16_cl32_gamma0.999_lam0.95_seed1_H4320_Q3e+06_pov0.1_fee0,checkpoints/DOGE/DOGE_S2B1_lr0.0003_clip0.2_ent0.01_ep4_bs16_cl32_gamma0.999_lam0.95_seed1_H4320_Q3e+06_pov0.1_fee0/best.weights.h5,14
DOGE,doge_q500000,500000.0,4320,3500.0,0.1,buy,DOGE_PPO_1,2026-01-14_steps_5s.parquet,/Users/jackfletcher/Desktop/FYP_Data/Replay_5s_DOGE/January/2026-01-14_steps_5s.parquet,8562,361,-7.275839598722964e-05,499999.9999999999,0.14630755901863732,0.146245,5.3202758105762005,7.347415689827912e-13,0.9999999999999998,1.0,0.0,0.7275839598722965,DOGE_S2B1_lr0.0003_clip0.2_ent0.01_ep4_bs16_cl32_gamma0.999_lam0.95_seed1_H4320_Q3e+06_pov0.1_fee0,checkpoints/DOGE/DOGE_S2B1_lr0.0003_clip0.2_ent0.01_ep4_bs16_cl32_gamma0.999_lam0.95_seed1_H4320_Q3e+06_pov0.1_fee0/best.weights.h5,15
DOGE,doge_q500000,500000.0,4320,3500.0,0.1,buy,DOGE_PPO_1,2026-01-28_steps_5s.parquet,/Users/jackfletcher/Desktop/FYP_Data/Replay_5s_DOGE/January/2026-01-28_steps_5s.parquet,2528,279,-8.531683377574335e-05,499999.9999999999,0.124516150291196,0.124355,5.304787432091286,5.804900019528602e-13,0.9999999999999998,1.0,0.0,0.8531683377574341,DOGE_S2B1_lr0.0003_clip0.2_ent0.01_ep4_bs16_cl32_gamma0.999_lam0.95_seed1_H4320_Q3e+06_pov0.1_fee0,checkpoints/DOGE/DOGE_S2B1_lr0.0003_clip0.2_ent0.01_ep4_bs16_cl32_gamma0.999_lam0.95_seed1_H4320_Q3e+06_pov0.1_fee0/best.weights.h5,16
DOGE,doge_q500000,500000.0,4320,3500.0,0.1,buy,DOGE_PPO_1,2026-01-30_steps_5s.parquet,/Users/jackfletcher/Desktop/FYP_Data/Replay_5s_DOGE/January/2026-01-30_steps_5s.parquet,3000,344,-7.013490245533e-05,500000.0000000004,0.11500267608819643,0.114635,4.019957271483381,6.314888926558879e-13,1.0000000000000009,1.0,0.0,0.7013490245533007,DOGE_S2B1_lr0.0003_clip0.2_ent0.01_ep4_bs16_cl32_gamma0.999_lam0.95_seed1_H4320_Q3e+06_pov0.1_fee0,checkpoints/DOGE/DOGE_S2B1_lr0.0003_clip0.2_ent0.01_ep4_bs16_cl32_gamma0.999_lam0.95_seed1_H4320_Q3e+06_pov0.1_fee0/best.weights.h5,17
DOGE,doge_q500000,500000.0,4320,3500.0,0.1,buy,DOGE_PPO_1,2026-01-10_steps_5s.parquet,/Users/jackfletcher/Desktop/FYP_Data/Replay_5s_DOGE/January/2026-01-10_steps_5s.parquet,5128,310,-5.925035920279242e-05,500000.0,0.14017197412940904,0.14016499999999998,4.152413298829701,6.295246690485486e-13,1.0,1.0,0.0,0.5925035920279245,DOGE_S2B1_lr0.0003_clip0.2_ent0.01_ep4_bs16_cl32_gamma0.999_lam0.95_seed1_H4320_Q3e+06_pov0.1_fee0,checkpoints/DOGE/DOGE_S2B1_lr0.0003_clip0.2_ent0.01_ep4_bs16_cl32_gamma0.999_lam0.95_seed1_H4320_Q3e+06_pov0.1_fee0/best.weights.h5,18
DOGE,doge_q500000,500000.0,4320,3500.0,0.1,buy,DOGE_PPO_1,2026-01-28_steps_5s.parquet,/Users/jackfletcher/Desktop/FYP_Data/Replay_5s_DOGE/January/2026-01-28_steps_5s.parquet,6776,306,-0.0001028557518089045,500000.0,0.1262570412590679,0.12573499999999999,6.466283976846297,5.363620615635647e-13,1.0,1.0,0.0,1.028557518089044,DOGE_S2B1_lr0.0003_clip0.2_ent0.01_ep4_bs16_cl32_gamma0.999_lam0.95_seed1_H4320_Q3e+06_pov0.1_fee0,checkpoints/DOGE/DOGE_S2B1_lr0.0003_clip0.2_ent0.01_ep4_bs16_cl32_gamma0.999_lam0.95_seed1_H4320_Q3e+06_pov0.1_fee0/best.weights.h5,19
DOGE,doge_q500000,500000.0,4320,3500.0,0.1,buy,DOGE_PPO_1,2026-01-16_steps_5s.parquet,/Users/jackfletcher/Desktop/FYP_Data/Replay_5s_DOGE/January/2026-01-16_steps_5s.parquet,10334,375,-7.132782818446799e-05,500000.0,0.1380233929065015,0.138065,4.923938299144286,8.633038247645132e-13,1.0,1.0,0.0,0.7132782818446798,DOGE_S2B1_lr0.0003_clip0.2_ent0.01_ep4_bs16_cl32_gamma0.999_lam0.95_seed1_H4320_Q3e+06_pov0.1_fee0,checkpoints/DOGE/DOGE_S2B1_lr0.0003_clip0.2_ent0.01_ep4_bs16_cl32_gamma0.999_lam0.95_seed1_H4320_Q3e+06_pov0.1_fee0/best.weights.h5,20
DOGE,doge_q500000,500000.0,4320,3500.0,0.1,buy,DOGE_PPO_1,2026-01-15_steps_5s.parquet,/Users/jackfletcher/Desktop/FYP_Data/Replay_5s_DOGE/January/2026-01-15_steps_5s.parquet,8587,270,-7.782435096216964e-05,500000.0,0.14387415715119337,0.14360499999999998,5.58798295996118,9.64238169370568e-13,1.0,1.0,0.0,0.7782435096216959,DOGE_S2B1_lr0.0003_clip0.2_ent0.01_ep4_bs16_cl32_gamma0.999_lam0.95_seed1_H4320_Q3e+06_pov0.1_fee0,checkpoints/DOGE/DOGE_S2B1_lr0.0003_clip0.2_ent0.01_ep4_bs16_cl32_gamma0.999_lam0.95_seed1_H4320_Q3e+06_pov0.1_fee0/best.weights.h5,21
DOGE,doge_q500000,500000.0,4320,3500.0,0.1,buy,DOGE_PPO_1,2026-01-24_steps_5s.parquet,/Users/jackfletcher/Desktop/FYP_Data/Replay_5s_DOGE/January/2026-01-24_steps_5s.parquet,1788,226,-0.00011538634796452348,499999.9999999998,0.12442436093693177,0.12444,7.179338570352655,6.354931761807003e-13,0.9999999999999997,1.0,0.0,1.1538634796452356,DOGE_S2B1_lr0.0003_clip0.2_ent0.01_ep4_bs16_cl32_gamma0.999_lam0.95_seed1_H4320_Q3e+06_pov0.1_fee0,checkpoints/DOGE/DOGE_S2B1_lr0.0003_clip0.2_ent0.01_ep4_bs16_cl32_gamma0.999_lam0.95_seed1_H4320_Q3e+06_pov0.1_fee0/best.weights.h5,22
DOGE,doge_q500000,500000.0,4320,3500.0,0.1,buy,DOGE_PPO_1,2026-01-22_steps_5s.parquet,/Users/jackfletcher/Desktop/FYP_Data/Replay_5s_DOGE/January/2026-01-22_steps_5s.parquet,4057,268,-8.017749463961395e-05,500000.0000000001,0.12699373204371078,0.127015,5.0918722408252854,7.997410510777824e-13,1.0000000000000002,1.0,0.0,0.80177494639614,DOGE_S2B1_lr0.0003_clip0.2_ent0.01_ep4_bs16_cl32_gamma0.999_lam0.95_seed1_H4320_Q3e+06_pov0.1_fee0,checkpoints/DOGE/DOGE_S2B1_lr0.0003_clip0.2_ent0.01_ep4_bs16_cl32_gamma0.999_lam0.95_seed1_H4320_Q3e+06_pov0.1_fee0/best.weights.h5,23
DOGE,doge_q500000,500000.0,4320,3500.0,0.1,buy,DOGE_PPO_1,2026-01-21_steps_5s.parquet,/Users/jackfletcher/Desktop/FYP_Data/Replay_5s_DOGE/January/2026-01-21_steps_5s.parquet,3311,259,-9.608776060173816e-05,500000.00000000006,0.1255618904092288,0.12556499999999998,6.032629829978626,9.109597987980166e-13,1.0000000000000002,1.0,0.0,0.9608776060173818,DOGE_S2B1_lr0.0003_clip0.2_ent0.01_ep4_bs16_cl32_gamma0.999_lam0.95_seed1_H4320_Q3e+06_pov0.1_fee0,checkpoints/DOGE/DOGE_S2B1_lr0.0003_clip0.2_ent0.01_ep4_bs16_cl32_gamma0.999_lam0.95_seed1_H4320_Q3e+06_pov0.1_fee0/best.weights.h5,24
DOGE,doge_q500000,500000.0,4320,3500.0,0.1,buy,DOGE_PPO_1,2026-01-14_steps_5s.parquet,/Users/jackfletcher/Desktop/FYP_Data/Replay_5s_DOGE/January/2026-01-14_steps_5s.parquet,10295,413,-0.00010904557683821747,499999.99999999965,0.14693452970809714,0.146555,7.9905872567624785,6.765120226262848e-13,0.9999999999999993,1.0,0.0,1.0904557683821745,DOGE_S2B1_lr0.0003_clip0.2_ent0.01_ep4_bs16_cl32_gamma0.999_lam0.95_seed1_H4320_Q3e+06_pov0.1_fee0,checkpoints/DOGE/DOGE_S2B1_lr0.0003_clip0.2_ent0.01_ep4_bs16_cl32_gamma0.999_lam0.95_seed1_H4320_Q3e+06_pov0.1_fee0/best.weights.h5,25
DOGE,doge_q500000,500000.0,4320,3500.0,0.1,buy,DOGE_PPO_1,2026-01-25_steps_5s.parquet,/Users/jackfletcher/Desktop/FYP_Data/Replay_5s_DOGE/January/2026-01-25_steps_5s.parquet,2169,221,-8.787961004895885e-05,500000.0,0.12385933952660046,0.123835,5.441285755206427,7.604292329740787e-13,1.0,1.0,0.0,0.8787961004895913,DOGE_S2B1_lr0.0003_clip0.2_ent0.01_ep4_bs16_cl32_gamma0.999_lam0.95_seed1_H4320_Q3e+06_pov0.1_fee0,checkpoints/DOGE/DOGE_S2B1_lr0.0003_clip0.2_ent0.01_ep4_bs16_cl32_gamma0.999_lam0.95_seed1_H4320_Q3e+06_pov0.1_fee0/best.weights.h5,26
DOGE,doge_q500000,500000.0,4320,3500.0,0.1,buy,DOGE_PPO_1,2026-01-22_steps_5s.parquet,/Users/jackfletcher/Desktop/FYP_Data/Replay_5s_DOGE/January/2026-01-22_steps_5s.parquet,6482,307,-6.732377517867524e-05,500000.0000000001,0.1265856961934954,0.126425,4.2557041384820105,6.104883229844263e-13,1.0000000000000002,1.0,0.0,0.6732377517867526,DOGE_S2B1_lr0.0003_clip0.2_ent0.01_ep4_bs16_cl32_gamma0.999_lam0.95_seed1_H4320_Q3e+06_pov0.1_fee0,checkpoints/DOGE/DOGE_S2B1_lr0.0003_clip0.2_ent0.01_ep4_bs16_cl32_gamma0.999_lam0.95_seed1_H4320_Q3e+06_pov0.1_fee0/best.weights.h5,27
DOGE,doge_q500000,500000.0,4320,3500.0,0.1,buy,DOGE_PPO_1,2026-01-18_steps_5s.parquet,/Users/jackfletcher/Desktop/FYP_Data/Replay_5s_DOGE/January/2026-01-18_steps_5s.parquet,5987,244,-9.448523790593924e-05,499999.99999999994,0.1371292657838353,0.136965,6.470585304893486,8.186879181215203e-13,0.9999999999999999,1.0,0.0,0.9448523790593928,DOGE_S2B1_lr0.0003_clip0.2_ent0.01_ep4_bs16_cl32_gamma0.999_lam0.95_seed1_H4320_Q3e+06_pov0.1_fee0,checkpoints/DOGE/DOGE_S2B1_lr0.0003_clip0.2_ent0.01_ep4_bs16_cl32_gamma0.999_lam0.95_seed1_H4320_Q3e+06_pov0.1_fee0/best.weights.h5,28
DOGE,doge_q500000,500000.0,4320,3500.0,0.1,buy,DOGE_PPO_1,2026-01-12_steps_5s.parquet,/Users/jackfletcher/Desktop/FYP_Data/Replay_5s_DOGE/January/2026-01-12_steps_5s.parquet,3917,322,-6.850419812624701e-05,499999.99999999965,0.1410571495703367,0.14108500000000002,4.832457396320777,7.346697181149141e-13,0.9999999999999993,1.0,0.0,0.6850419812624695,DOGE_S2B1_lr0.0003_clip0.2_ent0.01_ep4_bs16_cl32_gamma0.999_lam0.95_seed1_H4320_Q3e+06_pov0.1_fee0,checkpoints/DOGE/DOGE_S2B1_lr0.0003_clip0.2_ent0.01_ep4_bs16_cl32_gamma0.999_lam0.95_seed1_H4320_Q3e+06_pov0.1_fee0/best.weights.h5,29
DOGE,doge_q500000,500000.0,4320,3500.0,0.1,buy,DOGE_PPO_1,2026-01-30_steps_5s.parquet,/Users/jackfletcher/Desktop/FYP_Data/Replay_5s_DOGE/January/2026-01-30_steps_5s.parquet,7295,320,-7.630386112104775e-05,500000.0000000002,0.11355891021930693,0.11335500000000001,4.32471208868818,5.771679795922726e-13,1.0000000000000004,1.0,0.0,0.7630386112104767,DOGE_S2B1_lr0.0003_clip0.2_ent0.01_ep4_bs16_cl32_gamma0.999_lam0.95_seed1_H4320_Q3e+06_pov0.1_fee0,checkpoints/DOGE/DOGE_S2B1_lr0.0003_clip0.2_ent0.01_ep4_bs16_cl32_gamma0.999_lam0.95_seed1_H4320_Q3e+06_pov0.1_fee0/best.weights.h5,30
DOGE,doge_q500000,500000.0,4320,3500.0,0.1,buy,DOGE_PPO_1,2026-01-27_steps_5s.parquet,/Users/jackfletcher/Desktop/FYP_Data/Replay_5s_DOGE/January/2026-01-27_steps_5s.parquet,6487,273,-9.061681026398477e-05,500000.0000000002,0.12199131172718948,0.122165,5.535101312949849,7.959261170817843e-13,1.0000000000000004,1.0,0.0,0.9061681026398476,DOGE_S2B1_lr0.0003_clip0.2_ent0.01_ep4_bs16_cl32_gamma0.999_lam0.95_seed1_H4320_Q3e+06_pov0.1_fee0,checkpoints/DOGE/DOGE_S2B1_lr0.0003_clip0.2_ent0.01_ep4_bs16_cl32_gamma0.999_lam0.95_seed1_H4320_Q3e+06_pov0.1_fee0/best.weights.h5,31
DOGE,doge_q500000,500000.0,4320,3500.0,0.1,buy,DOGE_PPO_1,2026-01-24_steps_5s.parquet,/Users/jackfletcher/Desktop/FYP_Data/Replay_5s_DOGE/January/2026-01-24_steps_5s.parquet,7429,242,-7.49160316631327e-05,500000.00000000006,0.12447502424186484,0.12443499999999999,4.6610882000009575,5.294266485789138e-13,1.0000000000000002,1.0,0.0,0.7491603166313269,DOGE_S2B1_lr0.0003_clip0.2_ent0.01_ep4_bs16_cl32_gamma0.999_lam0.95_seed1_H4320_Q3e+06_pov0.1_fee0,checkpoints/DOGE/DOGE_S2B1_lr0.0003_clip0.2_ent0.01_ep4_bs16_cl32_gamma0.999_lam0.95_seed1_H4320_Q3e+06_pov0.1_fee0/best.weights.h5,32
DOGE,doge_q500000,500000.0,4320,3500.0,0.1,buy,DOGE_PPO_1,2026-01-27_steps_5s.parquet,/Users/jackfletcher/Desktop/FYP_Data/Replay_5s_DOGE/January/2026-01-27_steps_5s.parquet,972,291,-0.0001295502250931445,499999.9999999999,0.12244588202159984,0.122365,7.9262066467613135,6.760728246601764e-13,0.9999999999999998,1.0,0.0,1.295502250931445,DOGE_S2B1_lr0.0003_clip0.2_ent0.01_ep4_bs16_cl32_gamma0.999_lam0.95_seed1_H4320_Q3e+06_pov0.1_fee0,checkpoints/DOGE/DOGE_S2B1_lr0.0003_clip0.2_ent0.01_ep4_bs16_cl32_gamma0.999_lam0.95_seed1_H4320_Q3e+06_pov0.1_fee0/best.weights.h5,33
DOGE,doge_q500000,500000.0,4320,3500.0,0.1,buy,DOGE_PPO_1,2026-01-14_steps_5s.parquet,/Users/jackfletcher/Desktop/FYP_Data/Replay_5s_DOGE/January/2026-01-14_steps_5s.parquet,10919,387,-8.477716469432219e-05,499999.99999999994,0.1492149573900319,0.14844000000000002,6.292161163612598,9.025529199340027e-13,0.9999999999999999,1.0,0.0,0.8477716469432225,DOGE_S2B1_lr0.0003_clip0.2_ent0.01_ep4_bs16_cl32_gamma0.999_lam0.95_seed1_H4320_Q3e+06_pov0.1_fee0,checkpoints/DOGE/DOGE_S2B1_lr0.0003_clip0.2_ent0.01_ep4_bs16_cl32_gamma0.999_lam0.95_seed1_H4320_Q3e+06_pov0.1_fee0/best.weights.h5,34
DOGE,doge_q500000,500000.0,4320,3500.0,0.1,buy,DOGE_PPO_1,2026-01-14_steps_5s.parquet,/Users/jackfletcher/Desktop/FYP_Data/Replay_5s_DOGE/January/2026-01-14_steps_5s.parquet,5058,391,-0.0001295131710757883,499999.99999999994,0.14847337592644325,0.148175,9.59530706207747,6.895980474193064e-13,0.9999999999999999,1.0,0.0,1.2951317107578835,DOGE_S2B1_lr0.0003_clip0.2_ent0.01_ep4_bs16_cl32_gamma0.999_lam0.95_seed1_H4320_Q3e+06_pov0.1_fee0,checkpoints/DOGE/DOGE_S2B1_lr0.0003_clip0.2_ent0.01_ep4_bs16_cl32_gamma0.999_lam0.95_seed1_H4320_Q3e+06_pov0.1_fee0/best.weights.h5,35
DOGE,doge_q500000,500000.0,4320,3500.0,0.1,buy,DOGE_PPO_1,2026-01-18_steps_5s.parquet,/Users/jackfletcher/Desktop/FYP_Data/Replay_5s_DOGE/January/2026-01-18_steps_5s.parquet,9460,282,-8.030872090479618e-05,500000.0,0.13693637972450903,0.136785,5.492514194481276,8.535089386755013e-13,1.0,1.0,0.0,0.8030872090479624,DOGE_S2B1_lr0.0003_clip0.2_ent0.01_ep4_bs16_cl32_gamma0.999_lam0.95_seed1_H4320_Q3e+06_pov0.1_fee0,checkpoints/DOGE/DOGE_S2B1_lr0.0003_clip0.2_ent0.01_ep4_bs16_cl32_gamma0.999_lam0.95_seed1_H4320_Q3e+06_pov0.1_fee0/best.weights.h5,36
DOGE,doge_q500000,500000.0,4320,3500.0,0.1,buy,DOGE_PPO_1,2026-01-25_steps_5s.parquet,/Users/jackfletcher/Desktop/FYP_Data/Replay_5s_DOGE/January/2026-01-25_steps_5s.parquet,11461,329,-9.912492866577898e-05,500000.0,0.12155418666801027,0.12231500000000001,6.062232824877379,6.809429654365183e-13,1.0,1.0,0.0,0.99124928665779,DOGE_S2B1_lr0.0003_clip0.2_ent0.01_ep4_bs16_cl32_gamma0.999_lam0.95_seed1_H4320_Q3e+06_pov0.1_fee0,checkpoints/DOGE/DOGE_S2B1_lr0.0003_clip0.2_ent0.01_ep4_bs16_cl32_gamma0.999_lam0.95_seed1_H4320_Q3e+06_pov0.1_fee0/best.weights.h5,37
DOGE,doge_q500000,500000.0,4320,3500.0,0.1,buy,DOGE_PPO_1,2026-01-14_steps_5s.parquet,/Users/jackfletcher/Desktop/FYP_Data/Replay_5s_DOGE/January/2026-01-14_steps_5s.parquet,9992,398,-0.0001005292859412493,499999.99999999965,0.14619001414285837,0.145795,7.328333621902223,7.39986033416273e-13,0.9999999999999993,1.0,0.0,1.0052928594124932,DOGE_S2B1_lr0.0003_clip0.2_ent0.01_ep4_bs16_cl32_gamma0.999_lam0.95_seed1_H4320_Q3e+06_pov0.1_fee0,checkpoints/DOGE/DOGE_S2B1_lr0.0003_clip0.2_ent0.01_ep4_bs16_cl32_gamma0.999_lam0.95_seed1_H4320_Q3e+06_pov0.1_fee0/best.weights.h5,38
DOGE,doge_q500000,500000.0,4320,3500.0,0.1,buy,DOGE_PPO_1,2026-01-17_steps_5s.parquet,/Users/jackfletcher/Desktop/FYP_Data/Replay_5s_DOGE/January/2026-01-17_steps_5s.parquet,7644,254,-5.110383349029093e-05,500000.00000000006,0.13751527951872503,0.13757999999999998,3.515432705797115,7.357348890365532e-13,1.0000000000000002,1.0,0.0,0.5110383349029097,DOGE_S2B1_lr0.0003_clip0.2_ent0.01_ep4_bs16_cl32_gamma0.999_lam0.95_seed1_H4320_Q3e+06_pov0.1_fee0,checkpoints/DOGE/DOGE_S2B1_lr0.0003_clip0.2_ent0.01_ep4_bs16_cl32_gamma0.999_lam0.95_seed1_H4320_Q3e+06_pov0.1_fee0/best.weights.h5,39
DOGE,doge_q500000,500000.0,4320,3500.0,0.1,buy,DOGE_PPO_1,2026-01-08_steps_5s.parquet,/Users/jackfletcher/Desktop/FYP_Data/Replay_5s_DOGE/January/2026-01-08_steps_5s.parquet,6085,448,-7.985107622429577e-05,500000.00000000064,0.1439468371922999,0.14462,5.774031321778834,7.522939179564305e-13,1.0000000000000013,1.0,0.0,0.7985107622429586,DOGE_S2B1_lr0.0003_clip0.2_ent0.01_ep4_bs16_cl32_gamma0.999_lam0.95_seed1_H4320_Q3e+06_pov0.1_fee0,checkpoints/DOGE/DOGE_S2B1_lr0.0003_clip0.2_ent0.01_ep4_bs16_cl32_gamma0.999_lam0.95_seed1_H4320_Q3e+06_pov0.1_fee0/best.weights.h5,40
DOGE,doge_q500000,500000.0,4320,3500.0,0.1,buy,DOGE_PPO_1,2026-01-26_steps_5s.parquet,/Users/jackfletcher/Desktop/FYP_Data/Replay_5s_DOGE/January/2026-01-26_steps_5s.parquet,7854,264,-6.167839704814426e-05,500000.0000000001,0.12139390739367668,0.121255,3.739407017036362,6.099475939903837e-13,1.0000000000000002,1.0,0.0,0.616783970481442,DOGE_S2B1_lr0.0003_clip0.2_ent0.01_ep4_bs16_cl32_gamma0.999_lam0.95_seed1_H4320_Q3e+06_pov0.1_fee0,checkpoints/DOGE/DOGE_S2B1_lr0.0003_clip0.2_ent0.01_ep4_bs16_cl32_gamma0.999_lam0.95_seed1_H4320_Q3e+06_pov0.1_fee0/best.weights.h5,41
DOGE,doge_q500000,500000.0,4320,3500.0,0.1,buy,DOGE_PPO_1,2026-01-12_steps_5s.parquet,/Users/jackfletcher/Desktop/FYP_Data/Replay_5s_DOGE/January/2026-01-12_steps_5s.parquet,378,399,-0.00010499802314252044,499999.9999999999,0.13749775123809624,0.138535,7.2729505680245525,8.298938044239668e-13,0.9999999999999998,1.0,0.0,1.049980231425207,DOGE_S2B1_lr0.0003_clip0.2_ent0.01_ep4_bs16_cl32_gamma0.999_lam0.95_seed1_H4320_Q3e+06_pov0.1_fee0,checkpoints/DOGE/DOGE_S2B1_lr0.0003_clip0.2_ent0.01_ep4_bs16_cl32_gamma0.999_lam0.95_seed1_H4320_Q3e+06_pov0.1_fee0/best.weights.h5,42
DOGE,doge_q500000,500000.0,4320,3500.0,0.1,buy,DOGE_PPO_1,2026-01-29_steps_5s.parquet,/Users/jackfletcher/Desktop/FYP_Data/Replay_5s_DOGE/January/2026-01-29_steps_5s.parquet,2447,271,-0.00011393307711282856,500000.00000000006,0.12224916782426751,0.12249499999999999,6.978116140467966,5.963254007978581e-13,1.0000000000000002,1.0,0.0,1.1393307711282854,DOGE_S2B1_lr0.0003_clip0.2_ent0.01_ep4_bs16_cl32_gamma0.999_lam0.95_seed1_H4320_Q3e+06_pov0.1_fee0,checkpoints/DOGE/DOGE_S2B1_lr0.0003_clip0.2_ent0.01_ep4_bs16_cl32_gamma0.999_lam0.95_seed1_H4320_Q3e+06_pov0.1_fee0/best.weights.h5,43
DOGE,doge_q500000,500000.0,4320,3500.0,0.1,buy,DOGE_PPO_1,2026-01-28_steps_5s.parquet,/Users/jackfletcher/Desktop/FYP_Data/Replay_5s_DOGE/January/2026-01-28_steps_5s.parquet,1999,293,-8.865489432248157e-05,500000.00000000006,0.12482767255117307,0.124745,5.529627396128983,8.834385636915859e-13,1.0000000000000002,1.0,0.0,0.8865489432248158,DOGE_S2B1_lr0.0003_clip0.2_ent0.01_ep4_bs16_cl32_gamma0.999_lam0.95_seed1_H4320_Q3e+06_pov0.1_fee0,checkpoints/DOGE/DOGE_S2B1_lr0.0003_clip0.2_ent0.01_ep4_bs16_cl32_gamma0.999_lam0.95_seed1_H4320_Q3e+06_pov0.1_fee0/best.weights.h5,44
DOGE,doge_q500000,500000.0,4320,3500.0,0.1,buy,DOGE_PPO_1,2026-01-10_steps_5s.parquet,/Users/jackfletcher/Desktop/FYP_Data/Replay_5s_DOGE/January/2026-01-10_steps_5s.parquet,12721,286,-6.82916107548013e-05,500000.00000000035,0.14001962731899495,0.140075,4.782973688239397,8.613135667686368e-13,1.0000000000000007,1.0,0.0,0.6829161075480131,DOGE_S2B1_lr0.0003_clip0.2_ent0.01_ep4_bs16_cl32_gamma0.999_lam0.95_seed1_H4320_Q3e+06_pov0.1_fee0,checkpoints/DOGE/DOGE_S2B1_lr0.0003_clip0.2_ent0.01_ep4_bs16_cl32_gamma0.999_lam0.95_seed1_H4320_Q3e+06_pov0.1_fee0/best.weights.h5,45
DOGE,doge_q500000,500000.0,4320,3500.0,0.1,buy,DOGE_PPO_1,2026-01-10_steps_5s.parquet,/Users/jackfletcher/Desktop/FYP_Data/Replay_5s_DOGE/January/2026-01-10_steps_5s.parquet,11304,251,-6.496606587224561e-05,499999.9999999998,0.1400132944487845,0.139995,4.547462195892526,7.739538642929802e-13,0.9999999999999997,1.0,0.0,0.649660658722458,DOGE_S2B1_lr0.0003_clip0.2_ent0.01_ep4_bs16_cl32_gamma0.999_lam0.95_seed1_H4320_Q3e+06_pov0.1_fee0,checkpoints/DOGE/DOGE_S2B1_lr0.0003_clip0.2_ent0.01_ep4_bs16_cl32_gamma0.999_lam0.95_seed1_H4320_Q3e+06_pov0.1_fee0/best.weights.h5,46
DOGE,doge_q500000,500000.0,4320,3500.0,0.1,buy,DOGE_PPO_1,2026-01-31_steps_5s.parquet,/Users/jackfletcher/Desktop/FYP_Data/Replay_5s_DOGE/January/2026-01-31_steps_5s.parquet,3978,255,-0.00010841360933296801,500000.00000000023,0.11467229190122791,0.114725,6.218875665362384,6.73431343436301e-13,1.0000000000000004,1.0,0.0,1.084136093329681,DOGE_S2B1_lr0.0003_clip0.2_ent0.01_ep4_bs16_cl32_gamma0.999_lam0.95_seed1_H4320_Q3e+06_pov0.1_fee0,checkpoints/DOGE/DOGE_S2B1_lr0.0003_clip0.2_ent0.01_ep4_bs16_cl32_gamma0.999_lam0.95_seed1_H4320_Q3e+06_pov0.1_fee0/best.weights.h5,47
DOGE,doge_q500000,500000.0,4320,3500.0,0.1,buy,DOGE_PPO_1,2026-01-09_steps_5s.parquet,/Users/jackfletcher/Desktop/FYP_Data/Replay_5s_DOGE/January/2026-01-09_steps_5s.parquet,12897,358,-0.00012643959648977012,499999.9999999996,0.14219258497065806,0.142545,9.011666140817164,7.686700288996915e-13,0.9999999999999992,1.0,0.0,1.2643959648977043,DOGE_S2B1_lr0.0003_clip0.2_ent0.01_ep4_bs16_cl32_gamma0.999_lam0.95_seed1_H4320_Q3e+06_pov0.1_fee0,checkpoints/DOGE/DOGE_S2B1_lr0.0003_clip0.2_ent0.01_ep4_bs16_cl32_gamma0.999_lam0.95_seed1_H4320_Q3e+06_pov0.1_fee0/best.weights.h5,48
DOGE,doge_q500000,500000.0,4320,3500.0,0.1,buy,DOGE_PPO_1,2026-01-11_steps_5s.parquet,/Users/jackfletcher/Desktop/FYP_Data/Replay_5s_DOGE/January/2026-01-11_steps_5s.parquet,10976,293,-0.00010332924682396162,499999.99999999977,0.14008731579365719,0.139895,7.2276224922190595,8.786391059666639e-13,0.9999999999999996,1.0,0.0,1.0332924682396167,DOGE_S2B1_lr0.0003_clip0.2_ent0.01_ep4_bs16_cl32_gamma0.999_lam0.95_seed1_H4320_Q3e+06_pov0.1_fee0,checkpoints/DOGE/DOGE_S2B1_lr0.0003_clip0.2_ent0.01_ep4_bs16_cl32_gamma0.999_lam0.95_seed1_H4320_Q3e+06_pov0.1_fee0/best.weights.h5,49
DOGE,doge_q500000,500000.0,4320,3500.0,0.1,buy,DOGE_PPO_1,2026-01-27_steps_5s.parquet,/Users/jackfletcher/Desktop/FYP_Data/Replay_5s_DOGE/January/2026-01-27_steps_5s.parquet,8559,254,-7.50261878093786e-05,499999.9999999997,0.12244878169147413,0.122645,4.60079340194063,6.409694883840978e-13,0.9999999999999994,1.0,0.0,0.7502618780937877,DOGE_S2B1_lr0.0003_clip0.2_ent0.01_ep4_bs16_cl32_gamma0.999_lam0.95_seed1_H4320_Q3e+06_pov0.1_fee0,checkpoints/DOGE/DOGE_S2B1_lr0.0003_clip0.2_ent0.01_ep4_bs16_cl32_gamma0.999_lam0.95_seed1_H4320_Q3e+06_pov0.1_fee0/best.weights.h5,50
DOGE,doge_q500000,500000.0,4320,3500.0,0.1,buy,DOGE_PPO_1,2026-01-25_steps_5s.parquet,/Users/jackfletcher/Desktop/FYP_Data/Replay_5s_DOGE/January/2026-01-25_steps_5s.parquet,7644,268,-6.908155528598878e-05,499999.9999999998,0.12351870778061434,0.123555,4.267685781680173,7.992417092355053e-13,0.9999999999999997,1.0,0.0,0.690815552859888,DOGE_S2B1_lr0.0003_clip0.2_ent0.01_ep4_bs16_cl32_gamma0.999_lam0.95_seed1_H4320_Q3e+06_pov0.1_fee0,checkpoints/DOGE/DOGE_S2B1_lr0.0003_clip0.2_ent0.01_ep4_bs16_cl32_gamma0.999_lam0.95_seed1_H4320_Q3e+06_pov0.1_fee0/best.weights.h5,51
DOGE,doge_q500000,500000.0,4320,3500.0,0.1,buy,DOGE_PPO_1,2026-01-25_steps_5s.parquet,/Users/jackfletcher/Desktop/FYP_Data/Replay_5s_DOGE/January/2026-01-25_steps_5s.parquet,11848,382,-0.00011807526126544938,499999.99999999924,0.12050217847639234,0.120225,7.097799142819329,9.615791619297672e-13,0.9999999999999984,1.0,0.0,1.1807526126544943,DOGE_S2B1_lr0.0003_clip0.2_ent0.01_ep4_bs16_cl32_gamma0.999_lam0.95_seed1_H4320_Q3e+06_pov0.1_fee0,checkpoints/DOGE/DOGE_S2B1_lr0.0003_clip0.2_ent0.01_ep4_bs16_cl32_gamma0.999_lam0.95_seed1_H4320_Q3e+06_pov0.1_fee0/best.weights.h5,52
DOGE,doge_q500000,500000.0,4320,3500.0,0.1,buy,DOGE_PPO_1,2026-01-11_steps_5s.parquet,/Users/jackfletcher/Desktop/FYP_Data/Replay_5s_DOGE/January/2026-01-11_steps_5s.parquet,9383,299,-0.00016055788013317733,500000.0000000004,0.14071279746197835,0.140905,11.311704050082662,6.132970504241409e-13,1.0000000000000009,1.0,0.0,1.6055788013317713,DOGE_S2B1_lr0.0003_clip0.2_ent0.01_ep4_bs16_cl32_gamma0.999_lam0.95_seed1_H4320_Q3e+06_pov0.1_fee0,checkpoints/DOGE/DOGE_S2B1_lr0.0003_clip0.2_ent0.01_ep4_bs16_cl32_gamma0.999_lam0.95_seed1_H4320_Q3e+06_pov0.1_fee0/best.weights.h5,53
DOGE,doge_q500000,500000.0,4320,3500.0,0.1,buy,DOGE_PPO_1,2026-01-28_steps_5s.parquet,/Users/jackfletcher/Desktop/FYP_Data/Replay_5s_DOGE/January/2026-01-28_steps_5s.parquet,424,305,-6.347116437533385e-05,500000.0000000002,0.12560098498719924,0.12573,3.9901147484553503,7.33498198909455e-13,1.0000000000000004,1.0,0.0,0.6347116437533366,DOGE_S2B1_lr0.0003_clip0.2_ent0.01_ep4_bs16_cl32_gamma0.999_lam0.95_seed1_H4320_Q3e+06_pov0.1_fee0,checkpoints/DOGE/DOGE_S2B1_lr0.0003_clip0.2_ent0.01_ep4_bs16_cl32_gamma0.999_lam0.95_seed1_H4320_Q3e+06_pov0.1_fee0/best.weights.h5,54
DOGE,doge_q500000,500000.0,4320,3500.0,0.1,buy,DOGE_PPO_1,2026-01-19_steps_5s.parquet,/Users/jackfletcher/Desktop/FYP_Data/Replay_5s_DOGE/January/2026-01-19_steps_5s.parquet,10993,292,-9.090698844141845e-05,500000.00000000006,0.12820496276163487,0.128425,5.837364995294584,9.655429030109728e-13,1.0000000000000002,1.0,0.0,0.9090698844141847,DOGE_S2B1_lr0.0003_clip0.2_ent0.01_ep4_bs16_cl32_gamma0.999_lam0.95_seed1_H4320_Q3e+06_pov0.1_fee0,checkpoints/DOGE/DOGE_S2B1_lr0.0003_clip0.2_ent0.01_ep4_bs16_cl32_gamma0.999_lam0.95_seed1_H4320_Q3e+06_pov0.1_fee0/best.weights.h5,55
DOGE,doge_q500000,500000.0,4320,3500.0,0.1,buy,DOGE_PPO_1,2026-01-26_steps_5s.parquet,/Users/jackfletcher/Desktop/FYP_Data/Replay_5s_DOGE/January/2026-01-26_steps_5s.parquet,921,387,-8.235589049360559e-05,500000.0000000001,0.12222870943915042,0.12203,5.024944658467344,8.626248544616454e-13,1.0000000000000002,1.0,0.0,0.8235589049360558,DOGE_S2B1_lr0.0003_clip0.2_ent0.01_ep4_bs16_cl32_gamma0.999_lam0.95_seed1_H4320_Q3e+06_pov0.1_fee0,checkpoints/DOGE/DOGE_S2B1_lr0.0003_clip0.2_ent0.01_ep4_bs16_cl32_gamma0.999_lam0.95_seed1_H4320_Q3e+06_pov0.1_fee0/best.weights.h5,56
DOGE,doge_q500000,500000.0,4320,3500.0,0.1,buy,DOGE_PPO_1,2026-01-28_steps_5s.parquet,/Users/jackfletcher/Desktop/FYP_Data/Replay_5s_DOGE/January/2026-01-28_steps_5s.parquet,5448,288,-9.915837661318124e-05,500000.00000000006,0.1255308189972106,0.125415,6.217973901471078,6.102956455028135e-13,1.0000000000000002,1.0,0.0,0.9915837661318149,DOGE_S2B1_lr0.0003_clip0.2_ent0.01_ep4_bs16_cl32_gamma0.999_lam0.95_seed1_H4320_Q3e+06_pov0.1_fee0,checkpoints/DOGE/DOGE_S2B1_lr0.0003_clip0.2_ent0.01_ep4_bs16_cl32_gamma0.999_lam0.95_seed1_H4320_Q3e+06_pov0.1_fee0/best.weights.h5,57
DOGE,doge_q500000,500000.0,4320,3500.0,0.1,buy,DOGE_PPO_1,2026-01-26_steps_5s.parquet,/Users/jackfletcher/Desktop/FYP_Data/Replay_5s_DOGE/January/2026-01-26_steps_5s.parquet,11359,397,-9.61941201022273e-05,499999.9999999999,0.12230433368629454,0.12193000000000001,5.864474532032291,7.043321902960756e-13,0.9999999999999998,1.0,0.0,0.9619412010222734,DOGE_S2B1_lr0.0003_clip0.2_ent0.01_ep4_bs16_cl32_gamma0.999_lam0.95_seed1_H4320_Q3e+06_pov0.1_fee0,checkpoints/DOGE/DOGE_S2B1_lr0.0003_clip0.2_ent0.01_ep4_bs16_cl32_gamma0.999_lam0.95_seed1_H4320_Q3e+06_pov0.1_fee0/best.weights.h5,58
DOGE,doge_q500000,500000.0,4320,3500.0,0.1,buy,DOGE_PPO_1,2026-01-28_steps_5s.parquet,/Users/jackfletcher/Desktop/FYP_Data/Replay_5s_DOGE/January/2026-01-28_steps_5s.parquet,3286,250,-8.859121406634979e-05,499999.9999999998,0.12424164761456612,0.124245,5.503507695836819,9.143312006744494e-13,0.9999999999999997,1.0,0.0,0.8859121406634985,DOGE_S2B1_lr0.0003_clip0.2_ent0.01_ep4_bs16_cl32_gamma0.999_lam0.95_seed1_H4320_Q3e+06_pov0.1_fee0,checkpoints/DOGE/DOGE_S2B1_lr0.0003_clip0.2_ent0.01_ep4_bs16_cl32_gamma0.999_lam0.95_seed1_H4320_Q3e+06_pov0.1_fee0/best.weights.h5,59
DOGE,doge_q500000,500000.0,4320,3500.0,0.1,buy,DOGE_PPO_1,2026-01-16_steps_5s.parquet,/Users/jackfletcher/Desktop/FYP_Data/Replay_5s_DOGE/January/2026-01-16_steps_5s.parquet,4860,270,-7.683049519939067e-05,500000.0000000001,0.14025336386766715,0.14027,5.388506780809263,8.118244834307547e-13,1.0000000000000002,1.0,0.0,0.7683049519939065,DOGE_S2B1_lr0.0003_clip0.2_ent0.01_ep4_bs16_cl32_gamma0.999_lam0.95_seed1_H4320_Q3e+06_pov0.1_fee0,checkpoints/DOGE/DOGE_S2B1_lr0.0003_clip0.2_ent0.01_ep4_bs16_cl32_gamma0.999_lam0.95_seed1_H4320_Q3e+06_pov0.1_fee0/best.weights.h5,60
DOGE,doge_q500000,500000.0,4320,3500.0,0.1,buy,DOGE_PPO_1,2026-01-27_steps_5s.parquet,/Users/jackfletcher/Desktop/FYP_Data/Replay_5s_DOGE/January/2026-01-27_steps_5s.parquet,4647,266,-6.35868132908367e-05,500000.0000000002,0.12230311134777397,0.122475,3.8938974788976086,5.851392508613179e-13,1.0000000000000004,1.0,0.0,0.6358681329083663,DOGE_S2B1_lr0.0003_clip0.2_ent0.01_ep4_bs16_cl32_gamma0.999_lam0.95_seed1_H4320_Q3e+06_pov0.1_fee0,checkpoints/DOGE/DOGE_S2B1_lr0.0003_clip0.2_ent0.01_ep4_bs16_cl32_gamma0.999_lam0.95_seed1_H4320_Q3e+06_pov0.1_fee0/best.weights.h5,61
DOGE,doge_q500000,500000.0,4320,3500.0,0.1,buy,DOGE_PPO_1,2026-01-29_steps_5s.parquet,/Users/jackfletcher/Desktop/FYP_Data/Replay_5s_DOGE/January/2026-01-29_steps_5s.parquet,8460,332,-7.407664989721128e-05,499999.9999999998,0.12110053092814006,0.121115,4.485896726150372,8.113469645401859e-13,0.9999999999999997,1.0,0.0,0.7407664989721128,DOGE_S2B1_lr0.0003_clip0.2_ent0.01_ep4_bs16_cl32_gamma0.999_lam0.95_seed1_H4320_Q3e+06_pov0.1_fee0,checkpoints/DOGE/DOGE_S2B1_lr0.0003_clip0.2_ent0.01_ep4_bs16_cl32_gamma0.999_lam0.95_seed1_H4320_Q3e+06_pov0.1_fee0/best.weights.h5,62
DOGE,doge_q500000,500000.0,4320,3500.0,0.1,buy,DOGE_PPO_1,2026-01-24_steps_5s.parquet,/Users/jackfletcher/Desktop/FYP_Data/Replay_5s_DOGE/January/2026-01-24_steps_5s.parquet,11866,239,-0.00010678228491428836,499999.99999999994,0.12350608344560268,0.12344,6.590602624909878,6.544825829875525e-13,0.9999999999999999,1.0,0.0,1.0678228491428836,DOGE_S2B1_lr0.0003_clip0.2_ent0.01_ep4_bs16_cl32_gamma0.999_lam0.95_seed1_H4320_Q3e+06_pov0.1_fee0,checkpoints/DOGE/DOGE_S2B1_lr0.0003_clip0.2_ent0.01_ep4_bs16_cl32_gamma0.999_lam0.95_seed1_H4320_Q3e+06_pov0.1_fee0/best.weights.h5,63
DOGE,doge_q500000,500000.0,4320,3500.0,0.1,buy,DOGE_PPO_1,2026-01-17_steps_5s.parquet,/Users/jackfletcher/Desktop/FYP_Data/Replay_5s_DOGE/January/2026-01-17_steps_5s.parquet,767,253,-6.021284345970857e-05,500000.0000000002,0.1383528821140741,0.13833499999999999,4.164771849999389,9.603104923099045e-13,1.0000000000000004,1.0,0.0,0.6021284345970852,DOGE_S2B1_lr0.0003_clip0.2_ent0.01_ep4_bs16_cl32_gamma0.999_lam0.95_seed1_H4320_Q3e+06_pov0.1_fee0,checkpoints/DOGE/DOGE_S2B1_lr0.0003_clip0.2_ent0.01_ep4_bs16_cl32_gamma0.999_lam0.95_seed1_H4320_Q3e+06_pov0.1_fee0/best.weights.h5,64
DOGE,doge_q500000,500000.0,4320,3500.0,0.1,buy,DOGE_PPO_1,2026-01-24_steps_5s.parquet,/Users/jackfletcher/Desktop/FYP_Data/Replay_5s_DOGE/January/2026-01-24_steps_5s.parquet,4627,232,-7.02182068621976e-05,500000.00000000006,0.12438438577776323,0.124395,4.367396921311536,9.660995709312434e-13,1.0000000000000002,1.0,0.0,0.7021820686219761,DOGE_S2B1_lr0.0003_clip0.2_ent0.01_ep4_bs16_cl32_gamma0.999_lam0.95_seed1_H4320_Q3e+06_pov0.1_fee0,checkpoints/DOGE/DOGE_S2B1_lr0.0003_clip0.2_ent0.01_ep4_bs16_cl32_gamma0.999_lam0.95_seed1_H4320_Q3e+06_pov0.1_fee0/best.weights.h5,65
DOGE,doge_q500000,500000.0,4320,3500.0,0.1,buy,DOGE_PPO_1,2026-01-29_steps_5s.parquet,/Users/jackfletcher/Desktop/FYP_Data/Replay_5s_DOGE/January/2026-01-29_steps_5s.parquet,9929,257,-6.699442559036067e-05,500000.0000000001,0.12100097845204538,0.12101500000000001,4.053665206408758,7.137437804473954e-13,1.0000000000000002,1.0,0.0,0.6699442559036083,DOGE_S2B1_lr0.0003_clip0.2_ent0.01_ep4_bs16_cl32_gamma0.999_lam0.95_seed1_H4320_Q3e+06_pov0.1_fee0,checkpoints/DOGE/DOGE_S2B1_lr0.0003_clip0.2_ent0.01_ep4_bs16_cl32_gamma0.999_lam0.95_seed1_H4320_Q3e+06_pov0.1_fee0/best.weights.h5,66
DOGE,doge_q500000,500000.0,4320,3500.0,0.1,buy,DOGE_PPO_1,2026-01-31_steps_5s.parquet,/Users/jackfletcher/Desktop/FYP_Data/Replay_5s_DOGE/January/2026-01-31_steps_5s.parquet,8392,296,-9.20471403624435e-05,499999.9999999999,0.11191374197865468,0.112065,5.157631392358611,7.486556122167479e-13,0.9999999999999998,1.0,0.0,0.9204714036244342,DOGE_S2B1_lr0.0003_clip0.2_ent0.01_ep4_bs16_cl32_gamma0.999_lam0.95_seed1_H4320_Q3e+06_pov0.1_fee0,checkpoints/DOGE/DOGE_S2B1_lr0.0003_clip0.2_ent0.01_ep4_bs16_cl32_gamma0.999_lam0.95_seed1_H4320_Q3e+06_pov0.1_fee0/best.weights.h5,67
DOGE,doge_q500000,500000.0,4320,3500.0,0.1,buy,DOGE_PPO_1,2026-01-22_steps_5s.parquet,/Users/jackfletcher/Desktop/FYP_Data/Replay_5s_DOGE/January/2026-01-22_steps_5s.parquet,7089,278,-9.614175032479637e-05,499999.9999999994,0.12693425412714984,0.127005,6.105241500000383,9.492664506518008e-13,0.9999999999999989,1.0,0.0,0.9614175032479639,DOGE_S2B1_lr0.0003_clip0.2_ent0.01_ep4_bs16_cl32_gamma0.999_lam0.95_seed1_H4320_Q3e+06_pov0.1_fee0,checkpoints/DOGE/DOGE_S2B1_lr0.0003_clip0.2_ent0.01_ep4_bs16_cl32_gamma0.999_lam0.95_seed1_H4320_Q3e+06_pov0.1_fee0/best.weights.h5,68
DOGE,doge_q500000,500000.0,4320,3500.0,0.1,buy,DOGE_PPO_1,2026-01-12_steps_5s.parquet,/Users/jackfletcher/Desktop/FYP_Data/Replay_5s_DOGE/January/2026-01-12_steps_5s.parquet,12692,349,-8.928039604629493e-05,500000.00000000023,0.13791383698963114,0.137785,6.150749684619381,7.203559163220909e-13,1.0000000000000004,1.0,0.0,0.8928039604629504,DOGE_S2B1_lr0.0003_clip0.2_ent0.01_ep4_bs16_cl32_gamma0.999_lam0.95_seed1_H4320_Q3e+06_pov0.1_fee0,checkpoints/DOGE/DOGE_S2B1_lr0.0003_clip0.2_ent0.01_ep4_bs16_cl32_gamma0.999_lam0.95_seed1_H4320_Q3e+06_pov0.1_fee0/best.weights.h5,69
DOGE,doge_q500000,500000.0,4320,3500.0,0.1,buy,DOGE_PPO_1,2026-01-12_steps_5s.parquet,/Users/jackfletcher/Desktop/FYP_Data/Replay_5s_DOGE/January/2026-01-12_steps_5s.parquet,3176,339,-5.6347809216413856e-05,499999.99999999994,0.14075076944387027,0.14057999999999998,3.960687509821726,8.424621874643295e-13,0.9999999999999999,1.0,0.0,0.563478092164138,DOGE_S2B1_lr0.0003_clip0.2_ent0.01_ep4_bs16_cl32_gamma0.999_lam0.95_seed1_H4320_Q3e+06_pov0.1_fee0,checkpoints/DOGE/DOGE_S2B1_lr0.0003_clip0.2_ent0.01_ep4_bs16_cl32_gamma0.999_lam0.95_seed1_H4320_Q3e+06_pov0.1_fee0/best.weights.h5,70
DOGE,doge_q500000,500000.0,4320,3500.0,0.1,buy,DOGE_PPO_1,2026-01-20_steps_5s.parquet,/Users/jackfletcher/Desktop/FYP_Data/Replay_5s_DOGE/January/2026-01-20_steps_5s.parquet,9905,368,-9.594179756830592e-05,499999.99999999965,0.1250322253141956,0.12530999999999998,6.01123332664221,6.566497133557859e-13,0.9999999999999993,1.0,0.0,0.9594179756830599,DOGE_S2B1_lr0.0003_clip0.2_ent0.01_ep4_bs16_cl32_gamma0.999_lam0.95_seed1_H4320_Q3e+06_pov0.1_fee0,checkpoints/DOGE/DOGE_S2B1_lr0.0003_clip0.2_ent0.01_ep4_bs16_cl32_gamma0.999_lam0.95_seed1_H4320_Q3e+06_pov0.1_fee0/best.weights.h5,71
DOGE,doge_q500000,500000.0,4320,3500.0,0.1,buy,DOGE_PPO_1,2026-01-13_steps_5s.parquet,/Users/jackfletcher/Desktop/FYP_Data/Replay_5s_DOGE/January/2026-01-13_steps_5s.parquet,9535,327,-7.689630465000609e-05,499999.99999999977,0.13961252133211796,0.139395,5.359480193343797,6.781610089915556e-13,0.9999999999999996,1.0,0.0,0.7689630465000605,DOGE_S2B1_lr0.0003_clip0.2_ent0.01_ep4_bs16_cl32_gamma0.999_lam0.95_seed1_H4320_Q3e+06_pov0.1_fee0,checkpoints/DOGE/DOGE_S2B1_lr0.0003_clip0.2_ent0.01_ep4_bs16_cl32_gamma0.999_lam0.95_seed1_H4320_Q3e+06_pov0.1_fee0/best.weights.h5,72
DOGE,doge_q500000,500000.0,4320,3500.0,0.1,buy,DOGE_PPO_1,2026-01-17_steps_5s.parquet,/Users/jackfletcher/Desktop/FYP_Data/Replay_5s_DOGE/January/2026-01-17_steps_5s.parquet,11797,333,-6.051150162912148e-05,500000.00000000023,0.13868391998905968,0.13887500000000003,4.201767394372129,8.653419020368455e-13,1.0000000000000004,1.0,0.0,0.6051150162912156,DOGE_S2B1_lr0.0003_clip0.2_ent0.01_ep4_bs16_cl32_gamma0.999_lam0.95_seed1_H4320_Q3e+06_pov0.1_fee0,checkpoints/DOGE/DOGE_S2B1_lr0.0003_clip0.2_ent0.01_ep4_bs16_cl32_gamma0.999_lam0.95_seed1_H4320_Q3e+06_pov0.1_fee0/best.weights.h5,73
DOGE,doge_q500000,500000.0,4320,3500.0,0.1,buy,DOGE_PPO_1,2026-01-15_steps_5s.parquet,/Users/jackfletcher/Desktop/FYP_Data/Replay_5s_DOGE/January/2026-01-15_steps_5s.parquet,10965,424,-0.0001085652534717466,499999.9999999996,0.14222329834098565,0.142795,7.7512876847490455,5.931979871597783e-13,0.9999999999999992,1.0,0.0,1.0856525347174684,DOGE_S2B1_lr0.0003_clip0.2_ent0.01_ep4_bs16_cl32_gamma0.999_lam0.95_seed1_H4320_Q3e+06_pov0.1_fee0,checkpoints/DOGE/DOGE_S2B1_lr0.0003_clip0.2_ent0.01_ep4_bs16_cl32_gamma0.999_lam0.95_seed1_H4320_Q3e+06_pov0.1_fee0/best.weights.h5,74
DOGE,doge_q500000,500000.0,4320,3500.0,0.1,buy,DOGE_PPO_1,2026-01-13_steps_5s.parquet,/Users/jackfletcher/Desktop/FYP_Data/Replay_5s_DOGE/January/2026-01-13_steps_5s.parquet,1597,273,-7.859708164971475e-05,499999.99999999994,0.13719114493502269,0.137135,5.389205396016817,9.455310760647132e-13,0.9999999999999999,1.0,0.0,0.7859708164971477,DOGE_S2B1_lr0.0003_clip0.2_ent0.01_ep4_bs16_cl32_gamma0.999_lam0.95_seed1_H4320_Q3e+06_pov0.1_fee0,checkpoints/DOGE/DOGE_S2B1_lr0.0003_clip0.2_ent0.01_ep4_bs16_cl32_gamma0.999_lam0.95_seed1_H4320_Q3e+06_pov0.1_fee0/best.weights.h5,75
DOGE,doge_q500000,500000.0,4320,3500.0,0.1,buy,DOGE_PPO_1,2026-01-12_steps_5s.parquet,/Users/jackfletcher/Desktop/FYP_Data/Replay_5s_DOGE/January/2026-01-12_steps_5s.parquet,12174,408,-4.900194038527217e-05,500000.00000000006,0.13923144533368131,0.139355,3.4143327011948,7.549351902729999e-13,1.0000000000000002,1.0,0.0,0.49001940385272147,DOGE_S2B1_lr0.0003_clip0.2_ent0.01_ep4_bs16_cl32_gamma0.999_lam0.95_seed1_H4320_Q3e+06_pov0.1_fee0,checkpoints/DOGE/DOGE_S2B1_lr0.0003_clip0.2_ent0.01_ep4_bs16_cl32_gamma0.999_lam0.95_seed1_H4320_Q3e+06_pov0.1_fee0/best.weights.h5,76
DOGE,doge_q500000,500000.0,4320,3500.0,0.1,buy,DOGE_PPO_1,2026-01-20_steps_5s.parquet,/Users/jackfletcher/Desktop/FYP_Data/Replay_5s_DOGE/January/2026-01-20_steps_5s.parquet,2509,292,-7.139562378138951e-05,500000.0,0.12800873589948672,0.128155,4.57485308285198,5.77948884333804e-13,1.0,1.0,0.0,0.7139562378138942,DOGE_S2B1_lr0.0003_clip0.2_ent0.01_ep4_bs16_cl32_gamma0.999_lam0.95_seed1_H4320_Q3e+06_pov0.1_fee0,checkpoints/DOGE/DOGE_S2B1_lr0.0003_clip0.2_ent0.01_ep4_bs16_cl32_gamma0.999_lam0.95_seed1_H4320_Q3e+06_pov0.1_fee0/best.weights.h5,77
DOGE,doge_q500000,500000.0,4320,3500.0,0.1,buy,DOGE_PPO_1,2026-01-23_steps_5s.parquet,/Users/jackfletcher/Desktop/FYP_Data/Replay_5s_DOGE/January/2026-01-23_steps_5s.parquet,9048,241,-0.00010440181247370898,500000.0000000001,0.1251098525266681,0.12503999999999998,6.52720131585629,5.684331616362762e-13,1.0000000000000002,1.0,0.0,1.0440181247370908,DOGE_S2B1_lr0.0003_clip0.2_ent0.01_ep4_bs16_cl32_gamma0.999_lam0.95_seed1_H4320_Q3e+06_pov0.1_fee0,checkpoints/DOGE/DOGE_S2B1_lr0.0003_clip0.2_ent0.01_ep4_bs16_cl32_gamma0.999_lam0.95_seed1_H4320_Q3e+06_pov0.1_fee0/best.weights.h5,78
DOGE,doge_q500000,500000.0,4320,3500.0,0.1,buy,DOGE_PPO_1,2026-01-25_steps_5s.parquet,/Users/jackfletcher/Desktop/FYP_Data/Replay_5s_DOGE/January/2026-01-25_steps_5s.parquet,1740,217,-9.589079832974673e-05,500000.0000000001,0.12383193621301623,0.12382499999999999,5.9368390515904395,6.122625643761132e-13,1.0000000000000002,1.0,0.0,0.9589079832974666,DOGE_S2B1_lr0.0003_clip0.2_ent0.01_ep4_bs16_cl32_gamma0.999_lam0.95_seed1_H4320_Q3e+06_pov0.1_fee0,checkpoints/DOGE/DOGE_S2B1_lr0.0003_clip0.2_ent0.01_ep4_bs16_cl32_gamma0.999_lam0.95_seed1_H4320_Q3e+06_pov0.1_fee0/best.weights.h5,79
DOGE,doge_q500000,500000.0,4320,3500.0,0.1,buy,DOGE_PPO_1,2026-01-29_steps_5s.parquet,/Users/jackfletcher/Desktop/FYP_Data/Replay_5s_DOGE/January/2026-01-29_steps_5s.parquet,10068,264,-7.584983035379321e-05,500000.0,0.121013511795888,0.120975,4.5879666135250625,9.096982579783653e-13,1.0,1.0,0.0,0.7584983035379315,DOGE_S2B1_lr0.0003_clip0.2_ent0.01_ep4_bs16_cl32_gamma0.999_lam0.95_seed1_H4320_Q3e+06_pov0.1_fee0,checkpoints/DOGE/DOGE_S2B1_lr0.0003_clip0.2_ent0.01_ep4_bs16_cl32_gamma0.999_lam0.95_seed1_H4320_Q3e+06_pov0.1_fee0/best.weights.h5,80
DOGE,doge_q500000,500000.0,4320,3500.0,0.1,buy,DOGE_PPO_1,2026-01-28_steps_5s.parquet,/Users/jackfletcher/Desktop/FYP_Data/Replay_5s_DOGE/January/2026-01-28_steps_5s.parquet,7680,269,-5.4254411291512e-05,500000.00000000006,0.12664544991379814,0.126695,3.4368813192890446,7.788584516739165e-13,1.0000000000000002,1.0,0.0,0.5425441129151182,DOGE_S2B1_lr0.0003_clip0.2_ent0.01_ep4_bs16_cl32_gamma0.999_lam0.95_seed1_H4320_Q3e+06_pov0.1_fee0,checkpoints/DOGE/DOGE_S2B1_lr0.0003_clip0.2_ent0.01_ep4_bs16_cl32_gamma0.999_lam0.95_seed1_H4320_Q3e+06_pov0.1_fee0/best.weights.h5,81
DOGE,doge_q500000,500000.0,4320,3500.0,0.1,buy,DOGE_PPO_1,2026-01-30_steps_5s.parquet,/Users/jackfletcher/Desktop/FYP_Data/Replay_5s_DOGE/January/2026-01-30_steps_5s.parquet,8772,323,-9.298035211532409e-05,499999.9999999998,0.11506994834441862,0.115245,5.357760339765257,6.712454871099238e-13,0.9999999999999997,1.0,0.0,0.9298035211532398,DOGE_S2B1_lr0.0003_clip0.2_ent0.01_ep4_bs16_cl32_gamma0.999_lam0.95_seed1_H4320_Q3e+06_pov0.1_fee0,checkpoints/DOGE/DOGE_S2B1_lr0.0003_clip0.2_ent0.01_ep4_bs16_cl32_gamma0.999_lam0.95_seed1_H4320_Q3e+06_pov0.1_fee0/best.weights.h5,82
DOGE,doge_q500000,500000.0,4320,3500.0,0.1,buy,DOGE_PPO_1,2026-01-30_steps_5s.parquet,/Users/jackfletcher/Desktop/FYP_Data/Replay_5s_DOGE/January/2026-01-30_steps_5s.parquet,8585,341,-0.0001121071163430213,500000.0,0.1153683726348877,0.11573,6.4870782871889405,7.140055389743611e-13,1.0,1.0,0.0,1.1210711634302153,DOGE_S2B1_lr0.0003_clip0.2_ent0.01_ep4_bs16_cl32_gamma0.999_lam0.95_seed1_H4320_Q3e+06_pov0.1_fee0,checkpoints/DOGE/DOGE_S2B1_lr0.0003_clip0.2_ent0.01_ep4_bs16_cl32_gamma0.999_lam0.95_seed1_H4320_Q3e+06_pov0.1_fee0/best.weights.h5,83
DOGE,doge_q500000,500000.0,4320,3500.0,0.1,buy,DOGE_PPO_1,2026-01-14_steps_5s.parquet,/Users/jackfletcher/Desktop/FYP_Data/Replay_5s_DOGE/January/2026-01-14_steps_5s.parquet,6041,333,-0.00010127826132413153,499999.9999999998,0.14826192088006726,0.148495,7.519657707663456,8.051343911740582e-13,0.9999999999999997,1.0,0.0,1.0127826132413154,DOGE_S2B1_lr0.0003_clip0.2_ent0.01_ep4_bs16_cl32_gamma0.999_lam0.95_seed1_H4320_Q3e+06_pov0.1_fee0,checkpoints/DOGE/DOGE_S2B1_lr0.0003_clip0.2_ent0.01_ep4_bs16_cl32_gamma0.999_lam0.95_seed1_H4320_Q3e+06_pov0.1_fee0/best.weights.h5,84
DOGE,doge_q500000,500000.0,4320,3500.0,0.1,buy,DOGE_PPO_1,2026-01-20_steps_5s.parquet,/Users/jackfletcher/Desktop/FYP_Data/Replay_5s_DOGE/January/2026-01-20_steps_5s.parquet,5078,381,-7.200370386559098e-05,499999.99999999994,0.1271980446819383,0.12696000000000002,4.570795121387712,6.073442316130972e-13,0.9999999999999999,1.0,0.0,0.7200370386559092,DOGE_S2B1_lr0.0003_clip0.2_ent0.01_ep4_bs16_cl32_gamma0.999_lam0.95_seed1_H4320_Q3e+06_pov0.1_fee0,checkpoints/DOGE/DOGE_S2B1_lr0.0003_clip0.2_ent0.01_ep4_bs16_cl32_gamma0.999_lam0.95_seed1_H4320_Q3e+06_pov0.1_fee0/best.weights.h5,85
DOGE,doge_q500000,500000.0,4320,3500.0,0.1,buy,DOGE_PPO_1,2026-01-22_steps_5s.parquet,/Users/jackfletcher/Desktop/FYP_Data/Replay_5s_DOGE/January/2026-01-22_steps_5s.parquet,8526,276,-8.038736763661648e-05,500000.00000000023,0.12587972512618437,0.125885,5.059781887467735,9.31534048158095e-13,1.0000000000000004,1.0,0.0,0.8038736763661651,DOGE_S2B1_lr0.0003_clip0.2_ent0.01_ep4_bs16_cl32_gamma0.999_lam0.95_seed1_H4320_Q3e+06_pov0.1_fee0,checkpoints/DOGE/DOGE_S2B1_lr0.0003_clip0.2_ent0.01_ep4_bs16_cl32_gamma0.999_lam0.95_seed1_H4320_Q3e+06_pov0.1_fee0/best.weights.h5,86
DOGE,doge_q500000,500000.0,4320,3500.0,0.1,buy,DOGE_PPO_1,2026-01-30_steps_5s.parquet,/Users/jackfletcher/Desktop/FYP_Data/Replay_5s_DOGE/January/2026-01-30_steps_5s.parquet,4923,345,-8.20859666704626e-05,499999.9999999998,0.11336547111387621,0.11321500000000001,4.646681358298207,6.209404748684418e-13,0.9999999999999997,1.0,0.0,0.8208596667046252,DOGE_S2B1_lr0.0003_clip0.2_ent0.01_ep4_bs16_cl32_gamma0.999_lam0.95_seed1_H4320_Q3e+06_pov0.1_fee0,checkpoints/DOGE/DOGE_S2B1_lr0.0003_clip0.2_ent0.01_ep4_bs16_cl32_gamma0.999_lam0.95_seed1_H4320_Q3e+06_pov0.1_fee0/best.weights.h5,87
DOGE,doge_q500000,500000.0,4320,3500.0,0.1,buy,DOGE_PPO_1,2026-01-27_steps_5s.parquet,/Users/jackfletcher/Desktop/FYP_Data/Replay_5s_DOGE/January/2026-01-27_steps_5s.parquet,6691,264,-6.726135923030717e-05,500000.0000000001,0.1219967989770079,0.12198500000000001,4.102438452854506,9.836060174838555e-13,1.0000000000000002,1.0,0.0,0.6726135923030709,DOGE_S2B1_lr0.0003_clip0.2_ent0.01_ep4_bs16_cl32_gamma0.999_lam0.95_seed1_H4320_Q3e+06_pov0.1_fee0,checkpoints/DOGE/DOGE_S2B1_lr0.0003_clip0.2_ent0.01_ep4_bs16_cl32_gamma0.999_lam0.95_seed1_H4320_Q3e+06_pov0.1_fee0/best.weights.h5,88
DOGE,doge_q500000,500000.0,4320,3500.0,0.1,buy,DOGE_PPO_1,2026-01-15_steps_5s.parquet,/Users/jackfletcher/Desktop/FYP_Data/Replay_5s_DOGE/January/2026-01-15_steps_5s.parquet,9493,301,-8.672250481567302e-05,500000.0000000006,0.14442628562171947,0.14418,6.251825372161862,8.634529302729069e-13,1.000000000000001,1.0,0.0,0.8672250481567294,DOGE_S2B1_lr0.0003_clip0.2_ent0.01_ep4_bs16_cl32_gamma0.999_lam0.95_seed1_H4320_Q3e+06_pov0.1_fee0,checkpoints/DOGE/DOGE_S2B1_lr0.0003_clip0.2_ent0.01_ep4_bs16_cl32_gamma0.999_lam0.95_seed1_H4320_Q3e+06_pov0.1_fee0/best.weights.h5,89
DOGE,doge_q500000,500000.0,4320,3500.0,0.1,buy,DOGE_PPO_1,2026-01-25_steps_5s.parquet,/Users/jackfletcher/Desktop/FYP_Data/Replay_5s_DOGE/January/2026-01-25_steps_5s.parquet,9570,261,-7.002273372369911e-05,499999.9999999998,0.12317525914363307,0.123225,4.314275681551407,7.942991470150632e-13,0.9999999999999997,1.0,0.0,0.7002273372369904,DOGE_S2B1_lr0.0003_clip0.2_ent0.01_ep4_bs16_cl32_gamma0.999_lam0.95_seed1_H4320_Q3e+06_pov0.1_fee0,checkpoints/DOGE/DOGE_S2B1_lr0.0003_clip0.2_ent0.01_ep4_bs16_cl32_gamma0.999_lam0.95_seed1_H4320_Q3e+06_pov0.1_fee0/best.weights.h5,90
DOGE,doge_q500000,500000.0,4320,3500.0,0.1,buy,DOGE_PPO_1,2026-01-26_steps_5s.parquet,/Users/jackfletcher/Desktop/FYP_Data/Replay_5s_DOGE/January/2026-01-26_steps_5s.parquet,10836,351,-0.00010545523478503884,500000.0,0.12311113457556,0.122425,6.455178559279193,7.450330500192284e-13,1.0,1.0,0.0,1.0545523478503889,DOGE_S2B1_lr0.0003_clip0.2_ent0.01_ep4_bs16_cl32_gamma0.999_lam0.95_seed1_H4320_Q3e+06_pov0.1_fee0,checkpoints/DOGE/DOGE_S2B1_lr0.0003_clip0.2_ent0.01_ep4_bs16_cl32_gamma0.999_lam0.95_seed1_H4320_Q3e+06_pov0.1_fee0/best.weights.h5,91
DOGE,doge_q500000,500000.0,4320,3500.0,0.1,buy,DOGE_PPO_1,2026-01-16_steps_5s.parquet,/Users/jackfletcher/Desktop/FYP_Data/Replay_5s_DOGE/January/2026-01-16_steps_5s.parquet,2375,313,-7.141276077563222e-05,500000.00000000035,0.13986371166616957,0.140015,4.999428850000077,9.346977108761955e-13,1.0000000000000007,1.0,0.0,0.7141276077563229,DOGE_S2B1_lr0.0003_clip0.2_ent0.01_ep4_bs16_cl32_gamma0.999_lam0.95_seed1_H4320_Q3e+06_pov0.1_fee0,checkpoints/DOGE/DOGE_S2B1_lr0.0003_clip0.2_ent0.01_ep4_bs16_cl32_gamma0.999_lam0.95_seed1_H4320_Q3e+06_pov0.1_fee0/best.weights.h5,92
DOGE,doge_q500000,500000.0,4320,3500.0,0.1,buy,DOGE_PPO_1,2026-01-28_steps_5s.parquet,/Users/jackfletcher/Desktop/FYP_Data/Replay_5s_DOGE/January/2026-01-28_steps_5s.parquet,10685,391,-8.966539685284247e-05,499999.9999999996,0.12511331430308223,0.12537500000000001,5.620899565212563,9.82023218359702e-13,0.9999999999999992,1.0,0.0,0.8966539685284246,DOGE_S2B1_lr0.0003_clip0.2_ent0.01_ep4_bs16_cl32_gamma0.999_lam0.95_seed1_H4320_Q3e+06_pov0.1_fee0,checkpoints/DOGE/DOGE_S2B1_lr0.0003_clip0.2_ent0.01_ep4_bs16_cl32_gamma0.999_lam0.95_seed1_H4320_Q3e+06_pov0.1_fee0/best.weights.h5,93
DOGE,doge_q500000,500000.0,4320,3500.0,0.1,buy,DOGE_PPO_1,2026-01-15_steps_5s.parquet,/Users/jackfletcher/Desktop/FYP_Data/Replay_5s_DOGE/January/2026-01-15_steps_5s.parquet,10043,348,-9.15753565041496e-05,500000.0000000001,0.14471385289105007,0.144585,6.62021146007623,6.032655656767418e-13,1.0000000000000002,1.0,0.0,0.9157535650414953,DOGE_S2B1_lr0.0003_clip0.2_ent0.01_ep4_bs16_cl32_gamma0.999_lam0.95_seed1_H4320_Q3e+06_pov0.1_fee0,checkpoints/DOGE/DOGE_S2B1_lr0.0003_clip0.2_ent0.01_ep4_bs16_cl32_gamma0.999_lam0.95_seed1_H4320_Q3e+06_pov0.1_fee0/best.weights.h5,94
DOGE,doge_q500000,500000.0,4320,3500.0,0.1,buy,DOGE_PPO_1,2026-01-08_steps_5s.parquet,/Users/jackfletcher/Desktop/FYP_Data/Replay_5s_DOGE/January/2026-01-08_steps_5s.parquet,1329,323,-7.799232323535695e-05,499999.99999999977,0.14733860808609367,0.14745,5.749984030526691,8.248727885499445e-13,0.9999999999999996,1.0,0.0,0.7799232323535694,DOGE_S2B1_lr0.0003_clip0.2_ent0.01_ep4_bs16_cl32_gamma0.999_lam0.95_seed1_H4320_Q3e+06_pov0.1_fee0,checkpoints/DOGE/DOGE_S2B1_lr0.0003_clip0.2_ent0.01_ep4_bs16_cl32_gamma0.999_lam0.95_seed1_H4320_Q3e+06_pov0.1_fee0/best.weights.h5,95
DOGE,doge_q500000,500000.0,4320,3500.0,0.1,buy,DOGE_PPO_1,2026-01-23_steps_5s.parquet,/Users/jackfletcher/Desktop/FYP_Data/Replay_5s_DOGE/January/2026-01-23_steps_5s.parquet,5032,272,-5.2559051077638134e-05,499999.9999999996,0.1251027524527318,0.125015,3.285334885235469,5.669266943408725e-13,0.9999999999999992,1.0,0.0,0.525590510776382,DOGE_S2B1_lr0.0003_clip0.2_ent0.01_ep4_bs16_cl32_gamma0.999_lam0.95_seed1_H4320_Q3e+06_pov0.1_fee0,checkpoints/DOGE/DOGE_S2B1_lr0.0003_clip0.2_ent0.01_ep4_bs16_cl32_gamma0.999_lam0.95_seed1_H4320_Q3e+06_pov0.1_fee0/best.weights.h5,96
DOGE,doge_q500000,500000.0,4320,3500.0,0.1,buy,DOGE_PPO_1,2026-01-26_steps_5s.parquet,/Users/jackfletcher/Desktop/FYP_Data/Replay_5s_DOGE/January/2026-01-26_steps_5s.parquet,3989,267,-8.352629664251716e-05,500000.00000000006,0.12164635869891778,0.12161,5.078816467348267,6.53413318360618e-13,1.0000000000000002,1.0,0.0,0.8352629664251735,DOGE_S2B1_lr0.0003_clip0.2_ent0.01_ep4_bs16_cl32_gamma0.999_lam0.95_seed1_H4320_Q3e+06_pov0.1_fee0,checkpoints/DOGE/DOGE_S2B1_lr0.0003_clip0.2_ent0.01_ep4_bs16_cl32_gamma0.999_lam0.95_seed1_H4320_Q3e+06_pov0.1_fee0/best.weights.h5,97
DOGE,doge_q500000,500000.0,4320,3500.0,0.1,buy,DOGE_PPO_1,2026-01-21_steps_5s.parquet,/Users/jackfletcher/Desktop/FYP_Data/Replay_5s_DOGE/January/2026-01-21_steps_5s.parquet,8864,421,-8.940833690691078e-05,499999.9999999998,0.12213341772715083,0.122165,5.46128473911638,7.765066168585383e-13,0.9999999999999997,1.0,0.0,0.8940833690691081,DOGE_S2B1_lr0.0003_clip0.2_ent0.01_ep4_bs16_cl32_gamma0.999_lam0.95_seed1_H4320_Q3e+06_pov0.1_fee0,checkpoints/DOGE/DOGE_S2B1_lr0.0003_clip0.2_ent0.01_ep4_bs16_cl32_gamma0.999_lam0.95_seed1_H4320_Q3e+06_pov0.1_fee0/best.weights.h5,98
DOGE,doge_q500000,500000.0,4320,3500.0,0.1,buy,DOGE_PPO_1,2026-01-22_steps_5s.parquet,/Users/jackfletcher/Desktop/FYP_Data/Replay_5s_DOGE/January/2026-01-22_steps_5s.parquet,9789,323,-9.589903458766022e-05,499999.99999999965,0.12538805461917746,0.12573,6.02869280935326,4.764746652668077e-13,0.9999999999999993,1.0,0.0,0.9589903458766021,DOGE_S2B1_lr0.0003_clip0.2_ent0.01_ep4_bs16_cl32_gamma0.999_lam0.95_seed1_H4320_Q3e+06_pov0.1_fee0,checkpoints/DOGE/DOGE_S2B1_lr0.0003_clip0.2_ent0.01_ep4_bs16_cl32_gamma0.999_lam0.95_seed1_H4320_Q3e+06_pov0.1_fee0/best.weights.h5,99
DOGE,doge_q500000,500000.0,4320,3500.0,0.1,buy,DOGE_PPO_2,2026-01-17_steps_5s.parquet,/Users/jackfletcher/Desktop/FYP_Data/Replay_5s_DOGE/January/2026-01-17_steps_5s.parquet,4382,238,-6.407705100362971e-05,499999.99999999994,0.13747103623985432,0.137525,4.406098219637081,7.042873248079416e-13,0.9999999999999999,1.0,0.0,0.640770510036296,DOGE_S2B2_lr0.0003_clip0.2_ent0.005_ep4_bs16_cl32_gamma0.999_lam0.95_seed1_H4320_Q3e+06_pov0.1_fee0,checkpoints/DOGE/DOGE_S2B2_lr0.0003_clip0.2_ent0.005_ep4_bs16_cl32_gamma0.999_lam0.95_seed1_H4320_Q3e+06_pov0.1_fee0/best.weights.h5,0
DOGE,doge_q500000,500000.0,4320,3500.0,0.1,buy,DOGE_PPO_2,2026-01-17_steps_5s.parquet,/Users/jackfletcher/Desktop/FYP_Data/Replay_5s_DOGE/January/2026-01-17_steps_5s.parquet,745,249,-5.699625872806288e-05,500000.00000000023,0.13832748225499544,0.13828000000000001,3.940721328458261,8.00414601433281e-13,1.0000000000000004,1.0,0.0,0.5699625872806279,DOGE_S2B2_lr0.0003_clip0.2_ent0.005_ep4_bs16_cl32_gamma0.999_lam0.95_seed1_H4320_Q3e+06_pov0.1_fee0,checkpoints/DOGE/DOGE_S2B2_lr0.0003_clip0.2_ent0.005_ep4_bs16_cl32_gamma0.999_lam0.95_seed1_H4320_Q3e+06_pov0.1_fee0/best.weights.h5,1
DOGE,doge_q500000,500000.0,4320,3500.0,0.1,buy,DOGE_PPO_2,2026-01-13_steps_5s.parquet,/Users/jackfletcher/Desktop/FYP_Data/Replay_5s_DOGE/January/2026-01-13_steps_5s.parquet,1052,290,-6.225323516134575e-05,500000.0,0.13656851812938667,0.136785,4.257654385772334,6.161629572870745e-13,1.0,1.0,0.0,0.6225323516134567,DOGE_S2B2_lr0.0003_clip0.2_ent0.005_ep4_bs16_cl32_gamma0.999_lam0.95_seed1_H4320_Q3e+06_pov0.1_fee0,checkpoints/DOGE/DOGE_S2B2_lr0.0003_clip0.2_ent0.005_ep4_bs16_cl32_gamma0.999_lam0.95_seed1_H4320_Q3e+06_pov0.1_fee0/best.weights.h5,2
DOGE,doge_q500000,500000.0,4320,3500.0,0.1,buy,DOGE_PPO_2,2026-01-23_steps_5s.parquet,/Users/jackfletcher/Desktop/FYP_Data/Replay_5s_DOGE/January/2026-01-23_steps_5s.parquet,1350,247,-7.674360736012317e-05,500000.00000000006,0.12521766962799025,0.125125,4.801271935467703,5.677389340009677e-13,1.0000000000000002,1.0,0.0,0.7674360736012313,DOGE_S2B2_lr0.0003_clip0.2_ent0.005_ep4_bs16_cl32_gamma0.999_lam0.95_seed1_H4320_Q3e+06_pov0.1_fee0,checkpoints/DOGE/DOGE_S2B2_lr0.0003_clip0.2_ent0.005_ep4_bs16_cl32_gamma0.999_lam0.95_seed1_H4320_Q3e+06_pov0.1_fee0/best.weights.h5,3
DOGE,doge_q500000,500000.0,4320,3500.0,0.1,buy,DOGE_PPO_2,2026-01-18_steps_5s.parquet,/Users/jackfletcher/Desktop/FYP_Data/Replay_5s_DOGE/January/2026-01-18_steps_5s.parquet,1398,268,-8.731272622166041e-05,500000.0000000003,0.13724230206146187,0.13699,5.980485182552638,6.258112925086381e-13,1.0000000000000007,1.0,0.0,0.8731272622166053,DOGE_S2B2_lr0.0003_clip0.2_ent0.005_ep4_bs16_cl32_gamma0.999_lam0.95_seed1_H4320_Q3e+06_pov0.1_fee0,checkpoints/DOGE/DOGE_S2B2_lr0.0003_clip0.2_ent0.005_ep4_bs16_cl32_gamma0.999_lam0.95_seed1_H4320_Q3e+06_pov0.1_fee0/best.weights.h5,4
DOGE,doge_q500000,500000.0,4320,3500.0,0.1,buy,DOGE_PPO_2,2026-01-20_steps_5s.parquet,/Users/jackfletcher/Desktop/FYP_Data/Replay_5s_DOGE/January/2026-01-20_steps_5s.parquet,12107,424,-8.76455104925248e-05,500000.00000000006,0.12425479045750597,0.123665,5.4193410275290415,6.429128357565101e-13,1.0000000000000002,1.0,0.0,0.8764551049252483,DOGE_S2B2_lr0.0003_clip0.2_ent0.005_ep4_bs16_cl32_gamma0.999_lam0.95_seed1_H4320_Q3e+06_pov0.1_fee0,checkpoints/DOGE/DOGE_S2B2_lr0.0003_clip0.2_ent0.005_ep4_bs16_cl32_gamma0.999_lam0.95_seed1_H4320_Q3e+06_pov0.1_fee0/best.weights.h5,5
DOGE,doge_q500000,500000.0,4320,3500.0,0.1,buy,DOGE_PPO_2,2026-01-11_steps_5s.parquet,/Users/jackfletcher/Desktop/FYP_Data/Replay_5s_DOGE/January/2026-01-11_steps_5s.parquet,7696,256,-5.601815035686054e-05,500000.0000000001,0.13993990216558536,0.13997500000000002,3.920570298100777,8.676602567816655e-13,1.0000000000000002,1.0,0.0,0.5601815035686053,DOGE_S2B2_lr0.0003_clip0.2_ent0.005_ep4_bs16_cl32_gamma0.999_lam0.95_seed1_H4320_Q3e+06_pov0.1_fee0,checkpoints/DOGE/DOGE_S2B2_lr0.0003_clip0.2_ent0.005_ep4_bs16_cl32_gamma0.999_lam0.95_seed1_H4320_Q3e+06_pov0.1_fee0/best.weights.h5,6
DOGE,doge_q500000,500000.0,4320,3500.0,0.1,buy,DOGE_PPO_2,2026-01-17_steps_5s.parquet,/Users/jackfletcher/Desktop/FYP_Data/Replay_5s_DOGE/January/2026-01-17_steps_5s.parquet,2505,232,-5.259374391440553e-05,500000.0000000001,0.13748094154615662,0.137735,3.6219996590253194,9.705650305641317e-13,1.0000000000000002,1.0,0.0,0.5259374391440548,DOGE_S2B2_lr0.0003_clip0.2_ent0.005_ep4_bs16_cl32_gamma0.999_lam0.95_seed1_H4320_Q3e+06_pov0.1_fee0,checkpoints/DOGE/DOGE_S2B2_lr0.0003_clip0.2_ent0.005_ep4_bs16_cl32_gamma0.999_lam0.95_seed1_H4320_Q3e+06_pov0.1_fee0/best.weights.h5,7
DOGE,doge_q500000,500000.0,4320,3500.0,0.1,buy,DOGE_PPO_2,2026-01-31_steps_5s.parquet,/Users/jackfletcher/Desktop/FYP_Data/Replay_5s_DOGE/January/2026-01-31_steps_5s.parquet,4432,315,-8.493160810891192e-05,500000.0000000004,0.11438150281563668,0.114565,4.865094841498747,6.302395584896853e-13,1.0000000000000009,1.0,0.0,0.8493160810891192,DOGE_S2B2_lr0.0003_clip0.2_ent0.005_ep4_bs16_cl32_gamma0.999_lam0.95_seed1_H4320_Q3e+06_pov0.1_fee0,checkpoints/DOGE/DOGE_S2B2_lr0.0003_clip0.2_ent0.005_ep4_bs16_cl32_gamma0.999_lam0.95_seed1_H4320_Q3e+06_pov0.1_fee0/best.weights.h5,8
DOGE,doge_q500000,500000.0,4320,3500.0,0.1,buy,DOGE_PPO_2,2026-01-15_steps_5s.parquet,/Users/jackfletcher/Desktop/FYP_Data/Replay_5s_DOGE/January/2026-01-15_steps_5s.parquet,172,303,-0.00012955422887718203,500000.0,0.14686924873435833,0.14712,9.530009076205522,5.977524976050572e-13,1.0,1.0,0.0,1.295542288771822,DOGE_S2B2_lr0.0003_clip0.2_ent0.005_ep4_bs16_cl32_gamma0.999_lam0.95_seed1_H4320_Q3e+06_pov0.1_fee0,checkpoints/DOGE/DOGE_S2B2_lr0.0003_clip0.2_ent0.005_ep4_bs16_cl32_gamma0.999_lam0.95_seed1_H4320_Q3e+06_pov0.1_fee0/best.weights.h5,9
DOGE,doge_q500000,500000.0,4320,3500.0,0.1,buy,DOGE_PPO_2,2026-01-19_steps_5s.parquet,/Users/jackfletcher/Desktop/FYP_Data/Replay_5s_DOGE/January/2026-01-19_steps_5s.parquet,11208,293,-8.784541679068287e-05,500000.0000000002,0.12793379360573084,0.128195,5.630671602740797,9.979184934304548e-13,1.0000000000000004,1.0,0.0,0.8784541679068291,DOGE_S2B2_lr0.0003_clip0.2_ent0.005_ep4_bs16_cl32_gamma0.999_lam0.95_seed1_H4320_Q3e+06_pov0.1_fee0,checkpoints/DOGE/DOGE_S2B2_lr0.0003_clip0.2_ent0.005_ep4_bs16_cl32_gamma0.999_lam0.95_seed1_H4320_Q3e+06_pov0.1_fee0/best.weights.h5,10
DOGE,doge_q500000,500000.0,4320,3500.0,0.1,buy,DOGE_PPO_2,2026-01-14_steps_5s.parquet,/Users/jackfletcher/Desktop/FYP_Data/Replay_5s_DOGE/January/2026-01-14_steps_5s.parquet,7845,309,-0.0001080724523302065,499999.99999999977,0.14718110564997944,0.14764,7.977908431015848,8.267561302400423e-13,0.9999999999999996,1.0,0.0,1.0807245233020655,DOGE_S2B2_lr0.0003_clip0.2_ent0.005_ep4_bs16_cl32_gamma0.999_lam0.95_seed1_H4320_Q3e+06_pov0.1_fee0,checkpoints/DOGE/DOGE_S2B2_lr0.0003_clip0.2_ent0.005_ep4_bs16_cl32_gamma0.999_lam0.95_seed1_H4320_Q3e+06_pov0.1_fee0/best.weights.h5,11
DOGE,doge_q500000,500000.0,4320,3500.0,0.1,buy,DOGE_PPO_2,2026-01-14_steps_5s.parquet,/Users/jackfletcher/Desktop/FYP_Data/Replay_5s_DOGE/January/2026-01-14_steps_5s.parquet,8532,341,-7.823151333164663e-05,499999.99999999994,0.14627602210598115,0.146295,5.722439621426622,6.495343451124663e-13,0.9999999999999999,1.0,0.0,0.7823151333164663,DOGE_S2B2_lr0.0003_clip0.2_ent0.005_ep4_bs16_cl32_gamma0.999_lam0.95_seed1_H4320_Q3e+06_pov0.1_fee0,checkpoints/DOGE/DOGE_S2B2_lr0.0003_clip0.2_ent0.005_ep4_bs16_cl32_gamma0.999_lam0.95_seed1_H4320_Q3e+06_pov0.1_fee0/best.weights.h5,12
DOGE,doge_q500000,500000.0,4320,3500.0,0.1,buy,DOGE_PPO_2,2026-01-19_steps_5s.parquet,/Users/jackfletcher/Desktop/FYP_Data/Replay_5s_DOGE/January/2026-01-19_steps_5s.parquet,3932,331,-6.928510290145039e-05,499999.9999999998,0.1272201193745028,0.127145,4.404627204202454,9.030038160806009e-13,0.9999999999999997,1.0,0.0,0.6928510290145037,DOGE_S2B2_lr0.0003_clip0.2_ent0.005_ep4_bs16_cl32_gamma0.999_lam0.95_seed1_H4320_Q3e+06_pov0.1_fee0,checkpoints/DOGE/DOGE_S2B2_lr0.0003_clip0.2_ent0.005_ep4_bs16_cl32_gamma0.999_lam0.95_seed1_H4320_Q3e+06_pov0.1_fee0/best.weights.h5,13
DOGE,doge_q500000,500000.0,4320,3500.0,0.1,buy,DOGE_PPO_2,2026-01-24_steps_5s.parquet,/Users/jackfletcher/Desktop/FYP_Data/Replay_5s_DOGE/January/2026-01-24_steps_5s.parquet,10047,259,-9.192191278273288e-05,500000.0,0.12418046246965084,0.12442,5.718462194213823,9.046449897131284e-13,1.0,1.0,0.0,0.9192191278273305,DOGE_S2B2_lr0.0003_clip0.2_ent0.005_ep4_bs16_cl32_gamma0.999_lam0.95_seed1_H4320_Q3e+06_pov0.1_fee0,checkpoints/DOGE/DOGE_S2B2_lr0.0003_clip0.2_ent0.005_ep4_bs16_cl32_gamma0.999_lam0.95_seed1_H4320_Q3e+06_pov0.1_fee0/best.weights.h5,14
DOGE,doge_q500000,500000.0,4320,3500.0,0.1,buy,DOGE_PPO_2,2026-01-14_steps_5s.parquet,/Users/jackfletcher/Desktop/FYP_Data/Replay_5s_DOGE/January/2026-01-14_steps_5s.parquet,8562,351,-7.280550871658708e-05,499999.99999999977,0.1463075697462744,0.146245,5.323720811128645,6.230623834036578e-13,0.9999999999999996,1.0,0.0,0.7280550871658716,DOGE_S2B2_lr0.0003_clip0.2_ent0.005_ep4_bs16_cl32_gamma0.999_lam0.95_seed1_H4320_Q3e+06_pov0.1_fee0,checkpoints/DOGE/DOGE_S2B2_lr0.0003_clip0.2_ent0.005_ep4_bs16_cl32_gamma0.999_lam0.95_seed1_H4320_Q3e+06_pov0.1_fee0/best.weights.h5,15
DOGE,doge_q500000,500000.0,4320,3500.0,0.1,buy,DOGE_PPO_2,2026-01-28_steps_5s.parquet,/Users/jackfletcher/Desktop/FYP_Data/Replay_5s_DOGE/January/2026-01-28_steps_5s.parquet,2528,270,-8.53213533482228e-05,499999.9999999998,0.12451618710640229,0.124355,5.305068447809125,7.005360452302799e-13,0.9999999999999997,1.0,0.0,0.8532135334822283,DOGE_S2B2_lr0.0003_clip0.2_ent0.005_ep4_bs16_cl32_gamma0.999_lam0.95_seed1_H4320_Q3e+06_pov0.1_fee0,checkpoints/DOGE/DOGE_S2B2_lr0.0003_clip0.2_ent0.005_ep4_bs16_cl32_gamma0.999_lam0.95_seed1_H4320_Q3e+06_pov0.1_fee0/best.weights.h5,16
DOGE,doge_q500000,500000.0,4320,3500.0,0.1,buy,DOGE_PPO_2,2026-01-30_steps_5s.parquet,/Users/jackfletcher/Desktop/FYP_Data/Replay_5s_DOGE/January/2026-01-30_steps_5s.parquet,3000,338,-7.011545325631834e-05,500000.00000000035,0.11500267888477611,0.114635,4.018842492019032,5.581717472382363e-13,1.0000000000000007,1.0,0.0,0.7011545325631844,DOGE_S2B2_lr0.0003_clip0.2_ent0.005_ep4_bs16_cl32_gamma0.999_lam0.95_seed1_H4320_Q3e+06_pov0.1_fee0,checkpoints/DOGE/DOGE_S2B2_lr0.0003_clip0.2_ent0.005_ep4_bs16_cl32_gamma0.999_lam0.95_seed1_H4320_Q3e+06_pov0.1_fee0/best.weights.h5,17
DOGE,doge_q500000,500000.0,4320,3500.0,0.1,buy,DOGE_PPO_2,2026-01-10_steps_5s.parquet,/Users/jackfletcher/Desktop/FYP_Data/Replay_5s_DOGE/January/2026-01-10_steps_5s.parquet,5128,301,-5.9282214657594115e-05,500000.0000000003,0.1401719929332433,0.14016499999999998,4.154645808740842,7.455866676521136e-13,1.0000000000000007,1.0,0.0,0.5928221465759417,DOGE_S2B2_lr0.0003_clip0.2_ent0.005_ep4_bs16_cl32_gamma0.999_lam0.95_seed1_H4320_Q3e+06_pov0.1_fee0,checkpoints/DOGE/DOGE_S2B2_lr0.0003_clip0.2_ent0.005_ep4_bs16_cl32_gamma0.999_lam0.95_seed1_H4320_Q3e+06_pov0.1_fee0/best.weights.h5,18
DOGE,doge_q500000,500000.0,4320,3500.0,0.1,buy,DOGE_PPO_2,2026-01-28_steps_5s.parquet,/Users/jackfletcher/Desktop/FYP_Data/Replay_5s_DOGE/January/2026-01-28_steps_5s.parquet,6776,300,-0.00010286208862859362,500000.0000000001,0.12625704040730684,0.12573499999999999,6.466682356858097,9.572297911986135e-13,1.0000000000000002,1.0,0.0,1.0286208862859343,DOGE_S2B2_lr0.0003_clip0.2_ent0.005_ep4_bs16_cl32_gamma0.999_lam0.95_seed1_H4320_Q3e+06_pov0.1_fee0,checkpoints/DOGE/DOGE_S2B2_lr0.0003_clip0.2_ent0.005_ep4_bs16_cl32_gamma0.999_lam0.95_seed1_H4320_Q3e+06_pov0.1_fee0/best.weights.h5,19
DOGE,doge_q500000,500000.0,4320,3500.0,0.1,buy,DOGE_PPO_2,2026-01-16_steps_5s.parquet,/Users/jackfletcher/Desktop/FYP_Data/Replay_5s_DOGE/January/2026-01-16_steps_5s.parquet,10334,363,-7.138859680887592e-05,500000.0000000003,0.13802326670621617,0.138065,4.928133309208723,7.80177508522333e-13,1.0000000000000007,1.0,0.0,0.7138859680887587,DOGE_S2B2_lr0.0003_clip0.2_ent0.005_ep4_bs16_cl32_gamma0.999_lam0.95_seed1_H4320_Q3e+06_pov0.1_fee0,checkpoints/DOGE/DOGE_S2B2_lr0.0003_clip0.2_ent0.005_ep4_bs16_cl32_gamma0.999_lam0.95_seed1_H4320_Q3e+06_pov0.1_fee0/best.weights.h5,20
DOGE,doge_q500000,500000.0,4320,3500.0,0.1,buy,DOGE_PPO_2,2026-01-15_steps_5s.parquet,/Users/jackfletcher/Desktop/FYP_Data/Replay_5s_DOGE/January/2026-01-15_steps_5s.parquet,8587,264,-7.783205367327807e-05,500000.0000000001,0.1438741643635861,0.14360499999999998,5.5885360338755445,8.048763533680708e-13,1.0000000000000002,1.0,0.0,0.7783205367327803,DOGE_S2B2_lr0.0003_clip0.2_ent0.005_ep4_bs16_cl32_gamma0.999_lam0.95_seed1_H4320_Q3e+06_pov0.1_fee0,checkpoints/DOGE/DOGE_S2B2_lr0.0003_clip0.2_ent0.005_ep4_bs16_cl32_gamma0.999_lam0.95_seed1_H4320_Q3e+06_pov0.1_fee0/best.weights.h5,21
DOGE,doge_q500000,500000.0,4320,3500.0,0.1,buy,DOGE_PPO_2,2026-01-24_steps_5s.parquet,/Users/jackfletcher/Desktop/FYP_Data/Replay_5s_DOGE/January/2026-01-24_steps_5s.parquet,1788,216,-0.00011537225056142941,499999.9999999998,0.12442436655222157,0.12444,7.178461429932139,7.587678557432557e-13,0.9999999999999997,1.0,0.0,1.1537225056142941,DOGE_S2B2_lr0.0003_clip0.2_ent0.005_ep4_bs16_cl32_gamma0.999_lam0.95_seed1_H4320_Q3e+06_pov0.1_fee0,checkpoints/DOGE/DOGE_S2B2_lr0.0003_clip0.2_ent0.005_ep4_bs16_cl32_gamma0.999_lam0.95_seed1_H4320_Q3e+06_pov0.1_fee0/best.weights.h5,22
DOGE,doge_q500000,500000.0,4320,3500.0,0.1,buy,DOGE_PPO_2,2026-01-22_steps_5s.parquet,/Users/jackfletcher/Desktop/FYP_Data/Replay_5s_DOGE/January/2026-01-22_steps_5s.parquet,4057,264,-8.01772976280672e-05,499999.9999999999,0.12699373513255852,0.127015,5.091859729114483,6.463668527673257e-13,0.9999999999999998,1.0,0.0,0.8017729762806729,DOGE_S2B2_lr0.0003_clip0.2_ent0.005_ep4_bs16_cl32_gamma0.999_lam0.95_seed1_H4320_Q3e+06_pov0.1_fee0,checkpoints/DOGE/DOGE_S2B2_lr0.0003_clip0.2_ent0.005_ep4_bs16_cl32_gamma0.999_lam0.95_seed1_H4320_Q3e+06_pov0.1_fee0/best.weights.h5,23
DOGE,doge_q500000,500000.0,4320,3500.0,0.1,buy,DOGE_PPO_2,2026-01-21_steps_5s.parquet,/Users/jackfletcher/Desktop/FYP_Data/Replay_5s_DOGE/January/2026-01-21_steps_5s.parquet,3311,253,-9.610515146594176e-05,500000.0,0.1255619003097193,0.12556499999999998,6.033721671910487,8.863819646471035e-13,1.0,1.0,0.0,0.9610515146594175,DOGE_S2B2_lr0.0003_clip0.2_ent0.005_ep4_bs16_cl32_gamma0.999_lam0.95_seed1_H4320_Q3e+06_pov0.1_fee0,checkpoints/DOGE/DOGE_S2B2_lr0.0003_clip0.2_ent0.005_ep4_bs16_cl32_gamma0.999_lam0.95_seed1_H4320_Q3e+06_pov0.1_fee0/best.weights.h5,24
DOGE,doge_q500000,500000.0,4320,3500.0,0.1,buy,DOGE_PPO_2,2026-01-14_steps_5s.parquet,/Users/jackfletcher/Desktop/FYP_Data/Replay_5s_DOGE/January/2026-01-14_steps_5s.parquet,10295,402,-0.00010896407307623348,500000.00000000006,0.14693438064233033,0.146555,7.984614864843692,9.305770014016411e-13,1.0000000000000002,1.0,0.0,1.089640730762334,DOGE_S2B2_lr0.0003_clip0.2_ent0.005_ep4_bs16_cl32_gamma0.999_lam0.95_seed1_H4320_Q3e+06_pov0.1_fee0,checkpoints/DOGE/DOGE_S2B2_lr0.0003_clip0.2_ent0.005_ep4_bs16_cl32_gamma0.999_lam0.95_seed1_H4320_Q3e+06_pov0.1_fee0/best.weights.h5,25
DOGE,doge_q500000,500000.0,4320,3500.0,0.1,buy,DOGE_PPO_2,2026-01-25_steps_5s.parquet,/Users/jackfletcher/Desktop/FYP_Data/Replay_5s_DOGE/January/2026-01-25_steps_5s.parquet,2169,216,-8.787530374414424e-05,500000.00000000006,0.12385935002751584,0.123835,5.44101911957807,8.214831223603157e-13,1.0000000000000002,1.0,0.0,0.8787530374414455,DOGE_S2B2_lr0.0003_clip0.2_ent0.005_ep4_bs16_cl32_gamma0.999_lam0.95_seed1_H4320_Q3e+06_pov0.1_fee0,checkpoints/DOGE/DOGE_S2B2_lr0.0003_clip0.2_ent0.005_ep4_bs16_cl32_gamma0.999_lam0.95_seed1_H4320_Q3e+06_pov0.1_fee0/best.weights.h5,26
DOGE,doge_q500000,500000.0,4320,3500.0,0.1,buy,DOGE_PPO_2,2026-01-22_steps_5s.parquet,/Users/jackfletcher/Desktop/FYP_Data/Replay_5s_DOGE/January/2026-01-22_steps_5s.parquet,6482,302,-6.732315554911839e-05,500000.0000000001,0.12658568953347776,0.126425,4.25566497014865,5.894839974197342e-13,1.0000000000000002,1.0,0.0,0.6732315554911843,DOGE_S2B2_lr0.0003_clip0.2_ent0.005_ep4_bs16_cl32_gamma0.999_lam0.95_seed1_H4320_Q3e+06_pov0.1_fee0,checkpoints/DOGE/DOGE_S2B2_lr0.0003_clip0.2_ent0.005_ep4_bs16_cl32_gamma0.999_lam0.95_seed1_H4320_Q3e+06_pov0.1_fee0/best.weights.h5,27
DOGE,doge_q500000,500000.0,4320,3500.0,0.1,buy,DOGE_PPO_2,2026-01-18_steps_5s.parquet,/Users/jackfletcher/Desktop/FYP_Data/Replay_5s_DOGE/January/2026-01-18_steps_5s.parquet,5987,236,-9.452164263382761e-05,499999.99999999994,0.13712926445684093,0.136965,6.4730783916710966,6.94419142426961e-13,0.9999999999999999,1.0,0.0,0.9452164263382756,DOGE_S2B2_lr0.0003_clip0.2_ent0.005_ep4_bs16_cl32_gamma0.999_lam0.95_seed1_H4320_Q3e+06_pov0.1_fee0,checkpoints/DOGE/DOGE_S2B2_lr0.0003_clip0.2_ent0.005_ep4_bs16_cl32_gamma0.999_lam0.95_seed1_H4320_Q3e+06_pov0.1_fee0/best.weights.h5,28
DOGE,doge_q500000,500000.0,4320,3500.0,0.1,buy,DOGE_PPO_2,2026-01-12_steps_5s.parquet,/Users/jackfletcher/Desktop/FYP_Data/Replay_5s_DOGE/January/2026-01-12_steps_5s.parquet,3917,316,-6.850065768547387e-05,499999.9999999999,0.14105714971244535,0.14108500000000002,4.832207644777542,7.938351868461681e-13,0.9999999999999998,1.0,0.0,0.6850065768547388,DOGE_S2B2_lr0.0003_clip0.2_ent0.005_ep4_bs16_cl32_gamma0.999_lam0.95_seed1_H4320_Q3e+06_pov0.1_fee0,checkpoints/DOGE/DOGE_S2B2_lr0.0003_clip0.2_ent0.005_ep4_bs16_cl32_gamma0.999_lam0.95_seed1_H4320_Q3e+06_pov0.1_fee0/best.weights.h5,29
DOGE,doge_q500000,500000.0,4320,3500.0,0.1,buy,DOGE_PPO_2,2026-01-30_steps_5s.parquet,/Users/jackfletcher/Desktop/FYP_Data/Replay_5s_DOGE/January/2026-01-30_steps_5s.parquet,7295,316,-7.625041496200205e-05,500000.00000000023,0.11355890255423287,0.11335500000000001,4.3216828940088705,6.593668835680514e-13,1.0000000000000004,1.0,0.0,0.7625041496200203,DOGE_S2B2_lr0.0003_clip0.2_ent0.005_ep4_bs16_cl32_gamma0.999_lam0.95_seed1_H4320_Q3e+06_pov0.1_fee0,checkpoints/DOGE/DOGE_S2B2_lr0.0003_clip0.2_ent0.005_ep4_bs16_cl32_gamma0.999_lam0.95_seed1_H4320_Q3e+06_pov0.1_fee0/best.weights.h5,30
DOGE,doge_q500000,500000.0,4320,3500.0,0.1,buy,DOGE_PPO_2,2026-01-27_steps_5s.parquet,/Users/jackfletcher/Desktop/FYP_Data/Replay_5s_DOGE/January/2026-01-27_steps_5s.parquet,6487,268,-9.061672532664521e-05,500000.00000000035,0.12199131887400287,0.122165,5.535096124764811,8.631847269585977e-13,1.0000000000000007,1.0,0.0,0.906167253266453,DOGE_S2B2_lr0.0003_clip0.2_ent0.005_ep4_bs16_cl32_gamma0.999_lam0.95_seed1_H4320_Q3e+06_pov0.1_fee0,checkpoints/DOGE/DOGE_S2B2_lr0.0003_clip0.2_ent0.005_ep4_bs16_cl32_gamma0.999_lam0.95_seed1_H4320_Q3e+06_pov0.1_fee0/best.weights.h5,31
DOGE,doge_q500000,500000.0,4320,3500.0,0.1,buy,DOGE_PPO_2,2026-01-24_steps_5s.parquet,/Users/jackfletcher/Desktop/FYP_Data/Replay_5s_DOGE/January/2026-01-24_steps_5s.parquet,7429,235,-7.491603166313309e-05,500000.0000000002,0.12447503508583627,0.12443499999999999,4.661088200000988,6.813208828421543e-13,1.0000000000000004,1.0,0.0,0.7491603166313318,DOGE_S2B2_lr0.0003_clip0.2_ent0.005_ep4_bs16_cl32_gamma0.999_lam0.95_seed1_H4320_Q3e+06_pov0.1_fee0,checkpoints/DOGE/DOGE_S2B2_lr0.0003_clip0.2_ent0.005_ep4_bs16_cl32_gamma0.999_lam0.95_seed1_H4320_Q3e+06_pov0.1_fee0/best.weights.h5,32
DOGE,doge_q500000,500000.0,4320,3500.0,0.1,buy,DOGE_PPO_2,2026-01-27_steps_5s.parquet,/Users/jackfletcher/Desktop/FYP_Data/Replay_5s_DOGE/January/2026-01-27_steps_5s.parquet,972,284,-0.00012958651132147732,500000.00000000006,0.12244587448076921,0.122365,7.928426728926299,8.388809347988838e-13,1.0000000000000002,1.0,0.0,1.2958651132147754,DOGE_S2B2_lr0.0003_clip0.2_ent0.005_ep4_bs16_cl32_gamma0.999_lam0.95_seed1_H4320_Q3e+06_pov0.1_fee0,checkpoints/DOGE/DOGE_S2B2_lr0.0003_clip0.2_ent0.005_ep4_bs16_cl32_gamma0.999_lam0.95_seed1_H4320_Q3e+06_pov0.1_fee0/best.weights.h5,33
DOGE,doge_q500000,500000.0,4320,3500.0,0.1,buy,DOGE_PPO_2,2026-01-14_steps_5s.parquet,/Users/jackfletcher/Desktop/FYP_Data/Replay_5s_DOGE/January/2026-01-14_steps_5s.parquet,10919,377,-8.488379990313728e-05,500000.00000000006,0.14921529369075864,0.14844000000000002,6.30007562881085,6.946219280520044e-13,1.0000000000000002,1.0,0.0,0.8488379990313728,DOGE_S2B2_lr0.0003_clip0.2_ent0.005_ep4_bs16_cl32_gamma0.999_lam0.95_seed1_H4320_Q3e+06_pov0.1_fee0,checkpoints/DOGE/DOGE_S2B2_lr0.0003_clip0.2_ent0.005_ep4_bs16_cl32_gamma0.999_lam0.95_seed1_H4320_Q3e+06_pov0.1_fee0/best.weights.h5,34
DOGE,doge_q500000,500000.0,4320,3500.0,0.1,buy,DOGE_PPO_2,2026-01-14_steps_5s.parquet,/Users/jackfletcher/Desktop/FYP_Data/Replay_5s_DOGE/January/2026-01-14_steps_5s.parquet,5058,383,-0.00012956924390587982,499999.99999999994,0.14847339969512555,0.148175,9.599461357876889,5.702698980820406e-13,0.9999999999999999,1.0,0.0,1.2956924390588005,DOGE_S2B2_lr0.0003_clip0.2_ent0.005_ep4_bs16_cl32_gamma0.999_lam0.95_seed1_H4320_Q3e+06_pov0.1_fee0,checkpoints/DOGE/DOGE_S2B2_lr0.0003_clip0.2_ent0.005_ep4_bs16_cl32_gamma0.999_lam0.95_seed1_H4320_Q3e+06_pov0.1_fee0/best.weights.h5,35
DOGE,doge_q500000,500000.0,4320,3500.0,0.1,buy,DOGE_PPO_2,2026-01-18_steps_5s.parquet,/Users/jackfletcher/Desktop/FYP_Data/Replay_5s_DOGE/January/2026-01-18_steps_5s.parquet,9460,277,-8.031303541657102e-05,499999.9999999999,0.13693636775304285,0.136785,5.492809274727839,8.684001048920738e-13,0.9999999999999998,1.0,0.0,0.803130354165711,DOGE_S2B2_lr0.0003_clip0.2_ent0.005_ep4_bs16_cl32_gamma0.999_lam0.95_seed1_H4320_Q3e+06_pov0.1_fee0,checkpoints/DOGE/DOGE_S2B2_lr0.0003_clip0.2_ent0.005_ep4_bs16_cl32_gamma0.999_lam0.95_seed1_H4320_Q3e+06_pov0.1_fee0/best.weights.h5,36
DOGE,doge_q500000,500000.0,4320,3500.0,0.1,buy,DOGE_PPO_2,2026-01-25_steps_5s.parquet,/Users/jackfletcher/Desktop/FYP_Data/Replay_5s_DOGE/January/2026-01-25_steps_5s.parquet,11461,322,-9.925251801658624e-05,500000.0,0.12155412724263218,0.12231500000000001,6.070035870599376,8.892427248534183e-13,1.0,1.0,0.0,0.992525180165863,DOGE_S2B2_lr0.0003_clip0.2_ent0.005_ep4_bs16_cl32_gamma0.999_lam0.95_seed1_H4320_Q3e+06_pov0.1_fee0,checkpoints/DOGE/DOGE_S2B2_lr0.0003_clip0.2_ent0.005_ep4_bs16_cl32_gamma0.999_lam0.95_seed1_H4320_Q3e+06_pov0.1_fee0/best.weights.h5,37
DOGE,doge_q500000,500000.0,4320,3500.0,0.1,buy,DOGE_PPO_2,2026-01-14_steps_5s.parquet,/Users/jackfletcher/Desktop/FYP_Data/Replay_5s_DOGE/January/2026-01-14_steps_5s.parquet,9992,388,-0.00010051090208010896,499999.99999999994,0.1461899880343126,0.145795,7.326993484384743,6.832512354503638e-13,0.9999999999999999,1.0,0.0,1.0051090208010895,DOGE_S2B2_lr0.0003_clip0.2_ent0.005_ep4_bs16_cl32_gamma0.999_lam0.95_seed1_H4320_Q3e+06_pov0.1_fee0,checkpoints/DOGE/DOGE_S2B2_lr0.0003_clip0.2_ent0.005_ep4_bs16_cl32_gamma0.999_lam0.95_seed1_H4320_Q3e+06_pov0.1_fee0/best.weights.h5,38
DOGE,doge_q500000,500000.0,4320,3500.0,0.1,buy,DOGE_PPO_2,2026-01-17_steps_5s.parquet,/Users/jackfletcher/Desktop/FYP_Data/Replay_5s_DOGE/January/2026-01-17_steps_5s.parquet,7644,248,-5.111107215689748e-05,500000.00000000023,0.13751528071842697,0.13757999999999998,3.515930653672976,5.925333562077582e-13,1.0000000000000004,1.0,0.0,0.5111107215689746,DOGE_S2B2_lr0.0003_clip0.2_ent0.005_ep4_bs16_cl32_gamma0.999_lam0.95_seed1_H4320_Q3e+06_pov0.1_fee0,checkpoints/DOGE/DOGE_S2B2_lr0.0003_clip0.2_ent0.005_ep4_bs16_cl32_gamma0.999_lam0.95_seed1_H4320_Q3e+06_pov0.1_fee0/best.weights.h5,39
DOGE,doge_q500000,500000.0,4320,3500.0,0.1,buy,DOGE_PPO_2,2026-01-08_steps_5s.parquet,/Users/jackfletcher/Desktop/FYP_Data/Replay_5s_DOGE/January/2026-01-08_steps_5s.parquet,6085,436,-7.989734508460425e-05,500000.0000000008,0.14394686067674767,0.14462,5.7773770230677455,8.59186736518519e-13,1.0000000000000016,1.0,0.0,0.7989734508460441,DOGE_S2B2_lr0.0003_clip0.2_ent0.005_ep4_bs16_cl32_gamma0.999_lam0.95_seed1_H4320_Q3e+06_pov0.1_fee0,checkpoints/DOGE/DOGE_S2B2_lr0.0003_clip0.2_ent0.005_ep4_bs16_cl32_gamma0.999_lam0.95_seed1_H4320_Q3e+06_pov0.1_fee0/best.weights.h5,40
DOGE,doge_q500000,500000.0,4320,3500.0,0.1,buy,DOGE_PPO_2,2026-01-26_steps_5s.parquet,/Users/jackfletcher/Desktop/FYP_Data/Replay_5s_DOGE/January/2026-01-26_steps_5s.parquet,7854,259,-6.16843982312609e-05,500000.0000000003,0.1213939027137253,0.121255,3.739770853765766,5.342922665229021e-13,1.0000000000000007,1.0,0.0,0.6168439823126083,DOGE_S2B2_lr0.0003_clip0.2_ent0.005_ep4_bs16_cl32_gamma0.999_lam0.95_seed1_H4320_Q3e+06_pov0.1_fee0,checkpoints/DOGE/DOGE_S2B2_lr0.0003_clip0.2_ent0.005_ep4_bs16_cl32_gamma0.999_lam0.95_seed1_H4320_Q3e+06_pov0.1_fee0/best.weights.h5,41
DOGE,doge_q500000,500000.0,4320,3500.0,0.1,buy,DOGE_PPO_2,2026-01-12_steps_5s.parquet,/Users/jackfletcher/Desktop/FYP_Data/Replay_5s_DOGE/January/2026-01-12_steps_5s.parquet,378,389,-0.00010501930191665967,499999.9999999999,0.1374976458566519,0.138535,7.274424495512237,6.333564689883236e-13,0.9999999999999998,1.0,0.0,1.0501930191665987,DOGE_S2B2_lr0.0003_clip0.2_ent0.005_ep4_bs16_cl32_gamma0.999_lam0.95_seed1_H4320_Q3e+06_pov0.1_fee0,checkpoints/DOGE/DOGE_S2B2_lr0.0003_clip0.2_ent0.005_ep4_bs16_cl32_gamma0.999_lam0.95_seed1_H4320_Q3e+06_pov0.1_fee0/best.weights.h5,42
DOGE,doge_q500000,500000.0,4320,3500.0,0.1,buy,DOGE_PPO_2,2026-01-29_steps_5s.parquet,/Users/jackfletcher/Desktop/FYP_Data/Replay_5s_DOGE/January/2026-01-29_steps_5s.parquet,2447,265,-0.00011392981351528064,500000.0,0.12224918392797418,0.12249499999999999,6.977916253277146,6.575306930023546e-13,1.0,1.0,0.0,1.1392981351528055,DOGE_S2B2_lr0.0003_clip0.2_ent0.005_ep4_bs16_cl32_gamma0.999_lam0.95_seed1_H4320_Q3e+06_pov0.1_fee0,checkpoints/DOGE/DOGE_S2B2_lr0.0003_clip0.2_ent0.005_ep4_bs16_cl32_gamma0.999_lam0.95_seed1_H4320_Q3e+06_pov0.1_fee0/best.weights.h5,43
DOGE,doge_q500000,500000.0,4320,3500.0,0.1,buy,DOGE_PPO_2,2026-01-28_steps_5s.parquet,/Users/jackfletcher/Desktop/FYP_Data/Replay_5s_DOGE/January/2026-01-28_steps_5s.parquet,1999,286,-8.862520634284477e-05,499999.99999999994,0.12482766085798773,0.124745,5.527775682619089,7.484761835385059e-13,0.9999999999999999,1.0,0.0,0.8862520634284484,DOGE_S2B2_lr0.0003_clip0.2_ent0.005_ep4_bs16_cl32_gamma0.999_lam0.95_seed1_H4320_Q3e+06_pov0.1_fee0,checkpoints/DOGE/DOGE_S2B2_lr0.0003_clip0.2_ent0.005_ep4_bs16_cl32_gamma0.999_lam0.95_seed1_H4320_Q3e+06_pov0.1_fee0/best.weights.h5,44
DOGE,doge_q500000,500000.0,4320,3500.0,0.1,buy,DOGE_PPO_2,2026-01-10_steps_5s.parquet,/Users/jackfletcher/Desktop/FYP_Data/Replay_5s_DOGE/January/2026-01-10_steps_5s.parquet,12721,280,-6.83161904947626e-05,500000.0000000003,0.14001967587016942,0.140075,4.784695191776934,8.39363772783162e-13,1.0000000000000007,1.0,0.0,0.6831619049476259,DOGE_S2B2_lr0.0003_clip0.2_ent0.005_ep4_bs16_cl32_gamma0.999_lam0.95_seed1_H4320_Q3e+06_pov0.1_fee0,checkpoints/DOGE/DOGE_S2B2_lr0.0003_clip0.2_ent0.005_ep4_bs16_cl32_gamma0.999_lam0.95_seed1_H4320_Q3e+06_pov0.1_fee0/best.weights.h5,45
DOGE,doge_q500000,500000.0,4320,3500.0,0.1,buy,DOGE_PPO_2,2026-01-10_steps_5s.parquet,/Users/jackfletcher/Desktop/FYP_Data/Replay_5s_DOGE/January/2026-01-10_steps_5s.parquet,11304,243,-6.49743696038303e-05,499999.9999999998,0.14001329737704957,0.139995,4.548043436344125,7.575249686555128e-13,0.9999999999999997,1.0,0.0,0.649743696038305,DOGE_S2B2_lr0.0003_clip0.2_ent0.005_ep4_bs16_cl32_gamma0.999_lam0.95_seed1_H4320_Q3e+06_pov0.1_fee0,checkpoints/DOGE/DOGE_S2B2_lr0.0003_clip0.2_ent0.005_ep4_bs16_cl32_gamma0.999_lam0.95_seed1_H4320_Q3e+06_pov0.1_fee0/best.weights.h5,46
DOGE,doge_q500000,500000.0,4320,3500.0,0.1,buy,DOGE_PPO_2,2026-01-31_steps_5s.parquet,/Users/jackfletcher/Desktop/FYP_Data/Replay_5s_DOGE/January/2026-01-31_steps_5s.parquet,3978,249,-0.00010846136686547869,500000.0000000002,0.11467228066067096,0.114725,6.221615156821023,9.191941149132362e-13,1.0000000000000004,1.0,0.0,1.0846136686547871,DOGE_S2B2_lr0.0003_clip0.2_ent0.005_ep4_bs16_cl32_gamma0.999_lam0.95_seed1_H4320_Q3e+06_pov0.1_fee0,checkpoints/DOGE/DOGE_S2B2_lr0.0003_clip0.2_ent0.005_ep4_bs16_cl32_gamma0.999_lam0.95_seed1_H4320_Q3e+06_pov0.1_fee0/best.weights.h5,47
DOGE,doge_q500000,500000.0,4320,3500.0,0.1,buy,DOGE_PPO_2,2026-01-09_steps_5s.parquet,/Users/jackfletcher/Desktop/FYP_Data/Replay_5s_DOGE/January/2026-01-09_steps_5s.parquet,12897,350,-0.00012648218592188772,499999.99999999977,0.1421925941241975,0.142545,9.014701596117762,6.896979114434826e-13,0.9999999999999996,1.0,0.0,1.2648218592188798,DOGE_S2B2_lr0.0003_clip0.2_ent0.005_ep4_bs16_cl32_gamma0.999_lam0.95_seed1_H4320_Q3e+06_pov0.1_fee0,checkpoints/DOGE/DOGE_S2B2_lr0.0003_clip0.2_ent0.005_ep4_bs16_cl32_gamma0.999_lam0.95_seed1_H4320_Q3e+06_pov0.1_fee0/best.weights.h5,48
DOGE,doge_q500000,500000.0,4320,3500.0,0.1,buy,DOGE_PPO_2,2026-01-11_steps_5s.parquet,/Users/jackfletcher/Desktop/FYP_Data/Replay_5s_DOGE/January/2026-01-11_steps_5s.parquet,10976,287,-0.00010333710328998803,499999.99999999965,0.1400873198826839,0.139895,7.228172032376443,9.895185081455778e-13,0.9999999999999993,1.0,0.0,1.033371032899881,DOGE_S2B2_lr0.0003_clip0.2_ent0.005_ep4_bs16_cl32_gamma0.999_lam0.95_seed1_H4320_Q3e+06_pov0.1_fee0,checkpoints/DOGE/DOGE_S2B2_lr0.0003_clip0.2_ent0.005_ep4_bs16_cl32_gamma0.999_lam0.95_seed1_H4320_Q3e+06_pov0.1_fee0/best.weights.h5,49
DOGE,doge_q500000,500000.0,4320,3500.0,0.1,buy,DOGE_PPO_2,2026-01-27_steps_5s.parquet,/Users/jackfletcher/Desktop/FYP_Data/Replay_5s_DOGE/January/2026-01-27_steps_5s.parquet,8559,248,-7.5026187784218e-05,499999.9999999999,0.12244878306637125,0.122645,4.600793400397723,9.759821177340906e-13,0.9999999999999998,1.0,0.0,0.7502618778421825,DOGE_S2B2_lr0.0003_clip0.2_ent0.005_ep4_bs16_cl32_gamma0.999_lam0.95_seed1_H4320_Q3e+06_pov0.1_fee0,checkpoints/DOGE/DOGE_S2B2_lr0.0003_clip0.2_ent0.005_ep4_bs16_cl32_gamma0.999_lam0.95_seed1_H4320_Q3e+06_pov0.1_fee0/best.weights.h5,50
DOGE,doge_q500000,500000.0,4320,3500.0,0.1,buy,DOGE_PPO_2,2026-01-25_steps_5s.parquet,/Users/jackfletcher/Desktop/FYP_Data/Replay_5s_DOGE/January/2026-01-25_steps_5s.parquet,7644,260,-6.911240340512987e-05,499999.9999999996,0.12351870865677717,0.123555,4.269591501360408,7.385462452638758e-13,0.9999999999999992,1.0,0.0,0.6911240340512984,DOGE_S2B2_lr0.0003_clip0.2_ent0.005_ep4_bs16_cl32_gamma0.999_lam0.95_seed1_H4320_Q3e+06_pov0.1_fee0,checkpoints/DOGE/DOGE_S2B2_lr0.0003_clip0.2_ent0.005_ep4_bs16_cl32_gamma0.999_lam0.95_seed1_H4320_Q3e+06_pov0.1_fee0/best.weights.h5,51
DOGE,doge_q500000,500000.0,4320,3500.0,0.1,buy,DOGE_PPO_2,2026-01-25_steps_5s.parquet,/Users/jackfletcher/Desktop/FYP_Data/Replay_5s_DOGE/January/2026-01-25_steps_5s.parquet,11848,377,-0.00011806201908994079,499999.9999999996,0.12050220531288565,0.120225,7.0970031225440735,6.244759734820017e-13,0.9999999999999992,1.0,0.0,1.1806201908994092,DOGE_S2B2_lr0.0003_clip0.2_ent0.005_ep4_bs16_cl32_gamma0.999_lam0.95_seed1_H4320_Q3e+06_pov0.1_fee0,checkpoints/DOGE/DOGE_S2B2_lr0.0003_clip0.2_ent0.005_ep4_bs16_cl32_gamma0.999_lam0.95_seed1_H4320_Q3e+06_pov0.1_fee0/best.weights.h5,52
DOGE,doge_q500000,500000.0,4320,3500.0,0.1,buy,DOGE_PPO_2,2026-01-11_steps_5s.parquet,/Users/jackfletcher/Desktop/FYP_Data/Replay_5s_DOGE/January/2026-01-11_steps_5s.parquet,9383,290,-0.00016062011143552245,500000.0000000002,0.1407128493110736,0.140905,11.31608840091112,7.715534675666245e-13,1.0000000000000004,1.0,0.0,1.606201114355221,DOGE_S2B2_lr0.0003_clip0.2_ent0.005_ep4_bs16_cl32_gamma0.999_lam0.95_seed1_H4320_Q3e+06_pov0.1_fee0,checkpoints/DOGE/DOGE_S2B2_lr0.0003_clip0.2_ent0.005_ep4_bs16_cl32_gamma0.999_lam0.95_seed1_H4320_Q3e+06_pov0.1_fee0/best.weights.h5,53
DOGE,doge_q500000,500000.0,4320,3500.0,0.1,buy,DOGE_PPO_2,2026-01-28_steps_5s.parquet,/Users/jackfletcher/Desktop/FYP_Data/Replay_5s_DOGE/January/2026-01-28_steps_5s.parquet,424,298,-6.350195455945577e-05,500000.00000000006,0.12560097447314095,0.12573,3.992050373380177,4.825664508990253e-13,1.0000000000000002,1.0,0.0,0.6350195455945561,DOGE_S2B2_lr0.0003_clip0.2_ent0.005_ep4_bs16_cl32_gamma0.999_lam0.95_seed1_H4320_Q3e+06_pov0.1_fee0,checkpoints/DOGE/DOGE_S2B2_lr0.0003_clip0.2_ent0.005_ep4_bs16_cl32_gamma0.999_lam0.95_seed1_H4320_Q3e+06_pov0.1_fee0/best.weights.h5,54
DOGE,doge_q500000,500000.0,4320,3500.0,0.1,buy,DOGE_PPO_2,2026-01-19_steps_5s.parquet,/Users/jackfletcher/Desktop/FYP_Data/Replay_5s_DOGE/January/2026-01-19_steps_5s.parquet,10993,288,-9.090950543813913e-05,500000.0000000002,0.12820496303313747,0.128425,5.837526617946513,6.918197124596893e-13,1.0000000000000004,1.0,0.0,0.9090950543813918,DOGE_S2B2_lr0.0003_clip0.2_ent0.005_ep4_bs16_cl32_gamma0.999_lam0.95_seed1_H4320_Q3e+06_pov0.1_fee0,checkpoints/DOGE/DOGE_S2B2_lr0.0003_clip0.2_ent0.005_ep4_bs16_cl32_gamma0.999_lam0.95_seed1_H4320_Q3e+06_pov0.1_fee0/best.weights.h5,55
DOGE,doge_q500000,500000.0,4320,3500.0,0.1,buy,DOGE_PPO_2,2026-01-26_steps_5s.parquet,/Users/jackfletcher/Desktop/FYP_Data/Replay_5s_DOGE/January/2026-01-26_steps_5s.parquet,921,380,-8.234435258662164e-05,499999.99999999994,0.12222871982228505,0.12203,5.024240673072716,5.957262179397076e-13,0.9999999999999999,1.0,0.0,0.8234435258662157,DOGE_S2B2_lr0.0003_clip0.2_ent0.005_ep4_bs16_cl32_gamma0.999_lam0.95_seed1_H4320_Q3e+06_pov0.1_fee0,checkpoints/DOGE/DOGE_S2B2_lr0.0003_clip0.2_ent0.005_ep4_bs16_cl32_gamma0.999_lam0.95_seed1_H4320_Q3e+06_pov0.1_fee0/best.weights.h5,56
DOGE,doge_q500000,500000.0,4320,3500.0,0.1,buy,DOGE_PPO_2,2026-01-28_steps_5s.parquet,/Users/jackfletcher/Desktop/FYP_Data/Replay_5s_DOGE/January/2026-01-28_steps_5s.parquet,5448,279,-9.91583652556356e-05,500000.0000000001,0.1255308275319347,0.125415,6.217973189267787,8.447688588219528e-13,1.0000000000000002,1.0,0.0,0.9915836525563588,DOGE_S2B2_lr0.0003_clip0.2_ent0.005_ep4_bs16_cl32_gamma0.999_lam0.95_seed1_H4320_Q3e+06_pov0.1_fee0,checkpoints/DOGE/DOGE_S2B2_lr0.0003_clip0.2_ent0.005_ep4_bs16_cl32_gamma0.999_lam0.95_seed1_H4320_Q3e+06_pov0.1_fee0/best.weights.h5,57
DOGE,doge_q500000,500000.0,4320,3500.0,0.1,buy,DOGE_PPO_2,2026-01-26_steps_5s.parquet,/Users/jackfletcher/Desktop/FYP_Data/Replay_5s_DOGE/January/2026-01-26_steps_5s.parquet,11359,390,-9.62828493449912e-05,499999.9999999998,0.12230424871095333,0.12193000000000001,5.8698839103173945,8.072751218236304e-13,0.9999999999999997,1.0,0.0,0.9628284934499128,DOGE_S2B2_lr0.0003_clip0.2_ent0.005_ep4_bs16_cl32_gamma0.999_lam0.95_seed1_H4320_Q3e+06_pov0.1_fee0,checkpoints/DOGE/DOGE_S2B2_lr0.0003_clip0.2_ent0.005_ep4_bs16_cl32_gamma0.999_lam0.95_seed1_H4320_Q3e+06_pov0.1_fee0/best.weights.h5,58
DOGE,doge_q500000,500000.0,4320,3500.0,0.1,buy,DOGE_PPO_2,2026-01-28_steps_5s.parquet,/Users/jackfletcher/Desktop/FYP_Data/Replay_5s_DOGE/January/2026-01-28_steps_5s.parquet,3286,243,-8.860636892677856e-05,499999.99999999994,0.1242416296821906,0.124245,5.504449153653811,8.941581466500041e-13,0.9999999999999999,1.0,0.0,0.8860636892677872,DOGE_S2B2_lr0.0003_clip0.2_ent0.005_ep4_bs16_cl32_gamma0.999_lam0.95_seed1_H4320_Q3e+06_pov0.1_fee0,checkpoints/DOGE/DOGE_S2B2_lr0.0003_clip0.2_ent0.005_ep4_bs16_cl32_gamma0.999_lam0.95_seed1_H4320_Q3e+06_pov0.1_fee0/best.weights.h5,59
DOGE,doge_q500000,500000.0,4320,3500.0,0.1,buy,DOGE_PPO_2,2026-01-16_steps_5s.parquet,/Users/jackfletcher/Desktop/FYP_Data/Replay_5s_DOGE/January/2026-01-16_steps_5s.parquet,4860,263,-7.682840367405839e-05,500000.00000000035,0.14025336638107813,0.14027,5.388360091680077,8.796293402515223e-13,1.0000000000000007,1.0,0.0,0.7682840367405828,DOGE_S2B2_lr0.0003_clip0.2_ent0.005_ep4_bs16_cl32_gamma0.999_lam0.95_seed1_H4320_Q3e+06_pov0.1_fee0,checkpoints/DOGE/DOGE_S2B2_lr0.0003_clip0.2_ent0.005_ep4_bs16_cl32_gamma0.999_lam0.95_seed1_H4320_Q3e+06_pov0.1_fee0/best.weights.h5,60
DOGE,doge_q500000,500000.0,4320,3500.0,0.1,buy,DOGE_PPO_2,2026-01-27_steps_5s.parquet,/Users/jackfletcher/Desktop/FYP_Data/Replay_5s_DOGE/January/2026-01-27_steps_5s.parquet,4647,261,-6.358222882048859e-05,499999.9999999999,0.12230311762392469,0.122475,3.893616737394666,9.694711948841815e-13,0.9999999999999998,1.0,0.0,0.6358222882048852,DOGE_S2B2_lr0.0003_clip0.2_ent0.005_ep4_bs16_cl32_gamma0.999_lam0.95_seed1_H4320_Q3e+06_pov0.1_fee0,checkpoints/DOGE/DOGE_S2B2_lr0.0003_clip0.2_ent0.005_ep4_bs16_cl32_gamma0.999_lam0.95_seed1_H4320_Q3e+06_pov0.1_fee0/best.weights.h5,61
DOGE,doge_q500000,500000.0,4320,3500.0,0.1,buy,DOGE_PPO_2,2026-01-29_steps_5s.parquet,/Users/jackfletcher/Desktop/FYP_Data/Replay_5s_DOGE/January/2026-01-29_steps_5s.parquet,8460,327,-7.407530522288794e-05,499999.9999999997,0.1211005300734373,0.121115,4.485815296035038,5.870496012057153e-13,0.9999999999999994,1.0,0.0,0.7407530522288797,DOGE_S2B2_lr0.0003_clip0.2_ent0.005_ep4_bs16_cl32_gamma0.999_lam0.95_seed1_H4320_Q3e+06_pov0.1_fee0,checkpoints/DOGE/DOGE_S2B2_lr0.0003_clip0.2_ent0.005_ep4_bs16_cl32_gamma0.999_lam0.95_seed1_H4320_Q3e+06_pov0.1_fee0/best.weights.h5,62
DOGE,doge_q500000,500000.0,4320,3500.0,0.1,buy,DOGE_PPO_2,2026-01-24_steps_5s.parquet,/Users/jackfletcher/Desktop/FYP_Data/Replay_5s_DOGE/January/2026-01-24_steps_5s.parquet,11866,232,-0.00010690020186256026,500000.00000000006,0.1235060992039155,0.12344,6.5978804589572135,5.334010592611413e-13,1.0000000000000002,1.0,0.0,1.0690020186256015,DOGE_S2B2_lr0.0003_clip0.2_ent0.005_ep4_bs16_cl32_gamma0.999_lam0.95_seed1_H4320_Q3e+06_pov0.1_fee0,checkpoints/DOGE/DOGE_S2B2_lr0.0003_clip0.2_ent0.005_ep4_bs16_cl32_gamma0.999_lam0.95_seed1_H4320_Q3e+06_pov0.1_fee0/best.weights.h5,63
DOGE,doge_q500000,500000.0,4320,3500.0,0.1,buy,DOGE_PPO_2,2026-01-17_steps_5s.parquet,/Users/jackfletcher/Desktop/FYP_Data/Replay_5s_DOGE/January/2026-01-17_steps_5s.parquet,767,245,-6.0212843459708584e-05,500000.0000000001,0.13835288636022824,0.13833499999999999,4.164771849999393,6.523555038616912e-13,1.0000000000000002,1.0,0.0,0.6021284345970858,DOGE_S2B2_lr0.0003_clip0.2_ent0.005_ep4_bs16_cl32_gamma0.999_lam0.95_seed1_H4320_Q3e+06_pov0.1_fee0,checkpoints/DOGE/DOGE_S2B2_lr0.0003_clip0.2_ent0.005_ep4_bs16_cl32_gamma0.999_lam0.95_seed1_H4320_Q3e+06_pov0.1_fee0/best.weights.h5,64
DOGE,doge_q500000,500000.0,4320,3500.0,0.1,buy,DOGE_PPO_2,2026-01-24_steps_5s.parquet,/Users/jackfletcher/Desktop/FYP_Data/Replay_5s_DOGE/January/2026-01-24_steps_5s.parquet,4627,226,-7.021699575910757e-05,500000.0,0.12438439246655353,0.124395,4.367321593727085,9.390917644585969e-13,1.0,1.0,0.0,0.7021699575910744,DOGE_S2B2_lr0.0003_clip0.2_ent0.005_ep4_bs16_cl32_gamma0.999_lam0.95_seed1_H4320_Q3e+06_pov0.1_fee0,checkpoints/DOGE/DOGE_S2B2_lr0.0003_clip0.2_ent0.005_ep4_bs16_cl32_gamma0.999_lam0.95_seed1_H4320_Q3e+06_pov0.1_fee0/best.weights.h5,65
DOGE,doge_q500000,500000.0,4320,3500.0,0.1,buy,DOGE_PPO_2,2026-01-29_steps_5s.parquet,/Users/jackfletcher/Desktop/FYP_Data/Replay_5s_DOGE/January/2026-01-29_steps_5s.parquet,9929,249,-6.703331346217286e-05,500000.0,0.12100096676565764,0.12101500000000001,4.056018214312431,8.359741199311192e-13,1.0,1.0,0.0,0.6703331346217296,DOGE_S2B2_lr0.0003_clip0.2_ent0.005_ep4_bs16_cl32_gamma0.999_lam0.95_seed1_H4320_Q3e+06_pov0.1_fee0,checkpoints/DOGE/DOGE_S2B2_lr0.0003_clip0.2_ent0.005_ep4_bs16_cl32_gamma0.999_lam0.95_seed1_H4320_Q3e+06_pov0.1_fee0/best.weights.h5,66
DOGE,doge_q500000,500000.0,4320,3500.0,0.1,buy,DOGE_PPO_2,2026-01-31_steps_5s.parquet,/Users/jackfletcher/Desktop/FYP_Data/Replay_5s_DOGE/January/2026-01-31_steps_5s.parquet,8392,289,-9.204837877907912e-05,500000.0,0.11191374346010344,0.112065,5.157700783938749,9.19877433354429e-13,1.0,1.0,0.0,0.9204837877907908,DOGE_S2B2_lr0.0003_clip0.2_ent0.005_ep4_bs16_cl32_gamma0.999_lam0.95_seed1_H4320_Q3e+06_pov0.1_fee0,checkpoints/DOGE/DOGE_S2B2_lr0.0003_clip0.2_ent0.005_ep4_bs16_cl32_gamma0.999_lam0.95_seed1_H4320_Q3e+06_pov0.1_fee0/best.weights.h5,67
DOGE,doge_q500000,500000.0,4320,3500.0,0.1,buy,DOGE_PPO_2,2026-01-22_steps_5s.parquet,/Users/jackfletcher/Desktop/FYP_Data/Replay_5s_DOGE/January/2026-01-22_steps_5s.parquet,7089,270,-9.614175032479646e-05,499999.9999999994,0.12693425016028725,0.127005,6.105241500000383,7.329717238406238e-13,0.9999999999999989,1.0,0.0,0.9614175032479639,DOGE_S2B2_lr0.0003_clip0.2_ent0.005_ep4_bs16_cl32_gamma0.999_lam0.95_seed1_H4320_Q3e+06_pov0.1_fee0,checkpoints/DOGE/DOGE_S2B2_lr0.0003_clip0.2_ent0.005_ep4_bs16_cl32_gamma0.999_lam0.95_seed1_H4320_Q3e+06_pov0.1_fee0/best.weights.h5,68
DOGE,doge_q500000,500000.0,4320,3500.0,0.1,buy,DOGE_PPO_2,2026-01-12_steps_5s.parquet,/Users/jackfletcher/Desktop/FYP_Data/Replay_5s_DOGE/January/2026-01-12_steps_5s.parquet,12692,340,-8.927807518163347e-05,500000.00000000006,0.13791382097238,0.137785,6.1505897944506875,7.294791540836167e-13,1.0000000000000002,1.0,0.0,0.8927807518163352,DOGE_S2B2_lr0.0003_clip0.2_ent0.005_ep4_bs16_cl32_gamma0.999_lam0.95_seed1_H4320_Q3e+06_pov0.1_fee0,checkpoints/DOGE/DOGE_S2B2_lr0.0003_clip0.2_ent0.005_ep4_bs16_cl32_gamma0.999_lam0.95_seed1_H4320_Q3e+06_pov0.1_fee0/best.weights.h5,69
DOGE,doge_q500000,500000.0,4320,3500.0,0.1,buy,DOGE_PPO_2,2026-01-12_steps_5s.parquet,/Users/jackfletcher/Desktop/FYP_Data/Replay_5s_DOGE/January/2026-01-12_steps_5s.parquet,3176,335,-5.636311533399836e-05,500000.0,0.14075076470223574,0.14057999999999998,3.961763376826741,4.220754826492075e-13,1.0,1.0,0.0,0.5636311533399831,DOGE_S2B2_lr0.0003_clip0.2_ent0.005_ep4_bs16_cl32_gamma0.999_lam0.95_seed1_H4320_Q3e+06_pov0.1_fee0,checkpoints/DOGE/DOGE_S2B2_lr0.0003_clip0.2_ent0.005_ep4_bs16_cl32_gamma0.999_lam0.95_seed1_H4320_Q3e+06_pov0.1_fee0/best.weights.h5,70
DOGE,doge_q500000,500000.0,4320,3500.0,0.1,buy,DOGE_PPO_2,2026-01-20_steps_5s.parquet,/Users/jackfletcher/Desktop/FYP_Data/Replay_5s_DOGE/January/2026-01-20_steps_5s.parquet,9905,360,-9.605936920653776e-05,499999.9999999995,0.12503224290767168,0.12530999999999998,6.018599777635623,8.776078774218565e-13,0.999999999999999,1.0,0.0,0.9605936920653777,DOGE_S2B2_lr0.0003_clip0.2_ent0.005_ep4_bs16_cl32_gamma0.999_lam0.95_seed1_H4320_Q3e+06_pov0.1_fee0,checkpoints/DOGE/DOGE_S2B2_lr0.0003_clip0.2_ent0.005_ep4_bs16_cl32_gamma0.999_lam0.95_seed1_H4320_Q3e+06_pov0.1_fee0/best.weights.h5,71
DOGE,doge_q500000,500000.0,4320,3500.0,0.1,buy,DOGE_PPO_2,2026-01-13_steps_5s.parquet,/Users/jackfletcher/Desktop/FYP_Data/Replay_5s_DOGE/January/2026-01-13_steps_5s.parquet,9535,316,-7.685621589620663e-05,500000.0000000001,0.13961235761217494,0.139395,5.35668610742586,9.125967965700467e-13,1.0000000000000002,1.0,0.0,0.7685621589620661,DOGE_S2B2_lr0.0003_clip0.2_ent0.005_ep4_bs16_cl32_gamma0.999_lam0.95_seed1_H4320_Q3e+06_pov0.1_fee0,checkpoints/DOGE/DOGE_S2B2_lr0.0003_clip0.2_ent0.005_ep4_bs16_cl32_gamma0.999_lam0.95_seed1_H4320_Q3e+06_pov0.1_fee0/best.weights.h5,72
DOGE,doge_q500000,500000.0,4320,3500.0,0.1,buy,DOGE_PPO_2,2026-01-17_steps_5s.parquet,/Users/jackfletcher/Desktop/FYP_Data/Replay_5s_DOGE/January/2026-01-17_steps_5s.parquet,11797,326,-6.051087419176592e-05,500000.0000000001,0.13868394008097654,0.13887500000000003,4.201723826690748,8.442634805841301e-13,1.0000000000000002,1.0,0.0,0.6051087419176594,DOGE_S2B2_lr0.0003_clip0.2_ent0.005_ep4_bs16_cl32_gamma0.999_lam0.95_seed1_H4320_Q3e+06_pov0.1_fee0,checkpoints/DOGE/DOGE_S2B2_lr0.0003_clip0.2_ent0.005_ep4_bs16_cl32_gamma0.999_lam0.95_seed1_H4320_Q3e+06_pov0.1_fee0/best.weights.h5,73
DOGE,doge_q500000,500000.0,4320,3500.0,0.1,buy,DOGE_PPO_2,2026-01-15_steps_5s.parquet,/Users/jackfletcher/Desktop/FYP_Data/Replay_5s_DOGE/January/2026-01-15_steps_5s.parquet,10965,415,-0.00010848730927873152,499999.99999999977,0.14222309130350796,0.142795,7.7457226642282535,6.777528658133758e-13,0.9999999999999996,1.0,0.0,1.084873092787318,DOGE_S2B2_lr0.0003_clip0.2_ent0.005_ep4_bs16_cl32_gamma0.999_lam0.95_seed1_H4320_Q3e+06_pov0.1_fee0,checkpoints/DOGE/DOGE_S2B2_lr0.0003_clip0.2_ent0.005_ep4_bs16_cl32_gamma0.999_lam0.95_seed1_H4320_Q3e+06_pov0.1_fee0/best.weights.h5,74
DOGE,doge_q500000,500000.0,4320,3500.0,0.1,buy,DOGE_PPO_2,2026-01-13_steps_5s.parquet,/Users/jackfletcher/Desktop/FYP_Data/Replay_5s_DOGE/January/2026-01-13_steps_5s.parquet,1597,268,-7.859015340257843e-05,499999.99999999977,0.13719114412997832,0.137135,5.388730343431302,5.609703903230196e-13,0.9999999999999996,1.0,0.0,0.7859015340257851,DOGE_S2B2_lr0.0003_clip0.2_ent0.005_ep4_bs16_cl32_gamma0.999_lam0.95_seed1_H4320_Q3e+06_pov0.1_fee0,checkpoints/DOGE/DOGE_S2B2_lr0.0003_clip0.2_ent0.005_ep4_bs16_cl32_gamma0.999_lam0.95_seed1_H4320_Q3e+06_pov0.1_fee0/best.weights.h5,75
DOGE,doge_q500000,500000.0,4320,3500.0,0.1,buy,DOGE_PPO_2,2026-01-12_steps_5s.parquet,/Users/jackfletcher/Desktop/FYP_Data/Replay_5s_DOGE/January/2026-01-12_steps_5s.parquet,12174,403,-4.900194038070323e-05,500000.0000000002,0.13923144392672543,0.139355,3.41433270087645,5.279529179920941e-13,1.0000000000000004,1.0,0.0,0.4900194038070324,DOGE_S2B2_lr0.0003_clip0.2_ent0.005_ep4_bs16_cl32_gamma0.999_lam0.95_seed1_H4320_Q3e+06_pov0.1_fee0,checkpoints/DOGE/DOGE_S2B2_lr0.0003_clip0.2_ent0.005_ep4_bs16_cl32_gamma0.999_lam0.95_seed1_H4320_Q3e+06_pov0.1_fee0/best.weights.h5,76
DOGE,doge_q500000,500000.0,4320,3500.0,0.1,buy,DOGE_PPO_2,2026-01-20_steps_5s.parquet,/Users/jackfletcher/Desktop/FYP_Data/Replay_5s_DOGE/January/2026-01-20_steps_5s.parquet,2509,287,-7.139362864236997e-05,500000.00000000035,0.12800873266953347,0.128155,4.574725239331452,9.512172576647388e-13,1.0000000000000007,1.0,0.0,0.7139362864236982,DOGE_S2B2_lr0.0003_clip0.2_ent0.005_ep4_bs16_cl32_gamma0.999_lam0.95_seed1_H4320_Q3e+06_pov0.1_fee0,checkpoints/DOGE/DOGE_S2B2_lr0.0003_clip0.2_ent0.005_ep4_bs16_cl32_gamma0.999_lam0.95_seed1_H4320_Q3e+06_pov0.1_fee0/best.weights.h5,77
DOGE,doge_q500000,500000.0,4320,3500.0,0.1,buy,DOGE_PPO_2,2026-01-23_steps_5s.parquet,/Users/jackfletcher/Desktop/FYP_Data/Replay_5s_DOGE/January/2026-01-23_steps_5s.parquet,9048,233,-0.00010440284617404124,500000.00000000006,0.12510985440886543,0.12503999999999998,6.527265942801063,9.325396320936862e-13,1.0000000000000002,1.0,0.0,1.0440284617404132,DOGE_S2B2_lr0.0003_clip0.2_ent0.005_ep4_bs16_cl32_gamma0.999_lam0.95_seed1_H4320_Q3e+06_pov0.1_fee0,checkpoints/DOGE/DOGE_S2B2_lr0.0003_clip0.2_ent0.005_ep4_bs16_cl32_gamma0.999_lam0.95_seed1_H4320_Q3e+06_pov0.1_fee0/best.weights.h5,78
DOGE,doge_q500000,500000.0,4320,3500.0,0.1,buy,DOGE_PPO_2,2026-01-25_steps_5s.parquet,/Users/jackfletcher/Desktop/FYP_Data/Replay_5s_DOGE/January/2026-01-25_steps_5s.parquet,1740,207,-9.591021456114047e-05,500000.0,0.12383193710982324,0.12382499999999999,5.93804115901661,7.266717386421292e-13,1.0,1.0,0.0,0.9591021456114049,DOGE_S2B2_lr0.0003_clip0.2_ent0.005_ep4_bs16_cl32_gamma0.999_lam0.95_seed1_H4320_Q3e+06_pov0.1_fee0,checkpoints/DOGE/DOGE_S2B2_lr0.0003_clip0.2_ent0.005_ep4_bs16_cl32_gamma0.999_lam0.95_seed1_H4320_Q3e+06_pov0.1_fee0/best.weights.h5,79
DOGE,doge_q500000,500000.0,4320,3500.0,0.1,buy,DOGE_PPO_2,2026-01-29_steps_5s.parquet,/Users/jackfletcher/Desktop/FYP_Data/Replay_5s_DOGE/January/2026-01-29_steps_5s.parquet,10068,257,-7.584210682188471e-05,500000.0000000002,0.12101350578442749,0.120975,4.587499436388748,9.807988683351406e-13,1.0000000000000004,1.0,0.0,0.7584210682188465,DOGE_S2B2_lr0.0003_clip0.2_ent0.005_ep4_bs16_cl32_gamma0.999_lam0.95_seed1_H4320_Q3e+06_pov0.1_fee0,checkpoints/DOGE/DOGE_S2B2_lr0.0003_clip0.2_ent0.005_ep4_bs16_cl32_gamma0.999_lam0.95_seed1_H4320_Q3e+06_pov0.1_fee0/best.weights.h5,80
DOGE,doge_q500000,500000.0,4320,3500.0,0.1,buy,DOGE_PPO_2,2026-01-28_steps_5s.parquet,/Users/jackfletcher/Desktop/FYP_Data/Replay_5s_DOGE/January/2026-01-28_steps_5s.parquet,7680,263,-5.4250123278928994e-05,499999.99999999994,0.1266454434159315,0.126695,3.4366096844119425,7.401396563024883e-13,0.9999999999999999,1.0,0.0,0.5425012327892881,DOGE_S2B2_lr0.0003_clip0.2_ent0.005_ep4_bs16_cl32_gamma0.999_lam0.95_seed1_H4320_Q3e+06_pov0.1_fee0,checkpoints/DOGE/DOGE_S2B2_lr0.0003_clip0.2_ent0.005_ep4_bs16_cl32_gamma0.999_lam0.95_seed1_H4320_Q3e+06_pov0.1_fee0/best.weights.h5,81
DOGE,doge_q500000,500000.0,4320,3500.0,0.1,buy,DOGE_PPO_2,2026-01-30_steps_5s.parquet,/Users/jackfletcher/Desktop/FYP_Data/Replay_5s_DOGE/January/2026-01-30_steps_5s.parquet,8772,318,-9.296459351255651e-05,499999.9999999996,0.1150699561729945,0.115245,5.356852289677284,5.636499549716423e-13,0.9999999999999992,1.0,0.0,0.9296459351255645,DOGE_S2B2_lr0.0003_clip0.2_ent0.005_ep4_bs16_cl32_gamma0.999_lam0.95_seed1_H4320_Q3e+06_pov0.1_fee0,checkpoints/DOGE/DOGE_S2B2_lr0.0003_clip0.2_ent0.005_ep4_bs16_cl32_gamma0.999_lam0.95_seed1_H4320_Q3e+06_pov0.1_fee0/best.weights.h5,82
DOGE,doge_q500000,500000.0,4320,3500.0,0.1,buy,DOGE_PPO_2,2026-01-30_steps_5s.parquet,/Users/jackfletcher/Desktop/FYP_Data/Replay_5s_DOGE/January/2026-01-30_steps_5s.parquet,8585,331,-0.00011212223376934237,499999.9999999999,0.11536838162659431,0.11573,6.487953057063015,7.920311898240081e-13,0.9999999999999998,1.0,0.0,1.121222337693427,DOGE_S2B2_lr0.0003_clip0.2_ent0.005_ep4_bs16_cl32_gamma0.999_lam0.95_seed1_H4320_Q3e+06_pov0.1_fee0,checkpoints/DOGE/DOGE_S2B2_lr0.0003_clip0.2_ent0.005_ep4_bs16_cl32_gamma0.999_lam0.95_seed1_H4320_Q3e+06_pov0.1_fee0/best.weights.h5,83
DOGE,doge_q500000,500000.0,4320,3500.0,0.1,buy,DOGE_PPO_2,2026-01-14_steps_5s.parquet,/Users/jackfletcher/Desktop/FYP_Data/Replay_5s_DOGE/January/2026-01-14_steps_5s.parquet,6041,328,-0.00010127788135331574,499999.99999999977,0.14826191785215861,0.148495,7.51962949578031,9.244311237648709e-13,0.9999999999999996,1.0,0.0,1.0127788135331572,DOGE_S2B2_lr0.0003_clip0.2_ent0.005_ep4_bs16_cl32_gamma0.999_lam0.95_seed1_H4320_Q3e+06_pov0.1_fee0,checkpoints/DOGE/DOGE_S2B2_lr0.0003_clip0.2_ent0.005_ep4_bs16_cl32_gamma0.999_lam0.95_seed1_H4320_Q3e+06_pov0.1_fee0/best.weights.h5,84
DOGE,doge_q500000,500000.0,4320,3500.0,0.1,buy,DOGE_PPO_2,2026-01-20_steps_5s.parquet,/Users/jackfletcher/Desktop/FYP_Data/Replay_5s_DOGE/January/2026-01-20_steps_5s.parquet,5078,374,-7.20031107143547e-05,500000.0,0.12719804619934694,0.12696000000000002,4.5707574681472325,6.507659217808783e-13,1.0,1.0,0.0,0.7200311071435463,DOGE_S2B2_lr0.0003_clip0.2_ent0.005_ep4_bs16_cl32_gamma0.999_lam0.95_seed1_H4320_Q3e+06_pov0.1_fee0,checkpoints/DOGE/DOGE_S2B2_lr0.0003_clip0.2_ent0.005_ep4_bs16_cl32_gamma0.999_lam0.95_seed1_H4320_Q3e+06_pov0.1_fee0/best.weights.h5,85
DOGE,doge_q500000,500000.0,4320,3500.0,0.1,buy,DOGE_PPO_2,2026-01-22_steps_5s.parquet,/Users/jackfletcher/Desktop/FYP_Data/Replay_5s_DOGE/January/2026-01-22_steps_5s.parquet,8526,269,-8.038442413095549e-05,500000.0000000001,0.12587972284804358,0.125885,5.059596615862673,6.705184713716932e-13,1.0000000000000002,1.0,0.0,0.8038442413095559,DOGE_S2B2_lr0.0003_clip0.2_ent0.005_ep4_bs16_cl32_gamma0.999_lam0.95_seed1_H4320_Q3e+06_pov0.1_fee0,checkpoints/DOGE/DOGE_S2B2_lr0.0003_clip0.2_ent0.005_ep4_bs16_cl32_gamma0.999_lam0.95_seed1_H4320_Q3e+06_pov0.1_fee0/best.weights.h5,86
DOGE,doge_q500000,500000.0,4320,3500.0,0.1,buy,DOGE_PPO_2,2026-01-30_steps_5s.parquet,/Users/jackfletcher/Desktop/FYP_Data/Replay_5s_DOGE/January/2026-01-30_steps_5s.parquet,4923,339,-8.210748180611007e-05,499999.99999999977,0.11336545557164099,0.11321500000000001,4.647899276339373,6.967274375976174e-13,0.9999999999999996,1.0,0.0,0.8210748180611002,DOGE_S2B2_lr0.0003_clip0.2_ent0.005_ep4_bs16_cl32_gamma0.999_lam0.95_seed1_H4320_Q3e+06_pov0.1_fee0,checkpoints/DOGE/DOGE_S2B2_lr0.0003_clip0.2_ent0.005_ep4_bs16_cl32_gamma0.999_lam0.95_seed1_H4320_Q3e+06_pov0.1_fee0/best.weights.h5,87
DOGE,doge_q500000,500000.0,4320,3500.0,0.1,buy,DOGE_PPO_2,2026-01-27_steps_5s.parquet,/Users/jackfletcher/Desktop/FYP_Data/Replay_5s_DOGE/January/2026-01-27_steps_5s.parquet,6691,258,-6.72608134411053e-05,499999.9999999998,0.12199679629871701,0.12198500000000001,4.102405163806615,6.515458946788669e-13,0.9999999999999997,1.0,0.0,0.6726081344110528,DOGE_S2B2_lr0.0003_clip0.2_ent0.005_ep4_bs16_cl32_gamma0.999_lam0.95_seed1_H4320_Q3e+06_pov0.1_fee0,checkpoints/DOGE/DOGE_S2B2_lr0.0003_clip0.2_ent0.005_ep4_bs16_cl32_gamma0.999_lam0.95_seed1_H4320_Q3e+06_pov0.1_fee0/best.weights.h5,88
DOGE,doge_q500000,500000.0,4320,3500.0,0.1,buy,DOGE_PPO_2,2026-01-15_steps_5s.parquet,/Users/jackfletcher/Desktop/FYP_Data/Replay_5s_DOGE/January/2026-01-15_steps_5s.parquet,9493,292,-8.675318927098856e-05,500000.00000000023,0.14442628980937655,0.14418,6.2540374145455635,6.745900670883186e-13,1.0000000000000004,1.0,0.0,0.8675318927098854,DOGE_S2B2_lr0.0003_clip0.2_ent0.005_ep4_bs16_cl32_gamma0.999_lam0.95_seed1_H4320_Q3e+06_pov0.1_fee0,checkpoints/DOGE/DOGE_S2B2_lr0.0003_clip0.2_ent0.005_ep4_bs16_cl32_gamma0.999_lam0.95_seed1_H4320_Q3e+06_pov0.1_fee0/best.weights.h5,89
DOGE,doge_q500000,500000.0,4320,3500.0,0.1,buy,DOGE_PPO_2,2026-01-25_steps_5s.parquet,/Users/jackfletcher/Desktop/FYP_Data/Replay_5s_DOGE/January/2026-01-25_steps_5s.parquet,9570,255,-7.008161945785205e-05,500000.0,0.12317524950747896,0.123225,4.3179037788469055,9.360455584619952e-13,1.0,1.0,0.0,0.7008161945785198,DOGE_S2B2_lr0.0003_clip0.2_ent0.005_ep4_bs16_cl32_gamma0.999_lam0.95_seed1_H4320_Q3e+06_pov0.1_fee0,checkpoints/DOGE/DOGE_S2B2_lr0.0003_clip0.2_ent0.005_ep4_bs16_cl32_gamma0.999_lam0.95_seed1_H4320_Q3e+06_pov0.1_fee0/best.weights.h5,90
DOGE,doge_q500000,500000.0,4320,3500.0,0.1,buy,DOGE_PPO_2,2026-01-26_steps_5s.parquet,/Users/jackfletcher/Desktop/FYP_Data/Replay_5s_DOGE/January/2026-01-26_steps_5s.parquet,10836,343,-0.00010545285743373459,500000.0000000001,0.12311108151875168,0.122425,6.455033035662476,6.787780110941993e-13,1.0000000000000002,1.0,0.0,1.0545285743373454,DOGE_S2B2_lr0.0003_clip0.2_ent0.005_ep4_bs16_cl32_gamma0.999_lam0.95_seed1_H4320_Q3e+06_pov0.1_fee0,checkpoints/DOGE/DOGE_S2B2_lr0.0003_clip0.2_ent0.005_ep4_bs16_cl32_gamma0.999_lam0.95_seed1_H4320_Q3e+06_pov0.1_fee0/best.weights.h5,91
DOGE,doge_q500000,500000.0,4320,3500.0,0.1,buy,DOGE_PPO_2,2026-01-16_steps_5s.parquet,/Users/jackfletcher/Desktop/FYP_Data/Replay_5s_DOGE/January/2026-01-16_steps_5s.parquet,2375,307,-7.141276077563185e-05,500000.0000000003,0.1398637136021213,0.140015,4.9994288500000525,9.47760310302954e-13,1.0000000000000007,1.0,0.0,0.7141276077563193,DOGE_S2B2_lr0.0003_clip0.2_ent0.005_ep4_bs16_cl32_gamma0.999_lam0.95_seed1_H4320_Q3e+06_pov0.1_fee0,checkpoints/DOGE/DOGE_S2B2_lr0.0003_clip0.2_ent0.005_ep4_bs16_cl32_gamma0.999_lam0.95_seed1_H4320_Q3e+06_pov0.1_fee0/best.weights.h5,92
DOGE,doge_q500000,500000.0,4320,3500.0,0.1,buy,DOGE_PPO_2,2026-01-28_steps_5s.parquet,/Users/jackfletcher/Desktop/FYP_Data/Replay_5s_DOGE/January/2026-01-28_steps_5s.parquet,10685,384,-8.97056812747539e-05,499999.9999999996,0.12511346974855078,0.12537500000000001,5.62342489491114,8.984669115298376e-13,0.9999999999999992,1.0,0.0,0.8970568127475396,DOGE_S2B2_lr0.0003_clip0.2_ent0.005_ep4_bs16_cl32_gamma0.999_lam0.95_seed1_H4320_Q3e+06_pov0.1_fee0,checkpoints/DOGE/DOGE_S2B2_lr0.0003_clip0.2_ent0.005_ep4_bs16_cl32_gamma0.999_lam0.95_seed1_H4320_Q3e+06_pov0.1_fee0/best.weights.h5,93
DOGE,doge_q500000,500000.0,4320,3500.0,0.1,buy,DOGE_PPO_2,2026-01-15_steps_5s.parquet,/Users/jackfletcher/Desktop/FYP_Data/Replay_5s_DOGE/January/2026-01-15_steps_5s.parquet,10043,341,-9.158654956703842e-05,499999.99999999977,0.1447138644447754,0.144585,6.6210206345751255,9.735549173985802e-13,0.9999999999999996,1.0,0.0,0.9158654956703843,DOGE_S2B2_lr0.0003_clip0.2_ent0.005_ep4_bs16_cl32_gamma0.999_lam0.95_seed1_H4320_Q3e+06_pov0.1_fee0,checkpoints/DOGE/DOGE_S2B2_lr0.0003_clip0.2_ent0.005_ep4_bs16_cl32_gamma0.999_lam0.95_seed1_H4320_Q3e+06_pov0.1_fee0/best.weights.h5,94
DOGE,doge_q500000,500000.0,4320,3500.0,0.1,buy,DOGE_PPO_2,2026-01-08_steps_5s.parquet,/Users/jackfletcher/Desktop/FYP_Data/Replay_5s_DOGE/January/2026-01-08_steps_5s.parquet,1329,316,-7.799203543600491e-05,499999.99999999994,0.14733861024579,0.14745,5.749962812519469,8.024506335721495e-13,0.9999999999999999,1.0,0.0,0.77992035436005,DOGE_S2B2_lr0.0003_clip0.2_ent0.005_ep4_bs16_cl32_gamma0.999_lam0.95_seed1_H4320_Q3e+06_pov0.1_fee0,checkpoints/DOGE/DOGE_S2B2_lr0.0003_clip0.2_ent0.005_ep4_bs16_cl32_gamma0.999_lam0.95_seed1_H4320_Q3e+06_pov0.1_fee0/best.weights.h5,95
DOGE,doge_q500000,500000.0,4320,3500.0,0.1,buy,DOGE_PPO_2,2026-01-23_steps_5s.parquet,/Users/jackfletcher/Desktop/FYP_Data/Replay_5s_DOGE/January/2026-01-23_steps_5s.parquet,5032,266,-5.2575461751803274e-05,499999.99999999953,0.12510275119956993,0.125015,3.2863606754508465,7.226973841537457e-13,0.9999999999999991,1.0,0.0,0.5257546175180333,DOGE_S2B2_lr0.0003_clip0.2_ent0.005_ep4_bs16_cl32_gamma0.999_lam0.95_seed1_H4320_Q3e+06_pov0.1_fee0,checkpoints/DOGE/DOGE_S2B2_lr0.0003_clip0.2_ent0.005_ep4_bs16_cl32_gamma0.999_lam0.95_seed1_H4320_Q3e+06_pov0.1_fee0/best.weights.h5,96
DOGE,doge_q500000,500000.0,4320,3500.0,0.1,buy,DOGE_PPO_2,2026-01-26_steps_5s.parquet,/Users/jackfletcher/Desktop/FYP_Data/Replay_5s_DOGE/January/2026-01-26_steps_5s.parquet,3989,259,-8.350280140129782e-05,500000.0000000002,0.12164633956747466,0.12161,5.077387839205924,7.275910336575385e-13,1.0000000000000004,1.0,0.0,0.8350280140129799,DOGE_S2B2_lr0.0003_clip0.2_ent0.005_ep4_bs16_cl32_gamma0.999_lam0.95_seed1_H4320_Q3e+06_pov0.1_fee0,checkpoints/DOGE/DOGE_S2B2_lr0.0003_clip0.2_ent0.005_ep4_bs16_cl32_gamma0.999_lam0.95_seed1_H4320_Q3e+06_pov0.1_fee0/best.weights.h5,97
DOGE,doge_q500000,500000.0,4320,3500.0,0.1,buy,DOGE_PPO_2,2026-01-21_steps_5s.parquet,/Users/jackfletcher/Desktop/FYP_Data/Replay_5s_DOGE/January/2026-01-21_steps_5s.parquet,8864,417,-8.941567329703946e-05,500000.00000000006,0.12213342430221845,0.122165,5.461732864166417,8.974296081525911e-13,1.0000000000000002,1.0,0.0,0.8941567329703953,DOGE_S2B2_lr0.0003_clip0.2_ent0.005_ep4_bs16_cl32_gamma0.999_lam0.95_seed1_H4320_Q3e+06_pov0.1_fee0,checkpoints/DOGE/DOGE_S2B2_lr0.0003_clip0.2_ent0.005_ep4_bs16_cl32_gamma0.999_lam0.95_seed1_H4320_Q3e+06_pov0.1_fee0/best.weights.h5,98
DOGE,doge_q500000,500000.0,4320,3500.0,0.1,buy,DOGE_PPO_2,2026-01-22_steps_5s.parquet,/Users/jackfletcher/Desktop/FYP_Data/Replay_5s_DOGE/January/2026-01-22_steps_5s.parquet,9789,318,-9.592798819492258e-05,499999.99999999965,0.12538804096728912,0.12573,6.030512977873804,8.701035974627977e-13,0.9999999999999993,1.0,0.0,0.9592798819492251,DOGE_S2B2_lr0.0003_clip0.2_ent0.005_ep4_bs16_cl32_gamma0.999_lam0.95_seed1_H4320_Q3e+06_pov0.1_fee0,checkpoints/DOGE/DOGE_S2B2_lr0.0003_clip0.2_ent0.005_ep4_bs16_cl32_gamma0.999_lam0.95_seed1_H4320_Q3e+06_pov0.1_fee0/best.weights.h5,99
DOGE,doge_q500000,500000.0,4320,3500.0,0.1,buy,DOGE_PPO_3,2026-01-17_steps_5s.parquet,/Users/jackfletcher/Desktop/FYP_Data/Replay_5s_DOGE/January/2026-01-17_steps_5s.parquet,4382,243,-6.407950113657487e-05,500000.0,0.13747103377994352,0.137525,4.406266696903721,6.567274466401061e-13,1.0,1.0,0.0,0.6407950113657475,DOGE_S2B1_lr0.0003_clip0.2_ent0.01_ep4_bs16_cl32_gamma0.99_lam0.9_seed1_H4320_Q3e+06_pov0.1_fee0,checkpoints/DOGE/DOGE_S2B1_lr0.0003_clip0.2_ent0.01_ep4_bs16_cl32_gamma0.99_lam0.9_seed1_H4320_Q3e+06_pov0.1_fee0/best.weights.h5,0
DOGE,doge_q500000,500000.0,4320,3500.0,0.1,buy,DOGE_PPO_3,2026-01-17_steps_5s.parquet,/Users/jackfletcher/Desktop/FYP_Data/Replay_5s_DOGE/January/2026-01-17_steps_5s.parquet,745,253,-5.699719161046039e-05,500000.00000000023,0.13832747857173522,0.13828000000000001,3.9407858279472237,9.827572257874781e-13,1.0000000000000004,1.0,0.0,0.5699719161046028,DOGE_S2B1_lr0.0003_clip0.2_ent0.01_ep4_bs16_cl32_gamma0.99_lam0.9_seed1_H4320_Q3e+06_pov0.1_fee0,checkpoints/DOGE/DOGE_S2B1_lr0.0003_clip0.2_ent0.01_ep4_bs16_cl32_gamma0.99_lam0.9_seed1_H4320_Q3e+06_pov0.1_fee0/best.weights.h5,1
DOGE,doge_q500000,500000.0,4320,3500.0,0.1,buy,DOGE_PPO_3,2026-01-13_steps_5s.parquet,/Users/jackfletcher/Desktop/FYP_Data/Replay_5s_DOGE/January/2026-01-13_steps_5s.parquet,1052,294,-6.220039286830098e-05,500000.0,0.13656854567208465,0.136785,4.254040369245269,8.906264747279021e-13,1.0,1.0,0.0,0.6220039286830089,DOGE_S2B1_lr0.0003_clip0.2_ent0.01_ep4_bs16_cl32_gamma0.99_lam0.9_seed1_H4320_Q3e+06_pov0.1_fee0,checkpoints/DOGE/DOGE_S2B1_lr0.0003_clip0.2_ent0.01_ep4_bs16_cl32_gamma0.99_lam0.9_seed1_H4320_Q3e+06_pov0.1_fee0/best.weights.h5,2
DOGE,doge_q500000,500000.0,4320,3500.0,0.1,buy,DOGE_PPO_3,2026-01-23_steps_5s.parquet,/Users/jackfletcher/Desktop/FYP_Data/Replay_5s_DOGE/January/2026-01-23_steps_5s.parquet,1350,255,-7.670159590821833e-05,499999.99999999994,0.12521764783101205,0.125125,4.798643594007906,5.816640430906154e-13,0.9999999999999999,1.0,0.0,0.7670159590821829,DOGE_S2B1_lr0.0003_clip0.2_ent0.01_ep4_bs16_cl32_gamma0.99_lam0.9_seed1_H4320_Q3e+06_pov0.1_fee0,checkpoints/DOGE/DOGE_S2B1_lr0.0003_clip0.2_ent0.01_ep4_bs16_cl32_gamma0.99_lam0.9_seed1_H4320_Q3e+06_pov0.1_fee0/best.weights.h5,3
DOGE,doge_q500000,500000.0,4320,3500.0,0.1,buy,DOGE_PPO_3,2026-01-18_steps_5s.parquet,/Users/jackfletcher/Desktop/FYP_Data/Replay_5s_DOGE/January/2026-01-18_steps_5s.parquet,1398,273,-8.72721099998721e-05,500000.0,0.13724229144670044,0.13699,5.977703174441245,6.93906206323464e-13,1.0,1.0,0.0,0.8727210999987218,DOGE_S2B1_lr0.0003_clip0.2_ent0.01_ep4_bs16_cl32_gamma0.99_lam0.9_seed1_H4320_Q3e+06_pov0.1_fee0,checkpoints/DOGE/DOGE_S2B1_lr0.0003_clip0.2_ent0.01_ep4_bs16_cl32_gamma0.99_lam0.9_seed1_H4320_Q3e+06_pov0.1_fee0/best.weights.h5,4
DOGE,doge_q500000,500000.0,4320,3500.0,0.1,buy,DOGE_PPO_3,2026-01-20_steps_5s.parquet,/Users/jackfletcher/Desktop/FYP_Data/Replay_5s_DOGE/January/2026-01-20_steps_5s.parquet,12107,423,-8.76444377840327e-05,499999.9999999999,0.12425480047846942,0.123665,5.419274699281195,7.744195007910209e-13,0.9999999999999998,1.0,0.0,0.8764443778403259,DOGE_S2B1_lr0.0003_clip0.2_ent0.01_ep4_bs16_cl32_gamma0.99_lam0.9_seed1_H4320_Q3e+06_pov0.1_fee0,checkpoints/DOGE/DOGE_S2B1_lr0.0003_clip0.2_ent0.01_ep4_bs16_cl32_gamma0.99_lam0.9_seed1_H4320_Q3e+06_pov0.1_fee0/best.weights.h5,5
DOGE,doge_q500000,500000.0,4320,3500.0,0.1,buy,DOGE_PPO_3,2026-01-11_steps_5s.parquet,/Users/jackfletcher/Desktop/FYP_Data/Replay_5s_DOGE/January/2026-01-11_steps_5s.parquet,7696,261,-5.59938607436595e-05,500000.0,0.13993989773812468,0.13997500000000002,3.91887032879687,5.811826838882836e-13,1.0,1.0,0.0,0.559938607436595,DOGE_S2B1_lr0.0003_clip0.2_ent0.01_ep4_bs16_cl32_gamma0.99_lam0.9_seed1_H4320_Q3e+06_pov0.1_fee0,checkpoints/DOGE/DOGE_S2B1_lr0.0003_clip0.2_ent0.01_ep4_bs16_cl32_gamma0.99_lam0.9_seed1_H4320_Q3e+06_pov0.1_fee0/best.weights.h5,6
DOGE,doge_q500000,500000.0,4320,3500.0,0.1,buy,DOGE_PPO_3,2026-01-17_steps_5s.parquet,/Users/jackfletcher/Desktop/FYP_Data/Replay_5s_DOGE/January/2026-01-17_steps_5s.parquet,2505,238,-5.2575387689838366e-05,499999.9999999997,0.13748094824687193,0.137735,3.620735511729942,7.622369952059724e-13,0.9999999999999994,1.0,0.0,0.5257538768983834,DOGE_S2B1_lr0.0003_clip0.2_ent0.01_ep4_bs16_cl32_gamma0.99_lam0.9_seed1_H4320_Q3e+06_pov0.1_fee0,checkpoints/DOGE/DOGE_S2B1_lr0.0003_clip0.2_ent0.01_ep4_bs16_cl32_gamma0.99_lam0.9_seed1_H4320_Q3e+06_pov0.1_fee0/best.weights.h5,7
DOGE,doge_q500000,500000.0,4320,3500.0,0.1,buy,DOGE_PPO_3,2026-01-31_steps_5s.parquet,/Users/jackfletcher/Desktop/FYP_Data/Replay_5s_DOGE/January/2026-01-31_steps_5s.parquet,4432,315,-8.49292187843679e-05,500000.0000000004,0.11438143888386389,0.114565,4.864957975015555,5.784000355508229e-13,1.0000000000000009,1.0,0.0,0.8492921878436791,DOGE_S2B1_lr0.0003_clip0.2_ent0.01_ep4_bs16_cl32_gamma0.99_lam0.9_seed1_H4320_Q3e+06_pov0.1_fee0,checkpoints/DOGE/DOGE_S2B1_lr0.0003_clip0.2_ent0.01_ep4_bs16_cl32_gamma0.99_lam0.9_seed1_H4320_Q3e+06_pov0.1_fee0/best.weights.h5,8
DOGE,doge_q500000,500000.0,4320,3500.0,0.1,buy,DOGE_PPO_3,2026-01-15_steps_5s.parquet,/Users/jackfletcher/Desktop/FYP_Data/Replay_5s_DOGE/January/2026-01-15_steps_5s.parquet,172,303,-0.00012951834514266056,500000.00000000006,0.14686926005801185,0.14712,9.527369468694113,8.331193889765291e-13,1.0000000000000002,1.0,0.0,1.2951834514266058,DOGE_S2B1_lr0.0003_clip0.2_ent0.01_ep4_bs16_cl32_gamma0.99_lam0.9_seed1_H4320_Q3e+06_pov0.1_fee0,checkpoints/DOGE/DOGE_S2B1_lr0.0003_clip0.2_ent0.01_ep4_bs16_cl32_gamma0.99_lam0.9_seed1_H4320_Q3e+06_pov0.1_fee0/best.weights.h5,9
DOGE,doge_q500000,500000.0,4320,3500.0,0.1,buy,DOGE_PPO_3,2026-01-19_steps_5s.parquet,/Users/jackfletcher/Desktop/FYP_Data/Replay_5s_DOGE/January/2026-01-19_steps_5s.parquet,11208,296,-8.7848281476931e-05,500000.0000000001,0.12793379300865246,0.128195,5.63085522196759,5.46577503196853e-13,1.0000000000000002,1.0,0.0,0.8784828147693108,DOGE_S2B1_lr0.0003_clip0.2_ent0.01_ep4_bs16_cl32_gamma0.99_lam0.9_seed1_H4320_Q3e+06_pov0.1_fee0,checkpoints/DOGE/DOGE_S2B1_lr0.0003_clip0.2_ent0.01_ep4_bs16_cl32_gamma0.99_lam0.9_seed1_H4320_Q3e+06_pov0.1_fee0/best.weights.h5,10
DOGE,doge_q500000,500000.0,4320,3500.0,0.1,buy,DOGE_PPO_3,2026-01-14_steps_5s.parquet,/Users/jackfletcher/Desktop/FYP_Data/Replay_5s_DOGE/January/2026-01-14_steps_5s.parquet,7845,309,-0.00010804558060218219,500000.0000000001,0.14718108296799964,0.14764,7.975924760053089,7.072961306605863e-13,1.0000000000000002,1.0,0.0,1.080455806021822,DOGE_S2B1_lr0.0003_clip0.2_ent0.01_ep4_bs16_cl32_gamma0.99_lam0.9_seed1_H4320_Q3e+06_pov0.1_fee0,checkpoints/DOGE/DOGE_S2B1_lr0.0003_clip0.2_ent0.01_ep4_bs16_cl32_gamma0.99_lam0.9_seed1_H4320_Q3e+06_pov0.1_fee0/best.weights.h5,11
DOGE,doge_q500000,500000.0,4320,3500.0,0.1,buy,DOGE_PPO_3,2026-01-14_steps_5s.parquet,/Users/jackfletcher/Desktop/FYP_Data/Replay_5s_DOGE/January/2026-01-14_steps_5s.parquet,8532,345,-7.823158996414255e-05,500000.0,0.14627602316341357,0.146295,5.722445226902117,8.93679337405798e-13,1.0,1.0,0.0,0.7823158996414256,DOGE_S2B1_lr0.0003_clip0.2_ent0.01_ep4_bs16_cl32_gamma0.99_lam0.9_seed1_H4320_Q3e+06_pov0.1_fee0,checkpoints/DOGE/DOGE_S2B1_lr0.0003_clip0.2_ent0.01_ep4_bs16_cl32_gamma0.99_lam0.9_seed1_H4320_Q3e+06_pov0.1_fee0/best.weights.h5,12
DOGE,doge_q500000,500000.0,4320,3500.0,0.1,buy,DOGE_PPO_3,2026-01-19_steps_5s.parquet,/Users/jackfletcher/Desktop/FYP_Data/Replay_5s_DOGE/January/2026-01-19_steps_5s.parquet,3932,331,-6.92926080763905e-05,500000.00000000006,0.12722011980443945,0.127145,4.405104326936331,6.452926991492033e-13,1.0000000000000002,1.0,0.0,0.6929260807639043,DOGE_S2B1_lr0.0003_clip0.2_ent0.01_ep4_bs16_cl32_gamma0.99_lam0.9_seed1_H4320_Q3e+06_pov0.1_fee0,checkpoints/DOGE/DOGE_S2B1_lr0.0003_clip0.2_ent0.01_ep4_bs16_cl32_gamma0.99_lam0.9_seed1_H4320_Q3e+06_pov0.1_fee0/best.weights.h5,13
DOGE,doge_q500000,500000.0,4320,3500.0,0.1,buy,DOGE_PPO_3,2026-01-24_steps_5s.parquet,/Users/jackfletcher/Desktop/FYP_Data/Replay_5s_DOGE/January/2026-01-24_steps_5s.parquet,10047,263,-9.194247177675058e-05,500000.0,0.12418047891179128,0.12442,5.7197411692316615,8.600703422553253e-13,1.0,1.0,0.0,0.9194247177675071,DOGE_S2B1_lr0.0003_clip0.2_ent0.01_ep4_bs16_cl32_gamma0.99_lam0.9_seed1_H4320_Q3e+06_pov0.1_fee0,checkpoints/DOGE/DOGE_S2B1_lr0.0003_clip0.2_ent0.01_ep4_bs16_cl32_gamma0.99_lam0.9_seed1_H4320_Q3e+06_pov0.1_fee0/best.weights.h5,14
DOGE,doge_q500000,500000.0,4320,3500.0,0.1,buy,DOGE_PPO_3,2026-01-14_steps_5s.parquet,/Users/jackfletcher/Desktop/FYP_Data/Replay_5s_DOGE/January/2026-01-14_steps_5s.parquet,8562,352,-7.27831517864817e-05,499999.99999999977,0.1463075542789526,0.146245,5.322086016507012,8.189707965116476e-13,0.9999999999999996,1.0,0.0,0.7278315178648176,DOGE_S2B1_lr0.0003_clip0.2_ent0.01_ep4_bs16_cl32_gamma0.99_lam0.9_seed1_H4320_Q3e+06_pov0.1_fee0,checkpoints/DOGE/DOGE_S2B1_lr0.0003_clip0.2_ent0.01_ep4_bs16_cl32_gamma0.99_lam0.9_seed1_H4320_Q3e+06_pov0.1_fee0/best.weights.h5,15
DOGE,doge_q500000,500000.0,4320,3500.0,0.1,buy,DOGE_PPO_3,2026-01-28_steps_5s.parquet,/Users/jackfletcher/Desktop/FYP_Data/Replay_5s_DOGE/January/2026-01-28_steps_5s.parquet,2528,278,-8.531343719584637e-05,499999.99999999994,0.1245161956296221,0.124355,5.304576241244741,9.869369618051975e-13,0.9999999999999999,1.0,0.0,0.8531343719584641,DOGE_S2B1_lr0.0003_clip0.2_ent0.01_ep4_bs16_cl32_gamma0.99_lam0.9_seed1_H4320_Q3e+06_pov0.1_fee0,checkpoints/DOGE/DOGE_S2B1_lr0.0003_clip0.2_ent0.01_ep4_bs16_cl32_gamma0.99_lam0.9_seed1_H4320_Q3e+06_pov0.1_fee0/best.weights.h5,16
DOGE,doge_q500000,500000.0,4320,3500.0,0.1,buy,DOGE_PPO_3,2026-01-30_steps_5s.parquet,/Users/jackfletcher/Desktop/FYP_Data/Replay_5s_DOGE/January/2026-01-30_steps_5s.parquet,3000,339,-7.01597922199581e-05,500000.0000000003,0.11500268079082605,0.114635,4.021383890567454,9.992590960530942e-13,1.0000000000000007,1.0,0.0,0.701597922199582,DOGE_S2B1_lr0.0003_clip0.2_ent0.01_ep4_bs16_cl32_gamma0.99_lam0.9_seed1_H4320_Q3e+06_pov0.1_fee0,checkpoints/DOGE/DOGE_S2B1_lr0.0003_clip0.2_ent0.01_ep4_bs16_cl32_gamma0.99_lam0.9_seed1_H4320_Q3e+06_pov0.1_fee0/best.weights.h5,17
DOGE,doge_q500000,500000.0,4320,3500.0,0.1,buy,DOGE_PPO_3,2026-01-10_steps_5s.parquet,/Users/jackfletcher/Desktop/FYP_Data/Replay_5s_DOGE/January/2026-01-10_steps_5s.parquet,5128,302,-5.925897043505943e-05,500000.00000000023,0.14017197824333646,0.14016499999999998,4.153016795515053,9.794479158948947e-13,1.0000000000000004,1.0,0.0,0.5925897043505944,DOGE_S2B1_lr0.0003_clip0.2_ent0.01_ep4_bs16_cl32_gamma0.99_lam0.9_seed1_H4320_Q3e+06_pov0.1_fee0,checkpoints/DOGE/DOGE_S2B1_lr0.0003_clip0.2_ent0.01_ep4_bs16_cl32_gamma0.99_lam0.9_seed1_H4320_Q3e+06_pov0.1_fee0/best.weights.h5,18
DOGE,doge_q500000,500000.0,4320,3500.0,0.1,buy,DOGE_PPO_3,2026-01-28_steps_5s.parquet,/Users/jackfletcher/Desktop/FYP_Data/Replay_5s_DOGE/January/2026-01-28_steps_5s.parquet,6776,301,-0.00010287845496838001,500000.00000000047,0.12625704828882794,0.12573499999999999,6.467711267724624,9.303121303377368e-13,1.0000000000000009,1.0,0.0,1.0287845496837993,DOGE_S2B1_lr0.0003_clip0.2_ent0.01_ep4_bs16_cl32_gamma0.99_lam0.9_seed1_H4320_Q3e+06_pov0.1_fee0,checkpoints/DOGE/DOGE_S2B1_lr0.0003_clip0.2_ent0.01_ep4_bs16_cl32_gamma0.99_lam0.9_seed1_H4320_Q3e+06_pov0.1_fee0/best.weights.h5,19
DOGE,doge_q500000,500000.0,4320,3500.0,0.1,buy,DOGE_PPO_3,2026-01-16_steps_5s.parquet,/Users/jackfletcher/Desktop/FYP_Data/Replay_5s_DOGE/January/2026-01-16_steps_5s.parquet,10334,360,-7.145835926815644e-05,500000.00000000006,0.13802318966201368,0.138065,4.932949186179,9.958968036323355e-13,1.0000000000000002,1.0,0.0,0.714583592681563,DOGE_S2B1_lr0.0003_clip0.2_ent0.01_ep4_bs16_cl32_gamma0.99_lam0.9_seed1_H4320_Q3e+06_pov0.1_fee0,checkpoints/DOGE/DOGE_S2B1_lr0.0003_clip0.2_ent0.01_ep4_bs16_cl32_gamma0.99_lam0.9_seed1_H4320_Q3e+06_pov0.1_fee0/best.weights.h5,20
DOGE,doge_q500000,500000.0,4320,3500.0,0.1,buy,DOGE_PPO_3,2026-01-15_steps_5s.parquet,/Users/jackfletcher/Desktop/FYP_Data/Replay_5s_DOGE/January/2026-01-15_steps_5s.parquet,8587,268,-7.781400024747787e-05,500000.0000000002,0.14387416018338559,0.14360499999999998,5.587239752769524,8.785365093185441e-13,1.0000000000000004,1.0,0.0,0.7781400024747781,DOGE_S2B1_lr0.0003_clip0.2_ent0.01_ep4_bs16_cl32_gamma0.99_lam0.9_seed1_H4320_Q3e+06_pov0.1_fee0,checkpoints/DOGE/DOGE_S2B1_lr0.0003_clip0.2_ent0.01_ep4_bs16_cl32_gamma0.99_lam0.9_seed1_H4320_Q3e+06_pov0.1_fee0/best.weights.h5,21
DOGE,doge_q500000,500000.0,4320,3500.0,0.1,buy,DOGE_PPO_3,2026-01-24_steps_5s.parquet,/Users/jackfletcher/Desktop/FYP_Data/Replay_5s_DOGE/January/2026-01-24_steps_5s.parquet,1788,227,-0.00011538702517634312,499999.9999999998,0.12442436046061287,0.12444,7.179380706472071,6.314871602670831e-13,0.9999999999999997,1.0,0.0,1.1538702517634314,DOGE_S2B1_lr0.0003_clip0.2_ent0.01_ep4_bs16_cl32_gamma0.99_lam0.9_seed1_H4320_Q3e+06_pov0.1_fee0,checkpoints/DOGE/DOGE_S2B1_lr0.0003_clip0.2_ent0.01_ep4_bs16_cl32_gamma0.99_lam0.9_seed1_H4320_Q3e+06_pov0.1_fee0/best.weights.h5,22
DOGE,doge_q500000,500000.0,4320,3500.0,0.1,buy,DOGE_PPO_3,2026-01-22_steps_5s.parquet,/Users/jackfletcher/Desktop/FYP_Data/Replay_5s_DOGE/January/2026-01-22_steps_5s.parquet,4057,267,-8.017741491381576e-05,499999.99999999953,0.12699373033246256,0.127015,5.091867177639163,5.570444667523316e-13,0.9999999999999991,1.0,0.0,0.8017741491381589,DOGE_S2B1_lr0.0003_clip0.2_ent0.01_ep4_bs16_cl32_gamma0.99_lam0.9_seed1_H4320_Q3e+06_pov0.1_fee0,checkpoints/DOGE/DOGE_S2B1_lr0.0003_clip0.2_ent0.01_ep4_bs16_cl32_gamma0.99_lam0.9_seed1_H4320_Q3e+06_pov0.1_fee0/best.weights.h5,23
DOGE,doge_q500000,500000.0,4320,3500.0,0.1,buy,DOGE_PPO_3,2026-01-21_steps_5s.parquet,/Users/jackfletcher/Desktop/FYP_Data/Replay_5s_DOGE/January/2026-01-21_steps_5s.parquet,3311,261,-9.608713844657723e-05,500000.00000000006,0.12556189146964356,0.12556499999999998,6.032590769522235,6.128939396008112e-13,1.0000000000000002,1.0,0.0,0.9608713844657725,DOGE_S2B1_lr0.0003_clip0.2_ent0.01_ep4_bs16_cl32_gamma0.99_lam0.9_seed1_H4320_Q3e+06_pov0.1_fee0,checkpoints/DOGE/DOGE_S2B1_lr0.0003_clip0.2_ent0.01_ep4_bs16_cl32_gamma0.99_lam0.9_seed1_H4320_Q3e+06_pov0.1_fee0/best.weights.h5,24
DOGE,doge_q500000,500000.0,4320,3500.0,0.1,buy,DOGE_PPO_3,2026-01-14_steps_5s.parquet,/Users/jackfletcher/Desktop/FYP_Data/Replay_5s_DOGE/January/2026-01-14_steps_5s.parquet,10295,402,-0.00010894000971619299,500000.00000000006,0.1469343381680538,0.146555,7.982851561978327,9.26333218169616e-13,1.0000000000000002,1.0,0.0,1.0894000971619293,DOGE_S2B1_lr0.0003_clip0.2_ent0.01_ep4_bs16_cl32_gamma0.99_lam0.9_seed1_H4320_Q3e+06_pov0.1_fee0,checkpoints/DOGE/DOGE_S2B1_lr0.0003_clip0.2_ent0.01_ep4_bs16_cl32_gamma0.99_lam0.9_seed1_H4320_Q3e+06_pov0.1_fee0/best.weights.h5,25
DOGE,doge_q500000,500000.0,4320,3500.0,0.1,buy,DOGE_PPO_3,2026-01-25_steps_5s.parquet,/Users/jackfletcher/Desktop/FYP_Data/Replay_5s_DOGE/January/2026-01-25_steps_5s.parquet,2169,221,-8.788082629580868e-05,499999.9999999999,0.12385933730568571,0.123835,5.4413610621707456,5.981671174734322e-13,0.9999999999999998,1.0,0.0,0.8788082629580887,DOGE_S2B1_lr0.0003_clip0.2_ent0.01_ep4_bs16_cl32_gamma0.99_lam0.9_seed1_H4320_Q3e+06_pov0.1_fee0,checkpoints/DOGE/DOGE_S2B1_lr0.0003_clip0.2_ent0.01_ep4_bs16_cl32_gamma0.99_lam0.9_seed1_H4320_Q3e+06_pov0.1_fee0/best.weights.h5,26
DOGE,doge_q500000,500000.0,4320,3500.0,0.1,buy,DOGE_PPO_3,2026-01-22_steps_5s.parquet,/Users/jackfletcher/Desktop/FYP_Data/Replay_5s_DOGE/January/2026-01-22_steps_5s.parquet,6482,306,-6.732360419680959e-05,500000.00000000023,0.12658569897530175,0.126425,4.25569333029083,5.239084196496328e-13,1.0000000000000004,1.0,0.0,0.6732360419680964,DOGE_S2B1_lr0.0003_clip0.2_ent0.01_ep4_bs16_cl32_gamma0.99_lam0.9_seed1_H4320_Q3e+06_pov0.1_fee0,checkpoints/DOGE/DOGE_S2B1_lr0.0003_clip0.2_ent0.01_ep4_bs16_cl32_gamma0.99_lam0.9_seed1_H4320_Q3e+06_pov0.1_fee0/best.weights.h5,27
DOGE,doge_q500000,500000.0,4320,3500.0,0.1,buy,DOGE_PPO_3,2026-01-18_steps_5s.parquet,/Users/jackfletcher/Desktop/FYP_Data/Replay_5s_DOGE/January/2026-01-18_steps_5s.parquet,5987,242,-9.448856054385803e-05,500000.0000000001,0.13712926524285934,0.136965,6.4708128474447575,8.705224517638432e-13,1.0000000000000002,1.0,0.0,0.9448856054385804,DOGE_S2B1_lr0.0003_clip0.2_ent0.01_ep4_bs16_cl32_gamma0.99_lam0.9_seed1_H4320_Q3e+06_pov0.1_fee0,checkpoints/DOGE/DOGE_S2B1_lr0.0003_clip0.2_ent0.01_ep4_bs16_cl32_gamma0.99_lam0.9_seed1_H4320_Q3e+06_pov0.1_fee0/best.weights.h5,28
DOGE,doge_q500000,500000.0,4320,3500.0,0.1,buy,DOGE_PPO_3,2026-01-12_steps_5s.parquet,/Users/jackfletcher/Desktop/FYP_Data/Replay_5s_DOGE/January/2026-01-12_steps_5s.parquet,3917,321,-6.849686215392532e-05,499999.99999999977,0.14105714870582226,0.14108500000000002,4.831939898493274,8.364964985074981e-13,0.9999999999999996,1.0,0.0,0.6849686215392526,DOGE_S2B1_lr0.0003_clip0.2_ent0.01_ep4_bs16_cl32_gamma0.99_lam0.9_seed1_H4320_Q3e+06_pov0.1_fee0,checkpoints/DOGE/DOGE_S2B1_lr0.0003_clip0.2_ent0.01_ep4_bs16_cl32_gamma0.99_lam0.9_seed1_H4320_Q3e+06_pov0.1_fee0/best.weights.h5,29
DOGE,doge_q500000,500000.0,4320,3500.0,0.1,buy,DOGE_PPO_3,2026-01-30_steps_5s.parquet,/Users/jackfletcher/Desktop/FYP_Data/Replay_5s_DOGE/January/2026-01-30_steps_5s.parquet,7295,316,-7.639320392762254e-05,500000.0000000002,0.11355892466082342,0.11335500000000001,4.329775815607824,8.332653340573676e-13,1.0000000000000004,1.0,0.0,0.7639320392762248,DOGE_S2B1_lr0.0003_clip0.2_ent0.01_ep4_bs16_cl32_gamma0.99_lam0.9_seed1_H4320_Q3e+06_pov0.1_fee0,checkpoints/DOGE/DOGE_S2B1_lr0.0003_clip0.2_ent0.01_ep4_bs16_cl32_gamma0.99_lam0.9_seed1_H4320_Q3e+06_pov0.1_fee0/best.weights.h5,30
DOGE,doge_q500000,500000.0,4320,3500.0,0.1,buy,DOGE_PPO_3,2026-01-27_steps_5s.parquet,/Users/jackfletcher/Desktop/FYP_Data/Replay_5s_DOGE/January/2026-01-27_steps_5s.parquet,6487,271,-9.061641298395992e-05,500000.00000000006,0.1219913268465144,0.122165,5.535077046092735,8.110699056476126e-13,1.0000000000000002,1.0,0.0,0.9061641298395997,DOGE_S2B1_lr0.0003_clip0.2_ent0.01_ep4_bs16_cl32_gamma0.99_lam0.9_seed1_H4320_Q3e+06_pov0.1_fee0,checkpoints/DOGE/DOGE_S2B1_lr0.0003_clip0.2_ent0.01_ep4_bs16_cl32_gamma0.99_lam0.9_seed1_H4320_Q3e+06_pov0.1_fee0/best.weights.h5,31
DOGE,doge_q500000,500000.0,4320,3500.0,0.1,buy,DOGE_PPO_3,2026-01-24_steps_5s.parquet,/Users/jackfletcher/Desktop/FYP_Data/Replay_5s_DOGE/January/2026-01-24_steps_5s.parquet,7429,242,-7.491603166313273e-05,500000.0,0.12447504566043592,0.12443499999999999,4.6610882000009575,5.504126522892831e-13,1.0,1.0,0.0,0.7491603166313269,DOGE_S2B1_lr0.0003_clip0.2_ent0.01_ep4_bs16_cl32_gamma0.99_lam0.9_seed1_H4320_Q3e+06_pov0.1_fee0,checkpoints/DOGE/DOGE_S2B1_lr0.0003_clip0.2_ent0.01_ep4_bs16_cl32_gamma0.99_lam0.9_seed1_H4320_Q3e+06_pov0.1_fee0/best.weights.h5,32
DOGE,doge_q500000,500000.0,4320,3500.0,0.1,buy,DOGE_PPO_3,2026-01-27_steps_5s.parquet,/Users/jackfletcher/Desktop/FYP_Data/Replay_5s_DOGE/January/2026-01-27_steps_5s.parquet,972,289,-0.0001295527569664034,500000.0,0.12244588403924259,0.122365,7.926361553096974,9.999109643709572e-13,1.0,1.0,0.0,1.2955275696640338,DOGE_S2B1_lr0.0003_clip0.2_ent0.01_ep4_bs16_cl32_gamma0.99_lam0.9_seed1_H4320_Q3e+06_pov0.1_fee0,checkpoints/DOGE/DOGE_S2B1_lr0.0003_clip0.2_ent0.01_ep4_bs16_cl32_gamma0.99_lam0.9_seed1_H4320_Q3e+06_pov0.1_fee0/best.weights.h5,33
DOGE,doge_q500000,500000.0,4320,3500.0,0.1,buy,DOGE_PPO_3,2026-01-14_steps_5s.parquet,/Users/jackfletcher/Desktop/FYP_Data/Replay_5s_DOGE/January/2026-01-14_steps_5s.parquet,10919,374,-8.504284258537101e-05,500000.00000000006,0.14921556609179756,0.14844000000000002,6.311879776686233,5.417022563668264e-13,1.0000000000000002,1.0,0.0,0.8504284258537095,DOGE_S2B1_lr0.0003_clip0.2_ent0.01_ep4_bs16_cl32_gamma0.99_lam0.9_seed1_H4320_Q3e+06_pov0.1_fee0,checkpoints/DOGE/DOGE_S2B1_lr0.0003_clip0.2_ent0.01_ep4_bs16_cl32_gamma0.99_lam0.9_seed1_H4320_Q3e+06_pov0.1_fee0/best.weights.h5,34
DOGE,doge_q500000,500000.0,4320,3500.0,0.1,buy,DOGE_PPO_3,2026-01-14_steps_5s.parquet,/Users/jackfletcher/Desktop/FYP_Data/Replay_5s_DOGE/January/2026-01-14_steps_5s.parquet,5058,384,-0.00012957026497451037,499999.9999999999,0.14847340416957905,0.148175,9.599537006299048,7.669936608014912e-13,0.9999999999999998,1.0,0.0,1.2957026497451052,DOGE_S2B1_lr0.0003_clip0.2_ent0.01_ep4_bs16_cl32_gamma0.99_lam0.9_seed1_H4320_Q3e+06_pov0.1_fee0,checkpoints/DOGE/DOGE_S2B1_lr0.0003_clip0.2_ent0.01_ep4_bs16_cl32_gamma0.99_lam0.9_seed1_H4320_Q3e+06_pov0.1_fee0/best.weights.h5,35
DOGE,doge_q500000,500000.0,4320,3500.0,0.1,buy,DOGE_PPO_3,2026-01-18_steps_5s.parquet,/Users/jackfletcher/Desktop/FYP_Data/Replay_5s_DOGE/January/2026-01-18_steps_5s.parquet,9460,281,-8.030111364766432e-05,499999.99999999977,0.13693637305247044,0.136785,5.491993915147888,7.695487526577441e-13,0.9999999999999996,1.0,0.0,0.8030111364766441,DOGE_S2B1_lr0.0003_clip0.2_ent0.01_ep4_bs16_cl32_gamma0.99_lam0.9_seed1_H4320_Q3e+06_pov0.1_fee0,checkpoints/DOGE/DOGE_S2B1_lr0.0003_clip0.2_ent0.01_ep4_bs16_cl32_gamma0.99_lam0.9_seed1_H4320_Q3e+06_pov0.1_fee0/best.weights.h5,36
DOGE,doge_q500000,500000.0,4320,3500.0,0.1,buy,DOGE_PPO_3,2026-01-25_steps_5s.parquet,/Users/jackfletcher/Desktop/FYP_Data/Replay_5s_DOGE/January/2026-01-25_steps_5s.parquet,11461,321,-9.894265716105285e-05,500000.0,0.12155405589237687,0.12231500000000001,6.051085555327088,4.4232985289375365e-13,1.0,1.0,0.0,0.9894265716105282,DOGE_S2B1_lr0.0003_clip0.2_ent0.01_ep4_bs16_cl32_gamma0.99_lam0.9_seed1_H4320_Q3e+06_pov0.1_fee0,checkpoints/DOGE/DOGE_S2B1_lr0.0003_clip0.2_ent0.01_ep4_bs16_cl32_gamma0.99_lam0.9_seed1_H4320_Q3e+06_pov0.1_fee0/best.weights.h5,37
DOGE,doge_q500000,500000.0,4320,3500.0,0.1,buy,DOGE_PPO_3,2026-01-14_steps_5s.parquet,/Users/jackfletcher/Desktop/FYP_Data/Replay_5s_DOGE/January/2026-01-14_steps_5s.parquet,9992,385,-0.00010050583105439956,499999.99999999977,0.14618997332157427,0.145795,7.326623819288088,8.236017859574107e-13,0.9999999999999996,1.0,0.0,1.005058310543995,DOGE_S2B1_lr0.0003_clip0.2_ent0.01_ep4_bs16_cl32_gamma0.99_lam0.9_seed1_H4320_Q3e+06_pov0.1_fee0,checkpoints/DOGE/DOGE_S2B1_lr0.0003_clip0.2_ent0.01_ep4_bs16_cl32_gamma0.99_lam0.9_seed1_H4320_Q3e+06_pov0.1_fee0/best.weights.h5,38
DOGE,doge_q500000,500000.0,4320,3500.0,0.1,buy,DOGE_PPO_3,2026-01-17_steps_5s.parquet,/Users/jackfletcher/Desktop/FYP_Data/Replay_5s_DOGE/January/2026-01-17_steps_5s.parquet,7644,254,-5.11061052458864e-05,500000.0000000003,0.13751527132745675,0.13757999999999998,3.515588979864524,6.141003367078953e-13,1.0000000000000007,1.0,0.0,0.5110610524588638,DOGE_S2B1_lr0.0003_clip0.2_ent0.01_ep4_bs16_cl32_gamma0.99_lam0.9_seed1_H4320_Q3e+06_pov0.1_fee0,checkpoints/DOGE/DOGE_S2B1_lr0.0003_clip0.2_ent0.01_ep4_bs16_cl32_gamma0.99_lam0.9_seed1_H4320_Q3e+06_pov0.1_fee0/best.weights.h5,39
DOGE,doge_q500000,500000.0,4320,3500.0,0.1,buy,DOGE_PPO_3,2026-01-08_steps_5s.parquet,/Users/jackfletcher/Desktop/FYP_Data/Replay_5s_DOGE/January/2026-01-08_steps_5s.parquet,6085,436,-7.989368728146614e-05,500000.0000000011,0.14394686648783056,0.14462,5.777112527322822,8.456578493764783e-13,1.0000000000000022,1.0,0.0,0.7989368728146621,DOGE_S2B1_lr0.0003_clip0.2_ent0.01_ep4_bs16_cl32_gamma0.99_lam0.9_seed1_H4320_Q3e+06_pov0.1_fee0,checkpoints/DOGE/DOGE_S2B1_lr0.0003_clip0.2_ent0.01_ep4_bs16_cl32_gamma0.99_lam0.9_seed1_H4320_Q3e+06_pov0.1_fee0/best.weights.h5,40
DOGE,doge_q500000,500000.0,4320,3500.0,0.1,buy,DOGE_PPO_3,2026-01-26_steps_5s.parquet,/Users/jackfletcher/Desktop/FYP_Data/Replay_5s_DOGE/January/2026-01-26_steps_5s.parquet,7854,264,-6.169117832200686e-05,500000.00000000023,0.12139390255457459,0.121255,3.7401819137174632,5.511702882593338e-13,1.0000000000000004,1.0,0.0,0.6169117832200672,DOGE_S2B1_lr0.0003_clip0.2_ent0.01_ep4_bs16_cl32_gamma0.99_lam0.9_seed1_H4320_Q3e+06_pov0.1_fee0,checkpoints/DOGE/DOGE_S2B1_lr0.0003_clip0.2_ent0.01_ep4_bs16_cl32_gamma0.99_lam0.9_seed1_H4320_Q3e+06_pov0.1_fee0/best.weights.h5,41
DOGE,doge_q500000,500000.0,4320,3500.0,0.1,buy,DOGE_PPO_3,2026-01-12_steps_5s.parquet,/Users/jackfletcher/Desktop/FYP_Data/Replay_5s_DOGE/January/2026-01-12_steps_5s.parquet,378,389,-0.0001050350178474497,500000.0000000002,0.13749762744843969,0.138535,7.275513098748239,8.222163600247214e-13,1.0000000000000004,1.0,0.0,1.0503501784744995,DOGE_S2B1_lr0.0003_clip0.2_ent0.01_ep4_bs16_cl32_gamma0.99_lam0.9_seed1_H4320_Q3e+06_pov0.1_fee0,checkpoints/DOGE/DOGE_S2B1_lr0.0003_clip0.2_ent0.01_ep4_bs16_cl32_gamma0.99_lam0.9_seed1_H4320_Q3e+06_pov0.1_fee0/best.weights.h5,42
DOGE,doge_q500000,500000.0,4320,3500.0,0.1,buy,DOGE_PPO_3,2026-01-29_steps_5s.parquet,/Users/jackfletcher/Desktop/FYP_Data/Replay_5s_DOGE/January/2026-01-29_steps_5s.parquet,2447,270,-0.00011393203342801004,499999.99999999977,0.12224915627333385,0.12249499999999999,6.978052217382041,7.234637693006766e-13,0.9999999999999996,1.0,0.0,1.1393203342800997,DOGE_S2B1_lr0.0003_clip0.2_ent0.01_ep4_bs16_cl32_gamma0.99_lam0.9_seed1_H4320_Q3e+06_pov0.1_fee0,checkpoints/DOGE/DOGE_S2B1_lr0.0003_clip0.2_ent0.01_ep4_bs16_cl32_gamma0.99_lam0.9_seed1_H4320_Q3e+06_pov0.1_fee0/best.weights.h5,43
DOGE,doge_q500000,500000.0,4320,3500.0,0.1,buy,DOGE_PPO_3,2026-01-28_steps_5s.parquet,/Users/jackfletcher/Desktop/FYP_Data/Replay_5s_DOGE/January/2026-01-28_steps_5s.parquet,1999,292,-8.863576860909462e-05,500000.00000000006,0.12482766495812517,0.124745,5.528434477570757,5.731004594202931e-13,1.0000000000000002,1.0,0.0,0.8863576860909467,DOGE_S2B1_lr0.0003_clip0.2_ent0.01_ep4_bs16_cl32_gamma0.99_lam0.9_seed1_H4320_Q3e+06_pov0.1_fee0,checkpoints/DOGE/DOGE_S2B1_lr0.0003_clip0.2_ent0.01_ep4_bs16_cl32_gamma0.99_lam0.9_seed1_H4320_Q3e+06_pov0.1_fee0/best.weights.h5,44
DOGE,doge_q500000,500000.0,4320,3500.0,0.1,buy,DOGE_PPO_3,2026-01-10_steps_5s.parquet,/Users/jackfletcher/Desktop/FYP_Data/Replay_5s_DOGE/January/2026-01-10_steps_5s.parquet,12721,282,-6.83089670048186e-05,500000.0000000003,0.14001966136205696,0.140075,4.7841892765999825,7.68173288596703e-13,1.0000000000000007,1.0,0.0,0.6830896700481859,DOGE_S2B1_lr0.0003_clip0.2_ent0.01_ep4_bs16_cl32_gamma0.99_lam0.9_seed1_H4320_Q3e+06_pov0.1_fee0,checkpoints/DOGE/DOGE_S2B1_lr0.0003_clip0.2_ent0.01_ep4_bs16_cl32_gamma0.99_lam0.9_seed1_H4320_Q3e+06_pov0.1_fee0/best.weights.h5,45
DOGE,doge_q500000,500000.0,4320,3500.0,0.1,buy,DOGE_PPO_3,2026-01-10_steps_5s.parquet,/Users/jackfletcher/Desktop/FYP_Data/Replay_5s_DOGE/January/2026-01-10_steps_5s.parquet,11304,252,-6.49627434298531e-05,499999.99999999977,0.14001329312127506,0.139995,4.547229633231154,5.812266832339579e-13,0.9999999999999996,1.0,0.0,0.6496274342985326,DOGE_S2B1_lr0.0003_clip0.2_ent0.01_ep4_bs16_cl32_gamma0.99_lam0.9_seed1_H4320_Q3e+06_pov0.1_fee0,checkpoints/DOGE/DOGE_S2B1_lr0.0003_clip0.2_ent0.01_ep4_bs16_cl32_gamma0.99_lam0.9_seed1_H4320_Q3e+06_pov0.1_fee0/best.weights.h5,46
DOGE,doge_q500000,500000.0,4320,3500.0,0.1,buy,DOGE_PPO_3,2026-01-31_steps_5s.parquet,/Users/jackfletcher/Desktop/FYP_Data/Replay_5s_DOGE/January/2026-01-31_steps_5s.parquet,3978,254,-0.0001084327462925065,500000.0000000001,0.11467227401321926,0.114725,6.219973409203906,6.603795433564387e-13,1.0000000000000002,1.0,0.0,1.0843274629250652,DOGE_S2B1_lr0.0003_clip0.2_ent0.01_ep4_bs16_cl32_gamma0.99_lam0.9_seed1_H4320_Q3e+06_pov0.1_fee0,checkpoints/DOGE/DOGE_S2B1_lr0.0003_clip0.2_ent0.01_ep4_bs16_cl32_gamma0.99_lam0.9_seed1_H4320_Q3e+06_pov0.1_fee0/best.weights.h5,47
DOGE,doge_q500000,500000.0,4320,3500.0,0.1,buy,DOGE_PPO_3,2026-01-09_steps_5s.parquet,/Users/jackfletcher/Desktop/FYP_Data/Replay_5s_DOGE/January/2026-01-09_steps_5s.parquet,12897,346,-0.0001265721022703101,499999.9999999995,0.1421925731120088,0.142545,9.021110159060687,8.365057363804577e-13,0.999999999999999,1.0,0.0,1.2657210227031024,DOGE_S2B1_lr0.0003_clip0.2_ent0.01_ep4_bs16_cl32_gamma0.99_lam0.9_seed1_H4320_Q3e+06_pov0.1_fee0,checkpoints/DOGE/DOGE_S2B1_lr0.0003_clip0.2_ent0.01_ep4_bs16_cl32_gamma0.99_lam0.9_seed1_H4320_Q3e+06_pov0.1_fee0/best.weights.h5,48
DOGE,doge_q500000,500000.0,4320,3500.0,0.1,buy,DOGE_PPO_3,2026-01-11_steps_5s.parquet,/Users/jackfletcher/Desktop/FYP_Data/Replay_5s_DOGE/January/2026-01-11_steps_5s.parquet,10976,292,-0.00010335249508484341,499999.9999999996,0.14008733677386867,0.139895,7.229248649947092,5.710803407624401e-13,0.9999999999999992,1.0,0.0,1.0335249508484352,DOGE_S2B1_lr0.0003_clip0.2_ent0.01_ep4_bs16_cl32_gamma0.99_lam0.9_seed1_H4320_Q3e+06_pov0.1_fee0,checkpoints/DOGE/DOGE_S2B1_lr0.0003_clip0.2_ent0.01_ep4_bs16_cl32_gamma0.99_lam0.9_seed1_H4320_Q3e+06_pov0.1_fee0/best.weights.h5,49
DOGE,doge_q500000,500000.0,4320,3500.0,0.1,buy,DOGE_PPO_3,2026-01-27_steps_5s.parquet,/Users/jackfletcher/Desktop/FYP_Data/Replay_5s_DOGE/January/2026-01-27_steps_5s.parquet,8559,253,-7.502618780596288e-05,499999.9999999998,0.12244878062439672,0.122645,4.600793401731175,9.278274433228592e-13,0.9999999999999997,1.0,0.0,0.7502618780596315,DOGE_S2B1_lr0.0003_clip0.2_ent0.01_ep4_bs16_cl32_gamma0.99_lam0.9_seed1_H4320_Q3e+06_pov0.1_fee0,checkpoints/DOGE/DOGE_S2B1_lr0.0003_clip0.2_ent0.01_ep4_bs16_cl32_gamma0.99_lam0.9_seed1_H4320_Q3e+06_pov0.1_fee0/best.weights.h5,50
DOGE,doge_q500000,500000.0,4320,3500.0,0.1,buy,DOGE_PPO_3,2026-01-25_steps_5s.parquet,/Users/jackfletcher/Desktop/FYP_Data/Replay_5s_DOGE/January/2026-01-25_steps_5s.parquet,7644,268,-6.90732604019089e-05,499999.9999999997,0.12351870797335916,0.123555,4.267173344478931,5.99310468161706e-13,0.9999999999999994,1.0,0.0,0.6907326040190898,DOGE_S2B1_lr0.0003_clip0.2_ent0.01_ep4_bs16_cl32_gamma0.99_lam0.9_seed1_H4320_Q3e+06_pov0.1_fee0,checkpoints/DOGE/DOGE_S2B1_lr0.0003_clip0.2_ent0.01_ep4_bs16_cl32_gamma0.99_lam0.9_seed1_H4320_Q3e+06_pov0.1_fee0/best.weights.h5,51
DOGE,doge_q500000,500000.0,4320,3500.0,0.1,buy,DOGE_PPO_3,2026-01-25_steps_5s.parquet,/Users/jackfletcher/Desktop/FYP_Data/Replay_5s_DOGE/January/2026-01-25_steps_5s.parquet,11848,376,-0.0001181118769786846,499999.9999999994,0.12050222635884023,0.120225,7.100000204881187,4.963602542675714e-13,0.9999999999999989,1.0,0.0,1.1811187697868475,DOGE_S2B1_lr0.0003_clip0.2_ent0.01_ep4_bs16_cl32_gamma0.99_lam0.9_seed1_H4320_Q3e+06_pov0.1_fee0,checkpoints/DOGE/DOGE_S2B1_lr0.0003_clip0.2_ent0.01_ep4_bs16_cl32_gamma0.99_lam0.9_seed1_H4320_Q3e+06_pov0.1_fee0/best.weights.h5,52
DOGE,doge_q500000,500000.0,4320,3500.0,0.1,buy,DOGE_PPO_3,2026-01-11_steps_5s.parquet,/Users/jackfletcher/Desktop/FYP_Data/Replay_5s_DOGE/January/2026-01-11_steps_5s.parquet,9383,296,-0.00016056101357551133,500000.00000000035,0.14071278666364403,0.140905,11.3119248089287,6.814830807635657e-13,1.0000000000000007,1.0,0.0,1.6056101357551116,DOGE_S2B1_lr0.0003_clip0.2_ent0.01_ep4_bs16_cl32_gamma0.99_lam0.9_seed1_H4320_Q3e+06_pov0.1_fee0,checkpoints/DOGE/DOGE_S2B1_lr0.0003_clip0.2_ent0.01_ep4_bs16_cl32_gamma0.99_lam0.9_seed1_H4320_Q3e+06_pov0.1_fee0/best.weights.h5,53
DOGE,doge_q500000,500000.0,4320,3500.0,0.1,buy,DOGE_PPO_3,2026-01-28_steps_5s.parquet,/Users/jackfletcher/Desktop/FYP_Data/Replay_5s_DOGE/January/2026-01-28_steps_5s.parquet,424,301,-6.349442696059894e-05,500000.0000000002,0.12560097185531768,0.12573,3.991577150878038,8.88802888407921e-13,1.0000000000000004,1.0,0.0,0.634944269605987,DOGE_S2B1_lr0.0003_clip0.2_ent0.01_ep4_bs16_cl32_gamma0.99_lam0.9_seed1_H4320_Q3e+06_pov0.1_fee0,checkpoints/DOGE/DOGE_S2B1_lr0.0003_clip0.2_ent0.01_ep4_bs16_cl32_gamma0.99_lam0.9_seed1_H4320_Q3e+06_pov0.1_fee0/best.weights.h5,54
DOGE,doge_q500000,500000.0,4320,3500.0,0.1,buy,DOGE_PPO_3,2026-01-19_steps_5s.parquet,/Users/jackfletcher/Desktop/FYP_Data/Replay_5s_DOGE/January/2026-01-19_steps_5s.parquet,10993,284,-9.09087575238905e-05,500000.00000000047,0.12820496882264643,0.128425,5.837478592502824,8.119822673129982e-13,1.0000000000000009,1.0,0.0,0.9090875752389056,DOGE_S2B1_lr0.0003_clip0.2_ent0.01_ep4_bs16_cl32_gamma0.99_lam0.9_seed1_H4320_Q3e+06_pov0.1_fee0,checkpoints/DOGE/DOGE_S2B1_lr0.0003_clip0.2_ent0.01_ep4_bs16_cl32_gamma0.99_lam0.9_seed1_H4320_Q3e+06_pov0.1_fee0/best.weights.h5,55
DOGE,doge_q500000,500000.0,4320,3500.0,0.1,buy,DOGE_PPO_3,2026-01-26_steps_5s.parquet,/Users/jackfletcher/Desktop/FYP_Data/Replay_5s_DOGE/January/2026-01-26_steps_5s.parquet,921,381,-8.235882227148725e-05,500000.00000000006,0.1222287104706979,0.12203,5.025123540894787,8.757123486528088e-13,1.0000000000000002,1.0,0.0,0.8235882227148713,DOGE_S2B1_lr0.0003_clip0.2_ent0.01_ep4_bs16_cl32_gamma0.99_lam0.9_seed1_H4320_Q3e+06_pov0.1_fee0,checkpoints/DOGE/DOGE_S2B1_lr0.0003_clip0.2_ent0.01_ep4_bs16_cl32_gamma0.99_lam0.9_seed1_H4320_Q3e+06_pov0.1_fee0/best.weights.h5,56
DOGE,doge_q500000,500000.0,4320,3500.0,0.1,buy,DOGE_PPO_3,2026-01-28_steps_5s.parquet,/Users/jackfletcher/Desktop/FYP_Data/Replay_5s_DOGE/January/2026-01-28_steps_5s.parquet,5448,280,-9.915836734430356e-05,499999.9999999999,0.12553081966871624,0.125415,6.217973320242931,6.374541312837543e-13,0.9999999999999998,1.0,0.0,0.991583673443038,DOGE_S2B1_lr0.0003_clip0.2_ent0.01_ep4_bs16_cl32_gamma0.99_lam0.9_seed1_H4320_Q3e+06_pov0.1_fee0,checkpoints/DOGE/DOGE_S2B1_lr0.0003_clip0.2_ent0.01_ep4_bs16_cl32_gamma0.99_lam0.9_seed1_H4320_Q3e+06_pov0.1_fee0/best.weights.h5,57
DOGE,doge_q500000,500000.0,4320,3500.0,0.1,buy,DOGE_PPO_3,2026-01-26_steps_5s.parquet,/Users/jackfletcher/Desktop/FYP_Data/Replay_5s_DOGE/January/2026-01-26_steps_5s.parquet,11359,385,-9.636874282798398e-05,499999.9999999999,0.12230419505365356,0.12193000000000001,5.875120406508047,9.106038695126397e-13,0.9999999999999998,1.0,0.0,0.9636874282798403,DOGE_S2B1_lr0.0003_clip0.2_ent0.01_ep4_bs16_cl32_gamma0.99_lam0.9_seed1_H4320_Q3e+06_pov0.1_fee0,checkpoints/DOGE/DOGE_S2B1_lr0.0003_clip0.2_ent0.01_ep4_bs16_cl32_gamma0.99_lam0.9_seed1_H4320_Q3e+06_pov0.1_fee0/best.weights.h5,58
DOGE,doge_q500000,500000.0,4320,3500.0,0.1,buy,DOGE_PPO_3,2026-01-28_steps_5s.parquet,/Users/jackfletcher/Desktop/FYP_Data/Replay_5s_DOGE/January/2026-01-28_steps_5s.parquet,3286,251,-8.859103626959847e-05,499999.99999999977,0.1242416540966941,0.124245,5.503496650658132,7.703434695138532e-13,0.9999999999999996,1.0,0.0,0.8859103626959848,DOGE_S2B1_lr0.0003_clip0.2_ent0.01_ep4_bs16_cl32_gamma0.99_lam0.9_seed1_H4320_Q3e+06_pov0.1_fee0,checkpoints/DOGE/DOGE_S2B1_lr0.0003_clip0.2_ent0.01_ep4_bs16_cl32_gamma0.99_lam0.9_seed1_H4320_Q3e+06_pov0.1_fee0/best.weights.h5,59
DOGE,doge_q500000,500000.0,4320,3500.0,0.1,buy,DOGE_PPO_3,2026-01-16_steps_5s.parquet,/Users/jackfletcher/Desktop/FYP_Data/Replay_5s_DOGE/January/2026-01-16_steps_5s.parquet,4860,269,-7.683098992308179e-05,500000.0000000001,0.1402533633092494,0.14027,5.388541478255337,6.504359596360012e-13,1.0000000000000002,1.0,0.0,0.7683098992308172,DOGE_S2B1_lr0.0003_clip0.2_ent0.01_ep4_bs16_cl32_gamma0.99_lam0.9_seed1_H4320_Q3e+06_pov0.1_fee0,checkpoints/DOGE/DOGE_S2B1_lr0.0003_clip0.2_ent0.01_ep4_bs16_cl32_gamma0.99_lam0.9_seed1_H4320_Q3e+06_pov0.1_fee0/best.weights.h5,60
DOGE,doge_q500000,500000.0,4320,3500.0,0.1,buy,DOGE_PPO_3,2026-01-27_steps_5s.parquet,/Users/jackfletcher/Desktop/FYP_Data/Replay_5s_DOGE/January/2026-01-27_steps_5s.parquet,4647,265,-6.358496927268999e-05,500000.00000000006,0.12230311234453253,0.122475,3.893784555836348,6.407650721713149e-13,1.0000000000000002,1.0,0.0,0.6358496927268991,DOGE_S2B1_lr0.0003_clip0.2_ent0.01_ep4_bs16_cl32_gamma0.99_lam0.9_seed1_H4320_Q3e+06_pov0.1_fee0,checkpoints/DOGE/DOGE_S2B1_lr0.0003_clip0.2_ent0.01_ep4_bs16_cl32_gamma0.99_lam0.9_seed1_H4320_Q3e+06_pov0.1_fee0/best.weights.h5,61
DOGE,doge_q500000,500000.0,4320,3500.0,0.1,buy,DOGE_PPO_3,2026-01-29_steps_5s.parquet,/Users/jackfletcher/Desktop/FYP_Data/Replay_5s_DOGE/January/2026-01-29_steps_5s.parquet,8460,330,-7.407600390911915e-05,499999.99999999977,0.12110053227209863,0.121115,4.485857606726484,6.56945785598561e-13,0.9999999999999996,1.0,0.0,0.7407600390911918,DOGE_S2B1_lr0.0003_clip0.2_ent0.01_ep4_bs16_cl32_gamma0.99_lam0.9_seed1_H4320_Q3e+06_pov0.1_fee0,checkpoints/DOGE/DOGE_S2B1_lr0.0003_clip0.2_ent0.01_ep4_bs16_cl32_gamma0.99_lam0.9_seed1_H4320_Q3e+06_pov0.1_fee0/best.weights.h5,62
DOGE,doge_q500000,500000.0,4320,3500.0,0.1,buy,DOGE_PPO_3,2026-01-24_steps_5s.parquet,/Users/jackfletcher/Desktop/FYP_Data/Replay_5s_DOGE/January/2026-01-24_steps_5s.parquet,11866,239,-0.00010675486185380787,500000.00000000023,0.12350607981772754,0.12344,6.588910073617018,6.492970706056718e-13,1.0000000000000004,1.0,0.0,1.067548618538078,DOGE_S2B1_lr0.0003_clip0.2_ent0.01_ep4_bs16_cl32_gamma0.99_lam0.9_seed1_H4320_Q3e+06_pov0.1_fee0,checkpoints/DOGE/DOGE_S2B1_lr0.0003_clip0.2_ent0.01_ep4_bs16_cl32_gamma0.99_lam0.9_seed1_H4320_Q3e+06_pov0.1_fee0/best.weights.h5,63
DOGE,doge_q500000,500000.0,4320,3500.0,0.1,buy,DOGE_PPO_3,2026-01-17_steps_5s.parquet,/Users/jackfletcher/Desktop/FYP_Data/Replay_5s_DOGE/January/2026-01-17_steps_5s.parquet,767,254,-6.021284345970864e-05,500000.00000000047,0.1383528830868279,0.13833499999999999,4.1647718499993935,9.943262589424985e-13,1.0000000000000009,1.0,0.0,0.6021284345970859,DOGE_S2B1_lr0.0003_clip0.2_ent0.01_ep4_bs16_cl32_gamma0.99_lam0.9_seed1_H4320_Q3e+06_pov0.1_fee0,checkpoints/DOGE/DOGE_S2B1_lr0.0003_clip0.2_ent0.01_ep4_bs16_cl32_gamma0.99_lam0.9_seed1_H4320_Q3e+06_pov0.1_fee0/best.weights.h5,64
DOGE,doge_q500000,500000.0,4320,3500.0,0.1,buy,DOGE_PPO_3,2026-01-24_steps_5s.parquet,/Users/jackfletcher/Desktop/FYP_Data/Replay_5s_DOGE/January/2026-01-24_steps_5s.parquet,4627,233,-7.021939274469133e-05,499999.9999999999,0.12438438270563536,0.124395,4.36747068023794,7.66717140287798e-13,0.9999999999999998,1.0,0.0,0.7021939274469134,DOGE_S2B1_lr0.0003_clip0.2_ent0.01_ep4_bs16_cl32_gamma0.99_lam0.9_seed1_H4320_Q3e+06_pov0.1_fee0,checkpoints/DOGE/DOGE_S2B1_lr0.0003_clip0.2_ent0.01_ep4_bs16_cl32_gamma0.99_lam0.9_seed1_H4320_Q3e+06_pov0.1_fee0/best.weights.h5,65
DOGE,doge_q500000,500000.0,4320,3500.0,0.1,buy,DOGE_PPO_3,2026-01-29_steps_5s.parquet,/Users/jackfletcher/Desktop/FYP_Data/Replay_5s_DOGE/January/2026-01-29_steps_5s.parquet,9929,256,-6.697887400604356e-05,500000.0000000003,0.12100097827058381,0.12101500000000001,4.052724218920683,5.988025361881714e-13,1.0000000000000007,1.0,0.0,0.6697887400604359,DOGE_S2B1_lr0.0003_clip0.2_ent0.01_ep4_bs16_cl32_gamma0.99_lam0.9_seed1_H4320_Q3e+06_pov0.1_fee0,checkpoints/DOGE/DOGE_S2B1_lr0.0003_clip0.2_ent0.01_ep4_bs16_cl32_gamma0.99_lam0.9_seed1_H4320_Q3e+06_pov0.1_fee0/best.weights.h5,66
DOGE,doge_q500000,500000.0,4320,3500.0,0.1,buy,DOGE_PPO_3,2026-01-31_steps_5s.parquet,/Users/jackfletcher/Desktop/FYP_Data/Replay_5s_DOGE/January/2026-01-31_steps_5s.parquet,8392,291,-9.20452471124247e-05,499999.9999999999,0.11191374111603844,0.112065,5.157525308826935,7.428506575937207e-13,0.9999999999999998,1.0,0.0,0.9204524711242467,DOGE_S2B1_lr0.0003_clip0.2_ent0.01_ep4_bs16_cl32_gamma0.99_lam0.9_seed1_H4320_Q3e+06_pov0.1_fee0,checkpoints/DOGE/DOGE_S2B1_lr0.0003_clip0.2_ent0.01_ep4_bs16_cl32_gamma0.99_lam0.9_seed1_H4320_Q3e+06_pov0.1_fee0/best.weights.h5,67
DOGE,doge_q500000,500000.0,4320,3500.0,0.1,buy,DOGE_PPO_3,2026-01-22_steps_5s.parquet,/Users/jackfletcher/Desktop/FYP_Data/Replay_5s_DOGE/January/2026-01-22_steps_5s.parquet,7089,275,-9.614175032479646e-05,499999.9999999996,0.12693425442884726,0.127005,6.105241500000388,7.782921352538593e-13,0.9999999999999992,1.0,0.0,0.9614175032479647,DOGE_S2B1_lr0.0003_clip0.2_ent0.01_ep4_bs16_cl32_gamma0.99_lam0.9_seed1_H4320_Q3e+06_pov0.1_fee0,checkpoints/DOGE/DOGE_S2B1_lr0.0003_clip0.2_ent0.01_ep4_bs16_cl32_gamma0.99_lam0.9_seed1_H4320_Q3e+06_pov0.1_fee0/best.weights.h5,68
DOGE,doge_q500000,500000.0,4320,3500.0,0.1,buy,DOGE_PPO_3,2026-01-12_steps_5s.parquet,/Users/jackfletcher/Desktop/FYP_Data/Replay_5s_DOGE/January/2026-01-12_steps_5s.parquet,12692,341,-8.928013324213694e-05,500000.0,0.13791382909140415,0.137785,6.150731579383925,6.690400794571864e-13,1.0,1.0,0.0,0.8928013324213703,DOGE_S2B1_lr0.0003_clip0.2_ent0.01_ep4_bs16_cl32_gamma0.99_lam0.9_seed1_H4320_Q3e+06_pov0.1_fee0,checkpoints/DOGE/DOGE_S2B1_lr0.0003_clip0.2_ent0.01_ep4_bs16_cl32_gamma0.99_lam0.9_seed1_H4320_Q3e+06_pov0.1_fee0/best.weights.h5,69
DOGE,doge_q500000,500000.0,4320,3500.0,0.1,buy,DOGE_PPO_3,2026-01-12_steps_5s.parquet,/Users/jackfletcher/Desktop/FYP_Data/Replay_5s_DOGE/January/2026-01-12_steps_5s.parquet,3176,338,-5.63613096235377e-05,500000.0000000002,0.14075077474434367,0.14057999999999998,3.9616364534384587,5.454159543226732e-13,1.0000000000000004,1.0,0.0,0.5636130962353763,DOGE_S2B1_lr0.0003_clip0.2_ent0.01_ep4_bs16_cl32_gamma0.99_lam0.9_seed1_H4320_Q3e+06_pov0.1_fee0,checkpoints/DOGE/DOGE_S2B1_lr0.0003_clip0.2_ent0.01_ep4_bs16_cl32_gamma0.99_lam0.9_seed1_H4320_Q3e+06_pov0.1_fee0/best.weights.h5,70
DOGE,doge_q500000,500000.0,4320,3500.0,0.1,buy,DOGE_PPO_3,2026-01-20_steps_5s.parquet,/Users/jackfletcher/Desktop/FYP_Data/Replay_5s_DOGE/January/2026-01-20_steps_5s.parquet,9905,359,-9.607875248510785e-05,499999.9999999994,0.12503223274905162,0.12530999999999998,6.019814236954428,8.846836892289362e-13,0.9999999999999989,1.0,0.0,0.960787524851078,DOGE_S2B1_lr0.0003_clip0.2_ent0.01_ep4_bs16_cl32_gamma0.99_lam0.9_seed1_H4320_Q3e+06_pov0.1_fee0,checkpoints/DOGE/DOGE_S2B1_lr0.0003_clip0.2_ent0.01_ep4_bs16_cl32_gamma0.99_lam0.9_seed1_H4320_Q3e+06_pov0.1_fee0/best.weights.h5,71
DOGE,doge_q500000,500000.0,4320,3500.0,0.1,buy,DOGE_PPO_3,2026-01-13_steps_5s.parquet,/Users/jackfletcher/Desktop/FYP_Data/Replay_5s_DOGE/January/2026-01-13_steps_5s.parquet,9535,315,-7.683326713575086e-05,499999.9999999997,0.13961227666008452,0.139395,5.355086636193997,7.67677483266687e-13,0.9999999999999994,1.0,0.0,0.7683326713575088,DOGE_S2B1_lr0.0003_clip0.2_ent0.01_ep4_bs16_cl32_gamma0.99_lam0.9_seed1_H4320_Q3e+06_pov0.1_fee0,checkpoints/DOGE/DOGE_S2B1_lr0.0003_clip0.2_ent0.01_ep4_bs16_cl32_gamma0.99_lam0.9_seed1_H4320_Q3e+06_pov0.1_fee0/best.weights.h5,72
DOGE,doge_q500000,500000.0,4320,3500.0,0.1,buy,DOGE_PPO_3,2026-01-17_steps_5s.parquet,/Users/jackfletcher/Desktop/FYP_Data/Replay_5s_DOGE/January/2026-01-17_steps_5s.parquet,11797,330,-6.051085038760321e-05,500000.00000000023,0.13868394286526553,0.13887500000000003,4.201722173789199,8.472273241298532e-13,1.0000000000000004,1.0,0.0,0.6051085038760321,DOGE_S2B1_lr0.0003_clip0.2_ent0.01_ep4_bs16_cl32_gamma0.99_lam0.9_seed1_H4320_Q3e+06_pov0.1_fee0,checkpoints/DOGE/DOGE_S2B1_lr0.0003_clip0.2_ent0.01_ep4_bs16_cl32_gamma0.99_lam0.9_seed1_H4320_Q3e+06_pov0.1_fee0/best.weights.h5,73
DOGE,doge_q500000,500000.0,4320,3500.0,0.1,buy,DOGE_PPO_3,2026-01-15_steps_5s.parquet,/Users/jackfletcher/Desktop/FYP_Data/Replay_5s_DOGE/January/2026-01-15_steps_5s.parquet,10965,411,-0.0001083786996982948,499999.99999999977,0.14222286302497902,0.142795,7.737968211709013,9.881183948774186e-13,0.9999999999999996,1.0,0.0,1.0837869969829494,DOGE_S2B1_lr0.0003_clip0.2_ent0.01_ep4_bs16_cl32_gamma0.99_lam0.9_seed1_H4320_Q3e+06_pov0.1_fee0,checkpoints/DOGE/DOGE_S2B1_lr0.0003_clip0.2_ent0.01_ep4_bs16_cl32_gamma0.99_lam0.9_seed1_H4320_Q3e+06_pov0.1_fee0/best.weights.h5,74
DOGE,doge_q500000,500000.0,4320,3500.0,0.1,buy,DOGE_PPO_3,2026-01-13_steps_5s.parquet,/Users/jackfletcher/Desktop/FYP_Data/Replay_5s_DOGE/January/2026-01-13_steps_5s.parquet,1597,272,-7.859538380231606e-05,499999.9999999998,0.1371911544595641,0.137135,5.3890889788653045,6.8956044739473e-13,0.9999999999999997,1.0,0.0,0.7859538380231603,DOGE_S2B1_lr0.0003_clip0.2_ent0.01_ep4_bs16_cl32_gamma0.99_lam0.9_seed1_H4320_Q3e+06_pov0.1_fee0,checkpoints/DOGE/DOGE_S2B1_lr0.0003_clip0.2_ent0.01_ep4_bs16_cl32_gamma0.99_lam0.9_seed1_H4320_Q3e+06_pov0.1_fee0/best.weights.h5,75
DOGE,doge_q500000,500000.0,4320,3500.0,0.1,buy,DOGE_PPO_3,2026-01-12_steps_5s.parquet,/Users/jackfletcher/Desktop/FYP_Data/Replay_5s_DOGE/January/2026-01-12_steps_5s.parquet,12174,396,-4.900194036952187e-05,499999.99999999994,0.13923142785968437,0.139355,3.414332700097359,7.218146987558195e-13,0.9999999999999999,1.0,0.0,0.49001940369521857,DOGE_S2B1_lr0.0003_clip0.2_ent0.01_ep4_bs16_cl32_gamma0.99_lam0.9_seed1_H4320_Q3e+06_pov0.1_fee0,checkpoints/DOGE/DOGE_S2B1_lr0.0003_clip0.2_ent0.01_ep4_bs16_cl32_gamma0.99_lam0.9_seed1_H4320_Q3e+06_pov0.1_fee0/best.weights.h5,76
DOGE,doge_q500000,500000.0,4320,3500.0,0.1,buy,DOGE_PPO_3,2026-01-20_steps_5s.parquet,/Users/jackfletcher/Desktop/FYP_Data/Replay_5s_DOGE/January/2026-01-20_steps_5s.parquet,2509,289,-7.139575768784251e-05,500000.0000000003,0.12800873208561953,0.128155,4.574861663242719,6.455991636873794e-13,1.0000000000000007,1.0,0.0,0.7139575768784238,DOGE_S2B1_lr0.0003_clip0.2_ent0.01_ep4_bs16_cl32_gamma0.99_lam0.9_seed1_H4320_Q3e+06_pov0.1_fee0,checkpoints/DOGE/DOGE_S2B1_lr0.0003_clip0.2_ent0.01_ep4_bs16_cl32_gamma0.99_lam0.9_seed1_H4320_Q3e+06_pov0.1_fee0/best.weights.h5,77
DOGE,doge_q500000,500000.0,4320,3500.0,0.1,buy,DOGE_PPO_3,2026-01-23_steps_5s.parquet,/Users/jackfletcher/Desktop/FYP_Data/Replay_5s_DOGE/January/2026-01-23_steps_5s.parquet,9048,239,-0.0001044018649499806,500000.00000000006,0.12510985165279323,0.12503999999999998,6.527204596672794,6.570907085345789e-13,1.0000000000000002,1.0,0.0,1.0440186494998072,DOGE_S2B1_lr0.0003_clip0.2_ent0.01_ep4_bs16_cl32_gamma0.99_lam0.9_seed1_H4320_Q3e+06_pov0.1_fee0,checkpoints/DOGE/DOGE_S2B1_lr0.0003_clip0.2_ent0.01_ep4_bs16_cl32_gamma0.99_lam0.9_seed1_H4320_Q3e+06_pov0.1_fee0/best.weights.h5,78
DOGE,doge_q500000,500000.0,4320,3500.0,0.1,buy,DOGE_PPO_3,2026-01-25_steps_5s.parquet,/Users/jackfletcher/Desktop/FYP_Data/Replay_5s_DOGE/January/2026-01-25_steps_5s.parquet,1740,219,-9.588007225420491e-05,499999.9999999999,0.12383193534699671,0.12382499999999999,5.936174973438462,9.551960684122746e-13,0.9999999999999998,1.0,0.0,0.9588007225420493,DOGE_S2B1_lr0.0003_clip0.2_ent0.01_ep4_bs16_cl32_gamma0.99_lam0.9_seed1_H4320_Q3e+06_pov0.1_fee0,checkpoints/DOGE/DOGE_S2B1_lr0.0003_clip0.2_ent0.01_ep4_bs16_cl32_gamma0.99_lam0.9_seed1_H4320_Q3e+06_pov0.1_fee0/best.weights.h5,79
DOGE,doge_q500000,500000.0,4320,3500.0,0.1,buy,DOGE_PPO_3,2026-01-29_steps_5s.parquet,/Users/jackfletcher/Desktop/FYP_Data/Replay_5s_DOGE/January/2026-01-29_steps_5s.parquet,10068,259,-7.583879234882775e-05,500000.0000000003,0.12101350920949658,0.120975,4.587298952199712,7.165728841380916e-13,1.0000000000000007,1.0,0.0,0.7583879234882763,DOGE_S2B1_lr0.0003_clip0.2_ent0.01_ep4_bs16_cl32_gamma0.99_lam0.9_seed1_H4320_Q3e+06_pov0.1_fee0,checkpoints/DOGE/DOGE_S2B1_lr0.0003_clip0.2_ent0.01_ep4_bs16_cl32_gamma0.99_lam0.9_seed1_H4320_Q3e+06_pov0.1_fee0/best.weights.h5,80
DOGE,doge_q500000,500000.0,4320,3500.0,0.1,buy,DOGE_PPO_3,2026-01-28_steps_5s.parquet,/Users/jackfletcher/Desktop/FYP_Data/Replay_5s_DOGE/January/2026-01-28_steps_5s.parquet,7680,268,-5.425616365315439e-05,500000.0000000002,0.12664545069705557,0.126695,3.4369923270181832,5.068192072392585e-13,1.0000000000000004,1.0,0.0,0.5425616365315417,DOGE_S2B1_lr0.0003_clip0.2_ent0.01_ep4_bs16_cl32_gamma0.99_lam0.9_seed1_H4320_Q3e+06_pov0.1_fee0,checkpoints/DOGE/DOGE_S2B1_lr0.0003_clip0.2_ent0.01_ep4_bs16_cl32_gamma0.99_lam0.9_seed1_H4320_Q3e+06_pov0.1_fee0/best.weights.h5,81
DOGE,doge_q500000,500000.0,4320,3500.0,0.1,buy,DOGE_PPO_3,2026-01-30_steps_5s.parquet,/Users/jackfletcher/Desktop/FYP_Data/Replay_5s_DOGE/January/2026-01-30_steps_5s.parquet,8772,319,-9.298496359661745e-05,499999.99999999936,0.11506994569906133,0.115245,5.358026064846087,8.92875727390045e-13,0.9999999999999987,1.0,0.0,0.9298496359661743,DOGE_S2B1_lr0.0003_clip0.2_ent0.01_ep4_bs16_cl32_gamma0.99_lam0.9_seed1_H4320_Q3e+06_pov0.1_fee0,checkpoints/DOGE/DOGE_S2B1_lr0.0003_clip0.2_ent0.01_ep4_bs16_cl32_gamma0.99_lam0.9_seed1_H4320_Q3e+06_pov0.1_fee0/best.weights.h5,82
DOGE,doge_q500000,500000.0,4320,3500.0,0.1,buy,DOGE_PPO_3,2026-01-30_steps_5s.parquet,/Users/jackfletcher/Desktop/FYP_Data/Replay_5s_DOGE/January/2026-01-30_steps_5s.parquet,8585,332,-0.00011209954083105253,499999.9999999998,0.11536836728124895,0.11573,6.486639930188864,8.123998313176453e-13,0.9999999999999997,1.0,0.0,1.120995408310527,DOGE_S2B1_lr0.0003_clip0.2_ent0.01_ep4_bs16_cl32_gamma0.99_lam0.9_seed1_H4320_Q3e+06_pov0.1_fee0,checkpoints/DOGE/DOGE_S2B1_lr0.0003_clip0.2_ent0.01_ep4_bs16_cl32_gamma0.99_lam0.9_seed1_H4320_Q3e+06_pov0.1_fee0/best.weights.h5,83
DOGE,doge_q500000,500000.0,4320,3500.0,0.1,buy,DOGE_PPO_3,2026-01-14_steps_5s.parquet,/Users/jackfletcher/Desktop/FYP_Data/Replay_5s_DOGE/January/2026-01-14_steps_5s.parquet,6041,330,-0.00010127796321129534,499999.9999999998,0.1482619189796473,0.148495,7.519635573530645,4.986128018082757e-13,0.9999999999999997,1.0,0.0,1.0127796321129527,DOGE_S2B1_lr0.0003_clip0.2_ent0.01_ep4_bs16_cl32_gamma0.99_lam0.9_seed1_H4320_Q3e+06_pov0.1_fee0,checkpoints/DOGE/DOGE_S2B1_lr0.0003_clip0.2_ent0.01_ep4_bs16_cl32_gamma0.99_lam0.9_seed1_H4320_Q3e+06_pov0.1_fee0/best.weights.h5,84
DOGE,doge_q500000,500000.0,4320,3500.0,0.1,buy,DOGE_PPO_3,2026-01-20_steps_5s.parquet,/Users/jackfletcher/Desktop/FYP_Data/Replay_5s_DOGE/January/2026-01-20_steps_5s.parquet,5078,375,-7.198652927210223e-05,500000.0000000001,0.12719805439577192,0.12696000000000002,4.56970487819305,7.62065162964758e-13,1.0000000000000002,1.0,0.0,0.7198652927210223,DOGE_S2B1_lr0.0003_clip0.2_ent0.01_ep4_bs16_cl32_gamma0.99_lam0.9_seed1_H4320_Q3e+06_pov0.1_fee0,checkpoints/DOGE/DOGE_S2B1_lr0.0003_clip0.2_ent0.01_ep4_bs16_cl32_gamma0.99_lam0.9_seed1_H4320_Q3e+06_pov0.1_fee0/best.weights.h5,85
DOGE,doge_q500000,500000.0,4320,3500.0,0.1,buy,DOGE_PPO_3,2026-01-22_steps_5s.parquet,/Users/jackfletcher/Desktop/FYP_Data/Replay_5s_DOGE/January/2026-01-22_steps_5s.parquet,8526,276,-8.038512940902197e-05,500000.00000000035,0.12587972672333658,0.125885,5.059641007827372,6.727356237109881e-13,1.0000000000000007,1.0,0.0,0.8038512940902207,DOGE_S2B1_lr0.0003_clip0.2_ent0.01_ep4_bs16_cl32_gamma0.99_lam0.9_seed1_H4320_Q3e+06_pov0.1_fee0,checkpoints/DOGE/DOGE_S2B1_lr0.0003_clip0.2_ent0.01_ep4_bs16_cl32_gamma0.99_lam0.9_seed1_H4320_Q3e+06_pov0.1_fee0/best.weights.h5,86
DOGE,doge_q500000,500000.0,4320,3500.0,0.1,buy,DOGE_PPO_3,2026-01-30_steps_5s.parquet,/Users/jackfletcher/Desktop/FYP_Data/Replay_5s_DOGE/January/2026-01-30_steps_5s.parquet,4923,336,-8.21571377326679e-05,500000.0,0.11336536040100292,0.11321500000000001,4.650710174201997,7.50626377518126e-13,1.0,1.0,0.0,0.8215713773266787,DOGE_S2B1_lr0.0003_clip0.2_ent0.01_ep4_bs16_cl32_gamma0.99_lam0.9_seed1_H4320_Q3e+06_pov0.1_fee0,checkpoints/DOGE/DOGE_S2B1_lr0.0003_clip0.2_ent0.01_ep4_bs16_cl32_gamma0.99_lam0.9_seed1_H4320_Q3e+06_pov0.1_fee0/best.weights.h5,87
DOGE,doge_q500000,500000.0,4320,3500.0,0.1,buy,DOGE_PPO_3,2026-01-27_steps_5s.parquet,/Users/jackfletcher/Desktop/FYP_Data/Replay_5s_DOGE/January/2026-01-27_steps_5s.parquet,6691,262,-6.72638307967886e-05,499999.9999999998,0.12199679451447697,0.12198500000000001,4.102589199873127,7.427775310293613e-13,0.9999999999999997,1.0,0.0,0.6726383079678856,DOGE_S2B1_lr0.0003_clip0.2_ent0.01_ep4_bs16_cl32_gamma0.99_lam0.9_seed1_H4320_Q3e+06_pov0.1_fee0,checkpoints/DOGE/DOGE_S2B1_lr0.0003_clip0.2_ent0.01_ep4_bs16_cl32_gamma0.99_lam0.9_seed1_H4320_Q3e+06_pov0.1_fee0/best.weights.h5,88
DOGE,doge_q500000,500000.0,4320,3500.0,0.1,buy,DOGE_PPO_3,2026-01-15_steps_5s.parquet,/Users/jackfletcher/Desktop/FYP_Data/Replay_5s_DOGE/January/2026-01-15_steps_5s.parquet,9493,289,-8.678999574376416e-05,500000.0000000005,0.1444262860560395,0.14418,6.2566907931679605,7.666234845162045e-13,1.000000000000001,1.0,0.0,0.8678999574376419,DOGE_S2B1_lr0.0003_clip0.2_ent0.01_ep4_bs16_cl32_gamma0.99_lam0.9_seed1_H4320_Q3e+06_pov0.1_fee0,checkpoints/DOGE/DOGE_S2B1_lr0.0003_clip0.2_ent0.01_ep4_bs16_cl32_gamma0.99_lam0.9_seed1_H4320_Q3e+06_pov0.1_fee0/best.weights.h5,89
DOGE,doge_q500000,500000.0,4320,3500.0,0.1,buy,DOGE_PPO_3,2026-01-25_steps_5s.parquet,/Users/jackfletcher/Desktop/FYP_Data/Replay_5s_DOGE/January/2026-01-25_steps_5s.parquet,9570,260,-7.004861598898529e-05,499999.99999999994,0.12317525399561574,0.123225,4.315870352621353,7.431112790236668e-13,0.9999999999999999,1.0,0.0,0.7004861598898524,DOGE_S2B1_lr0.0003_clip0.2_ent0.01_ep4_bs16_cl32_gamma0.99_lam0.9_seed1_H4320_Q3e+06_pov0.1_fee0,checkpoints/DOGE/DOGE_S2B1_lr0.0003_clip0.2_ent0.01_ep4_bs16_cl32_gamma0.99_lam0.9_seed1_H4320_Q3e+06_pov0.1_fee0/best.weights.h5,90
DOGE,doge_q500000,500000.0,4320,3500.0,0.1,buy,DOGE_PPO_3,2026-01-26_steps_5s.parquet,/Users/jackfletcher/Desktop/FYP_Data/Replay_5s_DOGE/January/2026-01-26_steps_5s.parquet,10836,343,-0.00010544300042120472,500000.0,0.12311107854330054,0.122425,6.454429663282993,7.110944706085709e-13,1.0,1.0,0.0,1.0544300042120471,DOGE_S2B1_lr0.0003_clip0.2_ent0.01_ep4_bs16_cl32_gamma0.99_lam0.9_seed1_H4320_Q3e+06_pov0.1_fee0,checkpoints/DOGE/DOGE_S2B1_lr0.0003_clip0.2_ent0.01_ep4_bs16_cl32_gamma0.99_lam0.9_seed1_H4320_Q3e+06_pov0.1_fee0/best.weights.h5,91
DOGE,doge_q500000,500000.0,4320,3500.0,0.1,buy,DOGE_PPO_3,2026-01-16_steps_5s.parquet,/Users/jackfletcher/Desktop/FYP_Data/Replay_5s_DOGE/January/2026-01-16_steps_5s.parquet,2375,310,-7.141276077563204e-05,500000.0000000003,0.13986370918057883,0.140015,4.999428850000065,6.794457272744254e-13,1.0000000000000007,1.0,0.0,0.7141276077563211,DOGE_S2B1_lr0.0003_clip0.2_ent0.01_ep4_bs16_cl32_gamma0.99_lam0.9_seed1_H4320_Q3e+06_pov0.1_fee0,checkpoints/DOGE/DOGE_S2B1_lr0.0003_clip0.2_ent0.01_ep4_bs16_cl32_gamma0.99_lam0.9_seed1_H4320_Q3e+06_pov0.1_fee0/best.weights.h5,92
DOGE,doge_q500000,500000.0,4320,3500.0,0.1,buy,DOGE_PPO_3,2026-01-28_steps_5s.parquet,/Users/jackfletcher/Desktop/FYP_Data/Replay_5s_DOGE/January/2026-01-28_steps_5s.parquet,10685,380,-8.971075732830427e-05,499999.9999999995,0.12511351995374406,0.12537500000000001,5.623743100018077,7.194059400729127e-13,0.999999999999999,1.0,0.0,0.897107573283043,DOGE_S2B1_lr0.0003_clip0.2_ent0.01_ep4_bs16_cl32_gamma0.99_lam0.9_seed1_H4320_Q3e+06_pov0.1_fee0,checkpoints/DOGE/DOGE_S2B1_lr0.0003_clip0.2_ent0.01_ep4_bs16_cl32_gamma0.99_lam0.9_seed1_H4320_Q3e+06_pov0.1_fee0/best.weights.h5,93
DOGE,doge_q500000,500000.0,4320,3500.0,0.1,buy,DOGE_PPO_3,2026-01-15_steps_5s.parquet,/Users/jackfletcher/Desktop/FYP_Data/Replay_5s_DOGE/January/2026-01-15_steps_5s.parquet,10043,341,-9.158398846069559e-05,499999.9999999998,0.14471386418970014,0.144585,6.620835485794832,9.66694477978349e-13,0.9999999999999997,1.0,0.0,0.9158398846069553,DOGE_S2B1_lr0.0003_clip0.2_ent0.01_ep4_bs16_cl32_gamma0.99_lam0.9_seed1_H4320_Q3e+06_pov0.1_fee0,checkpoints/DOGE/DOGE_S2B1_lr0.0003_clip0.2_ent0.01_ep4_bs16_cl32_gamma0.99_lam0.9_seed1_H4320_Q3e+06_pov0.1_fee0/best.weights.h5,94
DOGE,doge_q500000,500000.0,4320,3500.0,0.1,buy,DOGE_PPO_3,2026-01-08_steps_5s.parquet,/Users/jackfletcher/Desktop/FYP_Data/Replay_5s_DOGE/January/2026-01-08_steps_5s.parquet,1329,313,-7.799452522576312e-05,499999.9999999997,0.14733861217177588,0.14745,5.750146372269397,9.214707908490198e-13,0.9999999999999994,1.0,0.0,0.7799452522576327,DOGE_S2B1_lr0.0003_clip0.2_ent0.01_ep4_bs16_cl32_gamma0.99_lam0.9_seed1_H4320_Q3e+06_pov0.1_fee0,checkpoints/DOGE/DOGE_S2B1_lr0.0003_clip0.2_ent0.01_ep4_bs16_cl32_gamma0.99_lam0.9_seed1_H4320_Q3e+06_pov0.1_fee0/best.weights.h5,95
DOGE,doge_q500000,500000.0,4320,3500.0,0.1,buy,DOGE_PPO_3,2026-01-23_steps_5s.parquet,/Users/jackfletcher/Desktop/FYP_Data/Replay_5s_DOGE/January/2026-01-23_steps_5s.parquet,5032,272,-5.257238679048019e-05,499999.9999999996,0.12510275289236777,0.125015,3.286168467305947,5.870806444778025e-13,0.9999999999999992,1.0,0.0,0.525723867904803,DOGE_S2B1_lr0.0003_clip0.2_ent0.01_ep4_bs16_cl32_gamma0.99_lam0.9_seed1_H4320_Q3e+06_pov0.1_fee0,checkpoints/DOGE/DOGE_S2B1_lr0.0003_clip0.2_ent0.01_ep4_bs16_cl32_gamma0.99_lam0.9_seed1_H4320_Q3e+06_pov0.1_fee0/best.weights.h5,96
DOGE,doge_q500000,500000.0,4320,3500.0,0.1,buy,DOGE_PPO_3,2026-01-26_steps_5s.parquet,/Users/jackfletcher/Desktop/FYP_Data/Replay_5s_DOGE/January/2026-01-26_steps_5s.parquet,3989,266,-8.353005199676531e-05,500000.0,0.12164636182675483,0.12161,5.079044811663324,7.553784652281351e-13,1.0,1.0,0.0,0.8353005199676546,DOGE_S2B1_lr0.0003_clip0.2_ent0.01_ep4_bs16_cl32_gamma0.99_lam0.9_seed1_H4320_Q3e+06_pov0.1_fee0,checkpoints/DOGE/DOGE_S2B1_lr0.0003_clip0.2_ent0.01_ep4_bs16_cl32_gamma0.99_lam0.9_seed1_H4320_Q3e+06_pov0.1_fee0/best.weights.h5,97
DOGE,doge_q500000,500000.0,4320,3500.0,0.1,buy,DOGE_PPO_3,2026-01-21_steps_5s.parquet,/Users/jackfletcher/Desktop/FYP_Data/Replay_5s_DOGE/January/2026-01-21_steps_5s.parquet,8864,414,-8.93994343725785e-05,500000.00000000023,0.12213337453035919,0.122165,5.460740950063029,6.908228402633218e-13,1.0000000000000004,1.0,0.0,0.8939943437257855,DOGE_S2B1_lr0.0003_clip0.2_ent0.01_ep4_bs16_cl32_gamma0.99_lam0.9_seed1_H4320_Q3e+06_pov0.1_fee0,checkpoints/DOGE/DOGE_S2B1_lr0.0003_clip0.2_ent0.01_ep4_bs16_cl32_gamma0.99_lam0.9_seed1_H4320_Q3e+06_pov0.1_fee0/best.weights.h5,98
DOGE,doge_q500000,500000.0,4320,3500.0,0.1,buy,DOGE_PPO_3,2026-01-22_steps_5s.parquet,/Users/jackfletcher/Desktop/FYP_Data/Replay_5s_DOGE/January/2026-01-22_steps_5s.parquet,9789,321,-9.593281469730523e-05,500000.0,0.12538802181119027,0.12573,6.030816395946091,6.210962165786079e-13,1.0,1.0,0.0,0.9593281469730518,DOGE_S2B1_lr0.0003_clip0.2_ent0.01_ep4_bs16_cl32_gamma0.99_lam0.9_seed1_H4320_Q3e+06_pov0.1_fee0,checkpoints/DOGE/DOGE_S2B1_lr0.0003_clip0.2_ent0.01_ep4_bs16_cl32_gamma0.99_lam0.9_seed1_H4320_Q3e+06_pov0.1_fee0/best.weights.h5,99
