asset,scenario_name,target_qty,horizon_steps,max_child_qty,pov_cap,side,policy_name,day_name,day_path,start_idx,steps_used,episode_return,filled_total,exec_vwap,arrival_mid,cost_cash_vs_mid,remaining_qty,completion,completion_100pct,terminated_at_horizon,env_cost_bps,true_is_bps,run_name,ckpt,episode_id
DOGE,doge_q500000,500000.0,4320,3500.0,0.1,buy,TWAP,2026-01-17_steps_5s.parquet,/Users/jackfletcher/Desktop/FYP_Data/Replay_5s_DOGE/January/2026-01-17_steps_5s.parquet,4382,4320,-4.0461631623199026e-05,500000.00000000146,0.13747629669419453,0.137525,2.782242944490227,0.0,1.0000000000000029,1.0,1.0,0.40461631623199085,-3.5414147104508507,TWAP,,0
DOGE,doge_q500000,500000.0,4320,3500.0,0.1,buy,TWAP,2026-01-17_steps_5s.parquet,/Users/jackfletcher/Desktop/FYP_Data/Replay_5s_DOGE/January/2026-01-17_steps_5s.parquet,745,4320,-3.939381230627228e-05,499999.99999999936,0.13768897996530993,0.13828000000000001,2.723688182855664,0.0,0.9999999999999987,1.0,1.0,0.39393812306272263,-42.7408182448714,TWAP,,1
DOGE,doge_q500000,500000.0,4320,3500.0,0.1,buy,TWAP,2026-01-13_steps_5s.parquet,/Users/jackfletcher/Desktop/FYP_Data/Replay_5s_DOGE/January/2026-01-13_steps_5s.parquet,1052,4320,-4.511890165628266e-05,500000.00000000093,0.13783747842369387,0.136785,3.085794481527319,0.0,1.0000000000000018,1.0,1.0,0.4511890165628276,76.94399412902592,TWAP,,2
DOGE,doge_q500000,500000.0,4320,3500.0,0.1,buy,TWAP,2026-01-23_steps_5s.parquet,/Users/jackfletcher/Desktop/FYP_Data/Replay_5s_DOGE/January/2026-01-23_steps_5s.parquet,1350,4320,-5.4050822233041974e-05,499999.9999999997,0.1253866808171081,0.125125,3.3815545659546933,0.0,0.9999999999999994,1.0,1.0,0.5405082223304205,20.913551816832573,TWAP,,3
DOGE,doge_q500000,500000.0,4320,3500.0,0.1,buy,TWAP,2026-01-18_steps_5s.parquet,/Users/jackfletcher/Desktop/FYP_Data/Replay_5s_DOGE/January/2026-01-18_steps_5s.parquet,1398,4320,-4.1804271302329054e-05,500000.00000000146,0.13723420244288242,0.13699,2.863383562853043,0.0,1.0000000000000029,1.0,1.0,0.41804271302329266,17.82629702039741,TWAP,,4
DOGE,doge_q500000,500000.0,4320,3500.0,0.1,buy,TWAP,2026-01-20_steps_5s.parquet,/Users/jackfletcher/Desktop/FYP_Data/Replay_5s_DOGE/January/2026-01-20_steps_5s.parquet,12107,4320,-7.573927181071187e-05,499999.99999999994,0.12395022844182205,0.123665,4.683148524235829,0.0,0.9999999999999999,1.0,1.0,0.7573927181071167,23.064605330695805,TWAP,,5
DOGE,doge_q500000,500000.0,4320,3500.0,0.1,buy,TWAP,2026-01-11_steps_5s.parquet,/Users/jackfletcher/Desktop/FYP_Data/Replay_5s_DOGE/January/2026-01-11_steps_5s.parquet,7696,4320,-5.337323603781761e-05,499999.9999999991,0.1399930661772764,0.13997500000000002,3.7354593571967647,0.0,0.9999999999999982,1.0,1.0,0.5337323603781767,1.2906717111177906,TWAP,,6
DOGE,doge_q500000,500000.0,4320,3500.0,0.1,buy,TWAP,2026-01-17_steps_5s.parquet,/Users/jackfletcher/Desktop/FYP_Data/Replay_5s_DOGE/January/2026-01-17_steps_5s.parquet,2505,4320,-3.9240370656002754e-05,500000.00000000023,0.13748169721336337,0.137735,2.702386226152264,0.0,1.0000000000000004,1.0,1.0,0.3924037065600267,-18.390589656705103,TWAP,,7
DOGE,doge_q500000,500000.0,4320,3500.0,0.1,buy,TWAP,2026-01-31_steps_5s.parquet,/Users/jackfletcher/Desktop/FYP_Data/Replay_5s_DOGE/January/2026-01-31_steps_5s.parquet,4432,4320,-6.794432242936916e-05,500000.0000000005,0.1124551543086305,0.114565,3.8920206495603367,0.0,1.000000000000001,1.0,1.0,0.6794432242936912,-184.1614534429802,TWAP,,8
DOGE,doge_q500000,500000.0,4320,3500.0,0.1,buy,TWAP,2026-01-15_steps_5s.parquet,/Users/jackfletcher/Desktop/FYP_Data/Replay_5s_DOGE/January/2026-01-15_steps_5s.parquet,172,4320,-5.951749837738038e-05,500000.00000000064,0.14429002276430872,0.14712,4.3781071806400815,0.0,1.0000000000000013,1.0,1.0,0.5951749837738012,-192.35843091974465,TWAP,,9
DOGE,doge_q500000,500000.0,4320,3500.0,0.1,buy,DOGE_PPO_1,2026-01-17_steps_5s.parquet,/Users/jackfletcher/Desktop/FYP_Data/Replay_5s_DOGE/January/2026-01-17_steps_5s.parquet,4382,245,-6.407906698658553e-05,499999.9999999999,0.13747103448664771,0.137525,4.406236843665082,6.264940853652055e-13,0.9999999999999998,1.0,0.0,0.6407906698658544,-3.924051143595293,DOGE_S2B1_lr0.0003_clip0.2_ent0.01_ep4_bs16_cl32_gamma0.999_lam0.95_seed1_H4320_Q3e+06_pov0.1_fee0,checkpoints/DOGE/DOGE_S2B1_lr0.0003_clip0.2_ent0.01_ep4_bs16_cl32_gamma0.999_lam0.95_seed1_H4320_Q3e+06_pov0.1_fee0/best.weights.h5,0
DOGE,doge_q500000,500000.0,4320,3500.0,0.1,buy,DOGE_PPO_1,2026-01-17_steps_5s.parquet,/Users/jackfletcher/Desktop/FYP_Data/Replay_5s_DOGE/January/2026-01-17_steps_5s.parquet,745,253,-5.699963416349924e-05,500000.0000000002,0.13832748556593646,0.13828000000000001,3.94095470606433,9.105836729041613e-13,1.0000000000000004,1.0,0.0,0.5699963416349914,3.434015471250388,DOGE_S2B1_lr0.0003_clip0.2_ent0.01_ep4_bs16_cl32_gamma0.999_lam0.95_seed1_H4320_Q3e+06_pov0.1_fee0,checkpoints/DOGE/DOGE_S2B1_lr0.0003_clip0.2_ent0.01_ep4_bs16_cl32_gamma0.999_lam0.95_seed1_H4320_Q3e+06_pov0.1_fee0/best.weights.h5,1
DOGE,doge_q500000,500000.0,4320,3500.0,0.1,buy,DOGE_PPO_1,2026-01-13_steps_5s.parquet,/Users/jackfletcher/Desktop/FYP_Data/Replay_5s_DOGE/January/2026-01-13_steps_5s.parquet,1052,294,-6.22213694542831e-05,500000.00000000006,0.13656854154632547,0.136785,4.255475010402056,8.252442059393863e-13,1.0000000000000002,1.0,0.0,0.6222136945428309,-15.824721546552425,DOGE_S2B1_lr0.0003_clip0.2_ent0.01_ep4_bs16_cl32_gamma0.999_lam0.95_seed1_H4320_Q3e+06_pov0.1_fee0,checkpoints/DOGE/DOGE_S2B1_lr0.0003_clip0.2_ent0.01_ep4_bs16_cl32_gamma0.999_lam0.95_seed1_H4320_Q3e+06_pov0.1_fee0/best.weights.h5,2
DOGE,doge_q500000,500000.0,4320,3500.0,0.1,buy,DOGE_PPO_1,2026-01-23_steps_5s.parquet,/Users/jackfletcher/Desktop/FYP_Data/Replay_5s_DOGE/January/2026-01-23_steps_5s.parquet,1350,254,-7.670181472597861e-05,500000.00000000006,0.12521764820699102,0.125125,4.798657283794034,5.698393145563331e-13,1.0000000000000002,1.0,0.0,0.7670181472597857,7.404452107175717,DOGE_S2B1_lr0.0003_clip0.2_ent0.01_ep4_bs16_cl32_gamma0.999_lam0.95_seed1_H4320_Q3e+06_pov0.1_fee0,checkpoints/DOGE/DOGE_S2B1_lr0.0003_clip0.2_ent0.01_ep4_bs16_cl32_gamma0.999_lam0.95_seed1_H4320_Q3e+06_pov0.1_fee0/best.weights.h5,3
DOGE,doge_q500000,500000.0,4320,3500.0,0.1,buy,DOGE_PPO_1,2026-01-18_steps_5s.parquet,/Users/jackfletcher/Desktop/FYP_Data/Replay_5s_DOGE/January/2026-01-18_steps_5s.parquet,1398,273,-8.727818183911396e-05,500000.0,0.1372422940559948,0.13699,5.978119065070115,9.782467399983019e-13,1.0,1.0,0.0,0.8727818183911402,18.41696882946245,DOGE_S2B1_lr0.0003_clip0.2_ent0.01_ep4_bs16_cl32_gamma0.999_lam0.95_seed1_H4320_Q3e+06_pov0.1_fee0,checkpoints/DOGE/DOGE_S2B1_lr0.0003_clip0.2_ent0.01_ep4_bs16_cl32_gamma0.999_lam0.95_seed1_H4320_Q3e+06_pov0.1_fee0/best.weights.h5,4
DOGE,doge_q500000,500000.0,4320,3500.0,0.1,buy,DOGE_PPO_1,2026-01-20_steps_5s.parquet,/Users/jackfletcher/Desktop/FYP_Data/Replay_5s_DOGE/January/2026-01-20_steps_5s.parquet,12107,434,-8.764829977175788e-05,500000.0000000002,0.12425479283316959,0.123665,5.419513495637215,6.157736087251306e-13,1.0000000000000004,1.0,0.0,0.8764829977175782,47.692785603816326,DOGE_S2B1_lr0.0003_clip0.2_ent0.01_ep4_bs16_cl32_gamma0.999_lam0.95_seed1_H4320_Q3e+06_pov0.1_fee0,checkpoints/DOGE/DOGE_S2B1_lr0.0003_clip0.2_ent0.01_ep4_bs16_cl32_gamma0.999_lam0.95_seed1_H4320_Q3e+06_pov0.1_fee0/best.weights.h5,5
DOGE,doge_q500000,500000.0,4320,3500.0,0.1,buy,DOGE_PPO_1,2026-01-11_steps_5s.parquet,/Users/jackfletcher/Desktop/FYP_Data/Replay_5s_DOGE/January/2026-01-11_steps_5s.parquet,7696,263,-5.599702056258993e-05,500000.0000000002,0.1399398981910077,0.13997500000000002,3.919091476624263,5.315707597816801e-13,1.0000000000000004,1.0,0.0,0.5599702056258993,-2.507719878001584,DOGE_S2B1_lr0.0003_clip0.2_ent0.01_ep4_bs16_cl32_gamma0.999_lam0.95_seed1_H4320_Q3e+06_pov0.1_fee0,checkpoints/DOGE/DOGE_S2B1_lr0.0003_clip0.2_ent0.01_ep4_bs16_cl32_gamma0.999_lam0.95_seed1_H4320_Q3e+06_pov0.1_fee0/best.weights.h5,6
DOGE,doge_q500000,500000.0,4320,3500.0,0.1,buy,DOGE_PPO_1,2026-01-17_steps_5s.parquet,/Users/jackfletcher/Desktop/FYP_Data/Replay_5s_DOGE/January/2026-01-17_steps_5s.parquet,2505,239,-5.2579610115319946e-05,500000.0,0.1374809482836363,0.137735,3.6210262996167932,6.443665204722676e-13,1.0,1.0,0.0,0.5257961011531991,-18.44496434193892,DOGE_S2B1_lr0.0003_clip0.2_ent0.01_ep4_bs16_cl32_gamma0.999_lam0.95_seed1_H4320_Q3e+06_pov0.1_fee0,checkpoints/DOGE/DOGE_S2B1_lr0.0003_clip0.2_ent0.01_ep4_bs16_cl32_gamma0.999_lam0.95_seed1_H4320_Q3e+06_pov0.1_fee0/best.weights.h5,7
DOGE,doge_q500000,500000.0,4320,3500.0,0.1,buy,DOGE_PPO_1,2026-01-31_steps_5s.parquet,/Users/jackfletcher/Desktop/FYP_Data/Replay_5s_DOGE/January/2026-01-31_steps_5s.parquet,4432,322,-8.494310451813162e-05,500000.0000000004,0.11438148633784359,0.114565,4.865753384559877,9.067929000898501e-13,1.0000000000000009,1.0,0.0,0.8494310451813167,-16.01830071631033,DOGE_S2B1_lr0.0003_clip0.2_ent0.01_ep4_bs16_cl32_gamma0.999_lam0.95_seed1_H4320_Q3e+06_pov0.1_fee0,checkpoints/DOGE/DOGE_S2B1_lr0.0003_clip0.2_ent0.01_ep4_bs16_cl32_gamma0.999_lam0.95_seed1_H4320_Q3e+06_pov0.1_fee0/best.weights.h5,8
DOGE,doge_q500000,500000.0,4320,3500.0,0.1,buy,DOGE_PPO_1,2026-01-15_steps_5s.parquet,/Users/jackfletcher/Desktop/FYP_Data/Replay_5s_DOGE/January/2026-01-15_steps_5s.parquet,172,310,-0.0001295685390780265,500000.00000000006,0.14686924656723566,0.14712,9.531061734579644,6.533977749351363e-13,1.0000000000000002,1.0,0.0,1.295685390780267,-17.044143064460616,DOGE_S2B1_lr0.0003_clip0.2_ent0.01_ep4_bs16_cl32_gamma0.999_lam0.95_seed1_H4320_Q3e+06_pov0.1_fee0,checkpoints/DOGE/DOGE_S2B1_lr0.0003_clip0.2_ent0.01_ep4_bs16_cl32_gamma0.999_lam0.95_seed1_H4320_Q3e+06_pov0.1_fee0/best.weights.h5,9
DOGE,doge_q500000,500000.0,4320,3500.0,0.1,buy,DOGE_PPO_2,2026-01-17_steps_5s.parquet,/Users/jackfletcher/Desktop/FYP_Data/Replay_5s_DOGE/January/2026-01-17_steps_5s.parquet,4382,238,-6.407705100362971e-05,499999.99999999994,0.13747103623985432,0.137525,4.406098219637081,7.042873248079416e-13,0.9999999999999999,1.0,0.0,0.640770510036296,-3.923923660838873,DOGE_S2B2_lr0.0003_clip0.2_ent0.005_ep4_bs16_cl32_gamma0.999_lam0.95_seed1_H4320_Q3e+06_pov0.1_fee0,checkpoints/DOGE/DOGE_S2B2_lr0.0003_clip0.2_ent0.005_ep4_bs16_cl32_gamma0.999_lam0.95_seed1_H4320_Q3e+06_pov0.1_fee0/best.weights.h5,0
DOGE,doge_q500000,500000.0,4320,3500.0,0.1,buy,DOGE_PPO_2,2026-01-17_steps_5s.parquet,/Users/jackfletcher/Desktop/FYP_Data/Replay_5s_DOGE/January/2026-01-17_steps_5s.parquet,745,249,-5.699625872806288e-05,500000.00000000023,0.13832748225499544,0.13828000000000001,3.940721328458261,8.00414601433281e-13,1.0000000000000004,1.0,0.0,0.5699625872806279,3.4337760338030816,DOGE_S2B2_lr0.0003_clip0.2_ent0.005_ep4_bs16_cl32_gamma0.999_lam0.95_seed1_H4320_Q3e+06_pov0.1_fee0,checkpoints/DOGE/DOGE_S2B2_lr0.0003_clip0.2_ent0.005_ep4_bs16_cl32_gamma0.999_lam0.95_seed1_H4320_Q3e+06_pov0.1_fee0/best.weights.h5,1
DOGE,doge_q500000,500000.0,4320,3500.0,0.1,buy,DOGE_PPO_2,2026-01-13_steps_5s.parquet,/Users/jackfletcher/Desktop/FYP_Data/Replay_5s_DOGE/January/2026-01-13_steps_5s.parquet,1052,290,-6.225323516134575e-05,500000.0,0.13656851812938667,0.136785,4.257654385772334,6.161629572870745e-13,1.0,1.0,0.0,0.6225323516134567,-15.826433498798995,DOGE_S2B2_lr0.0003_clip0.2_ent0.005_ep4_bs16_cl32_gamma0.999_lam0.95_seed1_H4320_Q3e+06_pov0.1_fee0,checkpoints/DOGE/DOGE_S2B2_lr0.0003_clip0.2_ent0.005_ep4_bs16_cl32_gamma0.999_lam0.95_seed1_H4320_Q3e+06_pov0.1_fee0/best.weights.h5,2
DOGE,doge_q500000,500000.0,4320,3500.0,0.1,buy,DOGE_PPO_2,2026-01-23_steps_5s.parquet,/Users/jackfletcher/Desktop/FYP_Data/Replay_5s_DOGE/January/2026-01-23_steps_5s.parquet,1350,247,-7.674360736012317e-05,500000.00000000006,0.12521766962799025,0.125125,4.801271935467703,5.677389340009677e-13,1.0000000000000002,1.0,0.0,0.7674360736012313,7.406164075145701,DOGE_S2B2_lr0.0003_clip0.2_ent0.005_ep4_bs16_cl32_gamma0.999_lam0.95_seed1_H4320_Q3e+06_pov0.1_fee0,checkpoints/DOGE/DOGE_S2B2_lr0.0003_clip0.2_ent0.005_ep4_bs16_cl32_gamma0.999_lam0.95_seed1_H4320_Q3e+06_pov0.1_fee0/best.weights.h5,3
DOGE,doge_q500000,500000.0,4320,3500.0,0.1,buy,DOGE_PPO_2,2026-01-18_steps_5s.parquet,/Users/jackfletcher/Desktop/FYP_Data/Replay_5s_DOGE/January/2026-01-18_steps_5s.parquet,1398,268,-8.731272622166041e-05,500000.0000000003,0.13724230206146187,0.13699,5.980485182552638,6.258112925086381e-13,1.0000000000000007,1.0,0.0,0.8731272622166053,18.417553212779996,DOGE_S2B2_lr0.0003_clip0.2_ent0.005_ep4_bs16_cl32_gamma0.999_lam0.95_seed1_H4320_Q3e+06_pov0.1_fee0,checkpoints/DOGE/DOGE_S2B2_lr0.0003_clip0.2_ent0.005_ep4_bs16_cl32_gamma0.999_lam0.95_seed1_H4320_Q3e+06_pov0.1_fee0/best.weights.h5,4
DOGE,doge_q500000,500000.0,4320,3500.0,0.1,buy,DOGE_PPO_2,2026-01-20_steps_5s.parquet,/Users/jackfletcher/Desktop/FYP_Data/Replay_5s_DOGE/January/2026-01-20_steps_5s.parquet,12107,424,-8.76455104925248e-05,500000.00000000006,0.12425479045750597,0.123665,5.4193410275290415,6.429128357565101e-13,1.0000000000000002,1.0,0.0,0.8764551049252483,47.692593499047454,DOGE_S2B2_lr0.0003_clip0.2_ent0.005_ep4_bs16_cl32_gamma0.999_lam0.95_seed1_H4320_Q3e+06_pov0.1_fee0,checkpoints/DOGE/DOGE_S2B2_lr0.0003_clip0.2_ent0.005_ep4_bs16_cl32_gamma0.999_lam0.95_seed1_H4320_Q3e+06_pov0.1_fee0/best.weights.h5,5
DOGE,doge_q500000,500000.0,4320,3500.0,0.1,buy,DOGE_PPO_2,2026-01-11_steps_5s.parquet,/Users/jackfletcher/Desktop/FYP_Data/Replay_5s_DOGE/January/2026-01-11_steps_5s.parquet,7696,256,-5.601815035686054e-05,500000.0000000001,0.13993990216558536,0.13997500000000002,3.920570298100777,8.676602567816655e-13,1.0000000000000002,1.0,0.0,0.5601815035686053,-2.507435928891601,DOGE_S2B2_lr0.0003_clip0.2_ent0.005_ep4_bs16_cl32_gamma0.999_lam0.95_seed1_H4320_Q3e+06_pov0.1_fee0,checkpoints/DOGE/DOGE_S2B2_lr0.0003_clip0.2_ent0.005_ep4_bs16_cl32_gamma0.999_lam0.95_seed1_H4320_Q3e+06_pov0.1_fee0/best.weights.h5,6
DOGE,doge_q500000,500000.0,4320,3500.0,0.1,buy,DOGE_PPO_2,2026-01-17_steps_5s.parquet,/Users/jackfletcher/Desktop/FYP_Data/Replay_5s_DOGE/January/2026-01-17_steps_5s.parquet,2505,232,-5.259374391440553e-05,500000.0000000001,0.13748094154615662,0.137735,3.6219996590253194,9.705650305641317e-13,1.0000000000000002,1.0,0.0,0.5259374391440548,-18.445453504438305,DOGE_S2B2_lr0.0003_clip0.2_ent0.005_ep4_bs16_cl32_gamma0.999_lam0.95_seed1_H4320_Q3e+06_pov0.1_fee0,checkpoints/DOGE/DOGE_S2B2_lr0.0003_clip0.2_ent0.005_ep4_bs16_cl32_gamma0.999_lam0.95_seed1_H4320_Q3e+06_pov0.1_fee0/best.weights.h5,7
DOGE,doge_q500000,500000.0,4320,3500.0,0.1,buy,DOGE_PPO_2,2026-01-31_steps_5s.parquet,/Users/jackfletcher/Desktop/FYP_Data/Replay_5s_DOGE/January/2026-01-31_steps_5s.parquet,4432,315,-8.493160810891192e-05,500000.0000000004,0.11438150281563668,0.114565,4.865094841498747,6.302395584896853e-13,1.0000000000000009,1.0,0.0,0.8493160810891192,-16.016862424241346,DOGE_S2B2_lr0.0003_clip0.2_ent0.005_ep4_bs16_cl32_gamma0.999_lam0.95_seed1_H4320_Q3e+06_pov0.1_fee0,checkpoints/DOGE/DOGE_S2B2_lr0.0003_clip0.2_ent0.005_ep4_bs16_cl32_gamma0.999_lam0.95_seed1_H4320_Q3e+06_pov0.1_fee0/best.weights.h5,8
DOGE,doge_q500000,500000.0,4320,3500.0,0.1,buy,DOGE_PPO_2,2026-01-15_steps_5s.parquet,/Users/jackfletcher/Desktop/FYP_Data/Replay_5s_DOGE/January/2026-01-15_steps_5s.parquet,172,303,-0.00012955422887718203,500000.0,0.14686924873435833,0.14712,9.530009076205522,5.977524976050572e-13,1.0,1.0,0.0,1.295542288771822,-17.04399576139674,DOGE_S2B2_lr0.0003_clip0.2_ent0.005_ep4_bs16_cl32_gamma0.999_lam0.95_seed1_H4320_Q3e+06_pov0.1_fee0,checkpoints/DOGE/DOGE_S2B2_lr0.0003_clip0.2_ent0.005_ep4_bs16_cl32_gamma0.999_lam0.95_seed1_H4320_Q3e+06_pov0.1_fee0/best.weights.h5,9
DOGE,doge_q500000,500000.0,4320,3500.0,0.1,buy,DOGE_PPO_3,2026-01-17_steps_5s.parquet,/Users/jackfletcher/Desktop/FYP_Data/Replay_5s_DOGE/January/2026-01-17_steps_5s.parquet,4382,243,-6.407950113657487e-05,500000.0,0.13747103377994352,0.137525,4.406266696903721,6.567274466401061e-13,1.0,1.0,0.0,0.6407950113657475,-3.924102530920882,DOGE_S2B1_lr0.0003_clip0.2_ent0.01_ep4_bs16_cl32_gamma0.99_lam0.9_seed1_H4320_Q3e+06_pov0.1_fee0,checkpoints/DOGE/DOGE_S2B1_lr0.0003_clip0.2_ent0.01_ep4_bs16_cl32_gamma0.99_lam0.9_seed1_H4320_Q3e+06_pov0.1_fee0/best.weights.h5,0
DOGE,doge_q500000,500000.0,4320,3500.0,0.1,buy,DOGE_PPO_3,2026-01-17_steps_5s.parquet,/Users/jackfletcher/Desktop/FYP_Data/Replay_5s_DOGE/January/2026-01-17_steps_5s.parquet,745,253,-5.699719161046039e-05,500000.00000000023,0.13832747857173522,0.13828000000000001,3.9407858279472237,9.827572257874781e-13,1.0000000000000004,1.0,0.0,0.5699719161046028,3.4335096713338458,DOGE_S2B1_lr0.0003_clip0.2_ent0.01_ep4_bs16_cl32_gamma0.99_lam0.9_seed1_H4320_Q3e+06_pov0.1_fee0,checkpoints/DOGE/DOGE_S2B1_lr0.0003_clip0.2_ent0.01_ep4_bs16_cl32_gamma0.99_lam0.9_seed1_H4320_Q3e+06_pov0.1_fee0/best.weights.h5,1
DOGE,doge_q500000,500000.0,4320,3500.0,0.1,buy,DOGE_PPO_3,2026-01-13_steps_5s.parquet,/Users/jackfletcher/Desktop/FYP_Data/Replay_5s_DOGE/January/2026-01-13_steps_5s.parquet,1052,294,-6.220039286830098e-05,500000.0,0.13656854567208465,0.136785,4.254040369245269,8.906264747279021e-13,1.0,1.0,0.0,0.6220039286830089,-15.824419922896414,DOGE_S2B1_lr0.0003_clip0.2_ent0.01_ep4_bs16_cl32_gamma0.99_lam0.9_seed1_H4320_Q3e+06_pov0.1_fee0,checkpoints/DOGE/DOGE_S2B1_lr0.0003_clip0.2_ent0.01_ep4_bs16_cl32_gamma0.99_lam0.9_seed1_H4320_Q3e+06_pov0.1_fee0/best.weights.h5,2
DOGE,doge_q500000,500000.0,4320,3500.0,0.1,buy,DOGE_PPO_3,2026-01-23_steps_5s.parquet,/Users/jackfletcher/Desktop/FYP_Data/Replay_5s_DOGE/January/2026-01-23_steps_5s.parquet,1350,255,-7.670159590821833e-05,499999.99999999994,0.12521764783101205,0.125125,4.798643594007906,5.816640430906154e-13,0.9999999999999999,1.0,0.0,0.7670159590821829,7.4044220589063725,DOGE_S2B1_lr0.0003_clip0.2_ent0.01_ep4_bs16_cl32_gamma0.99_lam0.9_seed1_H4320_Q3e+06_pov0.1_fee0,checkpoints/DOGE/DOGE_S2B1_lr0.0003_clip0.2_ent0.01_ep4_bs16_cl32_gamma0.99_lam0.9_seed1_H4320_Q3e+06_pov0.1_fee0/best.weights.h5,3
DOGE,doge_q500000,500000.0,4320,3500.0,0.1,buy,DOGE_PPO_3,2026-01-18_steps_5s.parquet,/Users/jackfletcher/Desktop/FYP_Data/Replay_5s_DOGE/January/2026-01-18_steps_5s.parquet,1398,273,-8.72721099998721e-05,500000.0,0.13724229144670044,0.13699,5.977703174441245,6.93906206323464e-13,1.0,1.0,0.0,0.8727210999987218,18.41677835611667,DOGE_S2B1_lr0.0003_clip0.2_ent0.01_ep4_bs16_cl32_gamma0.99_lam0.9_seed1_H4320_Q3e+06_pov0.1_fee0,checkpoints/DOGE/DOGE_S2B1_lr0.0003_clip0.2_ent0.01_ep4_bs16_cl32_gamma0.99_lam0.9_seed1_H4320_Q3e+06_pov0.1_fee0/best.weights.h5,4
DOGE,doge_q500000,500000.0,4320,3500.0,0.1,buy,DOGE_PPO_3,2026-01-20_steps_5s.parquet,/Users/jackfletcher/Desktop/FYP_Data/Replay_5s_DOGE/January/2026-01-20_steps_5s.parquet,12107,423,-8.76444377840327e-05,499999.9999999999,0.12425480047846942,0.123665,5.419274699281195,7.744195007910209e-13,0.9999999999999998,1.0,0.0,0.8764443778403259,47.693403830462806,DOGE_S2B1_lr0.0003_clip0.2_ent0.01_ep4_bs16_cl32_gamma0.99_lam0.9_seed1_H4320_Q3e+06_pov0.1_fee0,checkpoints/DOGE/DOGE_S2B1_lr0.0003_clip0.2_ent0.01_ep4_bs16_cl32_gamma0.99_lam0.9_seed1_H4320_Q3e+06_pov0.1_fee0/best.weights.h5,5
DOGE,doge_q500000,500000.0,4320,3500.0,0.1,buy,DOGE_PPO_3,2026-01-11_steps_5s.parquet,/Users/jackfletcher/Desktop/FYP_Data/Replay_5s_DOGE/January/2026-01-11_steps_5s.parquet,7696,261,-5.59938607436595e-05,500000.0,0.13993989773812468,0.13997500000000002,3.91887032879687,5.811826838882836e-13,1.0,1.0,0.0,0.559938607436595,-2.5077522325655326,DOGE_S2B1_lr0.0003_clip0.2_ent0.01_ep4_bs16_cl32_gamma0.99_lam0.9_seed1_H4320_Q3e+06_pov0.1_fee0,checkpoints/DOGE/DOGE_S2B1_lr0.0003_clip0.2_ent0.01_ep4_bs16_cl32_gamma0.99_lam0.9_seed1_H4320_Q3e+06_pov0.1_fee0/best.weights.h5,6
DOGE,doge_q500000,500000.0,4320,3500.0,0.1,buy,DOGE_PPO_3,2026-01-17_steps_5s.parquet,/Users/jackfletcher/Desktop/FYP_Data/Replay_5s_DOGE/January/2026-01-17_steps_5s.parquet,2505,238,-5.2575387689838366e-05,499999.9999999997,0.13748094824687193,0.137735,3.620735511729942,7.622369952059724e-13,0.9999999999999994,1.0,0.0,0.5257538768983834,-18.444967011149313,DOGE_S2B1_lr0.0003_clip0.2_ent0.01_ep4_bs16_cl32_gamma0.99_lam0.9_seed1_H4320_Q3e+06_pov0.1_fee0,checkpoints/DOGE/DOGE_S2B1_lr0.0003_clip0.2_ent0.01_ep4_bs16_cl32_gamma0.99_lam0.9_seed1_H4320_Q3e+06_pov0.1_fee0/best.weights.h5,7
DOGE,doge_q500000,500000.0,4320,3500.0,0.1,buy,DOGE_PPO_3,2026-01-31_steps_5s.parquet,/Users/jackfletcher/Desktop/FYP_Data/Replay_5s_DOGE/January/2026-01-31_steps_5s.parquet,4432,315,-8.49292187843679e-05,500000.0000000004,0.11438143888386389,0.114565,4.864957975015555,5.784000355508229e-13,1.0000000000000009,1.0,0.0,0.8492921878436791,-16.022442817275202,DOGE_S2B1_lr0.0003_clip0.2_ent0.01_ep4_bs16_cl32_gamma0.99_lam0.9_seed1_H4320_Q3e+06_pov0.1_fee0,checkpoints/DOGE/DOGE_S2B1_lr0.0003_clip0.2_ent0.01_ep4_bs16_cl32_gamma0.99_lam0.9_seed1_H4320_Q3e+06_pov0.1_fee0/best.weights.h5,8
DOGE,doge_q500000,500000.0,4320,3500.0,0.1,buy,DOGE_PPO_3,2026-01-15_steps_5s.parquet,/Users/jackfletcher/Desktop/FYP_Data/Replay_5s_DOGE/January/2026-01-15_steps_5s.parquet,172,303,-0.00012951834514266056,500000.00000000006,0.14686926005801185,0.14712,9.527369468694113,8.331193889765291e-13,1.0000000000000002,1.0,0.0,1.2951834514266058,-17.04322607314804,DOGE_S2B1_lr0.0003_clip0.2_ent0.01_ep4_bs16_cl32_gamma0.99_lam0.9_seed1_H4320_Q3e+06_pov0.1_fee0,checkpoints/DOGE/DOGE_S2B1_lr0.0003_clip0.2_ent0.01_ep4_bs16_cl32_gamma0.99_lam0.9_seed1_H4320_Q3e+06_pov0.1_fee0/best.weights.h5,9
DOGE,doge_q1e+06,1000000.0,4320,3500.0,0.1,buy,TWAP,2026-01-21_steps_5s.parquet,/Users/jackfletcher/Desktop/FYP_Data/Replay_5s_DOGE/January/2026-01-21_steps_5s.parquet,4407,4320,-6.099613545126016e-05,1000000.0000000076,0.12471267751775275,0.12574000000000002,7.6696540716414505,0.0,1.0000000000000075,1.0,1.0,0.6099613545126014,-81.70212201743811,TWAP,,0
DOGE,doge_q1e+06,1000000.0,4320,3500.0,0.1,buy,TWAP,2026-01-08_steps_5s.parquet,/Users/jackfletcher/Desktop/FYP_Data/Replay_5s_DOGE/January/2026-01-08_steps_5s.parquet,10297,4320,-6.366737343468483e-05,1000000.0000000022,0.14161882501338485,0.13966,8.891785373888089,0.0,1.0000000000000022,1.0,1.0,0.6366737343468487,140.2566957886901,TWAP,,1
DOGE,doge_q1e+06,1000000.0,4320,3500.0,0.1,buy,TWAP,2026-01-18_steps_5s.parquet,/Users/jackfletcher/Desktop/FYP_Data/Replay_5s_DOGE/January/2026-01-18_steps_5s.parquet,856,4320,-4.515390118599332e-05,1000000.000000001,0.13726725007852758,0.137355,6.202114097402087,0.0,1.000000000000001,1.0,1.0,0.45153901185993134,-6.388549486543935,TWAP,,2
DOGE,doge_q1e+06,1000000.0,4320,3500.0,0.1,buy,TWAP,2026-01-10_steps_5s.parquet,/Users/jackfletcher/Desktop/FYP_Data/Replay_5s_DOGE/January/2026-01-10_steps_5s.parquet,3263,4320,-4.010566282619475e-05,999999.9999999976,0.1400866120487626,0.139875,5.609779587814001,0.0,0.9999999999999976,1.0,1.0,0.4010566282619482,15.128654067031635,TWAP,,3
DOGE,doge_q1e+06,1000000.0,4320,3500.0,0.1,buy,TWAP,2026-01-28_steps_5s.parquet,/Users/jackfletcher/Desktop/FYP_Data/Replay_5s_DOGE/January/2026-01-28_steps_5s.parquet,9699,4320,-7.043845213426295e-05,1000000.000000001,0.12498211252170335,0.12632,8.897785273600112,0.0,1.000000000000001,1.0,1.0,0.7043845213426309,-105.91256161309646,TWAP,,4
DOGE,doge_q1e+06,1000000.0,4320,3500.0,0.1,buy,TWAP,2026-01-12_steps_5s.parquet,/Users/jackfletcher/Desktop/FYP_Data/Replay_5s_DOGE/January/2026-01-12_steps_5s.parquet,5349,4320,-5.171898761371257e-05,1000000.000000003,0.1369519525758124,0.13925500000000002,7.202127620147545,0.0,1.000000000000003,1.0,1.0,0.5171898761371257,-165.38346373111227,TWAP,,5
DOGE,doge_q1e+06,1000000.0,4320,3500.0,0.1,buy,TWAP,2026-01-20_steps_5s.parquet,/Users/jackfletcher/Desktop/FYP_Data/Replay_5s_DOGE/January/2026-01-20_steps_5s.parquet,9376,4320,-9.274853922211466e-05,1000000.0000000027,0.12473182420957725,0.12578,11.665911263357588,0.0,1.0000000000000027,1.0,1.0,0.927485392221147,-83.33405870748555,TWAP,,6
DOGE,doge_q1e+06,1000000.0,4320,3500.0,0.1,buy,TWAP,2026-01-27_steps_5s.parquet,/Users/jackfletcher/Desktop/FYP_Data/Replay_5s_DOGE/January/2026-01-27_steps_5s.parquet,668,4320,-6.600852682745427e-05,999999.9999999984,0.12270168384633108,0.122285,8.071852703095225,0.0,0.9999999999999983,1.0,1.0,0.660085268274541,34.07481263696084,TWAP,,7
DOGE,doge_q1e+06,1000000.0,4320,3500.0,0.1,buy,TWAP,2026-01-11_steps_5s.parquet,/Users/jackfletcher/Desktop/FYP_Data/Replay_5s_DOGE/January/2026-01-11_steps_5s.parquet,10543,4320,-4.72557065818469e-05,1000000.000000003,0.13859486415287123,0.140595,6.64391606687477,0.0,1.000000000000003,1.0,1.0,0.4725570658184694,-142.26223173859455,TWAP,,8
DOGE,doge_q1e+06,1000000.0,4320,3500.0,0.1,buy,TWAP,2026-01-19_steps_5s.parquet,/Users/jackfletcher/Desktop/FYP_Data/Replay_5s_DOGE/January/2026-01-19_steps_5s.parquet,4001,4320,-5.473614693052307e-05,1000000.0000000002,0.12748070254414037,0.127295,6.967637823520916,0.0,1.0000000000000002,1.0,1.0,0.5473614693052293,14.588361219245176,TWAP,,9
DOGE,doge_q1e+06,1000000.0,4320,3500.0,0.1,buy,DOGE_PPO_1,2026-01-21_steps_5s.parquet,/Users/jackfletcher/Desktop/FYP_Data/Replay_5s_DOGE/January/2026-01-21_steps_5s.parquet,4407,491,-6.0612901565854194e-05,999999.9999999993,0.12565375187923497,0.12574000000000002,7.621466242890557,5.935399270432181e-13,0.9999999999999993,1.0,0.0,0.6061290156585459,-6.859242942981377,DOGE_S2B1_lr0.0003_clip0.2_ent0.01_ep4_bs16_cl32_gamma0.999_lam0.95_seed1_H4320_Q3e+06_pov0.1_fee0,checkpoints/DOGE/DOGE_S2B1_lr0.0003_clip0.2_ent0.01_ep4_bs16_cl32_gamma0.999_lam0.95_seed1_H4320_Q3e+06_pov0.1_fee0/best.weights.h5,0
DOGE,doge_q1e+06,1000000.0,4320,3500.0,0.1,buy,DOGE_PPO_1,2026-01-08_steps_5s.parquet,/Users/jackfletcher/Desktop/FYP_Data/Replay_5s_DOGE/January/2026-01-08_steps_5s.parquet,10297,790,-0.00010479336343087314,999999.999999999,0.13947582969953026,0.13966,14.635441136755762,9.845720091967052e-13,0.999999999999999,1.0,0.0,1.0479336343087329,-13.187047148055541,DOGE_S2B1_lr0.0003_clip0.2_ent0.01_ep4_bs16_cl32_gamma0.999_lam0.95_seed1_H4320_Q3e+06_pov0.1_fee0,checkpoints/DOGE/DOGE_S2B1_lr0.0003_clip0.2_ent0.01_ep4_bs16_cl32_gamma0.999_lam0.95_seed1_H4320_Q3e+06_pov0.1_fee0/best.weights.h5,1
DOGE,doge_q1e+06,1000000.0,4320,3500.0,0.1,buy,DOGE_PPO_1,2026-01-18_steps_5s.parquet,/Users/jackfletcher/Desktop/FYP_Data/Replay_5s_DOGE/January/2026-01-18_steps_5s.parquet,856,462,-9.071638918009916e-05,999999.9999999994,0.1374253044399752,0.137355,12.460349635832522,9.169579081093947e-13,0.9999999999999994,1.0,0.0,0.9071638918009917,5.118447815892281,DOGE_S2B1_lr0.0003_clip0.2_ent0.01_ep4_bs16_cl32_gamma0.999_lam0.95_seed1_H4320_Q3e+06_pov0.1_fee0,checkpoints/DOGE/DOGE_S2B1_lr0.0003_clip0.2_ent0.01_ep4_bs16_cl32_gamma0.999_lam0.95_seed1_H4320_Q3e+06_pov0.1_fee0/best.weights.h5,2
DOGE,doge_q1e+06,1000000.0,4320,3500.0,0.1,buy,DOGE_PPO_1,2026-01-10_steps_5s.parquet,/Users/jackfletcher/Desktop/FYP_Data/Replay_5s_DOGE/January/2026-01-10_steps_5s.parquet,3263,452,-8.374610560259211e-05,999999.9999999998,0.14005186164865346,0.139875,11.713986521162564,7.759800985192467e-13,0.9999999999999998,1.0,0.0,0.8374610560259206,12.6442644256275,DOGE_S2B1_lr0.0003_clip0.2_ent0.01_ep4_bs16_cl32_gamma0.999_lam0.95_seed1_H4320_Q3e+06_pov0.1_fee0,checkpoints/DOGE/DOGE_S2B1_lr0.0003_clip0.2_ent0.01_ep4_bs16_cl32_gamma0.999_lam0.95_seed1_H4320_Q3e+06_pov0.1_fee0/best.weights.h5,3
DOGE,doge_q1e+06,1000000.0,4320,3500.0,0.1,buy,DOGE_PPO_1,2026-01-28_steps_5s.parquet,/Users/jackfletcher/Desktop/FYP_Data/Replay_5s_DOGE/January/2026-01-28_steps_5s.parquet,9699,591,-8.395910083220008e-05,999999.999999999,0.1262017630205766,0.12632,10.605713617123563,9.635476219111163e-13,0.999999999999999,1.0,0.0,0.8395910083220047,-9.360115533834492,DOGE_S2B1_lr0.0003_clip0.2_ent0.01_ep4_bs16_cl32_gamma0.999_lam0.95_seed1_H4320_Q3e+06_pov0.1_fee0,checkpoints/DOGE/DOGE_S2B1_lr0.0003_clip0.2_ent0.01_ep4_bs16_cl32_gamma0.999_lam0.95_seed1_H4320_Q3e+06_pov0.1_fee0/best.weights.h5,4
DOGE,doge_q1e+06,1000000.0,4320,3500.0,0.1,buy,DOGE_PPO_1,2026-01-12_steps_5s.parquet,/Users/jackfletcher/Desktop/FYP_Data/Replay_5s_DOGE/January/2026-01-12_steps_5s.parquet,5349,633,-5.2642207679798104e-05,1000000.0000000005,0.13843838049509355,0.13925500000000002,7.330690630450297,7.00496410759717e-13,1.0000000000000004,1.0,0.0,0.5264220767979818,-58.64202397805955,DOGE_S2B1_lr0.0003_clip0.2_ent0.01_ep4_bs16_cl32_gamma0.999_lam0.95_seed1_H4320_Q3e+06_pov0.1_fee0,checkpoints/DOGE/DOGE_S2B1_lr0.0003_clip0.2_ent0.01_ep4_bs16_cl32_gamma0.999_lam0.95_seed1_H4320_Q3e+06_pov0.1_fee0/best.weights.h5,5
DOGE,doge_q1e+06,1000000.0,4320,3500.0,0.1,buy,DOGE_PPO_1,2026-01-20_steps_5s.parquet,/Users/jackfletcher/Desktop/FYP_Data/Replay_5s_DOGE/January/2026-01-20_steps_5s.parquet,9376,774,-7.641493938168655e-05,1000000.0000000001,0.12512746030879435,0.12578,9.611471075428543,7.088505324459356e-13,1.0000000000000002,1.0,0.0,0.7641493938168662,-51.87944754377928,DOGE_S2B1_lr0.0003_clip0.2_ent0.01_ep4_bs16_cl32_gamma0.999_lam0.95_seed1_H4320_Q3e+06_pov0.1_fee0,checkpoints/DOGE/DOGE_S2B1_lr0.0003_clip0.2_ent0.01_ep4_bs16_cl32_gamma0.999_lam0.95_seed1_H4320_Q3e+06_pov0.1_fee0/best.weights.h5,6
DOGE,doge_q1e+06,1000000.0,4320,3500.0,0.1,buy,DOGE_PPO_1,2026-01-27_steps_5s.parquet,/Users/jackfletcher/Desktop/FYP_Data/Replay_5s_DOGE/January/2026-01-27_steps_5s.parquet,668,461,-9.730653665541323e-05,1000000.0000000006,0.12215261036250236,0.122285,11.899129834907228,5.631220102090294e-13,1.0000000000000007,1.0,0.0,0.9730653665541341,-10.826318640687617,DOGE_S2B1_lr0.0003_clip0.2_ent0.01_ep4_bs16_cl32_gamma0.999_lam0.95_seed1_H4320_Q3e+06_pov0.1_fee0,checkpoints/DOGE/DOGE_S2B1_lr0.0003_clip0.2_ent0.01_ep4_bs16_cl32_gamma0.999_lam0.95_seed1_H4320_Q3e+06_pov0.1_fee0/best.weights.h5,7
DOGE,doge_q1e+06,1000000.0,4320,3500.0,0.1,buy,DOGE_PPO_1,2026-01-11_steps_5s.parquet,/Users/jackfletcher/Desktop/FYP_Data/Replay_5s_DOGE/January/2026-01-11_steps_5s.parquet,10543,563,-0.00012160044506157394,999999.9999999994,0.1405340613012447,0.140595,17.096414573431986,5.660664896280051e-13,0.9999999999999994,1.0,0.0,1.2160044506157393,-4.334343238044471,DOGE_S2B1_lr0.0003_clip0.2_ent0.01_ep4_bs16_cl32_gamma0.999_lam0.95_seed1_H4320_Q3e+06_pov0.1_fee0,checkpoints/DOGE/DOGE_S2B1_lr0.0003_clip0.2_ent0.01_ep4_bs16_cl32_gamma0.999_lam0.95_seed1_H4320_Q3e+06_pov0.1_fee0/best.weights.h5,8
DOGE,doge_q1e+06,1000000.0,4320,3500.0,0.1,buy,DOGE_PPO_1,2026-01-19_steps_5s.parquet,/Users/jackfletcher/Desktop/FYP_Data/Replay_5s_DOGE/January/2026-01-19_steps_5s.parquet,4001,584,-6.710717920372122e-05,999999.9999999995,0.12713928611239925,0.127295,8.542408376737678,6.413056923983267e-13,0.9999999999999996,1.0,0.0,0.6710717920372111,-12.232521905867841,DOGE_S2B1_lr0.0003_clip0.2_ent0.01_ep4_bs16_cl32_gamma0.999_lam0.95_seed1_H4320_Q3e+06_pov0.1_fee0,checkpoints/DOGE/DOGE_S2B1_lr0.0003_clip0.2_ent0.01_ep4_bs16_cl32_gamma0.999_lam0.95_seed1_H4320_Q3e+06_pov0.1_fee0/best.weights.h5,9
DOGE,doge_q1e+06,1000000.0,4320,3500.0,0.1,buy,DOGE_PPO_2,2026-01-21_steps_5s.parquet,/Users/jackfletcher/Desktop/FYP_Data/Replay_5s_DOGE/January/2026-01-21_steps_5s.parquet,4407,483,-6.0616794457833996e-05,999999.9999999994,0.125653751633168,0.12574000000000002,7.621955735128098,5.125504406638633e-13,0.9999999999999994,1.0,0.0,0.606167944578344,-6.859262512487687,DOGE_S2B2_lr0.0003_clip0.2_ent0.005_ep4_bs16_cl32_gamma0.999_lam0.95_seed1_H4320_Q3e+06_pov0.1_fee0,checkpoints/DOGE/DOGE_S2B2_lr0.0003_clip0.2_ent0.005_ep4_bs16_cl32_gamma0.999_lam0.95_seed1_H4320_Q3e+06_pov0.1_fee0/best.weights.h5,0
DOGE,doge_q1e+06,1000000.0,4320,3500.0,0.1,buy,DOGE_PPO_2,2026-01-08_steps_5s.parquet,/Users/jackfletcher/Desktop/FYP_Data/Replay_5s_DOGE/January/2026-01-08_steps_5s.parquet,10297,781,-0.00010481737086204578,999999.9999999988,0.1394757622634005,0.13966,14.638794014593328,7.379251608234113e-13,0.9999999999999989,1.0,0.0,1.0481737086204588,-13.19187574105022,DOGE_S2B2_lr0.0003_clip0.2_ent0.005_ep4_bs16_cl32_gamma0.999_lam0.95_seed1_H4320_Q3e+06_pov0.1_fee0,checkpoints/DOGE/DOGE_S2B2_lr0.0003_clip0.2_ent0.005_ep4_bs16_cl32_gamma0.999_lam0.95_seed1_H4320_Q3e+06_pov0.1_fee0/best.weights.h5,1
DOGE,doge_q1e+06,1000000.0,4320,3500.0,0.1,buy,DOGE_PPO_2,2026-01-18_steps_5s.parquet,/Users/jackfletcher/Desktop/FYP_Data/Replay_5s_DOGE/January/2026-01-18_steps_5s.parquet,856,455,-9.071584275692174e-05,999999.9999999992,0.13742530629633753,0.137355,12.460274581876988,7.674612634434339e-13,0.9999999999999992,1.0,0.0,0.9071584275692176,5.118582966585129,DOGE_S2B2_lr0.0003_clip0.2_ent0.005_ep4_bs16_cl32_gamma0.999_lam0.95_seed1_H4320_Q3e+06_pov0.1_fee0,checkpoints/DOGE/DOGE_S2B2_lr0.0003_clip0.2_ent0.005_ep4_bs16_cl32_gamma0.999_lam0.95_seed1_H4320_Q3e+06_pov0.1_fee0/best.weights.h5,2
DOGE,doge_q1e+06,1000000.0,4320,3500.0,0.1,buy,DOGE_PPO_2,2026-01-10_steps_5s.parquet,/Users/jackfletcher/Desktop/FYP_Data/Replay_5s_DOGE/January/2026-01-10_steps_5s.parquet,3263,448,-8.377330130654932e-05,1000000.0000000001,0.14005186654939453,0.139875,11.71779052025356,6.844895031732263e-13,1.0000000000000002,1.0,0.0,0.8377330130654914,12.64461479138714,DOGE_S2B2_lr0.0003_clip0.2_ent0.005_ep4_bs16_cl32_gamma0.999_lam0.95_seed1_H4320_Q3e+06_pov0.1_fee0,checkpoints/DOGE/DOGE_S2B2_lr0.0003_clip0.2_ent0.005_ep4_bs16_cl32_gamma0.999_lam0.95_seed1_H4320_Q3e+06_pov0.1_fee0/best.weights.h5,3
DOGE,doge_q1e+06,1000000.0,4320,3500.0,0.1,buy,DOGE_PPO_2,2026-01-28_steps_5s.parquet,/Users/jackfletcher/Desktop/FYP_Data/Replay_5s_DOGE/January/2026-01-28_steps_5s.parquet,9699,586,-8.397642032679741e-05,999999.999999999,0.1262017647019782,0.12632,10.607901415681098,9.511099423884734e-13,0.999999999999999,1.0,0.0,0.8397642032679781,-9.359982427311273,DOGE_S2B2_lr0.0003_clip0.2_ent0.005_ep4_bs16_cl32_gamma0.999_lam0.95_seed1_H4320_Q3e+06_pov0.1_fee0,checkpoints/DOGE/DOGE_S2B2_lr0.0003_clip0.2_ent0.005_ep4_bs16_cl32_gamma0.999_lam0.95_seed1_H4320_Q3e+06_pov0.1_fee0/best.weights.h5,4
DOGE,doge_q1e+06,1000000.0,4320,3500.0,0.1,buy,DOGE_PPO_2,2026-01-12_steps_5s.parquet,/Users/jackfletcher/Desktop/FYP_Data/Replay_5s_DOGE/January/2026-01-12_steps_5s.parquet,5349,623,-5.264435742491907e-05,1000000.000000001,0.13843837908508078,0.13925500000000002,7.3309899932071145,7.905161469612795e-13,1.000000000000001,1.0,0.0,0.5264435742491913,-58.64212523207364,DOGE_S2B2_lr0.0003_clip0.2_ent0.005_ep4_bs16_cl32_gamma0.999_lam0.95_seed1_H4320_Q3e+06_pov0.1_fee0,checkpoints/DOGE/DOGE_S2B2_lr0.0003_clip0.2_ent0.005_ep4_bs16_cl32_gamma0.999_lam0.95_seed1_H4320_Q3e+06_pov0.1_fee0/best.weights.h5,5
DOGE,doge_q1e+06,1000000.0,4320,3500.0,0.1,buy,DOGE_PPO_2,2026-01-20_steps_5s.parquet,/Users/jackfletcher/Desktop/FYP_Data/Replay_5s_DOGE/January/2026-01-20_steps_5s.parquet,9376,766,-7.641116553569866e-05,1000000.0,0.12512746555086857,0.12578,9.61099640108018,7.415890706450277e-13,1.0,1.0,0.0,0.7641116553569869,-51.879030778457356,DOGE_S2B2_lr0.0003_clip0.2_ent0.005_ep4_bs16_cl32_gamma0.999_lam0.95_seed1_H4320_Q3e+06_pov0.1_fee0,checkpoints/DOGE/DOGE_S2B2_lr0.0003_clip0.2_ent0.005_ep4_bs16_cl32_gamma0.999_lam0.95_seed1_H4320_Q3e+06_pov0.1_fee0/best.weights.h5,6
DOGE,doge_q1e+06,1000000.0,4320,3500.0,0.1,buy,DOGE_PPO_2,2026-01-27_steps_5s.parquet,/Users/jackfletcher/Desktop/FYP_Data/Replay_5s_DOGE/January/2026-01-27_steps_5s.parquet,668,453,-9.731187204303673e-05,1000000.0000000009,0.12215261904843502,0.122285,11.899782272782769,6.843640028140819e-13,1.0000000000000009,1.0,0.0,0.9731187204303692,-10.825608338306495,DOGE_S2B2_lr0.0003_clip0.2_ent0.005_ep4_bs16_cl32_gamma0.999_lam0.95_seed1_H4320_Q3e+06_pov0.1_fee0,checkpoints/DOGE/DOGE_S2B2_lr0.0003_clip0.2_ent0.005_ep4_bs16_cl32_gamma0.999_lam0.95_seed1_H4320_Q3e+06_pov0.1_fee0/best.weights.h5,7
DOGE,doge_q1e+06,1000000.0,4320,3500.0,0.1,buy,DOGE_PPO_2,2026-01-11_steps_5s.parquet,/Users/jackfletcher/Desktop/FYP_Data/Replay_5s_DOGE/January/2026-01-11_steps_5s.parquet,10543,557,-0.00012162299761080269,999999.9999999993,0.14053406855879894,0.140595,17.099585349090805,7.528542371613444e-13,0.9999999999999993,1.0,0.0,1.2162299761080269,-4.333827035176356,DOGE_S2B2_lr0.0003_clip0.2_ent0.005_ep4_bs16_cl32_gamma0.999_lam0.95_seed1_H4320_Q3e+06_pov0.1_fee0,checkpoints/DOGE/DOGE_S2B2_lr0.0003_clip0.2_ent0.005_ep4_bs16_cl32_gamma0.999_lam0.95_seed1_H4320_Q3e+06_pov0.1_fee0/best.weights.h5,8
DOGE,doge_q1e+06,1000000.0,4320,3500.0,0.1,buy,DOGE_PPO_2,2026-01-19_steps_5s.parquet,/Users/jackfletcher/Desktop/FYP_Data/Replay_5s_DOGE/January/2026-01-19_steps_5s.parquet,4001,578,-6.710393013082673e-05,999999.9999999995,0.12713930296866585,0.127295,8.54199478600356,9.906477834682251e-13,0.9999999999999996,1.0,0.0,0.6710393013082651,-12.231197716653437,DOGE_S2B2_lr0.0003_clip0.2_ent0.005_ep4_bs16_cl32_gamma0.999_lam0.95_seed1_H4320_Q3e+06_pov0.1_fee0,checkpoints/DOGE/DOGE_S2B2_lr0.0003_clip0.2_ent0.005_ep4_bs16_cl32_gamma0.999_lam0.95_seed1_H4320_Q3e+06_pov0.1_fee0/best.weights.h5,9
DOGE,doge_q1e+06,1000000.0,4320,3500.0,0.1,buy,DOGE_PPO_3,2026-01-21_steps_5s.parquet,/Users/jackfletcher/Desktop/FYP_Data/Replay_5s_DOGE/January/2026-01-21_steps_5s.parquet,4407,485,-6.061081219709616e-05,999999.9999999995,0.12565375160724726,0.12574000000000002,7.621203525662926,9.71481165760463e-13,0.9999999999999996,1.0,0.0,0.6061081219709659,-6.859264573942895,DOGE_S2B1_lr0.0003_clip0.2_ent0.01_ep4_bs16_cl32_gamma0.99_lam0.9_seed1_H4320_Q3e+06_pov0.1_fee0,checkpoints/DOGE/DOGE_S2B1_lr0.0003_clip0.2_ent0.01_ep4_bs16_cl32_gamma0.99_lam0.9_seed1_H4320_Q3e+06_pov0.1_fee0/best.weights.h5,0
DOGE,doge_q1e+06,1000000.0,4320,3500.0,0.1,buy,DOGE_PPO_3,2026-01-08_steps_5s.parquet,/Users/jackfletcher/Desktop/FYP_Data/Replay_5s_DOGE/January/2026-01-08_steps_5s.parquet,10297,778,-0.00010484454914086146,999999.999999999,0.13947571486413735,0.13966,14.642589733012722,6.764022731151819e-13,0.999999999999999,1.0,0.0,1.0484454914086154,-13.195269645042295,DOGE_S2B1_lr0.0003_clip0.2_ent0.01_ep4_bs16_cl32_gamma0.99_lam0.9_seed1_H4320_Q3e+06_pov0.1_fee0,checkpoints/DOGE/DOGE_S2B1_lr0.0003_clip0.2_ent0.01_ep4_bs16_cl32_gamma0.99_lam0.9_seed1_H4320_Q3e+06_pov0.1_fee0/best.weights.h5,1
DOGE,doge_q1e+06,1000000.0,4320,3500.0,0.1,buy,DOGE_PPO_3,2026-01-18_steps_5s.parquet,/Users/jackfletcher/Desktop/FYP_Data/Replay_5s_DOGE/January/2026-01-18_steps_5s.parquet,856,459,-9.071669091529406e-05,999999.9999999997,0.13742530319170787,0.137355,12.460391080670222,9.046286956989094e-13,0.9999999999999997,1.0,0.0,0.9071669091529411,5.11835693697831,DOGE_S2B1_lr0.0003_clip0.2_ent0.01_ep4_bs16_cl32_gamma0.99_lam0.9_seed1_H4320_Q3e+06_pov0.1_fee0,checkpoints/DOGE/DOGE_S2B1_lr0.0003_clip0.2_ent0.01_ep4_bs16_cl32_gamma0.99_lam0.9_seed1_H4320_Q3e+06_pov0.1_fee0/best.weights.h5,2
DOGE,doge_q1e+06,1000000.0,4320,3500.0,0.1,buy,DOGE_PPO_3,2026-01-10_steps_5s.parquet,/Users/jackfletcher/Desktop/FYP_Data/Replay_5s_DOGE/January/2026-01-10_steps_5s.parquet,3263,451,-8.375492168695705e-05,999999.9999999997,0.1400518594303348,0.139875,11.715219670963114,9.10502601697001e-13,0.9999999999999997,1.0,0.0,0.8375492168695703,12.644105832693262,DOGE_S2B1_lr0.0003_clip0.2_ent0.01_ep4_bs16_cl32_gamma0.99_lam0.9_seed1_H4320_Q3e+06_pov0.1_fee0,checkpoints/DOGE/DOGE_S2B1_lr0.0003_clip0.2_ent0.01_ep4_bs16_cl32_gamma0.99_lam0.9_seed1_H4320_Q3e+06_pov0.1_fee0/best.weights.h5,3
DOGE,doge_q1e+06,1000000.0,4320,3500.0,0.1,buy,DOGE_PPO_3,2026-01-28_steps_5s.parquet,/Users/jackfletcher/Desktop/FYP_Data/Replay_5s_DOGE/January/2026-01-28_steps_5s.parquet,9699,585,-8.396138794306258e-05,999999.9999999991,0.1262017625748154,0.12632,10.60600252496771,8.344425740213913e-13,0.9999999999999991,1.0,0.0,0.8396138794306295,-9.360150822084805,DOGE_S2B1_lr0.0003_clip0.2_ent0.01_ep4_bs16_cl32_gamma0.99_lam0.9_seed1_H4320_Q3e+06_pov0.1_fee0,checkpoints/DOGE/DOGE_S2B1_lr0.0003_clip0.2_ent0.01_ep4_bs16_cl32_gamma0.99_lam0.9_seed1_H4320_Q3e+06_pov0.1_fee0/best.weights.h5,4
DOGE,doge_q1e+06,1000000.0,4320,3500.0,0.1,buy,DOGE_PPO_3,2026-01-12_steps_5s.parquet,/Users/jackfletcher/Desktop/FYP_Data/Replay_5s_DOGE/January/2026-01-12_steps_5s.parquet,5349,621,-5.264510306032644e-05,1000000.0000000002,0.13843838210280868,0.13925500000000002,7.33109382666577,9.125414177555644e-13,1.0000000000000002,1.0,0.0,0.5264510306032651,-58.64190852689961,DOGE_S2B1_lr0.0003_clip0.2_ent0.01_ep4_bs16_cl32_gamma0.99_lam0.9_seed1_H4320_Q3e+06_pov0.1_fee0,checkpoints/DOGE/DOGE_S2B1_lr0.0003_clip0.2_ent0.01_ep4_bs16_cl32_gamma0.99_lam0.9_seed1_H4320_Q3e+06_pov0.1_fee0/best.weights.h5,5
DOGE,doge_q1e+06,1000000.0,4320,3500.0,0.1,buy,DOGE_PPO_3,2026-01-20_steps_5s.parquet,/Users/jackfletcher/Desktop/FYP_Data/Replay_5s_DOGE/January/2026-01-20_steps_5s.parquet,9376,760,-7.641013242908469e-05,999999.9999999997,0.12512746578391193,0.12578,9.610866456930287,6.936874290877032e-13,0.9999999999999997,1.0,0.0,0.7641013242908481,-51.87901225060218,DOGE_S2B1_lr0.0003_clip0.2_ent0.01_ep4_bs16_cl32_gamma0.99_lam0.9_seed1_H4320_Q3e+06_pov0.1_fee0,checkpoints/DOGE/DOGE_S2B1_lr0.0003_clip0.2_ent0.01_ep4_bs16_cl32_gamma0.99_lam0.9_seed1_H4320_Q3e+06_pov0.1_fee0/best.weights.h5,6
DOGE,doge_q1e+06,1000000.0,4320,3500.0,0.1,buy,DOGE_PPO_3,2026-01-27_steps_5s.parquet,/Users/jackfletcher/Desktop/FYP_Data/Replay_5s_DOGE/January/2026-01-27_steps_5s.parquet,668,457,-9.730996696339988e-05,1000000.0000000005,0.1221526142293642,0.122285,11.899549310119376,7.652247127154509e-13,1.0000000000000004,1.0,0.0,0.9730996696340005,-10.826002423502795,DOGE_S2B1_lr0.0003_clip0.2_ent0.01_ep4_bs16_cl32_gamma0.99_lam0.9_seed1_H4320_Q3e+06_pov0.1_fee0,checkpoints/DOGE/DOGE_S2B1_lr0.0003_clip0.2_ent0.01_ep4_bs16_cl32_gamma0.99_lam0.9_seed1_H4320_Q3e+06_pov0.1_fee0/best.weights.h5,7
DOGE,doge_q1e+06,1000000.0,4320,3500.0,0.1,buy,DOGE_PPO_3,2026-01-11_steps_5s.parquet,/Users/jackfletcher/Desktop/FYP_Data/Replay_5s_DOGE/January/2026-01-11_steps_5s.parquet,10543,558,-0.00012162003562977054,999999.9999999993,0.1405340642841846,0.140595,17.0991689093676,6.886628791192166e-13,0.9999999999999993,1.0,0.0,1.2162003562977062,-4.334131072612195,DOGE_S2B1_lr0.0003_clip0.2_ent0.01_ep4_bs16_cl32_gamma0.99_lam0.9_seed1_H4320_Q3e+06_pov0.1_fee0,checkpoints/DOGE/DOGE_S2B1_lr0.0003_clip0.2_ent0.01_ep4_bs16_cl32_gamma0.99_lam0.9_seed1_H4320_Q3e+06_pov0.1_fee0/best.weights.h5,8
DOGE,doge_q1e+06,1000000.0,4320,3500.0,0.1,buy,DOGE_PPO_3,2026-01-19_steps_5s.parquet,/Users/jackfletcher/Desktop/FYP_Data/Replay_5s_DOGE/January/2026-01-19_steps_5s.parquet,4001,576,-6.710278222756615e-05,999999.9999999995,0.1271393464739051,0.127295,8.541848663658023,7.150876187007138e-13,0.9999999999999996,1.0,0.0,0.6710278222756608,-12.227780045948032,DOGE_S2B1_lr0.0003_clip0.2_ent0.01_ep4_bs16_cl32_gamma0.99_lam0.9_seed1_H4320_Q3e+06_pov0.1_fee0,checkpoints/DOGE/DOGE_S2B1_lr0.0003_clip0.2_ent0.01_ep4_bs16_cl32_gamma0.99_lam0.9_seed1_H4320_Q3e+06_pov0.1_fee0/best.weights.h5,9
DOGE,doge_q3e+06,3000000.0,4320,3500.0,0.1,buy,TWAP,2026-01-08_steps_5s.parquet,/Users/jackfletcher/Desktop/FYP_Data/Replay_5s_DOGE/January/2026-01-08_steps_5s.parquet,5985,4320,-7.172246991309834e-05,3000000.000000001,0.14153417378139066,0.144555,31.103524914863833,0.0,1.0000000000000002,1.0,1.0,0.7172246991309844,-208.97417720655318,TWAP,,0
DOGE,doge_q3e+06,3000000.0,4320,3500.0,0.1,buy,TWAP,2026-01-26_steps_5s.parquet,/Users/jackfletcher/Desktop/FYP_Data/Replay_5s_DOGE/January/2026-01-26_steps_5s.parquet,875,4320,-7.268416743061292e-05,2999999.9999999967,0.12187286256497955,0.12225,26.65691840517733,0.0,0.9999999999999989,1.0,1.0,0.7268416743061302,-30.849687936233114,TWAP,,1
DOGE,doge_q3e+06,3000000.0,4320,3500.0,0.1,buy,TWAP,2026-01-22_steps_5s.parquet,/Users/jackfletcher/Desktop/FYP_Data/Replay_5s_DOGE/January/2026-01-22_steps_5s.parquet,7987,4320,-7.54817176527809e-05,2999999.999999983,0.12521078736640653,0.12654500000000002,28.65550188111339,0.0,0.9999999999999942,1.0,1.0,0.7548171765278067,-105.43384832221615,TWAP,,2
DOGE,doge_q3e+06,3000000.0,4320,3500.0,0.1,buy,TWAP,2026-01-30_steps_5s.parquet,/Users/jackfletcher/Desktop/FYP_Data/Replay_5s_DOGE/January/2026-01-30_steps_5s.parquet,9226,4320,-0.00011280480764395006,2999999.999999996,0.11562174893500257,0.11499999999999999,38.917658637162944,0.0,0.9999999999999986,1.0,1.0,1.1280480764395056,54.0651247828331,TWAP,,3
DOGE,doge_q3e+06,3000000.0,4320,3500.0,0.1,buy,TWAP,2026-01-22_steps_5s.parquet,/Users/jackfletcher/Desktop/FYP_Data/Replay_5s_DOGE/January/2026-01-22_steps_5s.parquet,3246,4320,-5.2545256326622856e-05,3000000.000000007,0.12670605599547705,0.127135,20.041023489255586,0.0,1.0000000000000022,1.0,1.0,0.5254525632662285,-33.73925390513644,TWAP,,4
DOGE,doge_q3e+06,3000000.0,4320,3500.0,0.1,buy,TWAP,2026-01-10_steps_5s.parquet,/Users/jackfletcher/Desktop/FYP_Data/Replay_5s_DOGE/January/2026-01-10_steps_5s.parquet,10333,4320,-4.6641492959500676e-05,2999999.9999999898,0.14005447741580537,0.140035,19.59432439975084,0.0,0.9999999999999966,1.0,1.0,0.4664149295950022,1.39089626203307,TWAP,,5
DOGE,doge_q3e+06,3000000.0,4320,3500.0,0.1,buy,TWAP,2026-01-18_steps_5s.parquet,/Users/jackfletcher/Desktop/FYP_Data/Replay_5s_DOGE/January/2026-01-18_steps_5s.parquet,1842,4320,-4.656017497309261e-05,2999999.9999999935,0.13722027355716532,0.13694,19.12785108244593,0.0,0.9999999999999978,1.0,1.0,0.46560174973092666,20.466887481036323,TWAP,,6
DOGE,doge_q3e+06,3000000.0,4320,3500.0,0.1,buy,TWAP,2026-01-09_steps_5s.parquet,/Users/jackfletcher/Desktop/FYP_Data/Replay_5s_DOGE/January/2026-01-09_steps_5s.parquet,5162,4320,-5.3953800427046655e-05,2999999.999999995,0.14089319648511536,0.142955,23.138896620145424,0.0,0.9999999999999983,1.0,1.0,0.5395380042704679,-144.22745023851115,TWAP,,7
DOGE,doge_q3e+06,3000000.0,4320,3500.0,0.1,buy,TWAP,2026-01-08_steps_5s.parquet,/Users/jackfletcher/Desktop/FYP_Data/Replay_5s_DOGE/January/2026-01-08_steps_5s.parquet,5638,4320,-7.213740124939848e-05,3000000.000000003,0.14190309676927712,0.14373999999999998,31.107090166765676,0.0,1.0000000000000009,1.0,1.0,0.7213740124939865,-127.79346255202856,TWAP,,8
DOGE,doge_q3e+06,3000000.0,4320,3500.0,0.1,buy,TWAP,2026-01-29_steps_5s.parquet,/Users/jackfletcher/Desktop/FYP_Data/Replay_5s_DOGE/January/2026-01-29_steps_5s.parquet,3239,4320,-5.92057024544753e-05,2999999.9999999995,0.12188798810379238,0.121815,21.63642793347569,0.0,0.9999999999999999,1.0,1.0,0.592057024544752,5.991717259153103,TWAP,,9
DOGE,doge_q3e+06,3000000.0,4320,3500.0,0.1,buy,DOGE_PPO_1,2026-01-08_steps_5s.parquet,/Users/jackfletcher/Desktop/FYP_Data/Replay_5s_DOGE/January/2026-01-08_steps_5s.parquet,5985,2017,-7.613250549058142e-05,2999999.9999999935,0.14308950730585315,0.144555,33.01600299357268,7.481339413309738e-13,0.9999999999999978,1.0,0.0,0.761325054905807,-101.37959213772172,DOGE_S2B1_lr0.0003_clip0.2_ent0.01_ep4_bs16_cl32_gamma0.999_lam0.95_seed1_H4320_Q3e+06_pov0.1_fee0,checkpoints/DOGE/DOGE_S2B1_lr0.0003_clip0.2_ent0.01_ep4_bs16_cl32_gamma0.999_lam0.95_seed1_H4320_Q3e+06_pov0.1_fee0/best.weights.h5,0
DOGE,doge_q3e+06,3000000.0,4320,3500.0,0.1,buy,DOGE_PPO_1,2026-01-26_steps_5s.parquet,/Users/jackfletcher/Desktop/FYP_Data/Replay_5s_DOGE/January/2026-01-26_steps_5s.parquet,875,1605,-8.467191316439111e-05,2999999.999999994,0.12212068943120918,0.12225,31.053424153040297,6.095227077992686e-13,0.999999999999998,1.0,0.0,0.8467191316439072,-10.577551639330355,DOGE_S2B1_lr0.0003_clip0.2_ent0.01_ep4_bs16_cl32_gamma0.999_lam0.95_seed1_H4320_Q3e+06_pov0.1_fee0,checkpoints/DOGE/DOGE_S2B1_lr0.0003_clip0.2_ent0.01_ep4_bs16_cl32_gamma0.999_lam0.95_seed1_H4320_Q3e+06_pov0.1_fee0/best.weights.h5,1
DOGE,doge_q3e+06,3000000.0,4320,3500.0,0.1,buy,DOGE_PPO_1,2026-01-22_steps_5s.parquet,/Users/jackfletcher/Desktop/FYP_Data/Replay_5s_DOGE/January/2026-01-22_steps_5s.parquet,7987,1337,-6.962011861512923e-05,3000000.000000001,0.1259310500654913,0.12654500000000002,26.430233730454404,7.184461173314207e-13,1.0000000000000002,1.0,0.0,0.6962011861512875,-48.51633288622409,DOGE_S2B1_lr0.0003_clip0.2_ent0.01_ep4_bs16_cl32_gamma0.999_lam0.95_seed1_H4320_Q3e+06_pov0.1_fee0,checkpoints/DOGE/DOGE_S2B1_lr0.0003_clip0.2_ent0.01_ep4_bs16_cl32_gamma0.999_lam0.95_seed1_H4320_Q3e+06_pov0.1_fee0/best.weights.h5,2
DOGE,doge_q3e+06,3000000.0,4320,3500.0,0.1,buy,DOGE_PPO_1,2026-01-30_steps_5s.parquet,/Users/jackfletcher/Desktop/FYP_Data/Replay_5s_DOGE/January/2026-01-30_steps_5s.parquet,9226,1580,-0.00010959805216490467,2999999.999999997,0.11494985107920735,0.11499999999999999,37.81132799689208,8.415066315987126e-13,0.9999999999999991,1.0,0.0,1.095980521649046,-4.360775721098822,DOGE_S2B1_lr0.0003_clip0.2_ent0.01_ep4_bs16_cl32_gamma0.999_lam0.95_seed1_H4320_Q3e+06_pov0.1_fee0,checkpoints/DOGE/DOGE_S2B1_lr0.0003_clip0.2_ent0.01_ep4_bs16_cl32_gamma0.999_lam0.95_seed1_H4320_Q3e+06_pov0.1_fee0/best.weights.h5,3
DOGE,doge_q3e+06,3000000.0,4320,3500.0,0.1,buy,DOGE_PPO_1,2026-01-22_steps_5s.parquet,/Users/jackfletcher/Desktop/FYP_Data/Replay_5s_DOGE/January/2026-01-22_steps_5s.parquet,3246,1299,-7.599353645241152e-05,2999999.999999998,0.12712072181721346,0.127135,28.984314770631933,6.804921821749749e-13,0.9999999999999993,1.0,0.0,0.759935364524113,-1.1230725438740206,DOGE_S2B1_lr0.0003_clip0.2_ent0.01_ep4_bs16_cl32_gamma0.999_lam0.95_seed1_H4320_Q3e+06_pov0.1_fee0,checkpoints/DOGE/DOGE_S2B1_lr0.0003_clip0.2_ent0.01_ep4_bs16_cl32_gamma0.999_lam0.95_seed1_H4320_Q3e+06_pov0.1_fee0/best.weights.h5,4
DOGE,doge_q3e+06,3000000.0,4320,3500.0,0.1,buy,DOGE_PPO_1,2026-01-10_steps_5s.parquet,/Users/jackfletcher/Desktop/FYP_Data/Replay_5s_DOGE/January/2026-01-10_steps_5s.parquet,10333,1248,-6.468539384164007e-05,3000000.0000000005,0.13999093440696025,0.140035,27.174657379842007,5.485978426824426e-13,1.0000000000000002,1.0,0.0,0.646853938416396,-3.146755671063536,DOGE_S2B1_lr0.0003_clip0.2_ent0.01_ep4_bs16_cl32_gamma0.999_lam0.95_seed1_H4320_Q3e+06_pov0.1_fee0,checkpoints/DOGE/DOGE_S2B1_lr0.0003_clip0.2_ent0.01_ep4_bs16_cl32_gamma0.999_lam0.95_seed1_H4320_Q3e+06_pov0.1_fee0/best.weights.h5,5
DOGE,doge_q3e+06,3000000.0,4320,3500.0,0.1,buy,DOGE_PPO_1,2026-01-18_steps_5s.parquet,/Users/jackfletcher/Desktop/FYP_Data/Replay_5s_DOGE/January/2026-01-18_steps_5s.parquet,1842,1298,-7.690247454038742e-05,3000000.0000000023,0.1372635678896403,0.13694,31.593074590681912,7.656933382843422e-13,1.0000000000000007,1.0,0.0,0.769024745403873,23.628442357258848,DOGE_S2B1_lr0.0003_clip0.2_ent0.01_ep4_bs16_cl32_gamma0.999_lam0.95_seed1_H4320_Q3e+06_pov0.1_fee0,checkpoints/DOGE/DOGE_S2B1_lr0.0003_clip0.2_ent0.01_ep4_bs16_cl32_gamma0.999_lam0.95_seed1_H4320_Q3e+06_pov0.1_fee0/best.weights.h5,6
DOGE,doge_q3e+06,3000000.0,4320,3500.0,0.1,buy,DOGE_PPO_1,2026-01-09_steps_5s.parquet,/Users/jackfletcher/Desktop/FYP_Data/Replay_5s_DOGE/January/2026-01-09_steps_5s.parquet,5162,1840,-6.673909757347445e-05,3000000.000000002,0.14153414299152503,0.142955,28.62206308084809,7.557738875506585e-13,1.0000000000000007,1.0,0.0,0.6673909757347438,-99.39190713685903,DOGE_S2B1_lr0.0003_clip0.2_ent0.01_ep4_bs16_cl32_gamma0.999_lam0.95_seed1_H4320_Q3e+06_pov0.1_fee0,checkpoints/DOGE/DOGE_S2B1_lr0.0003_clip0.2_ent0.01_ep4_bs16_cl32_gamma0.999_lam0.95_seed1_H4320_Q3e+06_pov0.1_fee0/best.weights.h5,7
DOGE,doge_q3e+06,3000000.0,4320,3500.0,0.1,buy,DOGE_PPO_1,2026-01-08_steps_5s.parquet,/Users/jackfletcher/Desktop/FYP_Data/Replay_5s_DOGE/January/2026-01-08_steps_5s.parquet,5638,2082,-7.936520126420318e-05,2999999.9999999953,0.14332947673698965,0.14373999999999998,34.22386208914949,7.841819008849202e-13,0.9999999999999984,1.0,0.0,0.7936520126420271,-28.56012682693278,DOGE_S2B1_lr0.0003_clip0.2_ent0.01_ep4_bs16_cl32_gamma0.999_lam0.95_seed1_H4320_Q3e+06_pov0.1_fee0,checkpoints/DOGE/DOGE_S2B1_lr0.0003_clip0.2_ent0.01_ep4_bs16_cl32_gamma0.999_lam0.95_seed1_H4320_Q3e+06_pov0.1_fee0/best.weights.h5,8
DOGE,doge_q3e+06,3000000.0,4320,3500.0,0.1,buy,DOGE_PPO_1,2026-01-29_steps_5s.parquet,/Users/jackfletcher/Desktop/FYP_Data/Replay_5s_DOGE/January/2026-01-29_steps_5s.parquet,3239,1277,-7.632565283422109e-05,2999999.9999999995,0.1219712402133323,0.121815,27.89282820000182,7.898649289517078e-13,0.9999999999999999,1.0,0.0,0.7632565283422079,12.826024162237672,DOGE_S2B1_lr0.0003_clip0.2_ent0.01_ep4_bs16_cl32_gamma0.999_lam0.95_seed1_H4320_Q3e+06_pov0.1_fee0,checkpoints/DOGE/DOGE_S2B1_lr0.0003_clip0.2_ent0.01_ep4_bs16_cl32_gamma0.999_lam0.95_seed1_H4320_Q3e+06_pov0.1_fee0/best.weights.h5,9
DOGE,doge_q3e+06,3000000.0,4320,3500.0,0.1,buy,DOGE_PPO_2,2026-01-08_steps_5s.parquet,/Users/jackfletcher/Desktop/FYP_Data/Replay_5s_DOGE/January/2026-01-08_steps_5s.parquet,5985,2012,-7.612642122961293e-05,2999999.9999999944,0.14308951974183018,0.144555,33.01336446253982,8.157589297600537e-13,0.9999999999999981,1.0,0.0,0.7612642122961232,-101.37873184392171,DOGE_S2B2_lr0.0003_clip0.2_ent0.005_ep4_bs16_cl32_gamma0.999_lam0.95_seed1_H4320_Q3e+06_pov0.1_fee0,checkpoints/DOGE/DOGE_S2B2_lr0.0003_clip0.2_ent0.005_ep4_bs16_cl32_gamma0.999_lam0.95_seed1_H4320_Q3e+06_pov0.1_fee0/best.weights.h5,0
DOGE,doge_q3e+06,3000000.0,4320,3500.0,0.1,buy,DOGE_PPO_2,2026-01-26_steps_5s.parquet,/Users/jackfletcher/Desktop/FYP_Data/Replay_5s_DOGE/January/2026-01-26_steps_5s.parquet,875,1601,-8.466940778390147e-05,2999999.9999999935,0.12212068948494423,0.12225,31.052505304745736,6.654843416976494e-13,0.9999999999999978,1.0,0.0,0.8466940778390112,-10.577547243825718,DOGE_S2B2_lr0.0003_clip0.2_ent0.005_ep4_bs16_cl32_gamma0.999_lam0.95_seed1_H4320_Q3e+06_pov0.1_fee0,checkpoints/DOGE/DOGE_S2B2_lr0.0003_clip0.2_ent0.005_ep4_bs16_cl32_gamma0.999_lam0.95_seed1_H4320_Q3e+06_pov0.1_fee0/best.weights.h5,1
DOGE,doge_q3e+06,3000000.0,4320,3500.0,0.1,buy,DOGE_PPO_2,2026-01-22_steps_5s.parquet,/Users/jackfletcher/Desktop/FYP_Data/Replay_5s_DOGE/January/2026-01-22_steps_5s.parquet,7987,1331,-6.96207525537601e-05,3000000.0000000005,0.12593105141067526,0.12654500000000002,26.43047439574656,8.078227537025031e-13,1.0000000000000002,1.0,0.0,0.6962075255375969,-48.516226585385326,DOGE_S2B2_lr0.0003_clip0.2_ent0.005_ep4_bs16_cl32_gamma0.999_lam0.95_seed1_H4320_Q3e+06_pov0.1_fee0,checkpoints/DOGE/DOGE_S2B2_lr0.0003_clip0.2_ent0.005_ep4_bs16_cl32_gamma0.999_lam0.95_seed1_H4320_Q3e+06_pov0.1_fee0/best.weights.h5,2
DOGE,doge_q3e+06,3000000.0,4320,3500.0,0.1,buy,DOGE_PPO_2,2026-01-30_steps_5s.parquet,/Users/jackfletcher/Desktop/FYP_Data/Replay_5s_DOGE/January/2026-01-30_steps_5s.parquet,9226,1571,-0.0001096000474126928,2999999.999999996,0.11494986256316966,0.11499999999999999,37.812016357379015,8.475694993207112e-13,0.9999999999999986,1.0,0.0,1.096000474126928,-4.359777115680658,DOGE_S2B2_lr0.0003_clip0.2_ent0.005_ep4_bs16_cl32_gamma0.999_lam0.95_seed1_H4320_Q3e+06_pov0.1_fee0,checkpoints/DOGE/DOGE_S2B2_lr0.0003_clip0.2_ent0.005_ep4_bs16_cl32_gamma0.999_lam0.95_seed1_H4320_Q3e+06_pov0.1_fee0/best.weights.h5,3
DOGE,doge_q3e+06,3000000.0,4320,3500.0,0.1,buy,DOGE_PPO_2,2026-01-22_steps_5s.parquet,/Users/jackfletcher/Desktop/FYP_Data/Replay_5s_DOGE/January/2026-01-22_steps_5s.parquet,3246,1290,-7.599765213163028e-05,2999999.999999999,0.12712072211800987,0.127135,28.985884511264356,9.005555911806755e-13,0.9999999999999997,1.0,0.0,0.7599765213163004,-1.1230488842668664,DOGE_S2B2_lr0.0003_clip0.2_ent0.005_ep4_bs16_cl32_gamma0.999_lam0.95_seed1_H4320_Q3e+06_pov0.1_fee0,checkpoints/DOGE/DOGE_S2B2_lr0.0003_clip0.2_ent0.005_ep4_bs16_cl32_gamma0.999_lam0.95_seed1_H4320_Q3e+06_pov0.1_fee0/best.weights.h5,4
DOGE,doge_q3e+06,3000000.0,4320,3500.0,0.1,buy,DOGE_PPO_2,2026-01-10_steps_5s.parquet,/Users/jackfletcher/Desktop/FYP_Data/Replay_5s_DOGE/January/2026-01-10_steps_5s.parquet,10333,1243,-6.470996413963723e-05,2999999.9999999995,0.13999093586750588,0.140035,27.184979484882138,7.108928869294471e-13,0.9999999999999999,1.0,0.0,0.6470996413963684,-3.146651372450412,DOGE_S2B2_lr0.0003_clip0.2_ent0.005_ep4_bs16_cl32_gamma0.999_lam0.95_seed1_H4320_Q3e+06_pov0.1_fee0,checkpoints/DOGE/DOGE_S2B2_lr0.0003_clip0.2_ent0.005_ep4_bs16_cl32_gamma0.999_lam0.95_seed1_H4320_Q3e+06_pov0.1_fee0/best.weights.h5,5
DOGE,doge_q3e+06,3000000.0,4320,3500.0,0.1,buy,DOGE_PPO_2,2026-01-18_steps_5s.parquet,/Users/jackfletcher/Desktop/FYP_Data/Replay_5s_DOGE/January/2026-01-18_steps_5s.parquet,1842,1292,-7.690399096984854e-05,3000000.0000000033,0.13726356772657522,0.13694,31.593697570233125,7.225643479783402e-13,1.000000000000001,1.0,0.0,0.7690399096984841,23.628430449482508,DOGE_S2B2_lr0.0003_clip0.2_ent0.005_ep4_bs16_cl32_gamma0.999_lam0.95_seed1_H4320_Q3e+06_pov0.1_fee0,checkpoints/DOGE/DOGE_S2B2_lr0.0003_clip0.2_ent0.005_ep4_bs16_cl32_gamma0.999_lam0.95_seed1_H4320_Q3e+06_pov0.1_fee0/best.weights.h5,6
DOGE,doge_q3e+06,3000000.0,4320,3500.0,0.1,buy,DOGE_PPO_2,2026-01-09_steps_5s.parquet,/Users/jackfletcher/Desktop/FYP_Data/Replay_5s_DOGE/January/2026-01-09_steps_5s.parquet,5162,1835,-6.673925160805403e-05,3000000.0000000014,0.141534143591844,0.142955,28.622129140888063,7.264206882838928e-13,1.0000000000000004,1.0,0.0,0.6673925160805396,-99.39186514329734,DOGE_S2B2_lr0.0003_clip0.2_ent0.005_ep4_bs16_cl32_gamma0.999_lam0.95_seed1_H4320_Q3e+06_pov0.1_fee0,checkpoints/DOGE/DOGE_S2B2_lr0.0003_clip0.2_ent0.005_ep4_bs16_cl32_gamma0.999_lam0.95_seed1_H4320_Q3e+06_pov0.1_fee0/best.weights.h5,7
DOGE,doge_q3e+06,3000000.0,4320,3500.0,0.1,buy,DOGE_PPO_2,2026-01-08_steps_5s.parquet,/Users/jackfletcher/Desktop/FYP_Data/Replay_5s_DOGE/January/2026-01-08_steps_5s.parquet,5638,2077,-7.936212642444482e-05,2999999.9999999953,0.1433294838783096,0.14373999999999998,34.2225361567489,5.659416036967081e-13,0.9999999999999984,1.0,0.0,0.7936212642444438,-28.559630004896324,DOGE_S2B2_lr0.0003_clip0.2_ent0.005_ep4_bs16_cl32_gamma0.999_lam0.95_seed1_H4320_Q3e+06_pov0.1_fee0,checkpoints/DOGE/DOGE_S2B2_lr0.0003_clip0.2_ent0.005_ep4_bs16_cl32_gamma0.999_lam0.95_seed1_H4320_Q3e+06_pov0.1_fee0/best.weights.h5,8
DOGE,doge_q3e+06,3000000.0,4320,3500.0,0.1,buy,DOGE_PPO_2,2026-01-29_steps_5s.parquet,/Users/jackfletcher/Desktop/FYP_Data/Replay_5s_DOGE/January/2026-01-29_steps_5s.parquet,3239,1272,-7.632565283422102e-05,2999999.9999999977,0.1219712401383788,0.121815,27.892828200001794,5.834699663838276e-13,0.9999999999999992,1.0,0.0,0.7632565283422073,12.826018009177561,DOGE_S2B2_lr0.0003_clip0.2_ent0.005_ep4_bs16_cl32_gamma0.999_lam0.95_seed1_H4320_Q3e+06_pov0.1_fee0,checkpoints/DOGE/DOGE_S2B2_lr0.0003_clip0.2_ent0.005_ep4_bs16_cl32_gamma0.999_lam0.95_seed1_H4320_Q3e+06_pov0.1_fee0/best.weights.h5,9
DOGE,doge_q3e+06,3000000.0,4320,3500.0,0.1,buy,DOGE_PPO_3,2026-01-08_steps_5s.parquet,/Users/jackfletcher/Desktop/FYP_Data/Replay_5s_DOGE/January/2026-01-08_steps_5s.parquet,5985,2010,-7.612163206444841e-05,2999999.9999999925,0.1430895378142348,0.144555,33.01128756922873,9.001465881815617e-13,0.9999999999999976,1.0,0.0,0.7612163206444775,-101.37748163433861,DOGE_S2B1_lr0.0003_clip0.2_ent0.01_ep4_bs16_cl32_gamma0.99_lam0.9_seed1_H4320_Q3e+06_pov0.1_fee0,checkpoints/DOGE/DOGE_S2B1_lr0.0003_clip0.2_ent0.01_ep4_bs16_cl32_gamma0.99_lam0.9_seed1_H4320_Q3e+06_pov0.1_fee0/best.weights.h5,0
DOGE,doge_q3e+06,3000000.0,4320,3500.0,0.1,buy,DOGE_PPO_3,2026-01-26_steps_5s.parquet,/Users/jackfletcher/Desktop/FYP_Data/Replay_5s_DOGE/January/2026-01-26_steps_5s.parquet,875,1600,-8.466427388402809e-05,2999999.9999999944,0.1221206900764935,0.12225,31.05062244696716,8.942214088051071e-13,0.9999999999999981,1.0,0.0,0.8466427388402771,-10.577498855337547,DOGE_S2B1_lr0.0003_clip0.2_ent0.01_ep4_bs16_cl32_gamma0.99_lam0.9_seed1_H4320_Q3e+06_pov0.1_fee0,checkpoints/DOGE/DOGE_S2B1_lr0.0003_clip0.2_ent0.01_ep4_bs16_cl32_gamma0.99_lam0.9_seed1_H4320_Q3e+06_pov0.1_fee0/best.weights.h5,1
DOGE,doge_q3e+06,3000000.0,4320,3500.0,0.1,buy,DOGE_PPO_3,2026-01-22_steps_5s.parquet,/Users/jackfletcher/Desktop/FYP_Data/Replay_5s_DOGE/January/2026-01-22_steps_5s.parquet,7987,1334,-6.962005597848709e-05,3000000.000000001,0.12593105001910593,0.12654500000000002,26.430209951392772,9.667564438335529e-13,1.0000000000000002,1.0,0.0,0.6962005597848662,-48.51633655174765,DOGE_S2B1_lr0.0003_clip0.2_ent0.01_ep4_bs16_cl32_gamma0.99_lam0.9_seed1_H4320_Q3e+06_pov0.1_fee0,checkpoints/DOGE/DOGE_S2B1_lr0.0003_clip0.2_ent0.01_ep4_bs16_cl32_gamma0.99_lam0.9_seed1_H4320_Q3e+06_pov0.1_fee0/best.weights.h5,2
DOGE,doge_q3e+06,3000000.0,4320,3500.0,0.1,buy,DOGE_PPO_3,2026-01-30_steps_5s.parquet,/Users/jackfletcher/Desktop/FYP_Data/Replay_5s_DOGE/January/2026-01-30_steps_5s.parquet,9226,1568,-0.00010959938462695884,2999999.9999999963,0.1149498695134981,0.11499999999999999,37.811787696300804,8.275657316465165e-13,0.9999999999999988,1.0,0.0,1.0959938462695884,-4.359172739294764,DOGE_S2B1_lr0.0003_clip0.2_ent0.01_ep4_bs16_cl32_gamma0.99_lam0.9_seed1_H4320_Q3e+06_pov0.1_fee0,checkpoints/DOGE/DOGE_S2B1_lr0.0003_clip0.2_ent0.01_ep4_bs16_cl32_gamma0.99_lam0.9_seed1_H4320_Q3e+06_pov0.1_fee0/best.weights.h5,3
DOGE,doge_q3e+06,3000000.0,4320,3500.0,0.1,buy,DOGE_PPO_3,2026-01-22_steps_5s.parquet,/Users/jackfletcher/Desktop/FYP_Data/Replay_5s_DOGE/January/2026-01-22_steps_5s.parquet,3246,1293,-7.599719588596538e-05,2999999.999999999,0.12712072243768152,0.127135,28.985710496886533,6.458319494562857e-13,0.9999999999999997,1.0,0.0,0.7599719588596514,-1.1230237399989416,DOGE_S2B1_lr0.0003_clip0.2_ent0.01_ep4_bs16_cl32_gamma0.99_lam0.9_seed1_H4320_Q3e+06_pov0.1_fee0,checkpoints/DOGE/DOGE_S2B1_lr0.0003_clip0.2_ent0.01_ep4_bs16_cl32_gamma0.99_lam0.9_seed1_H4320_Q3e+06_pov0.1_fee0/best.weights.h5,4
DOGE,doge_q3e+06,3000000.0,4320,3500.0,0.1,buy,DOGE_PPO_3,2026-01-10_steps_5s.parquet,/Users/jackfletcher/Desktop/FYP_Data/Replay_5s_DOGE/January/2026-01-10_steps_5s.parquet,10333,1247,-6.469908789291658e-05,3000000.0000000023,0.13999093496197482,0.140035,27.18041031925354,6.959492617108242e-13,1.0000000000000007,1.0,0.0,0.6469908789291615,-3.1467160370747416,DOGE_S2B1_lr0.0003_clip0.2_ent0.01_ep4_bs16_cl32_gamma0.99_lam0.9_seed1_H4320_Q3e+06_pov0.1_fee0,checkpoints/DOGE/DOGE_S2B1_lr0.0003_clip0.2_ent0.01_ep4_bs16_cl32_gamma0.99_lam0.9_seed1_H4320_Q3e+06_pov0.1_fee0/best.weights.h5,5
DOGE,doge_q3e+06,3000000.0,4320,3500.0,0.1,buy,DOGE_PPO_3,2026-01-18_steps_5s.parquet,/Users/jackfletcher/Desktop/FYP_Data/Replay_5s_DOGE/January/2026-01-18_steps_5s.parquet,1842,1296,-7.69035286123193e-05,3000000.000000004,0.137263567743259,0.13694,31.59350762451293,7.829615490593434e-13,1.0000000000000013,1.0,0.0,0.7690352861231909,23.62843166781121,DOGE_S2B1_lr0.0003_clip0.2_ent0.01_ep4_bs16_cl32_gamma0.99_lam0.9_seed1_H4320_Q3e+06_pov0.1_fee0,checkpoints/DOGE/DOGE_S2B1_lr0.0003_clip0.2_ent0.01_ep4_bs16_cl32_gamma0.99_lam0.9_seed1_H4320_Q3e+06_pov0.1_fee0/best.weights.h5,6
DOGE,doge_q3e+06,3000000.0,4320,3500.0,0.1,buy,DOGE_PPO_3,2026-01-09_steps_5s.parquet,/Users/jackfletcher/Desktop/FYP_Data/Replay_5s_DOGE/January/2026-01-09_steps_5s.parquet,5162,1834,-6.673879852587414e-05,3000000.0000000014,0.14153414343336995,0.142955,28.621934829798995,7.584002349647971e-13,1.0000000000000004,1.0,0.0,0.6673879852587409,-99.39187622888647,DOGE_S2B1_lr0.0003_clip0.2_ent0.01_ep4_bs16_cl32_gamma0.99_lam0.9_seed1_H4320_Q3e+06_pov0.1_fee0,checkpoints/DOGE/DOGE_S2B1_lr0.0003_clip0.2_ent0.01_ep4_bs16_cl32_gamma0.99_lam0.9_seed1_H4320_Q3e+06_pov0.1_fee0/best.weights.h5,7
DOGE,doge_q3e+06,3000000.0,4320,3500.0,0.1,buy,DOGE_PPO_3,2026-01-08_steps_5s.parquet,/Users/jackfletcher/Desktop/FYP_Data/Replay_5s_DOGE/January/2026-01-08_steps_5s.parquet,5638,2075,-7.93577107511661e-05,2999999.9999999953,0.14332948848407973,0.14373999999999998,34.22063203011766,6.677943927991731e-13,0.9999999999999984,1.0,0.0,0.7935771075116569,-28.55930958120588,DOGE_S2B1_lr0.0003_clip0.2_ent0.01_ep4_bs16_cl32_gamma0.99_lam0.9_seed1_H4320_Q3e+06_pov0.1_fee0,checkpoints/DOGE/DOGE_S2B1_lr0.0003_clip0.2_ent0.01_ep4_bs16_cl32_gamma0.99_lam0.9_seed1_H4320_Q3e+06_pov0.1_fee0/best.weights.h5,8
DOGE,doge_q3e+06,3000000.0,4320,3500.0,0.1,buy,DOGE_PPO_3,2026-01-29_steps_5s.parquet,/Users/jackfletcher/Desktop/FYP_Data/Replay_5s_DOGE/January/2026-01-29_steps_5s.parquet,3239,1273,-7.632565283422097e-05,2999999.999999998,0.12197124000996712,0.121815,27.89282820000179,6.342584443493457e-13,0.9999999999999993,1.0,0.0,0.7632565283422073,12.826007467644576,DOGE_S2B1_lr0.0003_clip0.2_ent0.01_ep4_bs16_cl32_gamma0.99_lam0.9_seed1_H4320_Q3e+06_pov0.1_fee0,checkpoints/DOGE/DOGE_S2B1_lr0.0003_clip0.2_ent0.01_ep4_bs16_cl32_gamma0.99_lam0.9_seed1_H4320_Q3e+06_pov0.1_fee0/best.weights.h5,9
DOGE,doge_q6e+06,6000000.0,4320,3500.0,0.1,buy,TWAP,2026-01-11_steps_5s.parquet,/Users/jackfletcher/Desktop/FYP_Data/Replay_5s_DOGE/January/2026-01-11_steps_5s.parquet,2088,4320,-5.3518829435149176e-05,6000000.000000002,0.13939509862294855,0.139015,44.63952044356363,0.0,1.0000000000000002,1.0,1.0,0.5351882943514925,27.342274067442307,TWAP,,0
DOGE,doge_q6e+06,6000000.0,4320,3500.0,0.1,buy,TWAP,2026-01-30_steps_5s.parquet,/Users/jackfletcher/Desktop/FYP_Data/Replay_5s_DOGE/January/2026-01-30_steps_5s.parquet,5511,4320,-9.912203960053092e-05,6000000.000000006,0.1142787940085153,0.113905,67.74297552419105,0.0,1.0000000000000009,1.0,1.0,0.9912203960053123,32.81629502790012,TWAP,,1
DOGE,doge_q6e+06,6000000.0,4320,3500.0,0.1,buy,TWAP,2026-01-31_steps_5s.parquet,/Users/jackfletcher/Desktop/FYP_Data/Replay_5s_DOGE/January/2026-01-31_steps_5s.parquet,11812,4320,-0.0001350037791175788,5999999.999999994,0.10235778020203101,0.107925,87.42169716758787,0.0,0.9999999999999991,1.0,1.0,1.3500377911757835,-515.8415379169776,TWAP,,2
DOGE,doge_q6e+06,6000000.0,4320,3500.0,0.1,buy,TWAP,2026-01-15_steps_5s.parquet,/Users/jackfletcher/Desktop/FYP_Data/Replay_5s_DOGE/January/2026-01-15_steps_5s.parquet,3234,4320,-5.985372042570874e-05,6000000.000000017,0.1437745551573537,0.14331,51.46582004524979,0.0,1.0000000000000029,1.0,1.0,0.5985372042570859,32.41610197151063,TWAP,,3
DOGE,doge_q6e+06,6000000.0,4320,3500.0,0.1,buy,TWAP,2026-01-17_steps_5s.parquet,/Users/jackfletcher/Desktop/FYP_Data/Replay_5s_DOGE/January/2026-01-17_steps_5s.parquet,10735,4320,-7.989728713218173e-05,5999999.999999994,0.13877193750606906,0.138485,66.38745485100101,0.0,0.9999999999999991,1.0,1.0,0.7989728713218159,20.71975348009262,TWAP,,4
DOGE,doge_q6e+06,6000000.0,4320,3500.0,0.1,buy,TWAP,2026-01-31_steps_5s.parquet,/Users/jackfletcher/Desktop/FYP_Data/Replay_5s_DOGE/January/2026-01-31_steps_5s.parquet,11851,4320,-0.00013547765533514154,5999999.999999984,0.10230831078836211,0.10704,87.00916936244121,0.0,0.9999999999999973,1.0,1.0,1.354776553351414,-442.04869316497434,TWAP,,5
DOGE,doge_q6e+06,6000000.0,4320,3500.0,0.1,buy,TWAP,2026-01-31_steps_5s.parquet,/Users/jackfletcher/Desktop/FYP_Data/Replay_5s_DOGE/January/2026-01-31_steps_5s.parquet,5721,4320,-0.00010889556368107539,5999999.999999993,0.11173620320224291,0.11273,73.65478136260587,0.0,0.9999999999999988,1.0,1.0,1.0889556368107554,-88.1572605124712,TWAP,,6
DOGE,doge_q6e+06,6000000.0,4320,3500.0,0.1,buy,TWAP,2026-01-18_steps_5s.parquet,/Users/jackfletcher/Desktop/FYP_Data/Replay_5s_DOGE/January/2026-01-18_steps_5s.parquet,6426,4320,-7.747422354944172e-05,6000000.00000001,0.13725605954252837,0.137485,63.909261748170046,0.0,1.0000000000000018,1.0,1.0,0.7747422354944181,-16.652031674119137,TWAP,,7
DOGE,doge_q6e+06,6000000.0,4320,3500.0,0.1,buy,TWAP,2026-01-10_steps_5s.parquet,/Users/jackfletcher/Desktop/FYP_Data/Replay_5s_DOGE/January/2026-01-10_steps_5s.parquet,4690,4320,-5.077405958985873e-05,6000000.000000023,0.14009316070445638,0.13977499999999998,42.581665075034955,0.0,1.0000000000000038,1.0,1.0,0.5077405958985866,22.762346947336358,TWAP,,8
DOGE,doge_q6e+06,6000000.0,4320,3500.0,0.1,buy,TWAP,2026-01-24_steps_5s.parquet,/Users/jackfletcher/Desktop/FYP_Data/Replay_5s_DOGE/January/2026-01-24_steps_5s.parquet,3650,4320,-6.881091408306598e-05,5999999.999999988,0.1244544549663675,0.124515,51.40794580231794,0.0,0.999999999999998,1.0,1.0,0.6881091408306621,-4.862469070593483,TWAP,,9
DOGE,doge_q6e+06,6000000.0,4320,3500.0,0.1,buy,DOGE_PPO_1,2026-01-11_steps_5s.parquet,/Users/jackfletcher/Desktop/FYP_Data/Replay_5s_DOGE/January/2026-01-11_steps_5s.parquet,2088,2682,-6.61790279825935e-05,5999999.999999994,0.13917186983990332,0.139015,55.19926545000204,7.718858508757048e-13,0.9999999999999991,1.0,0.0,0.6617902798259425,11.28438225395227,DOGE_S2B1_lr0.0003_clip0.2_ent0.01_ep4_bs16_cl32_gamma0.999_lam0.95_seed1_H4320_Q3e+06_pov0.1_fee0,checkpoints/DOGE/DOGE_S2B1_lr0.0003_clip0.2_ent0.01_ep4_bs16_cl32_gamma0.999_lam0.95_seed1_H4320_Q3e+06_pov0.1_fee0/best.weights.h5,0
DOGE,doge_q6e+06,6000000.0,4320,3500.0,0.1,buy,DOGE_PPO_1,2026-01-30_steps_5s.parquet,/Users/jackfletcher/Desktop/FYP_Data/Replay_5s_DOGE/January/2026-01-30_steps_5s.parquet,5511,3151,-9.918049864877121e-05,6000000.000000003,0.1139892374893532,0.113905,67.78292819153039,7.771207695189748e-13,1.0000000000000004,1.0,0.0,0.9918049864877221,7.395416298950682,DOGE_S2B1_lr0.0003_clip0.2_ent0.01_ep4_bs16_cl32_gamma0.999_lam0.95_seed1_H4320_Q3e+06_pov0.1_fee0,checkpoints/DOGE/DOGE_S2B1_lr0.0003_clip0.2_ent0.01_ep4_bs16_cl32_gamma0.999_lam0.95_seed1_H4320_Q3e+06_pov0.1_fee0/best.weights.h5,1
DOGE,doge_q6e+06,6000000.0,4320,3500.0,0.1,buy,DOGE_PPO_1,2026-01-31_steps_5s.parquet,/Users/jackfletcher/Desktop/FYP_Data/Replay_5s_DOGE/January/2026-01-31_steps_5s.parquet,11812,2696,-0.00017570821082216754,5999999.999999997,0.10259877308576301,0.107925,113.77985191789485,7.602415270152613e-13,0.9999999999999996,1.0,0.0,1.7570821082216792,-493.51187530571985,DOGE_S2B1_lr0.0003_clip0.2_ent0.01_ep4_bs16_cl32_gamma0.999_lam0.95_seed1_H4320_Q3e+06_pov0.1_fee0,checkpoints/DOGE/DOGE_S2B1_lr0.0003_clip0.2_ent0.01_ep4_bs16_cl32_gamma0.999_lam0.95_seed1_H4320_Q3e+06_pov0.1_fee0/best.weights.h5,2
DOGE,doge_q6e+06,6000000.0,4320,3500.0,0.1,buy,DOGE_PPO_1,2026-01-15_steps_5s.parquet,/Users/jackfletcher/Desktop/FYP_Data/Replay_5s_DOGE/January/2026-01-15_steps_5s.parquet,3234,3202,-6.182761230445877e-05,6000000.000000004,0.14359193661616665,0.14331,53.163090716113125,5.649087115111186e-13,1.0000000000000007,1.0,0.0,0.6182761230446018,19.673199090548874,DOGE_S2B1_lr0.0003_clip0.2_ent0.01_ep4_bs16_cl32_gamma0.999_lam0.95_seed1_H4320_Q3e+06_pov0.1_fee0,checkpoints/DOGE/DOGE_S2B1_lr0.0003_clip0.2_ent0.01_ep4_bs16_cl32_gamma0.999_lam0.95_seed1_H4320_Q3e+06_pov0.1_fee0/best.weights.h5,3
DOGE,doge_q6e+06,6000000.0,4320,3500.0,0.1,buy,DOGE_PPO_1,2026-01-17_steps_5s.parquet,/Users/jackfletcher/Desktop/FYP_Data/Replay_5s_DOGE/January/2026-01-17_steps_5s.parquet,10735,2818,-8.75291781675946e-05,6000000.000000001,0.13876960485292758,0.138485,72.72886943123538,9.218839619498683e-13,1.0000000000000002,1.0,0.0,0.8752917816759382,20.551312627907972,DOGE_S2B1_lr0.0003_clip0.2_ent0.01_ep4_bs16_cl32_gamma0.999_lam0.95_seed1_H4320_Q3e+06_pov0.1_fee0,checkpoints/DOGE/DOGE_S2B1_lr0.0003_clip0.2_ent0.01_ep4_bs16_cl32_gamma0.999_lam0.95_seed1_H4320_Q3e+06_pov0.1_fee0/best.weights.h5,4
DOGE,doge_q6e+06,6000000.0,4320,3500.0,0.1,buy,DOGE_PPO_1,2026-01-31_steps_5s.parquet,/Users/jackfletcher/Desktop/FYP_Data/Replay_5s_DOGE/January/2026-01-31_steps_5s.parquet,11851,2689,-0.00017618965797127736,6000000.000000001,0.10252467877672454,0.10704,113.15604593547299,8.061264060491708e-13,1.0000000000000002,1.0,0.0,1.7618965797127708,-421.834942383731,DOGE_S2B1_lr0.0003_clip0.2_ent0.01_ep4_bs16_cl32_gamma0.999_lam0.95_seed1_H4320_Q3e+06_pov0.1_fee0,checkpoints/DOGE/DOGE_S2B1_lr0.0003_clip0.2_ent0.01_ep4_bs16_cl32_gamma0.999_lam0.95_seed1_H4320_Q3e+06_pov0.1_fee0/best.weights.h5,5
DOGE,doge_q6e+06,6000000.0,4320,3500.0,0.1,buy,DOGE_PPO_1,2026-01-31_steps_5s.parquet,/Users/jackfletcher/Desktop/FYP_Data/Replay_5s_DOGE/January/2026-01-31_steps_5s.parquet,5721,2990,-0.00010541756726644936,6000000.0,0.11198501608911964,0.11273,71.30233414768112,7.909838089972749e-13,1.0,1.0,0.0,1.054175672664495,-66.08568356962316,DOGE_S2B1_lr0.0003_clip0.2_ent0.01_ep4_bs16_cl32_gamma0.999_lam0.95_seed1_H4320_Q3e+06_pov0.1_fee0,checkpoints/DOGE/DOGE_S2B1_lr0.0003_clip0.2_ent0.01_ep4_bs16_cl32_gamma0.999_lam0.95_seed1_H4320_Q3e+06_pov0.1_fee0/best.weights.h5,6
DOGE,doge_q6e+06,6000000.0,4320,3500.0,0.1,buy,DOGE_PPO_1,2026-01-18_steps_5s.parquet,/Users/jackfletcher/Desktop/FYP_Data/Replay_5s_DOGE/January/2026-01-18_steps_5s.parquet,6426,2542,-8.458359362575071e-05,5999999.999999994,0.13729375892483858,0.137485,69.77385221781758,7.616696897601698e-13,0.9999999999999991,1.0,0.0,0.8458359362575018,-13.90995928002426,DOGE_S2B1_lr0.0003_clip0.2_ent0.01_ep4_bs16_cl32_gamma0.999_lam0.95_seed1_H4320_Q3e+06_pov0.1_fee0,checkpoints/DOGE/DOGE_S2B1_lr0.0003_clip0.2_ent0.01_ep4_bs16_cl32_gamma0.999_lam0.95_seed1_H4320_Q3e+06_pov0.1_fee0/best.weights.h5,7
DOGE,doge_q6e+06,6000000.0,4320,3500.0,0.1,buy,DOGE_PPO_1,2026-01-10_steps_5s.parquet,/Users/jackfletcher/Desktop/FYP_Data/Replay_5s_DOGE/January/2026-01-10_steps_5s.parquet,4690,2663,-5.785725258723004e-05,6000000.000000009,0.14004617167222305,0.13977499999999998,48.52198488227997,9.587025350133743e-13,1.0000000000000016,1.0,0.0,0.5785725258722946,19.400584669867253,DOGE_S2B1_lr0.0003_clip0.2_ent0.01_ep4_bs16_cl32_gamma0.999_lam0.95_seed1_H4320_Q3e+06_pov0.1_fee0,checkpoints/DOGE/DOGE_S2B1_lr0.0003_clip0.2_ent0.01_ep4_bs16_cl32_gamma0.999_lam0.95_seed1_H4320_Q3e+06_pov0.1_fee0/best.weights.h5,8
DOGE,doge_q6e+06,6000000.0,4320,3500.0,0.1,buy,DOGE_PPO_1,2026-01-24_steps_5s.parquet,/Users/jackfletcher/Desktop/FYP_Data/Replay_5s_DOGE/January/2026-01-24_steps_5s.parquet,3650,2284,-8.092200119129e-05,5999999.999999998,0.12438708074747691,0.124515,60.45601787000152,6.847803610879702e-13,0.9999999999999997,1.0,0.0,0.809220011912909,-10.273400997718339,DOGE_S2B1_lr0.0003_clip0.2_ent0.01_ep4_bs16_cl32_gamma0.999_lam0.95_seed1_H4320_Q3e+06_pov0.1_fee0,checkpoints/DOGE/DOGE_S2B1_lr0.0003_clip0.2_ent0.01_ep4_bs16_cl32_gamma0.999_lam0.95_seed1_H4320_Q3e+06_pov0.1_fee0/best.weights.h5,9
DOGE,doge_q6e+06,6000000.0,4320,3500.0,0.1,buy,DOGE_PPO_2,2026-01-11_steps_5s.parquet,/Users/jackfletcher/Desktop/FYP_Data/Replay_5s_DOGE/January/2026-01-11_steps_5s.parquet,2088,2677,-6.617902798259343e-05,5999999.999999992,0.1391718699066698,0.139015,55.19926545000204,7.096688933978945e-13,0.9999999999999986,1.0,0.0,0.6617902798259425,11.284387056777954,DOGE_S2B2_lr0.0003_clip0.2_ent0.005_ep4_bs16_cl32_gamma0.999_lam0.95_seed1_H4320_Q3e+06_pov0.1_fee0,checkpoints/DOGE/DOGE_S2B2_lr0.0003_clip0.2_ent0.005_ep4_bs16_cl32_gamma0.999_lam0.95_seed1_H4320_Q3e+06_pov0.1_fee0/best.weights.h5,0
DOGE,doge_q6e+06,6000000.0,4320,3500.0,0.1,buy,DOGE_PPO_2,2026-01-30_steps_5s.parquet,/Users/jackfletcher/Desktop/FYP_Data/Replay_5s_DOGE/January/2026-01-30_steps_5s.parquet,5511,3143,-9.920112971189166e-05,6000000.000000005,0.11398925127028467,0.113905,67.79702807899875,8.837758430228807e-13,1.0000000000000007,1.0,0.0,0.9920112971189259,7.396626160806213,DOGE_S2B2_lr0.0003_clip0.2_ent0.005_ep4_bs16_cl32_gamma0.999_lam0.95_seed1_H4320_Q3e+06_pov0.1_fee0,checkpoints/DOGE/DOGE_S2B2_lr0.0003_clip0.2_ent0.005_ep4_bs16_cl32_gamma0.999_lam0.95_seed1_H4320_Q3e+06_pov0.1_fee0/best.weights.h5,1
DOGE,doge_q6e+06,6000000.0,4320,3500.0,0.1,buy,DOGE_PPO_2,2026-01-31_steps_5s.parquet,/Users/jackfletcher/Desktop/FYP_Data/Replay_5s_DOGE/January/2026-01-31_steps_5s.parquet,11812,2688,-0.0001757081493868737,5999999.999999999,0.10259877129881904,0.107925,113.77981213547027,6.591910073593175e-13,0.9999999999999999,1.0,0.0,1.75708149386874,-493.5120408784757,DOGE_S2B2_lr0.0003_clip0.2_ent0.005_ep4_bs16_cl32_gamma0.999_lam0.95_seed1_H4320_Q3e+06_pov0.1_fee0,checkpoints/DOGE/DOGE_S2B2_lr0.0003_clip0.2_ent0.005_ep4_bs16_cl32_gamma0.999_lam0.95_seed1_H4320_Q3e+06_pov0.1_fee0/best.weights.h5,2
DOGE,doge_q6e+06,6000000.0,4320,3500.0,0.1,buy,DOGE_PPO_2,2026-01-15_steps_5s.parquet,/Users/jackfletcher/Desktop/FYP_Data/Replay_5s_DOGE/January/2026-01-15_steps_5s.parquet,3234,3197,-6.183140783133001e-05,6000000.0,0.14359193910680282,0.14331,53.166354337848645,8.44992124910608e-13,1.0,1.0,0.0,0.6183140783133143,19.673372884155008,DOGE_S2B2_lr0.0003_clip0.2_ent0.005_ep4_bs16_cl32_gamma0.999_lam0.95_seed1_H4320_Q3e+06_pov0.1_fee0,checkpoints/DOGE/DOGE_S2B2_lr0.0003_clip0.2_ent0.005_ep4_bs16_cl32_gamma0.999_lam0.95_seed1_H4320_Q3e+06_pov0.1_fee0/best.weights.h5,3
DOGE,doge_q6e+06,6000000.0,4320,3500.0,0.1,buy,DOGE_PPO_2,2026-01-17_steps_5s.parquet,/Users/jackfletcher/Desktop/FYP_Data/Replay_5s_DOGE/January/2026-01-17_steps_5s.parquet,10735,2814,-8.752964097195135e-05,6000000.0,0.13876960496419843,0.138485,72.72925398000342,8.108543130702304e-13,1.0,1.0,0.0,0.8752964097195054,20.551320662774827,DOGE_S2B2_lr0.0003_clip0.2_ent0.005_ep4_bs16_cl32_gamma0.999_lam0.95_seed1_H4320_Q3e+06_pov0.1_fee0,checkpoints/DOGE/DOGE_S2B2_lr0.0003_clip0.2_ent0.005_ep4_bs16_cl32_gamma0.999_lam0.95_seed1_H4320_Q3e+06_pov0.1_fee0/best.weights.h5,4
DOGE,doge_q6e+06,6000000.0,4320,3500.0,0.1,buy,DOGE_PPO_2,2026-01-31_steps_5s.parquet,/Users/jackfletcher/Desktop/FYP_Data/Replay_5s_DOGE/January/2026-01-31_steps_5s.parquet,11851,2680,-0.00017618149010520363,6000000.000000001,0.1025246773737285,0.10704,113.15080020516575,7.625449396798382e-13,1.0000000000000002,1.0,0.0,1.7618149010520328,-421.8350734558572,DOGE_S2B2_lr0.0003_clip0.2_ent0.005_ep4_bs16_cl32_gamma0.999_lam0.95_seed1_H4320_Q3e+06_pov0.1_fee0,checkpoints/DOGE/DOGE_S2B2_lr0.0003_clip0.2_ent0.005_ep4_bs16_cl32_gamma0.999_lam0.95_seed1_H4320_Q3e+06_pov0.1_fee0/best.weights.h5,5
DOGE,doge_q6e+06,6000000.0,4320,3500.0,0.1,buy,DOGE_PPO_2,2026-01-31_steps_5s.parquet,/Users/jackfletcher/Desktop/FYP_Data/Replay_5s_DOGE/January/2026-01-31_steps_5s.parquet,5721,2983,-0.00010541747782857781,6000000.000000004,0.11198501492724904,0.11273,71.30227365369349,9.974377147630368e-13,1.0000000000000007,1.0,0.0,1.0541747782857784,-66.08578663629571,DOGE_S2B2_lr0.0003_clip0.2_ent0.005_ep4_bs16_cl32_gamma0.999_lam0.95_seed1_H4320_Q3e+06_pov0.1_fee0,checkpoints/DOGE/DOGE_S2B2_lr0.0003_clip0.2_ent0.005_ep4_bs16_cl32_gamma0.999_lam0.95_seed1_H4320_Q3e+06_pov0.1_fee0/best.weights.h5,6
DOGE,doge_q6e+06,6000000.0,4320,3500.0,0.1,buy,DOGE_PPO_2,2026-01-18_steps_5s.parquet,/Users/jackfletcher/Desktop/FYP_Data/Replay_5s_DOGE/January/2026-01-18_steps_5s.parquet,6426,2537,-8.458353429148474e-05,5999999.999999997,0.13729375909313465,0.137485,69.77380327238821,9.321091305563356e-13,0.9999999999999996,1.0,0.0,0.8458353429148417,-13.90994703897458,DOGE_S2B2_lr0.0003_clip0.2_ent0.005_ep4_bs16_cl32_gamma0.999_lam0.95_seed1_H4320_Q3e+06_pov0.1_fee0,checkpoints/DOGE/DOGE_S2B2_lr0.0003_clip0.2_ent0.005_ep4_bs16_cl32_gamma0.999_lam0.95_seed1_H4320_Q3e+06_pov0.1_fee0/best.weights.h5,7
DOGE,doge_q6e+06,6000000.0,4320,3500.0,0.1,buy,DOGE_PPO_2,2026-01-10_steps_5s.parquet,/Users/jackfletcher/Desktop/FYP_Data/Replay_5s_DOGE/January/2026-01-10_steps_5s.parquet,4690,2658,-5.78572768051219e-05,6000000.000000011,0.14004617161184213,0.13977499999999998,48.522005192614984,9.871312694588746e-13,1.0000000000000018,1.0,0.0,0.5785727680512132,19.400580350001576,DOGE_S2B2_lr0.0003_clip0.2_ent0.005_ep4_bs16_cl32_gamma0.999_lam0.95_seed1_H4320_Q3e+06_pov0.1_fee0,checkpoints/DOGE/DOGE_S2B2_lr0.0003_clip0.2_ent0.005_ep4_bs16_cl32_gamma0.999_lam0.95_seed1_H4320_Q3e+06_pov0.1_fee0/best.weights.h5,8
DOGE,doge_q6e+06,6000000.0,4320,3500.0,0.1,buy,DOGE_PPO_2,2026-01-24_steps_5s.parquet,/Users/jackfletcher/Desktop/FYP_Data/Replay_5s_DOGE/January/2026-01-24_steps_5s.parquet,3650,2279,-8.092074931555549e-05,6000000.000000001,0.1243870804361331,0.124515,60.45508260615906,7.592500430767534e-13,1.0000000000000002,1.0,0.0,0.8092074931555644,-10.273426002240832,DOGE_S2B2_lr0.0003_clip0.2_ent0.005_ep4_bs16_cl32_gamma0.999_lam0.95_seed1_H4320_Q3e+06_pov0.1_fee0,checkpoints/DOGE/DOGE_S2B2_lr0.0003_clip0.2_ent0.005_ep4_bs16_cl32_gamma0.999_lam0.95_seed1_H4320_Q3e+06_pov0.1_fee0/best.weights.h5,9
DOGE,doge_q6e+06,6000000.0,4320,3500.0,0.1,buy,DOGE_PPO_3,2026-01-11_steps_5s.parquet,/Users/jackfletcher/Desktop/FYP_Data/Replay_5s_DOGE/January/2026-01-11_steps_5s.parquet,2088,2677,-6.617902798259351e-05,5999999.999999991,0.1391718703688313,0.139015,55.19926545000202,6.041445170332074e-13,0.9999999999999984,1.0,0.0,0.6617902798259423,11.284420302219345,DOGE_S2B1_lr0.0003_clip0.2_ent0.01_ep4_bs16_cl32_gamma0.99_lam0.9_seed1_H4320_Q3e+06_pov0.1_fee0,checkpoints/DOGE/DOGE_S2B1_lr0.0003_clip0.2_ent0.01_ep4_bs16_cl32_gamma0.99_lam0.9_seed1_H4320_Q3e+06_pov0.1_fee0/best.weights.h5,0
DOGE,doge_q6e+06,6000000.0,4320,3500.0,0.1,buy,DOGE_PPO_3,2026-01-30_steps_5s.parquet,/Users/jackfletcher/Desktop/FYP_Data/Replay_5s_DOGE/January/2026-01-30_steps_5s.parquet,5511,3140,-9.919112405648956e-05,6000000.000000003,0.11398924653556354,0.113905,67.79018991392735,6.713635214846405e-13,1.0000000000000004,1.0,0.0,0.9919112405649056,7.396210487997377,DOGE_S2B1_lr0.0003_clip0.2_ent0.01_ep4_bs16_cl32_gamma0.99_lam0.9_seed1_H4320_Q3e+06_pov0.1_fee0,checkpoints/DOGE/DOGE_S2B1_lr0.0003_clip0.2_ent0.01_ep4_bs16_cl32_gamma0.99_lam0.9_seed1_H4320_Q3e+06_pov0.1_fee0/best.weights.h5,1
DOGE,doge_q6e+06,6000000.0,4320,3500.0,0.1,buy,DOGE_PPO_3,2026-01-31_steps_5s.parquet,/Users/jackfletcher/Desktop/FYP_Data/Replay_5s_DOGE/January/2026-01-31_steps_5s.parquet,11812,2691,-0.00017570790811305775,5999999.999999997,0.10259877020994257,0.107925,113.77965589861086,7.959091004265956e-13,0.9999999999999996,1.0,0.0,1.7570790811305823,-493.51214177043545,DOGE_S2B1_lr0.0003_clip0.2_ent0.01_ep4_bs16_cl32_gamma0.99_lam0.9_seed1_H4320_Q3e+06_pov0.1_fee0,checkpoints/DOGE/DOGE_S2B1_lr0.0003_clip0.2_ent0.01_ep4_bs16_cl32_gamma0.99_lam0.9_seed1_H4320_Q3e+06_pov0.1_fee0/best.weights.h5,2
DOGE,doge_q6e+06,6000000.0,4320,3500.0,0.1,buy,DOGE_PPO_3,2026-01-15_steps_5s.parquet,/Users/jackfletcher/Desktop/FYP_Data/Replay_5s_DOGE/January/2026-01-15_steps_5s.parquet,3234,3194,-6.183396637059176e-05,6000000.0,0.14359193390091077,0.14331,53.168554323418256,7.954992196727836e-13,1.0,1.0,0.0,0.6183396637059319,19.67300962324853,DOGE_S2B1_lr0.0003_clip0.2_ent0.01_ep4_bs16_cl32_gamma0.99_lam0.9_seed1_H4320_Q3e+06_pov0.1_fee0,checkpoints/DOGE/DOGE_S2B1_lr0.0003_clip0.2_ent0.01_ep4_bs16_cl32_gamma0.99_lam0.9_seed1_H4320_Q3e+06_pov0.1_fee0/best.weights.h5,3
DOGE,doge_q6e+06,6000000.0,4320,3500.0,0.1,buy,DOGE_PPO_3,2026-01-17_steps_5s.parquet,/Users/jackfletcher/Desktop/FYP_Data/Replay_5s_DOGE/January/2026-01-17_steps_5s.parquet,10735,2815,-8.752930703385954e-05,5999999.999999999,0.13876960483751907,0.138485,72.72897650750359,6.400353437592084e-13,0.9999999999999999,1.0,0.0,0.8752930703385876,20.55131151525983,DOGE_S2B1_lr0.0003_clip0.2_ent0.01_ep4_bs16_cl32_gamma0.99_lam0.9_seed1_H4320_Q3e+06_pov0.1_fee0,checkpoints/DOGE/DOGE_S2B1_lr0.0003_clip0.2_ent0.01_ep4_bs16_cl32_gamma0.99_lam0.9_seed1_H4320_Q3e+06_pov0.1_fee0/best.weights.h5,4
DOGE,doge_q6e+06,6000000.0,4320,3500.0,0.1,buy,DOGE_PPO_3,2026-01-31_steps_5s.parquet,/Users/jackfletcher/Desktop/FYP_Data/Replay_5s_DOGE/January/2026-01-31_steps_5s.parquet,11851,2681,-0.00017618556253020716,6000000.000000005,0.10252467784330001,0.10704,113.1534156794,9.82643056946538e-13,1.0000000000000007,1.0,0.0,1.7618556253020676,-421.8350295870692,DOGE_S2B1_lr0.0003_clip0.2_ent0.01_ep4_bs16_cl32_gamma0.99_lam0.9_seed1_H4320_Q3e+06_pov0.1_fee0,checkpoints/DOGE/DOGE_S2B1_lr0.0003_clip0.2_ent0.01_ep4_bs16_cl32_gamma0.99_lam0.9_seed1_H4320_Q3e+06_pov0.1_fee0/best.weights.h5,5
DOGE,doge_q6e+06,6000000.0,4320,3500.0,0.1,buy,DOGE_PPO_3,2026-01-31_steps_5s.parquet,/Users/jackfletcher/Desktop/FYP_Data/Replay_5s_DOGE/January/2026-01-31_steps_5s.parquet,5721,2980,-0.00010541792413311061,6000000.000000002,0.11198501522327681,0.11273,71.30257552515344,7.773602197774798e-13,1.0000000000000002,1.0,0.0,1.0541792413311073,-66.0857603764029,DOGE_S2B1_lr0.0003_clip0.2_ent0.01_ep4_bs16_cl32_gamma0.99_lam0.9_seed1_H4320_Q3e+06_pov0.1_fee0,checkpoints/DOGE/DOGE_S2B1_lr0.0003_clip0.2_ent0.01_ep4_bs16_cl32_gamma0.99_lam0.9_seed1_H4320_Q3e+06_pov0.1_fee0/best.weights.h5,6
DOGE,doge_q6e+06,6000000.0,4320,3500.0,0.1,buy,DOGE_PPO_3,2026-01-18_steps_5s.parquet,/Users/jackfletcher/Desktop/FYP_Data/Replay_5s_DOGE/January/2026-01-18_steps_5s.parquet,6426,2540,-8.458354995774299e-05,5999999.999999995,0.13729375891433315,0.137485,69.77381619564136,6.70479911834455e-13,0.9999999999999992,1.0,0.0,0.845835499577425,-13.90996004413888,DOGE_S2B1_lr0.0003_clip0.2_ent0.01_ep4_bs16_cl32_gamma0.99_lam0.9_seed1_H4320_Q3e+06_pov0.1_fee0,checkpoints/DOGE/DOGE_S2B1_lr0.0003_clip0.2_ent0.01_ep4_bs16_cl32_gamma0.99_lam0.9_seed1_H4320_Q3e+06_pov0.1_fee0/best.weights.h5,7
DOGE,doge_q6e+06,6000000.0,4320,3500.0,0.1,buy,DOGE_PPO_3,2026-01-10_steps_5s.parquet,/Users/jackfletcher/Desktop/FYP_Data/Replay_5s_DOGE/January/2026-01-10_steps_5s.parquet,4690,2661,-5.785816059419148e-05,6000000.000000009,0.14004617142604925,0.13977499999999998,48.5227463823182,6.584082476884742e-13,1.0000000000000016,1.0,0.0,0.5785816059419091,19.400567057718902,DOGE_S2B1_lr0.0003_clip0.2_ent0.01_ep4_bs16_cl32_gamma0.99_lam0.9_seed1_H4320_Q3e+06_pov0.1_fee0,checkpoints/DOGE/DOGE_S2B1_lr0.0003_clip0.2_ent0.01_ep4_bs16_cl32_gamma0.99_lam0.9_seed1_H4320_Q3e+06_pov0.1_fee0/best.weights.h5,8
DOGE,doge_q6e+06,6000000.0,4320,3500.0,0.1,buy,DOGE_PPO_3,2026-01-24_steps_5s.parquet,/Users/jackfletcher/Desktop/FYP_Data/Replay_5s_DOGE/January/2026-01-24_steps_5s.parquet,3650,2283,-8.091978436024939e-05,5999999.999999998,0.12438708024091273,0.124515,60.45436169769949,9.057035352231594e-13,0.9999999999999997,1.0,0.0,0.8091978436025042,-10.273441680702676,DOGE_S2B1_lr0.0003_clip0.2_ent0.01_ep4_bs16_cl32_gamma0.99_lam0.9_seed1_H4320_Q3e+06_pov0.1_fee0,checkpoints/DOGE/DOGE_S2B1_lr0.0003_clip0.2_ent0.01_ep4_bs16_cl32_gamma0.99_lam0.9_seed1_H4320_Q3e+06_pov0.1_fee0/best.weights.h5,9
DOGE,doge_q1p2e+07,12000000.0,4320,3500.0,0.1,buy,TWAP,2026-01-29_steps_5s.parquet,/Users/jackfletcher/Desktop/FYP_Data/Replay_5s_DOGE/January/2026-01-29_steps_5s.parquet,5081,4320,-6.306256375095808e-05,9831662.840946682,0.1214695611403974,0.122195,92.47115973057873,2168337.159053302,0.8193052367455568,0.0,1.0,0.6306256375095731,-59.36731123225928,TWAP,,0
DOGE,doge_q1p2e+07,12000000.0,4320,3500.0,0.1,buy,TWAP,2026-01-25_steps_5s.parquet,/Users/jackfletcher/Desktop/FYP_Data/Replay_5s_DOGE/January/2026-01-25_steps_5s.parquet,6643,4320,-8.642140026205683e-05,10624468.987728614,0.12304272785741233,0.122725,127.2727961659326,1375531.0122714138,0.8853724156440512,0.0,1.0,0.8642140026205786,25.88941596352214,TWAP,,1
DOGE,doge_q1p2e+07,12000000.0,4320,3500.0,0.1,buy,TWAP,2026-01-28_steps_5s.parquet,/Users/jackfletcher/Desktop/FYP_Data/Replay_5s_DOGE/January/2026-01-28_steps_5s.parquet,11486,4320,-9.417153793081585e-05,9062766.823362192,0.12498008342812053,0.12465999999999999,140.8730870214664,2937233.1766378186,0.755230568613516,0.0,1.0,0.941715379308161,25.67651436872596,TWAP,,2
DOGE,doge_q1p2e+07,12000000.0,4320,3500.0,0.1,buy,TWAP,2026-01-31_steps_5s.parquet,/Users/jackfletcher/Desktop/FYP_Data/Replay_5s_DOGE/January/2026-01-31_steps_5s.parquet,1579,4320,-8.815059333356559e-05,10247505.305615319,0.11457882932874935,0.11522,121.88053636672143,1752494.6943846913,0.8539587754679433,0.0,1.0,0.8815059333356581,-55.64751529687977,TWAP,,3
DOGE,doge_q1p2e+07,12000000.0,4320,3500.0,0.1,buy,TWAP,2026-01-23_steps_5s.parquet,/Users/jackfletcher/Desktop/FYP_Data/Replay_5s_DOGE/January/2026-01-23_steps_5s.parquet,3876,4320,-9.904520570355624e-05,10509912.11000001,0.1251366518740752,0.12556499999999998,149.23933505000363,1490087.8899999682,0.8758260091666675,0.0,1.0,0.9904520570355569,-34.11365634729371,TWAP,,4
DOGE,doge_q1p2e+07,12000000.0,4320,3500.0,0.1,buy,TWAP,2026-01-26_steps_5s.parquet,/Users/jackfletcher/Desktop/FYP_Data/Replay_5s_DOGE/January/2026-01-26_steps_5s.parquet,6599,4320,-6.373473925454412e-05,9739706.29554521,0.12142171859395744,0.121395,92.84494406166448,2260293.704454799,0.8116421912954341,0.0,1.0,0.6373473925454404,2.2009632981122627,TWAP,,5
DOGE,doge_q1p2e+07,12000000.0,4320,3500.0,0.1,buy,TWAP,2026-01-09_steps_5s.parquet,/Users/jackfletcher/Desktop/FYP_Data/Replay_5s_DOGE/January/2026-01-09_steps_5s.parquet,2723,4320,-5.4126017627929156e-05,8975964.229999976,0.14224353589533034,0.142955,92.85101820000641,3024035.7700000396,0.7479970191666647,0.0,1.0,0.541260176279286,-49.76839597563267,TWAP,,6
DOGE,doge_q1p2e+07,12000000.0,4320,3500.0,0.1,buy,TWAP,2026-01-29_steps_5s.parquet,/Users/jackfletcher/Desktop/FYP_Data/Replay_5s_DOGE/January/2026-01-29_steps_5s.parquet,4263,4320,-9.219004301821152e-05,10458214.98230586,0.12164037550777163,0.121865,134.81687510896953,1541785.0176941147,0.871517915192155,0.0,1.0,0.9219004301820972,-18.43223995637597,TWAP,,7
DOGE,doge_q1p2e+07,12000000.0,4320,3500.0,0.1,buy,TWAP,2026-01-19_steps_5s.parquet,/Users/jackfletcher/Desktop/FYP_Data/Replay_5s_DOGE/January/2026-01-19_steps_5s.parquet,1176,4320,-5.5492625760657995e-05,8674876.473362172,0.12708586681254094,0.127355,84.8071602449831,3325123.5266378094,0.722906372780181,0.0,1.0,0.5549262576065793,-21.13251835099156,TWAP,,8
DOGE,doge_q1p2e+07,12000000.0,4320,3500.0,0.1,buy,TWAP,2026-01-21_steps_5s.parquet,/Users/jackfletcher/Desktop/FYP_Data/Replay_5s_DOGE/January/2026-01-21_steps_5s.parquet,8839,4320,-0.00010128745075975566,7950349.49000001,0.12344333102763985,0.12219,148.51576330001478,4049650.5099999895,0.6625291241666674,0.0,1.0,1.0128745075975583,102.57230768801531,TWAP,,9
DOGE,doge_q1p2e+07,12000000.0,4320,3500.0,0.1,buy,DOGE_PPO_1,2026-01-29_steps_5s.parquet,/Users/jackfletcher/Desktop/FYP_Data/Replay_5s_DOGE/January/2026-01-29_steps_5s.parquet,5081,4320,-6.308249260062586e-05,9835055.450000009,0.12146981742528974,0.122195,92.50038220000059,2164944.549999977,0.8195879541666674,0.0,1.0,0.6308249260062508,-59.346337796984855,DOGE_S2B1_lr0.0003_clip0.2_ent0.01_ep4_bs16_cl32_gamma0.999_lam0.95_seed1_H4320_Q3e+06_pov0.1_fee0,checkpoints/DOGE/DOGE_S2B1_lr0.0003_clip0.2_ent0.01_ep4_bs16_cl32_gamma0.999_lam0.95_seed1_H4320_Q3e+06_pov0.1_fee0/best.weights.h5,0
DOGE,doge_q1p2e+07,12000000.0,4320,3500.0,0.1,buy,DOGE_PPO_1,2026-01-25_steps_5s.parquet,/Users/jackfletcher/Desktop/FYP_Data/Replay_5s_DOGE/January/2026-01-25_steps_5s.parquet,6643,4320,-8.64287563658598e-05,10625191.20999999,0.12304270728020139,0.122725,127.28362950000324,1374808.7900000385,0.8854326008333325,0.0,1.0,0.8642875636586084,25.88773927084052,DOGE_S2B1_lr0.0003_clip0.2_ent0.01_ep4_bs16_cl32_gamma0.999_lam0.95_seed1_H4320_Q3e+06_pov0.1_fee0,checkpoints/DOGE/DOGE_S2B1_lr0.0003_clip0.2_ent0.01_ep4_bs16_cl32_gamma0.999_lam0.95_seed1_H4320_Q3e+06_pov0.1_fee0/best.weights.h5,1
DOGE,doge_q1p2e+07,12000000.0,4320,3500.0,0.1,buy,DOGE_PPO_1,2026-01-28_steps_5s.parquet,/Users/jackfletcher/Desktop/FYP_Data/Replay_5s_DOGE/January/2026-01-28_steps_5s.parquet,11486,4320,-9.418843574522117e-05,9064933.49,0.12498000771969292,0.12465999999999999,140.8983647999916,2935066.5100000114,0.7554111241666667,0.0,1.0,0.9418843574522142,25.670441175431367,DOGE_S2B1_lr0.0003_clip0.2_ent0.01_ep4_bs16_cl32_gamma0.999_lam0.95_seed1_H4320_Q3e+06_pov0.1_fee0,checkpoints/DOGE/DOGE_S2B1_lr0.0003_clip0.2_ent0.01_ep4_bs16_cl32_gamma0.999_lam0.95_seed1_H4320_Q3e+06_pov0.1_fee0/best.weights.h5,2
DOGE,doge_q1p2e+07,12000000.0,4320,3500.0,0.1,buy,DOGE_PPO_1,2026-01-31_steps_5s.parquet,/Users/jackfletcher/Desktop/FYP_Data/Replay_5s_DOGE/January/2026-01-31_steps_5s.parquet,1579,4320,-8.81584285858947e-05,10248949.750000007,0.11457892110203761,0.11522,121.89136970000175,1751050.2500000028,0.854079145833334,0.0,1.0,0.8815842858589491,-55.63955024842807,DOGE_S2B1_lr0.0003_clip0.2_ent0.01_ep4_bs16_cl32_gamma0.999_lam0.95_seed1_H4320_Q3e+06_pov0.1_fee0,checkpoints/DOGE/DOGE_S2B1_lr0.0003_clip0.2_ent0.01_ep4_bs16_cl32_gamma0.999_lam0.95_seed1_H4320_Q3e+06_pov0.1_fee0/best.weights.h5,3
DOGE,doge_q1p2e+07,12000000.0,4320,3500.0,0.1,buy,DOGE_PPO_1,2026-01-23_steps_5s.parquet,/Users/jackfletcher/Desktop/FYP_Data/Replay_5s_DOGE/January/2026-01-23_steps_5s.parquet,3876,4320,-9.904520570355624e-05,10509912.11000001,0.1251366518740752,0.12556499999999998,149.23933505000363,1490087.8899999682,0.8758260091666675,0.0,1.0,0.9904520570355569,-34.11365634729371,DOGE_S2B1_lr0.0003_clip0.2_ent0.01_ep4_bs16_cl32_gamma0.999_lam0.95_seed1_H4320_Q3e+06_pov0.1_fee0,checkpoints/DOGE/DOGE_S2B1_lr0.0003_clip0.2_ent0.01_ep4_bs16_cl32_gamma0.999_lam0.95_seed1_H4320_Q3e+06_pov0.1_fee0/best.weights.h5,4
DOGE,doge_q1p2e+07,12000000.0,4320,3500.0,0.1,buy,DOGE_PPO_1,2026-01-26_steps_5s.parquet,/Users/jackfletcher/Desktop/FYP_Data/Replay_5s_DOGE/January/2026-01-26_steps_5s.parquet,6599,4320,-6.375430210607456e-05,9744191.95000002,0.12142171813329239,0.121395,92.87344205000292,2255808.0499999914,0.812015995833335,0.0,1.0,0.6375430210607447,2.2009253504992823,DOGE_S2B1_lr0.0003_clip0.2_ent0.01_ep4_bs16_cl32_gamma0.999_lam0.95_seed1_H4320_Q3e+06_pov0.1_fee0,checkpoints/DOGE/DOGE_S2B1_lr0.0003_clip0.2_ent0.01_ep4_bs16_cl32_gamma0.999_lam0.95_seed1_H4320_Q3e+06_pov0.1_fee0/best.weights.h5,5
DOGE,doge_q1p2e+07,12000000.0,4320,3500.0,0.1,buy,DOGE_PPO_1,2026-01-09_steps_5s.parquet,/Users/jackfletcher/Desktop/FYP_Data/Replay_5s_DOGE/January/2026-01-09_steps_5s.parquet,2723,4320,-5.4126017627929156e-05,8975964.229999976,0.14224353589533034,0.142955,92.85101820000641,3024035.7700000396,0.7479970191666647,0.0,1.0,0.541260176279286,-49.76839597563267,DOGE_S2B1_lr0.0003_clip0.2_ent0.01_ep4_bs16_cl32_gamma0.999_lam0.95_seed1_H4320_Q3e+06_pov0.1_fee0,checkpoints/DOGE/DOGE_S2B1_lr0.0003_clip0.2_ent0.01_ep4_bs16_cl32_gamma0.999_lam0.95_seed1_H4320_Q3e+06_pov0.1_fee0/best.weights.h5,6
DOGE,doge_q1p2e+07,12000000.0,4320,3500.0,0.1,buy,DOGE_PPO_1,2026-01-29_steps_5s.parquet,/Users/jackfletcher/Desktop/FYP_Data/Replay_5s_DOGE/January/2026-01-29_steps_5s.parquet,4263,4320,-9.22320217727152e-05,10463992.759999977,0.12164050643796583,0.121865,134.87826399998062,1536007.2399999956,0.8719993966666648,0.0,1.0,0.922320217727134,-18.421496084534148,DOGE_S2B1_lr0.0003_clip0.2_ent0.01_ep4_bs16_cl32_gamma0.999_lam0.95_seed1_H4320_Q3e+06_pov0.1_fee0,checkpoints/DOGE/DOGE_S2B1_lr0.0003_clip0.2_ent0.01_ep4_bs16_cl32_gamma0.999_lam0.95_seed1_H4320_Q3e+06_pov0.1_fee0/best.weights.h5,7
DOGE,doge_q1p2e+07,12000000.0,4320,3500.0,0.1,buy,DOGE_PPO_1,2026-01-19_steps_5s.parquet,/Users/jackfletcher/Desktop/FYP_Data/Replay_5s_DOGE/January/2026-01-19_steps_5s.parquet,1176,4320,-5.5504440213055626e-05,8677043.13999998,0.12708592610817682,0.127355,84.82521580000429,3322956.860000003,0.7230869283333317,0.0,1.0,0.5550444021305556,-21.1278624179011,DOGE_S2B1_lr0.0003_clip0.2_ent0.01_ep4_bs16_cl32_gamma0.999_lam0.95_seed1_H4320_Q3e+06_pov0.1_fee0,checkpoints/DOGE/DOGE_S2B1_lr0.0003_clip0.2_ent0.01_ep4_bs16_cl32_gamma0.999_lam0.95_seed1_H4320_Q3e+06_pov0.1_fee0/best.weights.h5,8
DOGE,doge_q1p2e+07,12000000.0,4320,3500.0,0.1,buy,DOGE_PPO_1,2026-01-21_steps_5s.parquet,/Users/jackfletcher/Desktop/FYP_Data/Replay_5s_DOGE/January/2026-01-21_steps_5s.parquet,8839,4320,-0.00010128745075975566,7950349.49000001,0.12344333102763985,0.12219,148.51576330001478,4049650.5099999895,0.6625291241666674,0.0,1.0,1.0128745075975583,102.57230768801531,DOGE_S2B1_lr0.0003_clip0.2_ent0.01_ep4_bs16_cl32_gamma0.999_lam0.95_seed1_H4320_Q3e+06_pov0.1_fee0,checkpoints/DOGE/DOGE_S2B1_lr0.0003_clip0.2_ent0.01_ep4_bs16_cl32_gamma0.999_lam0.95_seed1_H4320_Q3e+06_pov0.1_fee0/best.weights.h5,9
DOGE,doge_q1p2e+07,12000000.0,4320,3500.0,0.1,buy,DOGE_PPO_2,2026-01-29_steps_5s.parquet,/Users/jackfletcher/Desktop/FYP_Data/Replay_5s_DOGE/January/2026-01-29_steps_5s.parquet,5081,4320,-6.308249260062586e-05,9835055.450000009,0.12146981742528974,0.122195,92.50038220000059,2164944.549999977,0.8195879541666674,0.0,1.0,0.6308249260062508,-59.346337796984855,DOGE_S2B2_lr0.0003_clip0.2_ent0.005_ep4_bs16_cl32_gamma0.999_lam0.95_seed1_H4320_Q3e+06_pov0.1_fee0,checkpoints/DOGE/DOGE_S2B2_lr0.0003_clip0.2_ent0.005_ep4_bs16_cl32_gamma0.999_lam0.95_seed1_H4320_Q3e+06_pov0.1_fee0/best.weights.h5,0
DOGE,doge_q1p2e+07,12000000.0,4320,3500.0,0.1,buy,DOGE_PPO_2,2026-01-25_steps_5s.parquet,/Users/jackfletcher/Desktop/FYP_Data/Replay_5s_DOGE/January/2026-01-25_steps_5s.parquet,6643,4320,-8.64287563658598e-05,10625191.20999999,0.12304270728020139,0.122725,127.28362950000324,1374808.7900000385,0.8854326008333325,0.0,1.0,0.8642875636586084,25.88773927084052,DOGE_S2B2_lr0.0003_clip0.2_ent0.005_ep4_bs16_cl32_gamma0.999_lam0.95_seed1_H4320_Q3e+06_pov0.1_fee0,checkpoints/DOGE/DOGE_S2B2_lr0.0003_clip0.2_ent0.005_ep4_bs16_cl32_gamma0.999_lam0.95_seed1_H4320_Q3e+06_pov0.1_fee0/best.weights.h5,1
DOGE,doge_q1p2e+07,12000000.0,4320,3500.0,0.1,buy,DOGE_PPO_2,2026-01-28_steps_5s.parquet,/Users/jackfletcher/Desktop/FYP_Data/Replay_5s_DOGE/January/2026-01-28_steps_5s.parquet,11486,4320,-9.418843574522117e-05,9064933.49,0.12498000771969292,0.12465999999999999,140.8983647999916,2935066.5100000114,0.7554111241666667,0.0,1.0,0.9418843574522142,25.670441175431367,DOGE_S2B2_lr0.0003_clip0.2_ent0.005_ep4_bs16_cl32_gamma0.999_lam0.95_seed1_H4320_Q3e+06_pov0.1_fee0,checkpoints/DOGE/DOGE_S2B2_lr0.0003_clip0.2_ent0.005_ep4_bs16_cl32_gamma0.999_lam0.95_seed1_H4320_Q3e+06_pov0.1_fee0/best.weights.h5,2
DOGE,doge_q1p2e+07,12000000.0,4320,3500.0,0.1,buy,DOGE_PPO_2,2026-01-31_steps_5s.parquet,/Users/jackfletcher/Desktop/FYP_Data/Replay_5s_DOGE/January/2026-01-31_steps_5s.parquet,1579,4320,-8.81584285858947e-05,10248949.750000007,0.11457892110203761,0.11522,121.89136970000175,1751050.2500000028,0.854079145833334,0.0,1.0,0.8815842858589491,-55.63955024842807,DOGE_S2B2_lr0.0003_clip0.2_ent0.005_ep4_bs16_cl32_gamma0.999_lam0.95_seed1_H4320_Q3e+06_pov0.1_fee0,checkpoints/DOGE/DOGE_S2B2_lr0.0003_clip0.2_ent0.005_ep4_bs16_cl32_gamma0.999_lam0.95_seed1_H4320_Q3e+06_pov0.1_fee0/best.weights.h5,3
DOGE,doge_q1p2e+07,12000000.0,4320,3500.0,0.1,buy,DOGE_PPO_2,2026-01-23_steps_5s.parquet,/Users/jackfletcher/Desktop/FYP_Data/Replay_5s_DOGE/January/2026-01-23_steps_5s.parquet,3876,4320,-9.904520570355624e-05,10509912.11000001,0.1251366518740752,0.12556499999999998,149.23933505000363,1490087.8899999682,0.8758260091666675,0.0,1.0,0.9904520570355569,-34.11365634729371,DOGE_S2B2_lr0.0003_clip0.2_ent0.005_ep4_bs16_cl32_gamma0.999_lam0.95_seed1_H4320_Q3e+06_pov0.1_fee0,checkpoints/DOGE/DOGE_S2B2_lr0.0003_clip0.2_ent0.005_ep4_bs16_cl32_gamma0.999_lam0.95_seed1_H4320_Q3e+06_pov0.1_fee0/best.weights.h5,4
DOGE,doge_q1p2e+07,12000000.0,4320,3500.0,0.1,buy,DOGE_PPO_2,2026-01-26_steps_5s.parquet,/Users/jackfletcher/Desktop/FYP_Data/Replay_5s_DOGE/January/2026-01-26_steps_5s.parquet,6599,4320,-6.375430210607456e-05,9744191.95000002,0.12142171813329239,0.121395,92.87344205000292,2255808.0499999914,0.812015995833335,0.0,1.0,0.6375430210607447,2.2009253504992823,DOGE_S2B2_lr0.0003_clip0.2_ent0.005_ep4_bs16_cl32_gamma0.999_lam0.95_seed1_H4320_Q3e+06_pov0.1_fee0,checkpoints/DOGE/DOGE_S2B2_lr0.0003_clip0.2_ent0.005_ep4_bs16_cl32_gamma0.999_lam0.95_seed1_H4320_Q3e+06_pov0.1_fee0/best.weights.h5,5
DOGE,doge_q1p2e+07,12000000.0,4320,3500.0,0.1,buy,DOGE_PPO_2,2026-01-09_steps_5s.parquet,/Users/jackfletcher/Desktop/FYP_Data/Replay_5s_DOGE/January/2026-01-09_steps_5s.parquet,2723,4320,-5.4126017627929156e-05,8975964.229999976,0.14224353589533034,0.142955,92.85101820000641,3024035.7700000396,0.7479970191666647,0.0,1.0,0.541260176279286,-49.76839597563267,DOGE_S2B2_lr0.0003_clip0.2_ent0.005_ep4_bs16_cl32_gamma0.999_lam0.95_seed1_H4320_Q3e+06_pov0.1_fee0,checkpoints/DOGE/DOGE_S2B2_lr0.0003_clip0.2_ent0.005_ep4_bs16_cl32_gamma0.999_lam0.95_seed1_H4320_Q3e+06_pov0.1_fee0/best.weights.h5,6
DOGE,doge_q1p2e+07,12000000.0,4320,3500.0,0.1,buy,DOGE_PPO_2,2026-01-29_steps_5s.parquet,/Users/jackfletcher/Desktop/FYP_Data/Replay_5s_DOGE/January/2026-01-29_steps_5s.parquet,4263,4320,-9.22320217727152e-05,10463992.759999977,0.12164050643796583,0.121865,134.87826399998062,1536007.2399999956,0.8719993966666648,0.0,1.0,0.922320217727134,-18.421496084534148,DOGE_S2B2_lr0.0003_clip0.2_ent0.005_ep4_bs16_cl32_gamma0.999_lam0.95_seed1_H4320_Q3e+06_pov0.1_fee0,checkpoints/DOGE/DOGE_S2B2_lr0.0003_clip0.2_ent0.005_ep4_bs16_cl32_gamma0.999_lam0.95_seed1_H4320_Q3e+06_pov0.1_fee0/best.weights.h5,7
DOGE,doge_q1p2e+07,12000000.0,4320,3500.0,0.1,buy,DOGE_PPO_2,2026-01-19_steps_5s.parquet,/Users/jackfletcher/Desktop/FYP_Data/Replay_5s_DOGE/January/2026-01-19_steps_5s.parquet,1176,4320,-5.5504440213055626e-05,8677043.13999998,0.12708592610817682,0.127355,84.82521580000429,3322956.860000003,0.7230869283333317,0.0,1.0,0.5550444021305556,-21.1278624179011,DOGE_S2B2_lr0.0003_clip0.2_ent0.005_ep4_bs16_cl32_gamma0.999_lam0.95_seed1_H4320_Q3e+06_pov0.1_fee0,checkpoints/DOGE/DOGE_S2B2_lr0.0003_clip0.2_ent0.005_ep4_bs16_cl32_gamma0.999_lam0.95_seed1_H4320_Q3e+06_pov0.1_fee0/best.weights.h5,8
DOGE,doge_q1p2e+07,12000000.0,4320,3500.0,0.1,buy,DOGE_PPO_2,2026-01-21_steps_5s.parquet,/Users/jackfletcher/Desktop/FYP_Data/Replay_5s_DOGE/January/2026-01-21_steps_5s.parquet,8839,4320,-0.00010128745075975566,7950349.49000001,0.12344333102763985,0.12219,148.51576330001478,4049650.5099999895,0.6625291241666674,0.0,1.0,1.0128745075975583,102.57230768801531,DOGE_S2B2_lr0.0003_clip0.2_ent0.005_ep4_bs16_cl32_gamma0.999_lam0.95_seed1_H4320_Q3e+06_pov0.1_fee0,checkpoints/DOGE/DOGE_S2B2_lr0.0003_clip0.2_ent0.005_ep4_bs16_cl32_gamma0.999_lam0.95_seed1_H4320_Q3e+06_pov0.1_fee0/best.weights.h5,9
DOGE,doge_q1p2e+07,12000000.0,4320,3500.0,0.1,buy,DOGE_PPO_3,2026-01-29_steps_5s.parquet,/Users/jackfletcher/Desktop/FYP_Data/Replay_5s_DOGE/January/2026-01-29_steps_5s.parquet,5081,4320,-6.308249260062586e-05,9835055.450000009,0.12146981742528974,0.122195,92.50038220000059,2164944.549999977,0.8195879541666674,0.0,1.0,0.6308249260062508,-59.346337796984855,DOGE_S2B1_lr0.0003_clip0.2_ent0.01_ep4_bs16_cl32_gamma0.99_lam0.9_seed1_H4320_Q3e+06_pov0.1_fee0,checkpoints/DOGE/DOGE_S2B1_lr0.0003_clip0.2_ent0.01_ep4_bs16_cl32_gamma0.99_lam0.9_seed1_H4320_Q3e+06_pov0.1_fee0/best.weights.h5,0
DOGE,doge_q1p2e+07,12000000.0,4320,3500.0,0.1,buy,DOGE_PPO_3,2026-01-25_steps_5s.parquet,/Users/jackfletcher/Desktop/FYP_Data/Replay_5s_DOGE/January/2026-01-25_steps_5s.parquet,6643,4320,-8.64287563658598e-05,10625191.20999999,0.12304270728020139,0.122725,127.28362950000324,1374808.7900000385,0.8854326008333325,0.0,1.0,0.8642875636586084,25.88773927084052,DOGE_S2B1_lr0.0003_clip0.2_ent0.01_ep4_bs16_cl32_gamma0.99_lam0.9_seed1_H4320_Q3e+06_pov0.1_fee0,checkpoints/DOGE/DOGE_S2B1_lr0.0003_clip0.2_ent0.01_ep4_bs16_cl32_gamma0.99_lam0.9_seed1_H4320_Q3e+06_pov0.1_fee0/best.weights.h5,1
DOGE,doge_q1p2e+07,12000000.0,4320,3500.0,0.1,buy,DOGE_PPO_3,2026-01-28_steps_5s.parquet,/Users/jackfletcher/Desktop/FYP_Data/Replay_5s_DOGE/January/2026-01-28_steps_5s.parquet,11486,4320,-9.418843574522117e-05,9064933.49,0.12498000771969292,0.12465999999999999,140.8983647999916,2935066.5100000114,0.7554111241666667,0.0,1.0,0.9418843574522142,25.670441175431367,DOGE_S2B1_lr0.0003_clip0.2_ent0.01_ep4_bs16_cl32_gamma0.99_lam0.9_seed1_H4320_Q3e+06_pov0.1_fee0,checkpoints/DOGE/DOGE_S2B1_lr0.0003_clip0.2_ent0.01_ep4_bs16_cl32_gamma0.99_lam0.9_seed1_H4320_Q3e+06_pov0.1_fee0/best.weights.h5,2
DOGE,doge_q1p2e+07,12000000.0,4320,3500.0,0.1,buy,DOGE_PPO_3,2026-01-31_steps_5s.parquet,/Users/jackfletcher/Desktop/FYP_Data/Replay_5s_DOGE/January/2026-01-31_steps_5s.parquet,1579,4320,-8.81584285858947e-05,10248949.750000007,0.11457892110203761,0.11522,121.89136970000175,1751050.2500000028,0.854079145833334,0.0,1.0,0.8815842858589491,-55.63955024842807,DOGE_S2B1_lr0.0003_clip0.2_ent0.01_ep4_bs16_cl32_gamma0.99_lam0.9_seed1_H4320_Q3e+06_pov0.1_fee0,checkpoints/DOGE/DOGE_S2B1_lr0.0003_clip0.2_ent0.01_ep4_bs16_cl32_gamma0.99_lam0.9_seed1_H4320_Q3e+06_pov0.1_fee0/best.weights.h5,3
DOGE,doge_q1p2e+07,12000000.0,4320,3500.0,0.1,buy,DOGE_PPO_3,2026-01-23_steps_5s.parquet,/Users/jackfletcher/Desktop/FYP_Data/Replay_5s_DOGE/January/2026-01-23_steps_5s.parquet,3876,4320,-9.904520570355624e-05,10509912.11000001,0.1251366518740752,0.12556499999999998,149.23933505000363,1490087.8899999682,0.8758260091666675,0.0,1.0,0.9904520570355569,-34.11365634729371,DOGE_S2B1_lr0.0003_clip0.2_ent0.01_ep4_bs16_cl32_gamma0.99_lam0.9_seed1_H4320_Q3e+06_pov0.1_fee0,checkpoints/DOGE/DOGE_S2B1_lr0.0003_clip0.2_ent0.01_ep4_bs16_cl32_gamma0.99_lam0.9_seed1_H4320_Q3e+06_pov0.1_fee0/best.weights.h5,4
DOGE,doge_q1p2e+07,12000000.0,4320,3500.0,0.1,buy,DOGE_PPO_3,2026-01-26_steps_5s.parquet,/Users/jackfletcher/Desktop/FYP_Data/Replay_5s_DOGE/January/2026-01-26_steps_5s.parquet,6599,4320,-6.375430210607456e-05,9744191.95000002,0.12142171813329239,0.121395,92.87344205000292,2255808.0499999914,0.812015995833335,0.0,1.0,0.6375430210607447,2.2009253504992823,DOGE_S2B1_lr0.0003_clip0.2_ent0.01_ep4_bs16_cl32_gamma0.99_lam0.9_seed1_H4320_Q3e+06_pov0.1_fee0,checkpoints/DOGE/DOGE_S2B1_lr0.0003_clip0.2_ent0.01_ep4_bs16_cl32_gamma0.99_lam0.9_seed1_H4320_Q3e+06_pov0.1_fee0/best.weights.h5,5
DOGE,doge_q1p2e+07,12000000.0,4320,3500.0,0.1,buy,DOGE_PPO_3,2026-01-09_steps_5s.parquet,/Users/jackfletcher/Desktop/FYP_Data/Replay_5s_DOGE/January/2026-01-09_steps_5s.parquet,2723,4320,-5.4126017627929156e-05,8975964.229999976,0.14224353589533034,0.142955,92.85101820000641,3024035.7700000396,0.7479970191666647,0.0,1.0,0.541260176279286,-49.76839597563267,DOGE_S2B1_lr0.0003_clip0.2_ent0.01_ep4_bs16_cl32_gamma0.99_lam0.9_seed1_H4320_Q3e+06_pov0.1_fee0,checkpoints/DOGE/DOGE_S2B1_lr0.0003_clip0.2_ent0.01_ep4_bs16_cl32_gamma0.99_lam0.9_seed1_H4320_Q3e+06_pov0.1_fee0/best.weights.h5,6
DOGE,doge_q1p2e+07,12000000.0,4320,3500.0,0.1,buy,DOGE_PPO_3,2026-01-29_steps_5s.parquet,/Users/jackfletcher/Desktop/FYP_Data/Replay_5s_DOGE/January/2026-01-29_steps_5s.parquet,4263,4320,-9.22320217727152e-05,10463992.759999977,0.12164050643796583,0.121865,134.87826399998062,1536007.2399999956,0.8719993966666648,0.0,1.0,0.922320217727134,-18.421496084534148,DOGE_S2B1_lr0.0003_clip0.2_ent0.01_ep4_bs16_cl32_gamma0.99_lam0.9_seed1_H4320_Q3e+06_pov0.1_fee0,checkpoints/DOGE/DOGE_S2B1_lr0.0003_clip0.2_ent0.01_ep4_bs16_cl32_gamma0.99_lam0.9_seed1_H4320_Q3e+06_pov0.1_fee0/best.weights.h5,7
DOGE,doge_q1p2e+07,12000000.0,4320,3500.0,0.1,buy,DOGE_PPO_3,2026-01-19_steps_5s.parquet,/Users/jackfletcher/Desktop/FYP_Data/Replay_5s_DOGE/January/2026-01-19_steps_5s.parquet,1176,4320,-5.5504440213055626e-05,8677043.13999998,0.12708592610817682,0.127355,84.82521580000429,3322956.860000003,0.7230869283333317,0.0,1.0,0.5550444021305556,-21.1278624179011,DOGE_S2B1_lr0.0003_clip0.2_ent0.01_ep4_bs16_cl32_gamma0.99_lam0.9_seed1_H4320_Q3e+06_pov0.1_fee0,checkpoints/DOGE/DOGE_S2B1_lr0.0003_clip0.2_ent0.01_ep4_bs16_cl32_gamma0.99_lam0.9_seed1_H4320_Q3e+06_pov0.1_fee0/best.weights.h5,8
DOGE,doge_q1p2e+07,12000000.0,4320,3500.0,0.1,buy,DOGE_PPO_3,2026-01-21_steps_5s.parquet,/Users/jackfletcher/Desktop/FYP_Data/Replay_5s_DOGE/January/2026-01-21_steps_5s.parquet,8839,4320,-0.00010128745075975566,7950349.49000001,0.12344333102763985,0.12219,148.51576330001478,4049650.5099999895,0.6625291241666674,0.0,1.0,1.0128745075975583,102.57230768801531,DOGE_S2B1_lr0.0003_clip0.2_ent0.01_ep4_bs16_cl32_gamma0.99_lam0.9_seed1_H4320_Q3e+06_pov0.1_fee0,checkpoints/DOGE/DOGE_S2B1_lr0.0003_clip0.2_ent0.01_ep4_bs16_cl32_gamma0.99_lam0.9_seed1_H4320_Q3e+06_pov0.1_fee0/best.weights.h5,9
