asset,scenario_name,target_qty,horizon_steps,max_child_qty,pov_cap,side,policy_name,day_name,day_path,start_idx,steps_used,episode_return,filled_total,exec_vwap,arrival_mid,cost_cash_vs_mid,remaining_qty,completion,completion_100pct,terminated_at_horizon,is_bps,run_name,ckpt,episode_id
DOGE,doge_q3e+06,3000000.0,4320,3500.0,0.1,buy,TWAP,2026-01-08_steps_5s.parquet,/Users/jackfletcher/Desktop/FYP_Data/Replay_5s_DOGE/January/2026-01-08_steps_5s.parquet,5985,4320,-9.719658758444962e-05,2983812.409190748,0.14097616432027377,0.144555,42.150758154810404,16187.590809264482,0.9946041363969159,0.0,1.0,0.9719658758444978,TWAP,,0
DOGE,doge_q3e+06,3000000.0,4320,3500.0,0.1,buy,TWAP,2026-01-26_steps_5s.parquet,/Users/jackfletcher/Desktop/FYP_Data/Replay_5s_DOGE/January/2026-01-26_steps_5s.parquet,875,4320,-7.228122947520476e-05,3000000.0000000047,0.12181984567626522,0.12225,26.509140910031327,0.0,1.0000000000000016,1.0,1.0,0.7228122947520471,TWAP,,1
DOGE,doge_q3e+06,3000000.0,4320,3500.0,0.1,buy,TWAP,2026-01-22_steps_5s.parquet,/Users/jackfletcher/Desktop/FYP_Data/Replay_5s_DOGE/January/2026-01-22_steps_5s.parquet,7987,4320,-7.984690363578822e-05,3000000.0000000075,0.1251562976353241,0.12654500000000002,30.31267926177253,0.0,1.0000000000000024,1.0,1.0,0.7984690363578839,TWAP,,2
DOGE,doge_q3e+06,3000000.0,4320,3500.0,0.1,buy,TWAP,2026-01-30_steps_5s.parquet,/Users/jackfletcher/Desktop/FYP_Data/Replay_5s_DOGE/January/2026-01-30_steps_5s.parquet,9226,4320,-0.00012705174301186423,2999999.999999995,0.11570421400562678,0.11499999999999999,43.83285133909323,0.0,0.9999999999999983,1.0,1.0,1.2705174301186444,TWAP,,3
DOGE,doge_q3e+06,3000000.0,4320,3500.0,0.1,buy,TWAP,2026-01-22_steps_5s.parquet,/Users/jackfletcher/Desktop/FYP_Data/Replay_5s_DOGE/January/2026-01-22_steps_5s.parquet,3246,4320,-5.336261918614871e-05,3000000.0000000037,0.12670987781436877,0.127135,20.352769770692944,0.0,1.0000000000000013,1.0,1.0,0.5336261918614843,TWAP,,4
DOGE,doge_q3e+06,3000000.0,4320,3500.0,0.1,buy,TWAP,2026-01-10_steps_5s.parquet,/Users/jackfletcher/Desktop/FYP_Data/Replay_5s_DOGE/January/2026-01-10_steps_5s.parquet,10333,4320,-4.537175017426276e-05,3000000.000000004,0.1400803376552497,0.140035,19.060899106958644,0.0,1.0000000000000013,1.0,1.0,0.45371750174262726,TWAP,,5
DOGE,doge_q3e+06,3000000.0,4320,3500.0,0.1,buy,TWAP,2026-01-18_steps_5s.parquet,/Users/jackfletcher/Desktop/FYP_Data/Replay_5s_DOGE/January/2026-01-18_steps_5s.parquet,1842,4320,-4.6373349246241734e-05,2999999.9999999935,0.1372127011850688,0.13694,19.051099337341086,0.0,0.9999999999999978,1.0,1.0,0.46373349246241874,TWAP,,6
DOGE,doge_q3e+06,3000000.0,4320,3500.0,0.1,buy,TWAP,2026-01-09_steps_5s.parquet,/Users/jackfletcher/Desktop/FYP_Data/Replay_5s_DOGE/January/2026-01-09_steps_5s.parquet,5162,4320,-5.230879248106299e-05,2999999.9999999967,0.14072999637555805,0.142955,22.433410287391162,0.0,0.9999999999999989,1.0,1.0,0.5230879248106318,TWAP,,7
DOGE,doge_q3e+06,3000000.0,4320,3500.0,0.1,buy,TWAP,2026-01-08_steps_5s.parquet,/Users/jackfletcher/Desktop/FYP_Data/Replay_5s_DOGE/January/2026-01-08_steps_5s.parquet,5638,4320,-9.205757462332592e-05,2987399.5907223495,0.14129068770366174,0.14373999999999998,39.69706732907062,12600.409277642262,0.9957998635741165,0.0,1.0,0.9205757462332597,TWAP,,8
DOGE,doge_q3e+06,3000000.0,4320,3500.0,0.1,buy,TWAP,2026-01-29_steps_5s.parquet,/Users/jackfletcher/Desktop/FYP_Data/Replay_5s_DOGE/January/2026-01-29_steps_5s.parquet,3239,4320,-6.284679157500433e-05,2999999.999999997,0.12183378851356934,0.121815,22.9670457471274,0.0,0.9999999999999991,1.0,1.0,0.6284679157500418,TWAP,,9
DOGE,doge_q3e+06,3000000.0,4320,3500.0,0.1,buy,TWAP,2026-01-08_steps_5s.parquet,/Users/jackfletcher/Desktop/FYP_Data/Replay_5s_DOGE/January/2026-01-08_steps_5s.parquet,11151,4320,-9.57447173984096e-05,2947559.966746134,0.14212997784848805,0.14130500000000001,40.58762187594673,52440.03325386293,0.9825199889153781,0.0,1.0,0.9574471739840941,TWAP,,10
DOGE,doge_q3e+06,3000000.0,4320,3500.0,0.1,buy,TWAP,2026-01-15_steps_5s.parquet,/Users/jackfletcher/Desktop/FYP_Data/Replay_5s_DOGE/January/2026-01-15_steps_5s.parquet,9298,4320,-0.00010704567374311786,2989966.824073257,0.1419295635339643,0.14425500000000002,46.325620997440424,10033.17592673999,0.996655608024419,0.0,1.0,1.070456737431179,TWAP,,11
DOGE,doge_q3e+06,3000000.0,4320,3500.0,0.1,buy,TWAP,2026-01-17_steps_5s.parquet,/Users/jackfletcher/Desktop/FYP_Data/Replay_5s_DOGE/January/2026-01-17_steps_5s.parquet,11400,4320,-6.709392128581987e-05,2999999.9999999935,0.13874283845723465,0.138825,27.942940867511926,0.0,0.9999999999999978,1.0,1.0,0.670939212858201,TWAP,,12
DOGE,doge_q3e+06,3000000.0,4320,3500.0,0.1,buy,TWAP,2026-01-11_steps_5s.parquet,/Users/jackfletcher/Desktop/FYP_Data/Replay_5s_DOGE/January/2026-01-11_steps_5s.parquet,12651,4320,-7.005907602644535e-05,2999999.999999994,0.13745069643947833,0.138495,29.108495202847674,0.0,0.999999999999998,1.0,1.0,0.7005907602644542,TWAP,,13
DOGE,doge_q3e+06,3000000.0,4320,3500.0,0.1,buy,TWAP,2026-01-12_steps_5s.parquet,/Users/jackfletcher/Desktop/FYP_Data/Replay_5s_DOGE/January/2026-01-12_steps_5s.parquet,9801,4320,-8.725513167966236e-05,3000000.0000000075,0.13805332572793141,0.13635,35.69171161356587,0.0,1.0000000000000024,1.0,1.0,0.8725513167966231,TWAP,,14
DOGE,doge_q3e+06,3000000.0,4320,3500.0,0.1,buy,TWAP,2026-01-28_steps_5s.parquet,/Users/jackfletcher/Desktop/FYP_Data/Replay_5s_DOGE/January/2026-01-28_steps_5s.parquet,11460,4320,-8.585890054931542e-05,2999999.999999995,0.12503479584768307,0.12471499999999999,32.12367834602374,0.0,0.9999999999999983,1.0,1.0,0.8585890054931574,TWAP,,15
DOGE,doge_q3e+06,3000000.0,4320,3500.0,0.1,buy,TWAP,2026-01-26_steps_5s.parquet,/Users/jackfletcher/Desktop/FYP_Data/Replay_5s_DOGE/January/2026-01-26_steps_5s.parquet,9696,4320,-7.275293244688417e-05,2999999.9999999977,0.12247593628735413,0.12187500000000001,26.60029092589206,0.0,0.9999999999999992,1.0,1.0,0.7275293244688426,TWAP,,16
DOGE,doge_q3e+06,3000000.0,4320,3500.0,0.1,buy,TWAP,2026-01-22_steps_5s.parquet,/Users/jackfletcher/Desktop/FYP_Data/Replay_5s_DOGE/January/2026-01-22_steps_5s.parquet,2595,4320,-5.2571282197984194e-05,3000000.0,0.12669831525061143,0.12648500000000001,19.948435886436094,0.0,1.0,1.0,1.0,0.5257128219798419,TWAP,,17
DOGE,doge_q3e+06,3000000.0,4320,3500.0,0.1,buy,TWAP,2026-01-14_steps_5s.parquet,/Users/jackfletcher/Desktop/FYP_Data/Replay_5s_DOGE/January/2026-01-14_steps_5s.parquet,3464,4320,-8.297992372723051e-05,3000000.0000000023,0.14801586229484862,0.14874500000000002,37.02854626442065,0.0,1.0000000000000007,1.0,1.0,0.8297992372723036,TWAP,,18
DOGE,doge_q3e+06,3000000.0,4320,3500.0,0.1,buy,TWAP,2026-01-22_steps_5s.parquet,/Users/jackfletcher/Desktop/FYP_Data/Replay_5s_DOGE/January/2026-01-22_steps_5s.parquet,969,4320,-6.005968038239541e-05,2999999.9999999846,0.12707942808819192,0.12756,22.98363848873507,0.0,0.9999999999999949,1.0,1.0,0.600596803823954,TWAP,,19
DOGE,doge_q3e+06,3000000.0,4320,3500.0,0.1,buy,TWAP,2026-01-28_steps_5s.parquet,/Users/jackfletcher/Desktop/FYP_Data/Replay_5s_DOGE/January/2026-01-28_steps_5s.parquet,3599,4320,-6.396440770572954e-05,3000000.0000000014,0.12593762434149916,0.12442500000000001,23.876314286356113,0.0,1.0000000000000004,1.0,1.0,0.6396440770572932,TWAP,,20
DOGE,doge_q3e+06,3000000.0,4320,3500.0,0.1,buy,TWAP,2026-01-21_steps_5s.parquet,/Users/jackfletcher/Desktop/FYP_Data/Replay_5s_DOGE/January/2026-01-21_steps_5s.parquet,108,4320,-8.20282605103916e-05,3000000.0000000033,0.12551140551423795,0.123495,30.39024009519242,0.0,1.000000000000001,1.0,1.0,0.8202826051039157,TWAP,,21
DOGE,doge_q3e+06,3000000.0,4320,3500.0,0.1,buy,TWAP,2026-01-19_steps_5s.parquet,/Users/jackfletcher/Desktop/FYP_Data/Replay_5s_DOGE/January/2026-01-19_steps_5s.parquet,2735,4320,-5.876846692308615e-05,3000000.000000002,0.12741387619446098,0.12725,22.434862247888088,0.0,1.0000000000000007,1.0,1.0,0.5876846692308603,TWAP,,22
DOGE,doge_q3e+06,3000000.0,4320,3500.0,0.1,buy,TWAP,2026-01-15_steps_5s.parquet,/Users/jackfletcher/Desktop/FYP_Data/Replay_5s_DOGE/January/2026-01-15_steps_5s.parquet,10741,4320,-7.730024047604948e-05,3000000.000000008,0.14053410981011025,0.143255,33.220937848189365,0.0,1.0000000000000027,1.0,1.0,0.7730024047604939,TWAP,,23
DOGE,doge_q3e+06,3000000.0,4320,3500.0,0.1,buy,TWAP,2026-01-11_steps_5s.parquet,/Users/jackfletcher/Desktop/FYP_Data/Replay_5s_DOGE/January/2026-01-11_steps_5s.parquet,7712,4320,-7.961406777022604e-05,2999999.9999999935,0.1398521333660688,0.139995,33.436714252478325,0.0,0.9999999999999978,1.0,1.0,0.796140677702259,TWAP,,24
DOGE,doge_q3e+06,3000000.0,4320,3500.0,0.1,buy,TWAP,2026-01-17_steps_5s.parquet,/Users/jackfletcher/Desktop/FYP_Data/Replay_5s_DOGE/January/2026-01-17_steps_5s.parquet,7512,4320,-5.596570532711532e-05,2999999.999999991,0.13816858787889874,0.13766499999999998,23.113556471571968,0.0,0.999999999999997,1.0,1.0,0.5596570532711528,TWAP,,25
DOGE,doge_q3e+06,3000000.0,4320,3500.0,0.1,buy,TWAP,2026-01-15_steps_5s.parquet,/Users/jackfletcher/Desktop/FYP_Data/Replay_5s_DOGE/January/2026-01-15_steps_5s.parquet,6454,4320,-8.176454116154502e-05,2999999.9999999986,0.14396322844871742,0.144165,35.3627552296624,0.0,0.9999999999999996,1.0,1.0,0.81764541161545,TWAP,,26
DOGE,doge_q3e+06,3000000.0,4320,3500.0,0.1,buy,TWAP,2026-01-23_steps_5s.parquet,/Users/jackfletcher/Desktop/FYP_Data/Replay_5s_DOGE/January/2026-01-23_steps_5s.parquet,12373,4320,-0.0001182336070502262,3000000.0000000023,0.12507881889746433,0.12522,44.41563682448796,0.0,1.0000000000000007,1.0,1.0,1.1823360705022616,TWAP,,27
DOGE,doge_q3e+06,3000000.0,4320,3500.0,0.1,buy,TWAP,2026-01-08_steps_5s.parquet,/Users/jackfletcher/Desktop/FYP_Data/Replay_5s_DOGE/January/2026-01-08_steps_5s.parquet,783,4320,-7.373217905042122e-05,3000000.000000002,0.14547848381151626,0.14691500000000002,32.497089255577876,0.0,1.0000000000000007,1.0,1.0,0.7373217905042116,TWAP,,28
DOGE,doge_q3e+06,3000000.0,4320,3500.0,0.1,buy,TWAP,2026-01-17_steps_5s.parquet,/Users/jackfletcher/Desktop/FYP_Data/Replay_5s_DOGE/January/2026-01-17_steps_5s.parquet,5145,4320,-4.712927129547119e-05,2999999.999999984,0.13756770624219275,0.136965,19.365181928952563,0.0,0.9999999999999947,1.0,1.0,0.47129271295471015,TWAP,,29
DOGE,doge_q3e+06,3000000.0,4320,3500.0,0.1,buy,TWAP,2026-01-27_steps_5s.parquet,/Users/jackfletcher/Desktop/FYP_Data/Replay_5s_DOGE/January/2026-01-27_steps_5s.parquet,6460,4320,-7.443749974394221e-05,3000000.0000000023,0.12207585115994052,0.122255,27.301069593586917,0.0,1.0000000000000007,1.0,1.0,0.7443749974394208,TWAP,,30
DOGE,doge_q3e+06,3000000.0,4320,3500.0,0.1,buy,TWAP,2026-01-31_steps_5s.parquet,/Users/jackfletcher/Desktop/FYP_Data/Replay_5s_DOGE/January/2026-01-31_steps_5s.parquet,11947,4320,-0.00011959535536473568,2999999.999999999,0.10211578495965995,0.10676,38.30400041621755,0.0,0.9999999999999997,1.0,1.0,1.195953553647357,TWAP,,31
DOGE,doge_q3e+06,3000000.0,4320,3500.0,0.1,buy,TWAP,2026-01-31_steps_5s.parquet,/Users/jackfletcher/Desktop/FYP_Data/Replay_5s_DOGE/January/2026-01-31_steps_5s.parquet,3371,4320,-8.45004275744451e-05,2999999.9999999977,0.11294151601149029,0.115035,29.16152005807889,0.0,0.9999999999999992,1.0,1.0,0.8450042757444514,TWAP,,32
DOGE,doge_q3e+06,3000000.0,4320,3500.0,0.1,buy,TWAP,2026-01-31_steps_5s.parquet,/Users/jackfletcher/Desktop/FYP_Data/Replay_5s_DOGE/January/2026-01-31_steps_5s.parquet,2544,4320,-7.959117438614523e-05,3000000.0000000154,0.11347410116598146,0.115425,27.56043391056239,0.0,1.000000000000005,1.0,1.0,0.7959117438614508,TWAP,,33
DOGE,doge_q3e+06,3000000.0,4320,3500.0,0.1,buy,TWAP,2026-01-22_steps_5s.parquet,/Users/jackfletcher/Desktop/FYP_Data/Replay_5s_DOGE/January/2026-01-22_steps_5s.parquet,12769,4320,-0.00010545186982485166,3000000.000000005,0.12436564005253953,0.124745,39.463780503903436,0.0,1.0000000000000018,1.0,1.0,1.0545186982485186,TWAP,,34
DOGE,doge_q3e+06,3000000.0,4320,3500.0,0.1,buy,TWAP,2026-01-08_steps_5s.parquet,/Users/jackfletcher/Desktop/FYP_Data/Replay_5s_DOGE/January/2026-01-08_steps_5s.parquet,9423,4320,-0.00010344848520134377,2864387.578292583,0.14148134808133128,0.13973000000000002,43.36457051155128,135612.4217074183,0.9547958594308611,0.0,1.0,1.034484852013437,TWAP,,35
DOGE,doge_q3e+06,3000000.0,4320,3500.0,0.1,buy,TWAP,2026-01-30_steps_5s.parquet,/Users/jackfletcher/Desktop/FYP_Data/Replay_5s_DOGE/January/2026-01-30_steps_5s.parquet,5110,4320,-9.548000542128304e-05,2999999.9999999893,0.11433110505838848,0.113145,32.40925564017329,0.0,0.9999999999999964,1.0,1.0,0.9548000542128328,TWAP,,36
DOGE,doge_q3e+06,3000000.0,4320,3500.0,0.1,buy,TWAP,2026-01-23_steps_5s.parquet,/Users/jackfletcher/Desktop/FYP_Data/Replay_5s_DOGE/January/2026-01-23_steps_5s.parquet,5241,4320,-7.577825032011208e-05,3000000.000000003,0.1250761939312805,0.12507000000000001,28.432757302609197,0.0,1.0000000000000009,1.0,1.0,0.7577825032011192,TWAP,,37
DOGE,doge_q3e+06,3000000.0,4320,3500.0,0.1,buy,TWAP,2026-01-13_steps_5s.parquet,/Users/jackfletcher/Desktop/FYP_Data/Replay_5s_DOGE/January/2026-01-13_steps_5s.parquet,1146,4320,-6.012805321977925e-05,3000000.0,0.13806555527115139,0.13664500000000002,24.648593496650165,0.0,1.0,1.0,1.0,0.6012805321977913,TWAP,,38
DOGE,doge_q3e+06,3000000.0,4320,3500.0,0.1,buy,TWAP,2026-01-20_steps_5s.parquet,/Users/jackfletcher/Desktop/FYP_Data/Replay_5s_DOGE/January/2026-01-20_steps_5s.parquet,9454,4320,-0.00011696204048964134,2999999.9999999907,0.12447228777040421,0.125125,43.90462594879911,0.0,0.9999999999999969,1.0,1.0,1.1696204048964134,TWAP,,39
DOGE,doge_q3e+06,3000000.0,4320,3500.0,0.1,buy,TWAP,2026-01-08_steps_5s.parquet,/Users/jackfletcher/Desktop/FYP_Data/Replay_5s_DOGE/January/2026-01-08_steps_5s.parquet,12866,4320,-6.471861776608411e-05,2999999.999999998,0.1423894684460217,0.143025,27.769140917982472,0.0,0.9999999999999993,1.0,1.0,0.6471861776608394,TWAP,,40
DOGE,doge_q3e+06,3000000.0,4320,3500.0,0.1,buy,TWAP,2026-01-16_steps_5s.parquet,/Users/jackfletcher/Desktop/FYP_Data/Replay_5s_DOGE/January/2026-01-16_steps_5s.parquet,3323,4320,-6.005775388792463e-05,2999999.9999999953,0.13974102494813426,0.13914500000000002,25.07020849420583,0.0,0.9999999999999984,1.0,1.0,0.6005775388792465,TWAP,,41
DOGE,doge_q3e+06,3000000.0,4320,3500.0,0.1,buy,TWAP,2026-01-21_steps_5s.parquet,/Users/jackfletcher/Desktop/FYP_Data/Replay_5s_DOGE/January/2026-01-21_steps_5s.parquet,4345,4320,-6.997887627954502e-05,2999999.9999999963,0.12457667230907626,0.125785,26.406878858467675,0.0,0.9999999999999988,1.0,1.0,0.6997887627954492,TWAP,,42
DOGE,doge_q3e+06,3000000.0,4320,3500.0,0.1,buy,TWAP,2026-01-31_steps_5s.parquet,/Users/jackfletcher/Desktop/FYP_Data/Replay_5s_DOGE/January/2026-01-31_steps_5s.parquet,7895,4320,-0.00012093561569237078,2999999.9999999977,0.1088412496957437,0.112095,40.66883352310895,0.0,0.9999999999999992,1.0,1.0,1.209356156923709,TWAP,,43
DOGE,doge_q3e+06,3000000.0,4320,3500.0,0.1,buy,TWAP,2026-01-12_steps_5s.parquet,/Users/jackfletcher/Desktop/FYP_Data/Replay_5s_DOGE/January/2026-01-12_steps_5s.parquet,6203,4320,-9.164270673232844e-05,2999999.999999996,0.13645397871764373,0.13645000000000002,37.51394200087863,0.0,0.9999999999999986,1.0,1.0,0.9164270673232839,TWAP,,44
DOGE,doge_q3e+06,3000000.0,4320,3500.0,0.1,buy,TWAP,2026-01-29_steps_5s.parquet,/Users/jackfletcher/Desktop/FYP_Data/Replay_5s_DOGE/January/2026-01-29_steps_5s.parquet,8978,4320,-9.563484654165149e-05,3000000.0000000005,0.1180248408279073,0.12098500000000001,34.71114572652517,0.0,1.0000000000000002,1.0,1.0,0.9563484654165163,TWAP,,45
DOGE,doge_q3e+06,3000000.0,4320,3500.0,0.1,buy,TWAP,2026-01-12_steps_5s.parquet,/Users/jackfletcher/Desktop/FYP_Data/Replay_5s_DOGE/January/2026-01-12_steps_5s.parquet,8657,4320,-8.503140379679238e-05,3000000.000000003,0.13764764826531103,0.13652,34.82546173901418,0.0,1.0000000000000009,1.0,1.0,0.8503140379679213,TWAP,,46
DOGE,doge_q3e+06,3000000.0,4320,3500.0,0.1,buy,TWAP,2026-01-29_steps_5s.parquet,/Users/jackfletcher/Desktop/FYP_Data/Replay_5s_DOGE/January/2026-01-29_steps_5s.parquet,11691,4320,-7.041019939016627e-05,3000000.000000003,0.11630528183274655,0.11604500000000001,24.51225476469549,0.0,1.0000000000000009,1.0,1.0,0.7041019939016615,TWAP,,47
DOGE,doge_q3e+06,3000000.0,4320,3500.0,0.1,buy,TWAP,2026-01-27_steps_5s.parquet,/Users/jackfletcher/Desktop/FYP_Data/Replay_5s_DOGE/January/2026-01-27_steps_5s.parquet,12698,4320,-8.76765082278099e-05,3000000.0000000116,0.12512996887013467,0.122255,32.15667454017275,0.0,1.0000000000000038,1.0,1.0,0.8767650822781005,TWAP,,48
DOGE,doge_q3e+06,3000000.0,4320,3500.0,0.1,buy,TWAP,2026-01-27_steps_5s.parquet,/Users/jackfletcher/Desktop/FYP_Data/Replay_5s_DOGE/January/2026-01-27_steps_5s.parquet,4022,4320,-5.765718369652001e-05,2999999.999999995,0.12214595287254965,0.12273500000000001,21.229663322977213,0.0,0.9999999999999983,1.0,1.0,0.5765718369652016,TWAP,,49
DOGE,doge_q3e+06,3000000.0,4320,3500.0,0.1,buy,TWAP,2026-01-13_steps_5s.parquet,/Users/jackfletcher/Desktop/FYP_Data/Replay_5s_DOGE/January/2026-01-13_steps_5s.parquet,2703,4320,-7.519441857380554e-05,3000000.0000000005,0.1389393612880112,0.137025,30.910545615227107,0.0,1.0000000000000002,1.0,1.0,0.7519441857380553,TWAP,,50
DOGE,doge_q3e+06,3000000.0,4320,3500.0,0.1,buy,TWAP,2026-01-20_steps_5s.parquet,/Users/jackfletcher/Desktop/FYP_Data/Replay_5s_DOGE/January/2026-01-20_steps_5s.parquet,1506,4320,-9.878465306695911e-05,2859373.250956831,0.12763817955452875,0.128435,38.06222074996464,140626.74904317374,0.9531244169856103,0.0,1.0,0.98784653066959,TWAP,,51
DOGE,doge_q3e+06,3000000.0,4320,3500.0,0.1,buy,TWAP,2026-01-12_steps_5s.parquet,/Users/jackfletcher/Desktop/FYP_Data/Replay_5s_DOGE/January/2026-01-12_steps_5s.parquet,3439,4320,-6.038352958459428e-05,3000000.0000000065,0.13826418167146384,0.140985,25.53951575545213,0.0,1.0000000000000022,1.0,1.0,0.6038352958459441,TWAP,,52
DOGE,doge_q3e+06,3000000.0,4320,3500.0,0.1,buy,TWAP,2026-01-20_steps_5s.parquet,/Users/jackfletcher/Desktop/FYP_Data/Replay_5s_DOGE/January/2026-01-20_steps_5s.parquet,7377,4320,-0.00013627701825281996,2999999.9999999907,0.1254066082936306,0.126125,51.56381678141085,0.0,0.9999999999999969,1.0,1.0,1.3627701825282024,TWAP,,53
DOGE,doge_q3e+06,3000000.0,4320,3500.0,0.1,buy,TWAP,2026-01-15_steps_5s.parquet,/Users/jackfletcher/Desktop/FYP_Data/Replay_5s_DOGE/January/2026-01-15_steps_5s.parquet,11818,4320,-6.294726109262538e-05,3000000.0000000102,0.14017134190838837,0.142035,26.822142687873075,0.0,1.0000000000000033,1.0,1.0,0.6294726109262524,TWAP,,54
DOGE,doge_q3e+06,3000000.0,4320,3500.0,0.1,buy,TWAP,2026-01-29_steps_5s.parquet,/Users/jackfletcher/Desktop/FYP_Data/Replay_5s_DOGE/January/2026-01-29_steps_5s.parquet,681,4320,-7.694116088514548e-05,2999999.9999999977,0.12244251685851558,0.12444,28.723674181642597,0.0,0.9999999999999992,1.0,1.0,0.7694116088514572,TWAP,,55
DOGE,doge_q3e+06,3000000.0,4320,3500.0,0.1,buy,TWAP,2026-01-18_steps_5s.parquet,/Users/jackfletcher/Desktop/FYP_Data/Replay_5s_DOGE/January/2026-01-18_steps_5s.parquet,5061,4320,-6.022429819762646e-05,3000000.0000000084,0.1372416584239583,0.137185,24.785611044724163,0.0,1.0000000000000029,1.0,1.0,0.6022429819762647,TWAP,,56
DOGE,doge_q3e+06,3000000.0,4320,3500.0,0.1,buy,TWAP,2026-01-27_steps_5s.parquet,/Users/jackfletcher/Desktop/FYP_Data/Replay_5s_DOGE/January/2026-01-27_steps_5s.parquet,11723,4320,-8.812504288376227e-05,3000000.0000000037,0.12464348502283011,0.125485,33.17511301880673,0.0,1.0000000000000013,1.0,1.0,0.8812504288376226,TWAP,,57
DOGE,doge_q3e+06,3000000.0,4320,3500.0,0.1,buy,TWAP,2026-01-16_steps_5s.parquet,/Users/jackfletcher/Desktop/FYP_Data/Replay_5s_DOGE/January/2026-01-16_steps_5s.parquet,7162,4320,-5.262478843360513e-05,3000000.0,0.13779364501692482,0.139545,22.030578305902303,0.0,1.0,1.0,1.0,0.5262478843360517,TWAP,,58
DOGE,doge_q3e+06,3000000.0,4320,3500.0,0.1,buy,TWAP,2026-01-17_steps_5s.parquet,/Users/jackfletcher/Desktop/FYP_Data/Replay_5s_DOGE/January/2026-01-17_steps_5s.parquet,6375,4320,-5.376054278680316e-05,3000000.000000009,0.13774496493251454,0.13755499999999998,22.185094389116074,0.0,1.0000000000000029,1.0,1.0,0.5376054278680304,TWAP,,59
DOGE,doge_q3e+06,3000000.0,4320,3500.0,0.1,buy,TWAP,2026-01-18_steps_5s.parquet,/Users/jackfletcher/Desktop/FYP_Data/Replay_5s_DOGE/January/2026-01-18_steps_5s.parquet,8975,4320,-5.314421525384895e-05,2999999.9999999832,0.13690421315112697,0.137185,21.871767508797724,0.0,0.9999999999999944,1.0,1.0,0.5314421525384875,TWAP,,60
DOGE,doge_q3e+06,3000000.0,4320,3500.0,0.1,buy,TWAP,2026-01-13_steps_5s.parquet,/Users/jackfletcher/Desktop/FYP_Data/Replay_5s_DOGE/January/2026-01-13_steps_5s.parquet,7784,4320,-0.00010629786384942582,2929496.298197206,0.1407258372514725,0.139345,44.43622751429476,70503.70180279273,0.9764987660657354,0.0,1.0,1.062978638494259,TWAP,,61
DOGE,doge_q3e+06,3000000.0,4320,3500.0,0.1,buy,TWAP,2026-01-23_steps_5s.parquet,/Users/jackfletcher/Desktop/FYP_Data/Replay_5s_DOGE/January/2026-01-23_steps_5s.parquet,10833,4320,-0.00010769570874127166,3000000.0000000014,0.12506729894458257,0.12301000000000001,39.742947396791436,0.0,1.0000000000000004,1.0,1.0,1.0769570874127155,TWAP,,62
DOGE,doge_q3e+06,3000000.0,4320,3500.0,0.1,buy,TWAP,2026-01-23_steps_5s.parquet,/Users/jackfletcher/Desktop/FYP_Data/Replay_5s_DOGE/January/2026-01-23_steps_5s.parquet,11452,4320,-0.0001047955293166352,3000000.000000007,0.12513555562744952,0.12444,39.12226700448635,0.0,1.0000000000000022,1.0,1.0,1.0479552931663547,TWAP,,63
DOGE,doge_q3e+06,3000000.0,4320,3500.0,0.1,buy,TWAP,2026-01-28_steps_5s.parquet,/Users/jackfletcher/Desktop/FYP_Data/Replay_5s_DOGE/January/2026-01-28_steps_5s.parquet,3142,4320,-6.943320895403966e-05,3000000.0000000056,0.12571936021438793,0.124145,25.85935717679772,0.0,1.0000000000000018,1.0,1.0,0.6943320895403955,TWAP,,64
DOGE,doge_q3e+06,3000000.0,4320,3500.0,0.1,buy,TWAP,2026-01-30_steps_5s.parquet,/Users/jackfletcher/Desktop/FYP_Data/Replay_5s_DOGE/January/2026-01-30_steps_5s.parquet,11627,4320,-0.00012628407242383754,3000000.0000000037,0.11655504928338928,0.116095,43.982848164136406,0.0,1.0000000000000013,1.0,1.0,1.2628407242383797,TWAP,,65
DOGE,doge_q3e+06,3000000.0,4320,3500.0,0.1,buy,TWAP,2026-01-09_steps_5s.parquet,/Users/jackfletcher/Desktop/FYP_Data/Replay_5s_DOGE/January/2026-01-09_steps_5s.parquet,10374,4320,-0.00010862490558136427,3000000.000000013,0.14080859827268705,0.139195,45.360131197194114,0.0,1.0000000000000044,1.0,1.0,1.0862490558136453,TWAP,,66
DOGE,doge_q3e+06,3000000.0,4320,3500.0,0.1,buy,TWAP,2026-01-20_steps_5s.parquet,/Users/jackfletcher/Desktop/FYP_Data/Replay_5s_DOGE/January/2026-01-20_steps_5s.parquet,4393,4320,-8.22366266404009e-05,3000000.0000000075,0.12604097776899992,0.12791000000000002,31.556660740721096,0.0,1.0000000000000024,1.0,1.0,0.8223662664040104,TWAP,,67
DOGE,doge_q3e+06,3000000.0,4320,3500.0,0.1,buy,TWAP,2026-01-15_steps_5s.parquet,/Users/jackfletcher/Desktop/FYP_Data/Replay_5s_DOGE/January/2026-01-15_steps_5s.parquet,6215,4320,-6.784042393190629e-05,2999999.999999997,0.1441248866057539,0.143855,29.277552554173173,0.0,0.9999999999999991,1.0,1.0,0.6784042393190637,TWAP,,68
DOGE,doge_q3e+06,3000000.0,4320,3500.0,0.1,buy,TWAP,2026-01-14_steps_5s.parquet,/Users/jackfletcher/Desktop/FYP_Data/Replay_5s_DOGE/January/2026-01-14_steps_5s.parquet,9583,4320,-0.00011215948347720554,2887994.3765184255,0.14829215651171576,0.14661000000000002,49.33110561777923,112005.62348157965,0.9626647921728085,0.0,1.0,1.1215948347720535,TWAP,,69
DOGE,doge_q3e+06,3000000.0,4320,3500.0,0.1,buy,TWAP,2026-01-21_steps_5s.parquet,/Users/jackfletcher/Desktop/FYP_Data/Replay_5s_DOGE/January/2026-01-21_steps_5s.parquet,10719,4320,-0.0001278065404393399,2999999.9999999963,0.12493286522127058,0.125295,48.04056145304131,0.0,0.9999999999999988,1.0,1.0,1.2780654043934,TWAP,,70
DOGE,doge_q3e+06,3000000.0,4320,3500.0,0.1,buy,TWAP,2026-01-29_steps_5s.parquet,/Users/jackfletcher/Desktop/FYP_Data/Replay_5s_DOGE/January/2026-01-29_steps_5s.parquet,10639,4320,-7.750353521291107e-05,2999999.9999999884,0.1162314919886481,0.11967,27.82454417678721,0.0,0.9999999999999961,1.0,1.0,0.7750353521291108,TWAP,,71
DOGE,doge_q3e+06,3000000.0,4320,3500.0,0.1,buy,TWAP,2026-01-27_steps_5s.parquet,/Users/jackfletcher/Desktop/FYP_Data/Replay_5s_DOGE/January/2026-01-27_steps_5s.parquet,11116,4320,-9.768170051508686e-05,3000000.0000000023,0.12432354943381128,0.122085,35.77641122215321,0.0,1.0000000000000007,1.0,1.0,0.9768170051508706,TWAP,,72
DOGE,doge_q3e+06,3000000.0,4320,3500.0,0.1,buy,TWAP,2026-01-19_steps_5s.parquet,/Users/jackfletcher/Desktop/FYP_Data/Replay_5s_DOGE/January/2026-01-19_steps_5s.parquet,6854,4320,-6.825447980399231e-05,3000000.000000015,0.12802516482643878,0.127725,26.15341029889473,0.0,1.0000000000000049,1.0,1.0,0.6825447980399225,TWAP,,73
DOGE,doge_q3e+06,3000000.0,4320,3500.0,0.1,buy,TWAP,2026-01-08_steps_5s.parquet,/Users/jackfletcher/Desktop/FYP_Data/Replay_5s_DOGE/January/2026-01-08_steps_5s.parquet,4022,4320,-9.107667582589193e-05,2993902.779479655,0.1429395963729559,0.146395,39.999509872594295,6097.220520324045,0.997967593159885,0.0,1.0,0.9107667582589181,TWAP,,74
DOGE,doge_q3e+06,3000000.0,4320,3500.0,0.1,buy,TWAP,2026-01-20_steps_5s.parquet,/Users/jackfletcher/Desktop/FYP_Data/Replay_5s_DOGE/January/2026-01-20_steps_5s.parquet,11669,4320,-8.031630456657738e-05,3000000.0000000005,0.12400146782258872,0.12536,30.205355821398562,0.0,1.0000000000000002,1.0,1.0,0.8031630456657776,TWAP,,75
DOGE,doge_q3e+06,3000000.0,4320,3500.0,0.1,buy,TWAP,2026-01-20_steps_5s.parquet,/Users/jackfletcher/Desktop/FYP_Data/Replay_5s_DOGE/January/2026-01-20_steps_5s.parquet,1197,4320,-7.424541400915762e-05,3000000.0000000037,0.12775099734284526,0.128555,28.63385759384171,0.0,1.0000000000000013,1.0,1.0,0.7424541400915746,TWAP,,76
DOGE,doge_q3e+06,3000000.0,4320,3500.0,0.1,buy,TWAP,2026-01-31_steps_5s.parquet,/Users/jackfletcher/Desktop/FYP_Data/Replay_5s_DOGE/January/2026-01-31_steps_5s.parquet,7686,4320,-0.00011478211228697225,3000000.0000000023,0.10921469981588465,0.11219499999999999,38.63393726411065,0.0,1.0000000000000007,1.0,1.0,1.1478211228697255,TWAP,,77
DOGE,doge_q3e+06,3000000.0,4320,3500.0,0.1,buy,TWAP,2026-01-19_steps_5s.parquet,/Users/jackfletcher/Desktop/FYP_Data/Replay_5s_DOGE/January/2026-01-19_steps_5s.parquet,8778,4320,-8.067821558401652e-05,2999999.9999999846,0.12846868668091999,0.12754,30.86909884675627,0.0,0.9999999999999949,1.0,1.0,0.8067821558401619,TWAP,,78
DOGE,doge_q3e+06,3000000.0,4320,3500.0,0.1,buy,TWAP,2026-01-23_steps_5s.parquet,/Users/jackfletcher/Desktop/FYP_Data/Replay_5s_DOGE/January/2026-01-23_steps_5s.parquet,11365,4320,-0.00010543342183052368,3000000.0000000065,0.12514252164723,0.124025,39.229140427592014,0.0,1.0000000000000022,1.0,1.0,1.0543342183052344,TWAP,,79
DOGE,doge_q3e+06,3000000.0,4320,3500.0,0.1,buy,TWAP,2026-01-31_steps_5s.parquet,/Users/jackfletcher/Desktop/FYP_Data/Replay_5s_DOGE/January/2026-01-31_steps_5s.parquet,7283,4320,-0.00011642463377683567,3000000.0000000023,0.10967054083124798,0.11187,39.073271341843785,0.0,1.0000000000000007,1.0,1.0,1.1642463377683556,TWAP,,80
DOGE,doge_q3e+06,3000000.0,4320,3500.0,0.1,buy,TWAP,2026-01-28_steps_5s.parquet,/Users/jackfletcher/Desktop/FYP_Data/Replay_5s_DOGE/January/2026-01-28_steps_5s.parquet,2473,4320,-6.686670431523314e-05,2999999.9999999935,0.12522985966189404,0.124505,24.975717062304405,0.0,0.9999999999999978,1.0,1.0,0.668667043152334,TWAP,,81
DOGE,doge_q3e+06,3000000.0,4320,3500.0,0.1,buy,TWAP,2026-01-12_steps_5s.parquet,/Users/jackfletcher/Desktop/FYP_Data/Replay_5s_DOGE/January/2026-01-12_steps_5s.parquet,4629,4320,-6.643115372235094e-05,2999999.9999999884,0.13732262962241562,0.14015,27.93097858256243,0.0,0.9999999999999961,1.0,1.0,0.6643115372235089,TWAP,,82
DOGE,doge_q3e+06,3000000.0,4320,3500.0,0.1,buy,TWAP,2026-01-26_steps_5s.parquet,/Users/jackfletcher/Desktop/FYP_Data/Replay_5s_DOGE/January/2026-01-26_steps_5s.parquet,4120,4320,-6.237934225890902e-05,2999999.999999982,0.12139715072673064,0.12159,22.75411267578217,0.0,0.9999999999999939,1.0,1.0,0.6237934225890882,TWAP,,83
DOGE,doge_q3e+06,3000000.0,4320,3500.0,0.1,buy,TWAP,2026-01-09_steps_5s.parquet,/Users/jackfletcher/Desktop/FYP_Data/Replay_5s_DOGE/January/2026-01-09_steps_5s.parquet,2516,4320,-7.346105165783657e-05,3000000.000000008,0.1420029178856848,0.142045,31.304325248212265,0.0,1.0000000000000027,1.0,1.0,0.7346105165783675,TWAP,,84
DOGE,doge_q3e+06,3000000.0,4320,3500.0,0.1,buy,TWAP,2026-01-28_steps_5s.parquet,/Users/jackfletcher/Desktop/FYP_Data/Replay_5s_DOGE/January/2026-01-28_steps_5s.parquet,780,4320,-6.406616088754979e-05,3000000.0000000093,0.12492798008966417,0.125885,24.194905989987582,0.0,1.000000000000003,1.0,1.0,0.640661608875497,TWAP,,85
DOGE,doge_q3e+06,3000000.0,4320,3500.0,0.1,buy,TWAP,2026-01-29_steps_5s.parquet,/Users/jackfletcher/Desktop/FYP_Data/Replay_5s_DOGE/January/2026-01-29_steps_5s.parquet,6577,4320,-6.212529954983553e-05,3000000.0000000093,0.1207486209367305,0.12182499999999999,22.705243852976135,0.0,1.000000000000003,1.0,1.0,0.6212529954983553,TWAP,,86
DOGE,doge_q3e+06,3000000.0,4320,3500.0,0.1,buy,TWAP,2026-01-18_steps_5s.parquet,/Users/jackfletcher/Desktop/FYP_Data/Replay_5s_DOGE/January/2026-01-18_steps_5s.parquet,5239,4320,-6.054176586803472e-05,2999999.9999999995,0.13722600469882446,0.136845,24.854513850633577,0.0,0.9999999999999999,1.0,1.0,0.6054176586803458,TWAP,,87
DOGE,doge_q3e+06,3000000.0,4320,3500.0,0.1,buy,TWAP,2026-01-08_steps_5s.parquet,/Users/jackfletcher/Desktop/FYP_Data/Replay_5s_DOGE/January/2026-01-08_steps_5s.parquet,4682,4320,-9.082633688393171e-05,2931685.5840671477,0.14216376421393523,0.1437,39.15523383066286,68314.41593284151,0.9772285280223826,0.0,1.0,0.9082633688393147,TWAP,,88
DOGE,doge_q3e+06,3000000.0,4320,3500.0,0.1,buy,TWAP,2026-01-10_steps_5s.parquet,/Users/jackfletcher/Desktop/FYP_Data/Replay_5s_DOGE/January/2026-01-10_steps_5s.parquet,3441,4320,-4.477112299981063e-05,2999999.9999999953,0.1401179708553308,0.140005,18.80454322676548,0.0,0.9999999999999984,1.0,1.0,0.44771122999810675,TWAP,,89
DOGE,doge_q3e+06,3000000.0,4320,3500.0,0.1,buy,TWAP,2026-01-08_steps_5s.parquet,/Users/jackfletcher/Desktop/FYP_Data/Replay_5s_DOGE/January/2026-01-08_steps_5s.parquet,4426,4320,-9.652633347923429e-05,2992048.505026364,0.14242217428069842,0.144515,41.8485092482545,7951.494973631343,0.9973495016754546,0.0,1.0,0.9652633347923399,TWAP,,90
DOGE,doge_q3e+06,3000000.0,4320,3500.0,0.1,buy,TWAP,2026-01-27_steps_5s.parquet,/Users/jackfletcher/Desktop/FYP_Data/Replay_5s_DOGE/January/2026-01-27_steps_5s.parquet,12937,4320,-8.609399831936612e-05,3000000.0000000084,0.1253142933723966,0.122135,31.545271454207406,0.0,1.0000000000000029,1.0,1.0,0.8609399831936629,TWAP,,91
DOGE,doge_q3e+06,3000000.0,4320,3500.0,0.1,buy,TWAP,2026-01-09_steps_5s.parquet,/Users/jackfletcher/Desktop/FYP_Data/Replay_5s_DOGE/January/2026-01-09_steps_5s.parquet,4684,4320,-5.16888820975012e-05,2999999.9999999925,0.14102297076814665,0.1426,22.11250376131102,0.0,0.9999999999999976,1.0,1.0,0.5168888209750122,TWAP,,92
DOGE,doge_q3e+06,3000000.0,4320,3500.0,0.1,buy,TWAP,2026-01-23_steps_5s.parquet,/Users/jackfletcher/Desktop/FYP_Data/Replay_5s_DOGE/January/2026-01-23_steps_5s.parquet,5145,4320,-7.54267109463014e-05,2999999.9999999935,0.1250779282884291,0.12508,28.303119015490093,0.0,0.9999999999999978,1.0,1.0,0.7542671094630129,TWAP,,93
DOGE,doge_q3e+06,3000000.0,4320,3500.0,0.1,buy,TWAP,2026-01-31_steps_5s.parquet,/Users/jackfletcher/Desktop/FYP_Data/Replay_5s_DOGE/January/2026-01-31_steps_5s.parquet,8922,4320,-0.00012822723825457028,2999999.9999999935,0.10641579289553475,0.111625,42.94009641049918,0.0,0.9999999999999978,1.0,1.0,1.2822723825457016,TWAP,,94
DOGE,doge_q3e+06,3000000.0,4320,3500.0,0.1,buy,TWAP,2026-01-29_steps_5s.parquet,/Users/jackfletcher/Desktop/FYP_Data/Replay_5s_DOGE/January/2026-01-29_steps_5s.parquet,9325,4320,-7.666163246095092e-05,2999999.999999993,0.11756805011787803,0.12076500000000001,27.774126132440223,0.0,0.9999999999999977,1.0,1.0,0.7666163246095093,TWAP,,95
DOGE,doge_q3e+06,3000000.0,4320,3500.0,0.1,buy,TWAP,2026-01-17_steps_5s.parquet,/Users/jackfletcher/Desktop/FYP_Data/Replay_5s_DOGE/January/2026-01-17_steps_5s.parquet,12109,4320,-7.293383679458938e-05,3000000.0000000056,0.13858063046118643,0.138565,30.318231286326817,0.0,1.0000000000000018,1.0,1.0,0.7293383679458935,TWAP,,96
DOGE,doge_q3e+06,3000000.0,4320,3500.0,0.1,buy,TWAP,2026-01-18_steps_5s.parquet,/Users/jackfletcher/Desktop/FYP_Data/Replay_5s_DOGE/January/2026-01-18_steps_5s.parquet,3490,4320,-5.0488758553211694e-05,2999999.9999999967,0.1372624072904543,0.137455,20.81979692079516,0.0,0.9999999999999989,1.0,1.0,0.5048875855321174,TWAP,,97
DOGE,doge_q3e+06,3000000.0,4320,3500.0,0.1,buy,TWAP,2026-01-13_steps_5s.parquet,/Users/jackfletcher/Desktop/FYP_Data/Replay_5s_DOGE/January/2026-01-13_steps_5s.parquet,7006,4320,-9.329287859770131e-05,2883076.6664254046,0.13991239763098196,0.139495,39.04167029995904,116923.33357460226,0.9610255554751349,0.0,1.0,0.9329287859770132,TWAP,,98
DOGE,doge_q3e+06,3000000.0,4320,3500.0,0.1,buy,TWAP,2026-01-31_steps_5s.parquet,/Users/jackfletcher/Desktop/FYP_Data/Replay_5s_DOGE/January/2026-01-31_steps_5s.parquet,12569,4320,-0.00011117559678486528,2999999.9999999967,0.10196969484653406,0.102125,34.06142346496306,0.0,0.9999999999999989,1.0,1.0,1.1117559678486515,TWAP,,99
DOGE,doge_q3e+06,3000000.0,4320,3500.0,0.1,buy,DOGE_PPO_1,2026-01-08_steps_5s.parquet,/Users/jackfletcher/Desktop/FYP_Data/Replay_5s_DOGE/January/2026-01-08_steps_5s.parquet,5985,2017,-7.613250549058142e-05,2999999.9999999935,0.14308950730585315,0.144555,33.01600299357268,7.481339413309738e-13,0.9999999999999978,1.0,0.0,0.761325054905807,DOGE_S2B1_lr0.0003_clip0.2_ent0.01_ep4_bs16_cl32_gamma0.999_lam0.95_seed1_H4320_Q3e+06_pov0.1_fee0,checkpoints/DOGE/DOGE_S2B1_lr0.0003_clip0.2_ent0.01_ep4_bs16_cl32_gamma0.999_lam0.95_seed1_H4320_Q3e+06_pov0.1_fee0/best.weights.h5,0
DOGE,doge_q3e+06,3000000.0,4320,3500.0,0.1,buy,DOGE_PPO_1,2026-01-26_steps_5s.parquet,/Users/jackfletcher/Desktop/FYP_Data/Replay_5s_DOGE/January/2026-01-26_steps_5s.parquet,875,1605,-8.467191316439111e-05,2999999.999999994,0.12212068943120918,0.12225,31.053424153040297,6.095227077992686e-13,0.999999999999998,1.0,0.0,0.8467191316439072,DOGE_S2B1_lr0.0003_clip0.2_ent0.01_ep4_bs16_cl32_gamma0.999_lam0.95_seed1_H4320_Q3e+06_pov0.1_fee0,checkpoints/DOGE/DOGE_S2B1_lr0.0003_clip0.2_ent0.01_ep4_bs16_cl32_gamma0.999_lam0.95_seed1_H4320_Q3e+06_pov0.1_fee0/best.weights.h5,1
DOGE,doge_q3e+06,3000000.0,4320,3500.0,0.1,buy,DOGE_PPO_1,2026-01-22_steps_5s.parquet,/Users/jackfletcher/Desktop/FYP_Data/Replay_5s_DOGE/January/2026-01-22_steps_5s.parquet,7987,1337,-6.962011861512923e-05,3000000.000000001,0.1259310500654913,0.12654500000000002,26.430233730454404,7.184461173314207e-13,1.0000000000000002,1.0,0.0,0.6962011861512875,DOGE_S2B1_lr0.0003_clip0.2_ent0.01_ep4_bs16_cl32_gamma0.999_lam0.95_seed1_H4320_Q3e+06_pov0.1_fee0,checkpoints/DOGE/DOGE_S2B1_lr0.0003_clip0.2_ent0.01_ep4_bs16_cl32_gamma0.999_lam0.95_seed1_H4320_Q3e+06_pov0.1_fee0/best.weights.h5,2
DOGE,doge_q3e+06,3000000.0,4320,3500.0,0.1,buy,DOGE_PPO_1,2026-01-30_steps_5s.parquet,/Users/jackfletcher/Desktop/FYP_Data/Replay_5s_DOGE/January/2026-01-30_steps_5s.parquet,9226,1580,-0.00010959805216490467,2999999.999999997,0.11494985107920735,0.11499999999999999,37.81132799689208,8.415066315987126e-13,0.9999999999999991,1.0,0.0,1.095980521649046,DOGE_S2B1_lr0.0003_clip0.2_ent0.01_ep4_bs16_cl32_gamma0.999_lam0.95_seed1_H4320_Q3e+06_pov0.1_fee0,checkpoints/DOGE/DOGE_S2B1_lr0.0003_clip0.2_ent0.01_ep4_bs16_cl32_gamma0.999_lam0.95_seed1_H4320_Q3e+06_pov0.1_fee0/best.weights.h5,3
DOGE,doge_q3e+06,3000000.0,4320,3500.0,0.1,buy,DOGE_PPO_1,2026-01-22_steps_5s.parquet,/Users/jackfletcher/Desktop/FYP_Data/Replay_5s_DOGE/January/2026-01-22_steps_5s.parquet,3246,1299,-7.599353645241152e-05,2999999.999999998,0.12712072181721346,0.127135,28.984314770631933,6.804921821749749e-13,0.9999999999999993,1.0,0.0,0.759935364524113,DOGE_S2B1_lr0.0003_clip0.2_ent0.01_ep4_bs16_cl32_gamma0.999_lam0.95_seed1_H4320_Q3e+06_pov0.1_fee0,checkpoints/DOGE/DOGE_S2B1_lr0.0003_clip0.2_ent0.01_ep4_bs16_cl32_gamma0.999_lam0.95_seed1_H4320_Q3e+06_pov0.1_fee0/best.weights.h5,4
DOGE,doge_q3e+06,3000000.0,4320,3500.0,0.1,buy,DOGE_PPO_1,2026-01-10_steps_5s.parquet,/Users/jackfletcher/Desktop/FYP_Data/Replay_5s_DOGE/January/2026-01-10_steps_5s.parquet,10333,1248,-6.468539384164007e-05,3000000.0000000005,0.13999093440696025,0.140035,27.174657379842007,5.485978426824426e-13,1.0000000000000002,1.0,0.0,0.646853938416396,DOGE_S2B1_lr0.0003_clip0.2_ent0.01_ep4_bs16_cl32_gamma0.999_lam0.95_seed1_H4320_Q3e+06_pov0.1_fee0,checkpoints/DOGE/DOGE_S2B1_lr0.0003_clip0.2_ent0.01_ep4_bs16_cl32_gamma0.999_lam0.95_seed1_H4320_Q3e+06_pov0.1_fee0/best.weights.h5,5
DOGE,doge_q3e+06,3000000.0,4320,3500.0,0.1,buy,DOGE_PPO_1,2026-01-18_steps_5s.parquet,/Users/jackfletcher/Desktop/FYP_Data/Replay_5s_DOGE/January/2026-01-18_steps_5s.parquet,1842,1298,-7.690247454038742e-05,3000000.0000000023,0.1372635678896403,0.13694,31.593074590681912,7.656933382843422e-13,1.0000000000000007,1.0,0.0,0.769024745403873,DOGE_S2B1_lr0.0003_clip0.2_ent0.01_ep4_bs16_cl32_gamma0.999_lam0.95_seed1_H4320_Q3e+06_pov0.1_fee0,checkpoints/DOGE/DOGE_S2B1_lr0.0003_clip0.2_ent0.01_ep4_bs16_cl32_gamma0.999_lam0.95_seed1_H4320_Q3e+06_pov0.1_fee0/best.weights.h5,6
DOGE,doge_q3e+06,3000000.0,4320,3500.0,0.1,buy,DOGE_PPO_1,2026-01-09_steps_5s.parquet,/Users/jackfletcher/Desktop/FYP_Data/Replay_5s_DOGE/January/2026-01-09_steps_5s.parquet,5162,1840,-6.673909757347445e-05,3000000.000000002,0.14153414299152503,0.142955,28.62206308084809,7.557738875506585e-13,1.0000000000000007,1.0,0.0,0.6673909757347438,DOGE_S2B1_lr0.0003_clip0.2_ent0.01_ep4_bs16_cl32_gamma0.999_lam0.95_seed1_H4320_Q3e+06_pov0.1_fee0,checkpoints/DOGE/DOGE_S2B1_lr0.0003_clip0.2_ent0.01_ep4_bs16_cl32_gamma0.999_lam0.95_seed1_H4320_Q3e+06_pov0.1_fee0/best.weights.h5,7
DOGE,doge_q3e+06,3000000.0,4320,3500.0,0.1,buy,DOGE_PPO_1,2026-01-08_steps_5s.parquet,/Users/jackfletcher/Desktop/FYP_Data/Replay_5s_DOGE/January/2026-01-08_steps_5s.parquet,5638,2082,-7.936520126420318e-05,2999999.9999999953,0.14332947673698965,0.14373999999999998,34.22386208914949,7.841819008849202e-13,0.9999999999999984,1.0,0.0,0.7936520126420271,DOGE_S2B1_lr0.0003_clip0.2_ent0.01_ep4_bs16_cl32_gamma0.999_lam0.95_seed1_H4320_Q3e+06_pov0.1_fee0,checkpoints/DOGE/DOGE_S2B1_lr0.0003_clip0.2_ent0.01_ep4_bs16_cl32_gamma0.999_lam0.95_seed1_H4320_Q3e+06_pov0.1_fee0/best.weights.h5,8
DOGE,doge_q3e+06,3000000.0,4320,3500.0,0.1,buy,DOGE_PPO_1,2026-01-29_steps_5s.parquet,/Users/jackfletcher/Desktop/FYP_Data/Replay_5s_DOGE/January/2026-01-29_steps_5s.parquet,3239,1277,-7.632565283422109e-05,2999999.9999999995,0.1219712402133323,0.121815,27.89282820000182,7.898649289517078e-13,0.9999999999999999,1.0,0.0,0.7632565283422079,DOGE_S2B1_lr0.0003_clip0.2_ent0.01_ep4_bs16_cl32_gamma0.999_lam0.95_seed1_H4320_Q3e+06_pov0.1_fee0,checkpoints/DOGE/DOGE_S2B1_lr0.0003_clip0.2_ent0.01_ep4_bs16_cl32_gamma0.999_lam0.95_seed1_H4320_Q3e+06_pov0.1_fee0/best.weights.h5,9
DOGE,doge_q3e+06,3000000.0,4320,3500.0,0.1,buy,DOGE_PPO_1,2026-01-08_steps_5s.parquet,/Users/jackfletcher/Desktop/FYP_Data/Replay_5s_DOGE/January/2026-01-08_steps_5s.parquet,11151,2425,-0.00010135288572001361,2999999.999999996,0.14210035681268957,0.14130500000000001,42.96500854999961,7.943763197922017e-13,0.9999999999999986,1.0,0.0,1.0135288572001369,DOGE_S2B1_lr0.0003_clip0.2_ent0.01_ep4_bs16_cl32_gamma0.999_lam0.95_seed1_H4320_Q3e+06_pov0.1_fee0,checkpoints/DOGE/DOGE_S2B1_lr0.0003_clip0.2_ent0.01_ep4_bs16_cl32_gamma0.999_lam0.95_seed1_H4320_Q3e+06_pov0.1_fee0/best.weights.h5,10
DOGE,doge_q3e+06,3000000.0,4320,3500.0,0.1,buy,DOGE_PPO_1,2026-01-15_steps_5s.parquet,/Users/jackfletcher/Desktop/FYP_Data/Replay_5s_DOGE/January/2026-01-15_steps_5s.parquet,9298,1844,-9.277452247382788e-05,3000000.0000000005,0.14400229341929247,0.14425500000000002,40.14956621838585,8.856334782673785e-13,1.0000000000000002,1.0,0.0,0.9277452247382724,DOGE_S2B1_lr0.0003_clip0.2_ent0.01_ep4_bs16_cl32_gamma0.999_lam0.95_seed1_H4320_Q3e+06_pov0.1_fee0,checkpoints/DOGE/DOGE_S2B1_lr0.0003_clip0.2_ent0.01_ep4_bs16_cl32_gamma0.999_lam0.95_seed1_H4320_Q3e+06_pov0.1_fee0/best.weights.h5,11
DOGE,doge_q3e+06,3000000.0,4320,3500.0,0.1,buy,DOGE_PPO_1,2026-01-17_steps_5s.parquet,/Users/jackfletcher/Desktop/FYP_Data/Replay_5s_DOGE/January/2026-01-17_steps_5s.parquet,11400,1499,-8.301570877982796e-05,2999999.9999999995,0.13890452226628902,0.138825,34.57396731407887,9.770138556410271e-13,0.9999999999999999,1.0,0.0,0.83015708779828,DOGE_S2B1_lr0.0003_clip0.2_ent0.01_ep4_bs16_cl32_gamma0.999_lam0.95_seed1_H4320_Q3e+06_pov0.1_fee0,checkpoints/DOGE/DOGE_S2B1_lr0.0003_clip0.2_ent0.01_ep4_bs16_cl32_gamma0.999_lam0.95_seed1_H4320_Q3e+06_pov0.1_fee0/best.weights.h5,12
DOGE,doge_q3e+06,3000000.0,4320,3500.0,0.1,buy,DOGE_PPO_1,2026-01-11_steps_5s.parquet,/Users/jackfletcher/Desktop/FYP_Data/Replay_5s_DOGE/January/2026-01-11_steps_5s.parquet,12651,1353,-6.011280701681255e-05,3000000.0000000005,0.13835288763131562,0.138495,24.975969623380355,6.009629875877339e-13,1.0000000000000002,1.0,0.0,0.6011280701681253,DOGE_S2B1_lr0.0003_clip0.2_ent0.01_ep4_bs16_cl32_gamma0.999_lam0.95_seed1_H4320_Q3e+06_pov0.1_fee0,checkpoints/DOGE/DOGE_S2B1_lr0.0003_clip0.2_ent0.01_ep4_bs16_cl32_gamma0.999_lam0.95_seed1_H4320_Q3e+06_pov0.1_fee0/best.weights.h5,13
DOGE,doge_q3e+06,3000000.0,4320,3500.0,0.1,buy,DOGE_PPO_1,2026-01-12_steps_5s.parquet,/Users/jackfletcher/Desktop/FYP_Data/Replay_5s_DOGE/January/2026-01-12_steps_5s.parquet,9801,2123,-8.984201379462877e-05,3000000.000000002,0.13710518848591494,0.13635,36.74987574269279,5.569542107605222e-13,1.0000000000000007,1.0,0.0,0.898420137946285,DOGE_S2B1_lr0.0003_clip0.2_ent0.01_ep4_bs16_cl32_gamma0.999_lam0.95_seed1_H4320_Q3e+06_pov0.1_fee0,checkpoints/DOGE/DOGE_S2B1_lr0.0003_clip0.2_ent0.01_ep4_bs16_cl32_gamma0.999_lam0.95_seed1_H4320_Q3e+06_pov0.1_fee0/best.weights.h5,14
DOGE,doge_q3e+06,3000000.0,4320,3500.0,0.1,buy,DOGE_PPO_1,2026-01-28_steps_5s.parquet,/Users/jackfletcher/Desktop/FYP_Data/Replay_5s_DOGE/January/2026-01-28_steps_5s.parquet,11460,1528,-0.00011506067176103349,3000000.0,0.12462433449147782,0.12471499999999999,43.04937503603182,7.96763729221042e-13,1.0,1.0,0.0,1.1506067176103334,DOGE_S2B1_lr0.0003_clip0.2_ent0.01_ep4_bs16_cl32_gamma0.999_lam0.95_seed1_H4320_Q3e+06_pov0.1_fee0,checkpoints/DOGE/DOGE_S2B1_lr0.0003_clip0.2_ent0.01_ep4_bs16_cl32_gamma0.999_lam0.95_seed1_H4320_Q3e+06_pov0.1_fee0/best.weights.h5,15
DOGE,doge_q3e+06,3000000.0,4320,3500.0,0.1,buy,DOGE_PPO_1,2026-01-26_steps_5s.parquet,/Users/jackfletcher/Desktop/FYP_Data/Replay_5s_DOGE/January/2026-01-26_steps_5s.parquet,9696,1640,-7.691901628726589e-05,2999999.999999999,0.12216562429061574,0.12187500000000001,28.123515330031548,9.386826121673386e-13,0.9999999999999997,1.0,0.0,0.7691901628726576,DOGE_S2B1_lr0.0003_clip0.2_ent0.01_ep4_bs16_cl32_gamma0.999_lam0.95_seed1_H4320_Q3e+06_pov0.1_fee0,checkpoints/DOGE/DOGE_S2B1_lr0.0003_clip0.2_ent0.01_ep4_bs16_cl32_gamma0.999_lam0.95_seed1_H4320_Q3e+06_pov0.1_fee0/best.weights.h5,16
DOGE,doge_q3e+06,3000000.0,4320,3500.0,0.1,buy,DOGE_PPO_1,2026-01-22_steps_5s.parquet,/Users/jackfletcher/Desktop/FYP_Data/Replay_5s_DOGE/January/2026-01-22_steps_5s.parquet,2595,1253,-8.127260026027122e-05,2999999.9999999967,0.1271170308648392,0.12648500000000001,30.839294531761002,8.370009920353769e-13,0.9999999999999989,1.0,0.0,0.8127260026027063,DOGE_S2B1_lr0.0003_clip0.2_ent0.01_ep4_bs16_cl32_gamma0.999_lam0.95_seed1_H4320_Q3e+06_pov0.1_fee0,checkpoints/DOGE/DOGE_S2B1_lr0.0003_clip0.2_ent0.01_ep4_bs16_cl32_gamma0.999_lam0.95_seed1_H4320_Q3e+06_pov0.1_fee0/best.weights.h5,17
DOGE,doge_q3e+06,3000000.0,4320,3500.0,0.1,buy,DOGE_PPO_1,2026-01-14_steps_5s.parquet,/Users/jackfletcher/Desktop/FYP_Data/Replay_5s_DOGE/January/2026-01-14_steps_5s.parquet,3464,1732,-9.044309269571355e-05,2999999.999999989,0.14783355416197289,0.14874500000000002,40.35887346907175,6.420139007353976e-13,0.9999999999999962,1.0,0.0,0.9044309269571358,DOGE_S2B1_lr0.0003_clip0.2_ent0.01_ep4_bs16_cl32_gamma0.999_lam0.95_seed1_H4320_Q3e+06_pov0.1_fee0,checkpoints/DOGE/DOGE_S2B1_lr0.0003_clip0.2_ent0.01_ep4_bs16_cl32_gamma0.999_lam0.95_seed1_H4320_Q3e+06_pov0.1_fee0/best.weights.h5,18
DOGE,doge_q3e+06,3000000.0,4320,3500.0,0.1,buy,DOGE_PPO_1,2026-01-22_steps_5s.parquet,/Users/jackfletcher/Desktop/FYP_Data/Replay_5s_DOGE/January/2026-01-22_steps_5s.parquet,969,1275,-0.00012332378021876243,3000000.0,0.1275381447085981,0.12756,47.19354421411581,7.037667287354503e-13,1.0,1.0,0.0,1.2332378021876191,DOGE_S2B1_lr0.0003_clip0.2_ent0.01_ep4_bs16_cl32_gamma0.999_lam0.95_seed1_H4320_Q3e+06_pov0.1_fee0,checkpoints/DOGE/DOGE_S2B1_lr0.0003_clip0.2_ent0.01_ep4_bs16_cl32_gamma0.999_lam0.95_seed1_H4320_Q3e+06_pov0.1_fee0/best.weights.h5,19
DOGE,doge_q3e+06,3000000.0,4320,3500.0,0.1,buy,DOGE_PPO_1,2026-01-28_steps_5s.parquet,/Users/jackfletcher/Desktop/FYP_Data/Replay_5s_DOGE/January/2026-01-28_steps_5s.parquet,3599,1354,-7.694666452259291e-05,3000000.0000000014,0.12501463048029454,0.12442500000000001,28.72226619967062,6.464960282951956e-13,1.0000000000000004,1.0,0.0,0.7694666452259225,DOGE_S2B1_lr0.0003_clip0.2_ent0.01_ep4_bs16_cl32_gamma0.999_lam0.95_seed1_H4320_Q3e+06_pov0.1_fee0,checkpoints/DOGE/DOGE_S2B1_lr0.0003_clip0.2_ent0.01_ep4_bs16_cl32_gamma0.999_lam0.95_seed1_H4320_Q3e+06_pov0.1_fee0/best.weights.h5,20
DOGE,doge_q3e+06,3000000.0,4320,3500.0,0.1,buy,DOGE_PPO_1,2026-01-21_steps_5s.parquet,/Users/jackfletcher/Desktop/FYP_Data/Replay_5s_DOGE/January/2026-01-21_steps_5s.parquet,108,1383,-7.827011442388479e-05,2999999.999999997,0.1247149118153606,0.123495,28.997903342333068,7.061012308193717e-13,0.9999999999999991,1.0,0.0,0.782701144238851,DOGE_S2B1_lr0.0003_clip0.2_ent0.01_ep4_bs16_cl32_gamma0.999_lam0.95_seed1_H4320_Q3e+06_pov0.1_fee0,checkpoints/DOGE/DOGE_S2B1_lr0.0003_clip0.2_ent0.01_ep4_bs16_cl32_gamma0.999_lam0.95_seed1_H4320_Q3e+06_pov0.1_fee0/best.weights.h5,21
DOGE,doge_q3e+06,3000000.0,4320,3500.0,0.1,buy,DOGE_PPO_1,2026-01-19_steps_5s.parquet,/Users/jackfletcher/Desktop/FYP_Data/Replay_5s_DOGE/January/2026-01-19_steps_5s.parquet,2735,1554,-6.0703021546305706e-05,2999999.9999999944,0.12723417390083067,0.12725,23.173378475302126,9.800616720673005e-13,0.9999999999999981,1.0,0.0,0.607030215463055,DOGE_S2B1_lr0.0003_clip0.2_ent0.01_ep4_bs16_cl32_gamma0.999_lam0.95_seed1_H4320_Q3e+06_pov0.1_fee0,checkpoints/DOGE/DOGE_S2B1_lr0.0003_clip0.2_ent0.01_ep4_bs16_cl32_gamma0.999_lam0.95_seed1_H4320_Q3e+06_pov0.1_fee0/best.weights.h5,22
DOGE,doge_q3e+06,3000000.0,4320,3500.0,0.1,buy,DOGE_PPO_1,2026-01-15_steps_5s.parquet,/Users/jackfletcher/Desktop/FYP_Data/Replay_5s_DOGE/January/2026-01-15_steps_5s.parquet,10741,2116,-0.00011246530764285836,2999999.9999999967,0.1417660989936086,0.143255,48.33365293913309,9.35864370412599e-13,0.9999999999999989,1.0,0.0,1.1246530764285851,DOGE_S2B1_lr0.0003_clip0.2_ent0.01_ep4_bs16_cl32_gamma0.999_lam0.95_seed1_H4320_Q3e+06_pov0.1_fee0,checkpoints/DOGE/DOGE_S2B1_lr0.0003_clip0.2_ent0.01_ep4_bs16_cl32_gamma0.999_lam0.95_seed1_H4320_Q3e+06_pov0.1_fee0/best.weights.h5,23
DOGE,doge_q3e+06,3000000.0,4320,3500.0,0.1,buy,DOGE_PPO_1,2026-01-11_steps_5s.parquet,/Users/jackfletcher/Desktop/FYP_Data/Replay_5s_DOGE/January/2026-01-11_steps_5s.parquet,7712,1401,-7.764823315168734e-05,2999999.999999999,0.13982632636138864,0.139995,32.61109320021129,6.839519517124506e-13,0.9999999999999997,1.0,0.0,0.7764823315168706,DOGE_S2B1_lr0.0003_clip0.2_ent0.01_ep4_bs16_cl32_gamma0.999_lam0.95_seed1_H4320_Q3e+06_pov0.1_fee0,checkpoints/DOGE/DOGE_S2B1_lr0.0003_clip0.2_ent0.01_ep4_bs16_cl32_gamma0.999_lam0.95_seed1_H4320_Q3e+06_pov0.1_fee0/best.weights.h5,24
DOGE,doge_q3e+06,3000000.0,4320,3500.0,0.1,buy,DOGE_PPO_1,2026-01-17_steps_5s.parquet,/Users/jackfletcher/Desktop/FYP_Data/Replay_5s_DOGE/January/2026-01-17_steps_5s.parquet,7512,1241,-6.541018275600503e-05,2999999.999999998,0.13764986348418934,0.13766499999999998,27.014078427316097,8.284070285396425e-13,0.9999999999999993,1.0,0.0,0.6541018275600455,DOGE_S2B1_lr0.0003_clip0.2_ent0.01_ep4_bs16_cl32_gamma0.999_lam0.95_seed1_H4320_Q3e+06_pov0.1_fee0,checkpoints/DOGE/DOGE_S2B1_lr0.0003_clip0.2_ent0.01_ep4_bs16_cl32_gamma0.999_lam0.95_seed1_H4320_Q3e+06_pov0.1_fee0/best.weights.h5,25
DOGE,doge_q3e+06,3000000.0,4320,3500.0,0.1,buy,DOGE_PPO_1,2026-01-15_steps_5s.parquet,/Users/jackfletcher/Desktop/FYP_Data/Replay_5s_DOGE/January/2026-01-15_steps_5s.parquet,6454,1524,-7.066522389782395e-05,3000000.000000002,0.14416284159796836,0.144165,30.56235600968929,7.659373413996775e-13,1.0000000000000007,1.0,0.0,0.7066522389782377,DOGE_S2B1_lr0.0003_clip0.2_ent0.01_ep4_bs16_cl32_gamma0.999_lam0.95_seed1_H4320_Q3e+06_pov0.1_fee0,checkpoints/DOGE/DOGE_S2B1_lr0.0003_clip0.2_ent0.01_ep4_bs16_cl32_gamma0.999_lam0.95_seed1_H4320_Q3e+06_pov0.1_fee0/best.weights.h5,26
DOGE,doge_q3e+06,3000000.0,4320,3500.0,0.1,buy,DOGE_PPO_1,2026-01-23_steps_5s.parquet,/Users/jackfletcher/Desktop/FYP_Data/Replay_5s_DOGE/January/2026-01-23_steps_5s.parquet,12373,1564,-0.0001231962006063711,2999999.999999999,0.1265414135519853,0.12522,46.279884719789244,9.029947869317985e-13,0.9999999999999997,1.0,0.0,1.2319620060637078,DOGE_S2B1_lr0.0003_clip0.2_ent0.01_ep4_bs16_cl32_gamma0.999_lam0.95_seed1_H4320_Q3e+06_pov0.1_fee0,checkpoints/DOGE/DOGE_S2B1_lr0.0003_clip0.2_ent0.01_ep4_bs16_cl32_gamma0.999_lam0.95_seed1_H4320_Q3e+06_pov0.1_fee0/best.weights.h5,27
DOGE,doge_q3e+06,3000000.0,4320,3500.0,0.1,buy,DOGE_PPO_1,2026-01-08_steps_5s.parquet,/Users/jackfletcher/Desktop/FYP_Data/Replay_5s_DOGE/January/2026-01-08_steps_5s.parquet,783,1811,-7.825052564362168e-05,2999999.999999997,0.1467433022243931,0.14691500000000002,34.48852792479796,7.725034444136366e-13,0.9999999999999991,1.0,0.0,0.7825052564362149,DOGE_S2B1_lr0.0003_clip0.2_ent0.01_ep4_bs16_cl32_gamma0.999_lam0.95_seed1_H4320_Q3e+06_pov0.1_fee0,checkpoints/DOGE/DOGE_S2B1_lr0.0003_clip0.2_ent0.01_ep4_bs16_cl32_gamma0.999_lam0.95_seed1_H4320_Q3e+06_pov0.1_fee0/best.weights.h5,28
DOGE,doge_q3e+06,3000000.0,4320,3500.0,0.1,buy,DOGE_PPO_1,2026-01-17_steps_5s.parquet,/Users/jackfletcher/Desktop/FYP_Data/Replay_5s_DOGE/January/2026-01-17_steps_5s.parquet,5145,1292,-6.103800220573122e-05,3000000.0000000023,0.1373861102629949,0.136965,25.080209916323522,8.367427465066966e-13,1.0000000000000007,1.0,0.0,0.6103800220573022,DOGE_S2B1_lr0.0003_clip0.2_ent0.01_ep4_bs16_cl32_gamma0.999_lam0.95_seed1_H4320_Q3e+06_pov0.1_fee0,checkpoints/DOGE/DOGE_S2B1_lr0.0003_clip0.2_ent0.01_ep4_bs16_cl32_gamma0.999_lam0.95_seed1_H4320_Q3e+06_pov0.1_fee0/best.weights.h5,29
DOGE,doge_q3e+06,3000000.0,4320,3500.0,0.1,buy,DOGE_PPO_1,2026-01-27_steps_5s.parquet,/Users/jackfletcher/Desktop/FYP_Data/Replay_5s_DOGE/January/2026-01-27_steps_5s.parquet,6460,1263,-7.52369233705524e-05,3000000.0000000033,0.1220424970849267,0.122255,27.594270200000576,9.588213335307465e-13,1.000000000000001,1.0,0.0,0.7523692337055219,DOGE_S2B1_lr0.0003_clip0.2_ent0.01_ep4_bs16_cl32_gamma0.999_lam0.95_seed1_H4320_Q3e+06_pov0.1_fee0,checkpoints/DOGE/DOGE_S2B1_lr0.0003_clip0.2_ent0.01_ep4_bs16_cl32_gamma0.999_lam0.95_seed1_H4320_Q3e+06_pov0.1_fee0/best.weights.h5,30
DOGE,doge_q3e+06,3000000.0,4320,3500.0,0.1,buy,DOGE_PPO_1,2026-01-31_steps_5s.parquet,/Users/jackfletcher/Desktop/FYP_Data/Replay_5s_DOGE/January/2026-01-31_steps_5s.parquet,11947,1411,-0.00017685352695006183,2999999.999999997,0.10310942907232554,0.10676,56.642647611565835,8.653318987726936e-13,0.9999999999999991,1.0,0.0,1.7685352695006191,DOGE_S2B1_lr0.0003_clip0.2_ent0.01_ep4_bs16_cl32_gamma0.999_lam0.95_seed1_H4320_Q3e+06_pov0.1_fee0,checkpoints/DOGE/DOGE_S2B1_lr0.0003_clip0.2_ent0.01_ep4_bs16_cl32_gamma0.999_lam0.95_seed1_H4320_Q3e+06_pov0.1_fee0/best.weights.h5,31
DOGE,doge_q3e+06,3000000.0,4320,3500.0,0.1,buy,DOGE_PPO_1,2026-01-31_steps_5s.parquet,/Users/jackfletcher/Desktop/FYP_Data/Replay_5s_DOGE/January/2026-01-31_steps_5s.parquet,3371,1241,-9.180338277258562e-05,2999999.9999999977,0.11469086518887413,0.115035,31.68180641173306,8.91913247097792e-13,0.9999999999999992,1.0,0.0,0.9180338277258533,DOGE_S2B1_lr0.0003_clip0.2_ent0.01_ep4_bs16_cl32_gamma0.999_lam0.95_seed1_H4320_Q3e+06_pov0.1_fee0,checkpoints/DOGE/DOGE_S2B1_lr0.0003_clip0.2_ent0.01_ep4_bs16_cl32_gamma0.999_lam0.95_seed1_H4320_Q3e+06_pov0.1_fee0/best.weights.h5,32
DOGE,doge_q3e+06,3000000.0,4320,3500.0,0.1,buy,DOGE_PPO_1,2026-01-31_steps_5s.parquet,/Users/jackfletcher/Desktop/FYP_Data/Replay_5s_DOGE/January/2026-01-31_steps_5s.parquet,2544,1249,-7.816890552761966e-05,3000000.000000001,0.11515126864316154,0.115425,27.06793776157651,5.888333199963752e-13,1.0000000000000002,1.0,0.0,0.7816890552761969,DOGE_S2B1_lr0.0003_clip0.2_ent0.01_ep4_bs16_cl32_gamma0.999_lam0.95_seed1_H4320_Q3e+06_pov0.1_fee0,checkpoints/DOGE/DOGE_S2B1_lr0.0003_clip0.2_ent0.01_ep4_bs16_cl32_gamma0.999_lam0.95_seed1_H4320_Q3e+06_pov0.1_fee0/best.weights.h5,33
DOGE,doge_q3e+06,3000000.0,4320,3500.0,0.1,buy,DOGE_PPO_1,2026-01-22_steps_5s.parquet,/Users/jackfletcher/Desktop/FYP_Data/Replay_5s_DOGE/January/2026-01-22_steps_5s.parquet,12769,1458,-0.00010027585899426375,3000000.0,0.12477608383646861,0.124745,37.52673609071825,7.837980951409802e-13,1.0,1.0,0.0,1.0027585899426363,DOGE_S2B1_lr0.0003_clip0.2_ent0.01_ep4_bs16_cl32_gamma0.999_lam0.95_seed1_H4320_Q3e+06_pov0.1_fee0,checkpoints/DOGE/DOGE_S2B1_lr0.0003_clip0.2_ent0.01_ep4_bs16_cl32_gamma0.999_lam0.95_seed1_H4320_Q3e+06_pov0.1_fee0/best.weights.h5,34
DOGE,doge_q3e+06,3000000.0,4320,3500.0,0.1,buy,DOGE_PPO_1,2026-01-08_steps_5s.parquet,/Users/jackfletcher/Desktop/FYP_Data/Replay_5s_DOGE/January/2026-01-08_steps_5s.parquet,9423,2154,-9.39771500927661e-05,2999999.9999999986,0.13996434281725373,0.13973000000000002,39.39428154738686,8.343723310402259e-13,0.9999999999999996,1.0,0.0,0.9397715009276666,DOGE_S2B1_lr0.0003_clip0.2_ent0.01_ep4_bs16_cl32_gamma0.999_lam0.95_seed1_H4320_Q3e+06_pov0.1_fee0,checkpoints/DOGE/DOGE_S2B1_lr0.0003_clip0.2_ent0.01_ep4_bs16_cl32_gamma0.999_lam0.95_seed1_H4320_Q3e+06_pov0.1_fee0/best.weights.h5,35
DOGE,doge_q3e+06,3000000.0,4320,3500.0,0.1,buy,DOGE_PPO_1,2026-01-30_steps_5s.parquet,/Users/jackfletcher/Desktop/FYP_Data/Replay_5s_DOGE/January/2026-01-30_steps_5s.parquet,5110,1848,-0.00010062892771911609,2999999.999999994,0.11415797822163794,0.113145,34.156980080338236,7.538249339253824e-13,0.999999999999998,1.0,0.0,1.006289277191163,DOGE_S2B1_lr0.0003_clip0.2_ent0.01_ep4_bs16_cl32_gamma0.999_lam0.95_seed1_H4320_Q3e+06_pov0.1_fee0,checkpoints/DOGE/DOGE_S2B1_lr0.0003_clip0.2_ent0.01_ep4_bs16_cl32_gamma0.999_lam0.95_seed1_H4320_Q3e+06_pov0.1_fee0/best.weights.h5,36
DOGE,doge_q3e+06,3000000.0,4320,3500.0,0.1,buy,DOGE_PPO_1,2026-01-23_steps_5s.parquet,/Users/jackfletcher/Desktop/FYP_Data/Replay_5s_DOGE/January/2026-01-23_steps_5s.parquet,5241,1407,-6.894242924547367e-05,3000000.0000000033,0.1250026846067583,0.12507000000000001,25.867888877194193,9.041596026747023e-13,1.000000000000001,1.0,0.0,0.6894242924547371,DOGE_S2B1_lr0.0003_clip0.2_ent0.01_ep4_bs16_cl32_gamma0.999_lam0.95_seed1_H4320_Q3e+06_pov0.1_fee0,checkpoints/DOGE/DOGE_S2B1_lr0.0003_clip0.2_ent0.01_ep4_bs16_cl32_gamma0.999_lam0.95_seed1_H4320_Q3e+06_pov0.1_fee0/best.weights.h5,37
DOGE,doge_q3e+06,3000000.0,4320,3500.0,0.1,buy,DOGE_PPO_1,2026-01-13_steps_5s.parquet,/Users/jackfletcher/Desktop/FYP_Data/Replay_5s_DOGE/January/2026-01-13_steps_5s.parquet,1146,1381,-7.853666241763918e-05,3000000.0,0.13688037753900723,0.13664500000000002,32.19492670817473,9.870996114139485e-13,1.0,1.0,0.0,0.7853666241763869,DOGE_S2B1_lr0.0003_clip0.2_ent0.01_ep4_bs16_cl32_gamma0.999_lam0.95_seed1_H4320_Q3e+06_pov0.1_fee0,checkpoints/DOGE/DOGE_S2B1_lr0.0003_clip0.2_ent0.01_ep4_bs16_cl32_gamma0.999_lam0.95_seed1_H4320_Q3e+06_pov0.1_fee0/best.weights.h5,38
DOGE,doge_q3e+06,3000000.0,4320,3500.0,0.1,buy,DOGE_PPO_1,2026-01-20_steps_5s.parquet,/Users/jackfletcher/Desktop/FYP_Data/Replay_5s_DOGE/January/2026-01-20_steps_5s.parquet,9454,2140,-0.00010968051369887702,2999999.999999995,0.12528152155883635,0.125125,41.17132282971618,8.592012711568722e-13,0.9999999999999983,1.0,0.0,1.0968051369887761,DOGE_S2B1_lr0.0003_clip0.2_ent0.01_ep4_bs16_cl32_gamma0.999_lam0.95_seed1_H4320_Q3e+06_pov0.1_fee0,checkpoints/DOGE/DOGE_S2B1_lr0.0003_clip0.2_ent0.01_ep4_bs16_cl32_gamma0.999_lam0.95_seed1_H4320_Q3e+06_pov0.1_fee0/best.weights.h5,39
DOGE,doge_q3e+06,3000000.0,4320,3500.0,0.1,buy,DOGE_PPO_1,2026-01-08_steps_5s.parquet,/Users/jackfletcher/Desktop/FYP_Data/Replay_5s_DOGE/January/2026-01-08_steps_5s.parquet,12866,1996,-9.758279949599205e-05,2999999.9999999944,0.1422395932429477,0.143025,41.87033969374273,5.917966444710525e-13,0.9999999999999981,1.0,0.0,0.975827994959919,DOGE_S2B1_lr0.0003_clip0.2_ent0.01_ep4_bs16_cl32_gamma0.999_lam0.95_seed1_H4320_Q3e+06_pov0.1_fee0,checkpoints/DOGE/DOGE_S2B1_lr0.0003_clip0.2_ent0.01_ep4_bs16_cl32_gamma0.999_lam0.95_seed1_H4320_Q3e+06_pov0.1_fee0/best.weights.h5,40
DOGE,doge_q3e+06,3000000.0,4320,3500.0,0.1,buy,DOGE_PPO_1,2026-01-16_steps_5s.parquet,/Users/jackfletcher/Desktop/FYP_Data/Replay_5s_DOGE/January/2026-01-16_steps_5s.parquet,3323,1401,-9.629107040400785e-05,2999999.9999999986,0.1396009236391569,0.13914500000000002,40.195262974097126,7.32338717602617e-13,0.9999999999999996,1.0,0.0,0.962910704040081,DOGE_S2B1_lr0.0003_clip0.2_ent0.01_ep4_bs16_cl32_gamma0.999_lam0.95_seed1_H4320_Q3e+06_pov0.1_fee0,checkpoints/DOGE/DOGE_S2B1_lr0.0003_clip0.2_ent0.01_ep4_bs16_cl32_gamma0.999_lam0.95_seed1_H4320_Q3e+06_pov0.1_fee0/best.weights.h5,41
DOGE,doge_q3e+06,3000000.0,4320,3500.0,0.1,buy,DOGE_PPO_1,2026-01-21_steps_5s.parquet,/Users/jackfletcher/Desktop/FYP_Data/Replay_5s_DOGE/January/2026-01-21_steps_5s.parquet,4345,1802,-6.77822489426148e-05,2999999.9999999995,0.12539737168574128,0.125785,25.577970549740325,9.74895012108501e-13,0.9999999999999999,1.0,0.0,0.6778224894261458,DOGE_S2B1_lr0.0003_clip0.2_ent0.01_ep4_bs16_cl32_gamma0.999_lam0.95_seed1_H4320_Q3e+06_pov0.1_fee0,checkpoints/DOGE/DOGE_S2B1_lr0.0003_clip0.2_ent0.01_ep4_bs16_cl32_gamma0.999_lam0.95_seed1_H4320_Q3e+06_pov0.1_fee0/best.weights.h5,42
DOGE,doge_q3e+06,3000000.0,4320,3500.0,0.1,buy,DOGE_PPO_1,2026-01-31_steps_5s.parquet,/Users/jackfletcher/Desktop/FYP_Data/Replay_5s_DOGE/January/2026-01-31_steps_5s.parquet,7895,1477,-0.00010427751829843541,3000000.0,0.11171944958933926,0.112095,35.0669652409893,9.134666353757766e-13,1.0,1.0,0.0,1.0427751829843526,DOGE_S2B1_lr0.0003_clip0.2_ent0.01_ep4_bs16_cl32_gamma0.999_lam0.95_seed1_H4320_Q3e+06_pov0.1_fee0,checkpoints/DOGE/DOGE_S2B1_lr0.0003_clip0.2_ent0.01_ep4_bs16_cl32_gamma0.999_lam0.95_seed1_H4320_Q3e+06_pov0.1_fee0/best.weights.h5,43
DOGE,doge_q3e+06,3000000.0,4320,3500.0,0.1,buy,DOGE_PPO_1,2026-01-12_steps_5s.parquet,/Users/jackfletcher/Desktop/FYP_Data/Replay_5s_DOGE/January/2026-01-12_steps_5s.parquet,6203,1706,-8.52707859875669e-05,3000000.000000003,0.1367555656744373,0.13645000000000002,34.90559624401054,5.422530637982319e-13,1.0000000000000009,1.0,0.0,0.8527078598756695,DOGE_S2B1_lr0.0003_clip0.2_ent0.01_ep4_bs16_cl32_gamma0.999_lam0.95_seed1_H4320_Q3e+06_pov0.1_fee0,checkpoints/DOGE/DOGE_S2B1_lr0.0003_clip0.2_ent0.01_ep4_bs16_cl32_gamma0.999_lam0.95_seed1_H4320_Q3e+06_pov0.1_fee0/best.weights.h5,44
DOGE,doge_q3e+06,3000000.0,4320,3500.0,0.1,buy,DOGE_PPO_1,2026-01-29_steps_5s.parquet,/Users/jackfletcher/Desktop/FYP_Data/Replay_5s_DOGE/January/2026-01-29_steps_5s.parquet,8978,1315,-7.171354150538808e-05,2999999.999999999,0.12094918326348594,0.12098500000000001,26.02878845708777,6.932637981273947e-13,0.9999999999999997,1.0,0.0,0.7171354150538709,DOGE_S2B1_lr0.0003_clip0.2_ent0.01_ep4_bs16_cl32_gamma0.999_lam0.95_seed1_H4320_Q3e+06_pov0.1_fee0,checkpoints/DOGE/DOGE_S2B1_lr0.0003_clip0.2_ent0.01_ep4_bs16_cl32_gamma0.999_lam0.95_seed1_H4320_Q3e+06_pov0.1_fee0/best.weights.h5,45
DOGE,doge_q3e+06,3000000.0,4320,3500.0,0.1,buy,DOGE_PPO_1,2026-01-12_steps_5s.parquet,/Users/jackfletcher/Desktop/FYP_Data/Replay_5s_DOGE/January/2026-01-12_steps_5s.parquet,8657,1701,-7.61155875831638e-05,3000000.0000000023,0.13632527915231415,0.13652,31.173900050560555,6.918116405939969e-13,1.0000000000000007,1.0,0.0,0.7611558758316377,DOGE_S2B1_lr0.0003_clip0.2_ent0.01_ep4_bs16_cl32_gamma0.999_lam0.95_seed1_H4320_Q3e+06_pov0.1_fee0,checkpoints/DOGE/DOGE_S2B1_lr0.0003_clip0.2_ent0.01_ep4_bs16_cl32_gamma0.999_lam0.95_seed1_H4320_Q3e+06_pov0.1_fee0/best.weights.h5,46
DOGE,doge_q3e+06,3000000.0,4320,3500.0,0.1,buy,DOGE_PPO_1,2026-01-29_steps_5s.parquet,/Users/jackfletcher/Desktop/FYP_Data/Replay_5s_DOGE/January/2026-01-29_steps_5s.parquet,11691,1774,-0.00010283601043738447,2999999.999999999,0.11678802884054293,0.11604500000000001,35.80081449361872,8.836086797444365e-13,0.9999999999999997,1.0,0.0,1.028360104373841,DOGE_S2B1_lr0.0003_clip0.2_ent0.01_ep4_bs16_cl32_gamma0.999_lam0.95_seed1_H4320_Q3e+06_pov0.1_fee0,checkpoints/DOGE/DOGE_S2B1_lr0.0003_clip0.2_ent0.01_ep4_bs16_cl32_gamma0.999_lam0.95_seed1_H4320_Q3e+06_pov0.1_fee0/best.weights.h5,47
DOGE,doge_q3e+06,3000000.0,4320,3500.0,0.1,buy,DOGE_PPO_1,2026-01-27_steps_5s.parquet,/Users/jackfletcher/Desktop/FYP_Data/Replay_5s_DOGE/January/2026-01-27_steps_5s.parquet,12698,1714,-0.0001097022822249553,2999999.9999999953,0.12327711776349934,0.122255,40.23495754023591,7.26791054231664e-13,0.9999999999999984,1.0,0.0,1.097022822249558,DOGE_S2B1_lr0.0003_clip0.2_ent0.01_ep4_bs16_cl32_gamma0.999_lam0.95_seed1_H4320_Q3e+06_pov0.1_fee0,checkpoints/DOGE/DOGE_S2B1_lr0.0003_clip0.2_ent0.01_ep4_bs16_cl32_gamma0.999_lam0.95_seed1_H4320_Q3e+06_pov0.1_fee0/best.weights.h5,48
DOGE,doge_q3e+06,3000000.0,4320,3500.0,0.1,buy,DOGE_PPO_1,2026-01-27_steps_5s.parquet,/Users/jackfletcher/Desktop/FYP_Data/Replay_5s_DOGE/January/2026-01-27_steps_5s.parquet,4022,1173,-6.599834305388958e-05,3000000.0,0.12242963925273732,0.12273500000000001,24.300919904157386,8.466963698287456e-13,1.0,1.0,0.0,0.659983430538895,DOGE_S2B1_lr0.0003_clip0.2_ent0.01_ep4_bs16_cl32_gamma0.999_lam0.95_seed1_H4320_Q3e+06_pov0.1_fee0,checkpoints/DOGE/DOGE_S2B1_lr0.0003_clip0.2_ent0.01_ep4_bs16_cl32_gamma0.999_lam0.95_seed1_H4320_Q3e+06_pov0.1_fee0/best.weights.h5,49
DOGE,doge_q3e+06,3000000.0,4320,3500.0,0.1,buy,DOGE_PPO_1,2026-01-13_steps_5s.parquet,/Users/jackfletcher/Desktop/FYP_Data/Replay_5s_DOGE/January/2026-01-13_steps_5s.parquet,2703,1585,-0.00010926411398013794,3000000.000000003,0.13790287868334927,0.137025,44.9157456543853,7.444429135878141e-13,1.0000000000000009,1.0,0.0,1.0926411398013818,DOGE_S2B1_lr0.0003_clip0.2_ent0.01_ep4_bs16_cl32_gamma0.999_lam0.95_seed1_H4320_Q3e+06_pov0.1_fee0,checkpoints/DOGE/DOGE_S2B1_lr0.0003_clip0.2_ent0.01_ep4_bs16_cl32_gamma0.999_lam0.95_seed1_H4320_Q3e+06_pov0.1_fee0/best.weights.h5,50
DOGE,doge_q3e+06,3000000.0,4320,3500.0,0.1,buy,DOGE_PPO_1,2026-01-20_steps_5s.parquet,/Users/jackfletcher/Desktop/FYP_Data/Replay_5s_DOGE/January/2026-01-20_steps_5s.parquet,1506,1405,-6.848694821296837e-05,3000000.0000000047,0.12831186387812143,0.128435,26.388363581197584,6.922357739117849e-13,1.0000000000000016,1.0,0.0,0.6848694821296787,DOGE_S2B1_lr0.0003_clip0.2_ent0.01_ep4_bs16_cl32_gamma0.999_lam0.95_seed1_H4320_Q3e+06_pov0.1_fee0,checkpoints/DOGE/DOGE_S2B1_lr0.0003_clip0.2_ent0.01_ep4_bs16_cl32_gamma0.999_lam0.95_seed1_H4320_Q3e+06_pov0.1_fee0/best.weights.h5,51
DOGE,doge_q3e+06,3000000.0,4320,3500.0,0.1,buy,DOGE_PPO_1,2026-01-12_steps_5s.parquet,/Users/jackfletcher/Desktop/FYP_Data/Replay_5s_DOGE/January/2026-01-12_steps_5s.parquet,3439,1630,-6.382020939286274e-05,3000000.0000000005,0.140637255593958,0.140985,26.99307666375819,6.435452993805105e-13,1.0000000000000002,1.0,0.0,0.6382020939286257,DOGE_S2B1_lr0.0003_clip0.2_ent0.01_ep4_bs16_cl32_gamma0.999_lam0.95_seed1_H4320_Q3e+06_pov0.1_fee0,checkpoints/DOGE/DOGE_S2B1_lr0.0003_clip0.2_ent0.01_ep4_bs16_cl32_gamma0.999_lam0.95_seed1_H4320_Q3e+06_pov0.1_fee0/best.weights.h5,52
DOGE,doge_q3e+06,3000000.0,4320,3500.0,0.1,buy,DOGE_PPO_1,2026-01-20_steps_5s.parquet,/Users/jackfletcher/Desktop/FYP_Data/Replay_5s_DOGE/January/2026-01-20_steps_5s.parquet,7377,1521,-0.00010582925281165192,2999999.9999999986,0.12561384905375,0.126125,40.043143532608894,7.734389500413295e-13,0.9999999999999996,1.0,0.0,1.0582925281165219,DOGE_S2B1_lr0.0003_clip0.2_ent0.01_ep4_bs16_cl32_gamma0.999_lam0.95_seed1_H4320_Q3e+06_pov0.1_fee0,checkpoints/DOGE/DOGE_S2B1_lr0.0003_clip0.2_ent0.01_ep4_bs16_cl32_gamma0.999_lam0.95_seed1_H4320_Q3e+06_pov0.1_fee0/best.weights.h5,53
DOGE,doge_q3e+06,3000000.0,4320,3500.0,0.1,buy,DOGE_PPO_1,2026-01-15_steps_5s.parquet,/Users/jackfletcher/Desktop/FYP_Data/Replay_5s_DOGE/January/2026-01-15_steps_5s.parquet,11818,2150,-8.610517100971626e-05,2999999.999999992,0.14106031084286916,0.142035,36.689843893094924,7.328369622284003e-13,0.9999999999999973,1.0,0.0,0.8610517100971574,DOGE_S2B1_lr0.0003_clip0.2_ent0.01_ep4_bs16_cl32_gamma0.999_lam0.95_seed1_H4320_Q3e+06_pov0.1_fee0,checkpoints/DOGE/DOGE_S2B1_lr0.0003_clip0.2_ent0.01_ep4_bs16_cl32_gamma0.999_lam0.95_seed1_H4320_Q3e+06_pov0.1_fee0/best.weights.h5,54
DOGE,doge_q3e+06,3000000.0,4320,3500.0,0.1,buy,DOGE_PPO_1,2026-01-29_steps_5s.parquet,/Users/jackfletcher/Desktop/FYP_Data/Replay_5s_DOGE/January/2026-01-29_steps_5s.parquet,681,1405,-0.00010225345240220563,3000000.0000000005,0.12376163654277714,0.12444,38.17325885079152,6.634588053837158e-13,1.0000000000000002,1.0,0.0,1.0225345240220594,DOGE_S2B1_lr0.0003_clip0.2_ent0.01_ep4_bs16_cl32_gamma0.999_lam0.95_seed1_H4320_Q3e+06_pov0.1_fee0,checkpoints/DOGE/DOGE_S2B1_lr0.0003_clip0.2_ent0.01_ep4_bs16_cl32_gamma0.999_lam0.95_seed1_H4320_Q3e+06_pov0.1_fee0/best.weights.h5,55
DOGE,doge_q3e+06,3000000.0,4320,3500.0,0.1,buy,DOGE_PPO_1,2026-01-18_steps_5s.parquet,/Users/jackfletcher/Desktop/FYP_Data/Replay_5s_DOGE/January/2026-01-18_steps_5s.parquet,5061,1292,-7.994533240465828e-05,3000000.0,0.13710142968008837,0.137185,32.90190127779911,7.250914627359059e-13,1.0,1.0,0.0,0.7994533240465822,DOGE_S2B1_lr0.0003_clip0.2_ent0.01_ep4_bs16_cl32_gamma0.999_lam0.95_seed1_H4320_Q3e+06_pov0.1_fee0,checkpoints/DOGE/DOGE_S2B1_lr0.0003_clip0.2_ent0.01_ep4_bs16_cl32_gamma0.999_lam0.95_seed1_H4320_Q3e+06_pov0.1_fee0/best.weights.h5,56
DOGE,doge_q3e+06,3000000.0,4320,3500.0,0.1,buy,DOGE_PPO_1,2026-01-27_steps_5s.parquet,/Users/jackfletcher/Desktop/FYP_Data/Replay_5s_DOGE/January/2026-01-27_steps_5s.parquet,11723,1810,-9.748262366644217e-05,3000000.0000000023,0.1233934994381918,0.125485,36.69782109235065,6.484330906228007e-13,1.0000000000000007,1.0,0.0,0.9748262366644259,DOGE_S2B1_lr0.0003_clip0.2_ent0.01_ep4_bs16_cl32_gamma0.999_lam0.95_seed1_H4320_Q3e+06_pov0.1_fee0,checkpoints/DOGE/DOGE_S2B1_lr0.0003_clip0.2_ent0.01_ep4_bs16_cl32_gamma0.999_lam0.95_seed1_H4320_Q3e+06_pov0.1_fee0/best.weights.h5,57
DOGE,doge_q3e+06,3000000.0,4320,3500.0,0.1,buy,DOGE_PPO_1,2026-01-16_steps_5s.parquet,/Users/jackfletcher/Desktop/FYP_Data/Replay_5s_DOGE/January/2026-01-16_steps_5s.parquet,7162,1375,-5.622784776714946e-05,3000000.0000000005,0.1388451731651636,0.139545,23.53894505000044,7.223006688395646e-13,1.0000000000000002,1.0,0.0,0.5622784776714904,DOGE_S2B1_lr0.0003_clip0.2_ent0.01_ep4_bs16_cl32_gamma0.999_lam0.95_seed1_H4320_Q3e+06_pov0.1_fee0,checkpoints/DOGE/DOGE_S2B1_lr0.0003_clip0.2_ent0.01_ep4_bs16_cl32_gamma0.999_lam0.95_seed1_H4320_Q3e+06_pov0.1_fee0/best.weights.h5,58
DOGE,doge_q3e+06,3000000.0,4320,3500.0,0.1,buy,DOGE_PPO_1,2026-01-17_steps_5s.parquet,/Users/jackfletcher/Desktop/FYP_Data/Replay_5s_DOGE/January/2026-01-17_steps_5s.parquet,6375,1258,-5.9928971508194895e-05,2999999.9999999935,0.13751834189142031,0.13755499999999998,24.73058902742907,7.204614169112294e-13,0.9999999999999978,1.0,0.0,0.5992897150819447,DOGE_S2B1_lr0.0003_clip0.2_ent0.01_ep4_bs16_cl32_gamma0.999_lam0.95_seed1_H4320_Q3e+06_pov0.1_fee0,checkpoints/DOGE/DOGE_S2B1_lr0.0003_clip0.2_ent0.01_ep4_bs16_cl32_gamma0.999_lam0.95_seed1_H4320_Q3e+06_pov0.1_fee0/best.weights.h5,59
DOGE,doge_q3e+06,3000000.0,4320,3500.0,0.1,buy,DOGE_PPO_1,2026-01-18_steps_5s.parquet,/Users/jackfletcher/Desktop/FYP_Data/Replay_5s_DOGE/January/2026-01-18_steps_5s.parquet,8975,1312,-0.00010404392128792523,3000000.000000004,0.13709428918306268,0.137185,42.81979602565224,7.359072349856112e-13,1.0000000000000013,1.0,0.0,1.0404392128792566,DOGE_S2B1_lr0.0003_clip0.2_ent0.01_ep4_bs16_cl32_gamma0.999_lam0.95_seed1_H4320_Q3e+06_pov0.1_fee0,checkpoints/DOGE/DOGE_S2B1_lr0.0003_clip0.2_ent0.01_ep4_bs16_cl32_gamma0.999_lam0.95_seed1_H4320_Q3e+06_pov0.1_fee0/best.weights.h5,60
DOGE,doge_q3e+06,3000000.0,4320,3500.0,0.1,buy,DOGE_PPO_1,2026-01-13_steps_5s.parquet,/Users/jackfletcher/Desktop/FYP_Data/Replay_5s_DOGE/January/2026-01-13_steps_5s.parquet,7784,1485,-5.3002602174463524e-05,2999999.9999999977,0.13919394462672763,0.139345,22.15694280000187,9.034649347651916e-13,0.9999999999999992,1.0,0.0,0.5300260217446355,DOGE_S2B1_lr0.0003_clip0.2_ent0.01_ep4_bs16_cl32_gamma0.999_lam0.95_seed1_H4320_Q3e+06_pov0.1_fee0,checkpoints/DOGE/DOGE_S2B1_lr0.0003_clip0.2_ent0.01_ep4_bs16_cl32_gamma0.999_lam0.95_seed1_H4320_Q3e+06_pov0.1_fee0/best.weights.h5,61
DOGE,doge_q3e+06,3000000.0,4320,3500.0,0.1,buy,DOGE_PPO_1,2026-01-23_steps_5s.parquet,/Users/jackfletcher/Desktop/FYP_Data/Replay_5s_DOGE/January/2026-01-23_steps_5s.parquet,10833,1837,-0.00010555159166465593,3000000.0000000075,0.1247633829151692,0.12301000000000001,38.95170387200795,8.707010639552272e-13,1.0000000000000024,1.0,0.0,1.0555159166465584,DOGE_S2B1_lr0.0003_clip0.2_ent0.01_ep4_bs16_cl32_gamma0.999_lam0.95_seed1_H4320_Q3e+06_pov0.1_fee0,checkpoints/DOGE/DOGE_S2B1_lr0.0003_clip0.2_ent0.01_ep4_bs16_cl32_gamma0.999_lam0.95_seed1_H4320_Q3e+06_pov0.1_fee0/best.weights.h5,62
DOGE,doge_q3e+06,3000000.0,4320,3500.0,0.1,buy,DOGE_PPO_1,2026-01-23_steps_5s.parquet,/Users/jackfletcher/Desktop/FYP_Data/Replay_5s_DOGE/January/2026-01-23_steps_5s.parquet,11452,1766,-0.00012386853097849133,2999999.999999997,0.12596124739769238,0.12444,46.242599984890234,8.021817671561805e-13,0.9999999999999991,1.0,0.0,1.2386853097849093,DOGE_S2B1_lr0.0003_clip0.2_ent0.01_ep4_bs16_cl32_gamma0.999_lam0.95_seed1_H4320_Q3e+06_pov0.1_fee0,checkpoints/DOGE/DOGE_S2B1_lr0.0003_clip0.2_ent0.01_ep4_bs16_cl32_gamma0.999_lam0.95_seed1_H4320_Q3e+06_pov0.1_fee0/best.weights.h5,63
DOGE,doge_q3e+06,3000000.0,4320,3500.0,0.1,buy,DOGE_PPO_1,2026-01-28_steps_5s.parquet,/Users/jackfletcher/Desktop/FYP_Data/Replay_5s_DOGE/January/2026-01-28_steps_5s.parquet,3142,1275,-7.586138265802038e-05,3000000.000000003,0.12460095138514068,0.124145,28.25343405023985,9.454451623420495e-13,1.0000000000000009,1.0,0.0,0.7586138265802046,DOGE_S2B1_lr0.0003_clip0.2_ent0.01_ep4_bs16_cl32_gamma0.999_lam0.95_seed1_H4320_Q3e+06_pov0.1_fee0,checkpoints/DOGE/DOGE_S2B1_lr0.0003_clip0.2_ent0.01_ep4_bs16_cl32_gamma0.999_lam0.95_seed1_H4320_Q3e+06_pov0.1_fee0/best.weights.h5,64
DOGE,doge_q3e+06,3000000.0,4320,3500.0,0.1,buy,DOGE_PPO_1,2026-01-30_steps_5s.parquet,/Users/jackfletcher/Desktop/FYP_Data/Replay_5s_DOGE/January/2026-01-30_steps_5s.parquet,11627,2023,-0.00012610297314677424,2999999.999999994,0.11607611680628244,0.116095,43.91977400242442,8.796168193654204e-13,0.999999999999998,1.0,0.0,1.2610297314677468,DOGE_S2B1_lr0.0003_clip0.2_ent0.01_ep4_bs16_cl32_gamma0.999_lam0.95_seed1_H4320_Q3e+06_pov0.1_fee0,checkpoints/DOGE/DOGE_S2B1_lr0.0003_clip0.2_ent0.01_ep4_bs16_cl32_gamma0.999_lam0.95_seed1_H4320_Q3e+06_pov0.1_fee0/best.weights.h5,65
DOGE,doge_q3e+06,3000000.0,4320,3500.0,0.1,buy,DOGE_PPO_1,2026-01-09_steps_5s.parquet,/Users/jackfletcher/Desktop/FYP_Data/Replay_5s_DOGE/January/2026-01-09_steps_5s.parquet,10374,2088,-0.00011144682249575913,3000000.0,0.14178275969912169,0.139195,46.53852137189168,6.894850933410174e-13,1.0,1.0,0.0,1.1144682249575937,DOGE_S2B1_lr0.0003_clip0.2_ent0.01_ep4_bs16_cl32_gamma0.999_lam0.95_seed1_H4320_Q3e+06_pov0.1_fee0,checkpoints/DOGE/DOGE_S2B1_lr0.0003_clip0.2_ent0.01_ep4_bs16_cl32_gamma0.999_lam0.95_seed1_H4320_Q3e+06_pov0.1_fee0/best.weights.h5,66
DOGE,doge_q3e+06,3000000.0,4320,3500.0,0.1,buy,DOGE_PPO_1,2026-01-20_steps_5s.parquet,/Users/jackfletcher/Desktop/FYP_Data/Replay_5s_DOGE/January/2026-01-20_steps_5s.parquet,4393,2003,-8.788806279978704e-05,3000000.000000002,0.12691374530311683,0.12791000000000002,33.7252863381622,9.137215866450252e-13,1.0000000000000007,1.0,0.0,0.8788806279978681,DOGE_S2B1_lr0.0003_clip0.2_ent0.01_ep4_bs16_cl32_gamma0.999_lam0.95_seed1_H4320_Q3e+06_pov0.1_fee0,checkpoints/DOGE/DOGE_S2B1_lr0.0003_clip0.2_ent0.01_ep4_bs16_cl32_gamma0.999_lam0.95_seed1_H4320_Q3e+06_pov0.1_fee0/best.weights.h5,67
DOGE,doge_q3e+06,3000000.0,4320,3500.0,0.1,buy,DOGE_PPO_1,2026-01-15_steps_5s.parquet,/Users/jackfletcher/Desktop/FYP_Data/Replay_5s_DOGE/January/2026-01-15_steps_5s.parquet,6215,1522,-6.940628810982248e-05,2999999.999999995,0.14416265815743762,0.143855,29.95332472811549,6.651733754254372e-13,0.9999999999999983,1.0,0.0,0.6940628810982236,DOGE_S2B1_lr0.0003_clip0.2_ent0.01_ep4_bs16_cl32_gamma0.999_lam0.95_seed1_H4320_Q3e+06_pov0.1_fee0,checkpoints/DOGE/DOGE_S2B1_lr0.0003_clip0.2_ent0.01_ep4_bs16_cl32_gamma0.999_lam0.95_seed1_H4320_Q3e+06_pov0.1_fee0/best.weights.h5,68
DOGE,doge_q3e+06,3000000.0,4320,3500.0,0.1,buy,DOGE_PPO_1,2026-01-14_steps_5s.parquet,/Users/jackfletcher/Desktop/FYP_Data/Replay_5s_DOGE/January/2026-01-14_steps_5s.parquet,9583,1873,-9.623872000067744e-05,3000000.000000001,0.14755056004564157,0.14661000000000002,42.328676217897964,9.578145924208116e-13,1.0000000000000002,1.0,0.0,0.9623872000067744,DOGE_S2B1_lr0.0003_clip0.2_ent0.01_ep4_bs16_cl32_gamma0.999_lam0.95_seed1_H4320_Q3e+06_pov0.1_fee0,checkpoints/DOGE/DOGE_S2B1_lr0.0003_clip0.2_ent0.01_ep4_bs16_cl32_gamma0.999_lam0.95_seed1_H4320_Q3e+06_pov0.1_fee0/best.weights.h5,69
DOGE,doge_q3e+06,3000000.0,4320,3500.0,0.1,buy,DOGE_PPO_1,2026-01-21_steps_5s.parquet,/Users/jackfletcher/Desktop/FYP_Data/Replay_5s_DOGE/January/2026-01-21_steps_5s.parquet,10719,1683,-0.00011643638762171585,2999999.9999999944,0.1243011764335829,0.125295,43.766691561188715,8.413590597338435e-13,0.9999999999999981,1.0,0.0,1.1643638762171602,DOGE_S2B1_lr0.0003_clip0.2_ent0.01_ep4_bs16_cl32_gamma0.999_lam0.95_seed1_H4320_Q3e+06_pov0.1_fee0,checkpoints/DOGE/DOGE_S2B1_lr0.0003_clip0.2_ent0.01_ep4_bs16_cl32_gamma0.999_lam0.95_seed1_H4320_Q3e+06_pov0.1_fee0/best.weights.h5,70
DOGE,doge_q3e+06,3000000.0,4320,3500.0,0.1,buy,DOGE_PPO_1,2026-01-29_steps_5s.parquet,/Users/jackfletcher/Desktop/FYP_Data/Replay_5s_DOGE/January/2026-01-29_steps_5s.parquet,10639,1215,-9.681594586536185e-05,2999999.999999999,0.1166963836006502,0.11967,34.75789272512364,7.501152939933441e-13,0.9999999999999997,1.0,0.0,0.9681594586536207,DOGE_S2B1_lr0.0003_clip0.2_ent0.01_ep4_bs16_cl32_gamma0.999_lam0.95_seed1_H4320_Q3e+06_pov0.1_fee0,checkpoints/DOGE/DOGE_S2B1_lr0.0003_clip0.2_ent0.01_ep4_bs16_cl32_gamma0.999_lam0.95_seed1_H4320_Q3e+06_pov0.1_fee0/best.weights.h5,71
DOGE,doge_q3e+06,3000000.0,4320,3500.0,0.1,buy,DOGE_PPO_1,2026-01-27_steps_5s.parquet,/Users/jackfletcher/Desktop/FYP_Data/Replay_5s_DOGE/January/2026-01-27_steps_5s.parquet,11116,1837,-0.00012071272864841434,3000000.0000000047,0.12353505021625641,0.122085,44.2116404311251,8.444415997116263e-13,1.0000000000000016,1.0,0.0,1.2071272864841462,DOGE_S2B1_lr0.0003_clip0.2_ent0.01_ep4_bs16_cl32_gamma0.999_lam0.95_seed1_H4320_Q3e+06_pov0.1_fee0,checkpoints/DOGE/DOGE_S2B1_lr0.0003_clip0.2_ent0.01_ep4_bs16_cl32_gamma0.999_lam0.95_seed1_H4320_Q3e+06_pov0.1_fee0/best.weights.h5,72
DOGE,doge_q3e+06,3000000.0,4320,3500.0,0.1,buy,DOGE_PPO_1,2026-01-19_steps_5s.parquet,/Users/jackfletcher/Desktop/FYP_Data/Replay_5s_DOGE/January/2026-01-19_steps_5s.parquet,6854,1378,-7.600311737312292e-05,3000000.000000002,0.1277379132568975,0.127725,29.122494499446393,7.04593242619042e-13,1.0000000000000007,1.0,0.0,0.7600311737312296,DOGE_S2B1_lr0.0003_clip0.2_ent0.01_ep4_bs16_cl32_gamma0.999_lam0.95_seed1_H4320_Q3e+06_pov0.1_fee0,checkpoints/DOGE/DOGE_S2B1_lr0.0003_clip0.2_ent0.01_ep4_bs16_cl32_gamma0.999_lam0.95_seed1_H4320_Q3e+06_pov0.1_fee0/best.weights.h5,73
DOGE,doge_q3e+06,3000000.0,4320,3500.0,0.1,buy,DOGE_PPO_1,2026-01-08_steps_5s.parquet,/Users/jackfletcher/Desktop/FYP_Data/Replay_5s_DOGE/January/2026-01-08_steps_5s.parquet,4022,1920,-8.546200739868505e-05,3000000.0000000084,0.1442060124084816,0.146395,37.53363171939142,9.17958565022009e-13,1.0000000000000029,1.0,0.0,0.8546200739868488,DOGE_S2B1_lr0.0003_clip0.2_ent0.01_ep4_bs16_cl32_gamma0.999_lam0.95_seed1_H4320_Q3e+06_pov0.1_fee0,checkpoints/DOGE/DOGE_S2B1_lr0.0003_clip0.2_ent0.01_ep4_bs16_cl32_gamma0.999_lam0.95_seed1_H4320_Q3e+06_pov0.1_fee0/best.weights.h5,74
DOGE,doge_q3e+06,3000000.0,4320,3500.0,0.1,buy,DOGE_PPO_1,2026-01-20_steps_5s.parquet,/Users/jackfletcher/Desktop/FYP_Data/Replay_5s_DOGE/January/2026-01-20_steps_5s.parquet,11669,1994,-0.00010029239923335004,3000000.0000000014,0.12411948761447933,0.12536,37.71796550367842,7.571391165784581e-13,1.0000000000000004,1.0,0.0,1.002923992333504,DOGE_S2B1_lr0.0003_clip0.2_ent0.01_ep4_bs16_cl32_gamma0.999_lam0.95_seed1_H4320_Q3e+06_pov0.1_fee0,checkpoints/DOGE/DOGE_S2B1_lr0.0003_clip0.2_ent0.01_ep4_bs16_cl32_gamma0.999_lam0.95_seed1_H4320_Q3e+06_pov0.1_fee0/best.weights.h5,75
DOGE,doge_q3e+06,3000000.0,4320,3500.0,0.1,buy,DOGE_PPO_1,2026-01-20_steps_5s.parquet,/Users/jackfletcher/Desktop/FYP_Data/Replay_5s_DOGE/January/2026-01-20_steps_5s.parquet,1197,1436,-6.399249469587162e-05,2999999.9999999986,0.12845064753271465,0.128555,24.679665466883183,9.429496533227493e-13,0.9999999999999996,1.0,0.0,0.6399249469587124,DOGE_S2B1_lr0.0003_clip0.2_ent0.01_ep4_bs16_cl32_gamma0.999_lam0.95_seed1_H4320_Q3e+06_pov0.1_fee0,checkpoints/DOGE/DOGE_S2B1_lr0.0003_clip0.2_ent0.01_ep4_bs16_cl32_gamma0.999_lam0.95_seed1_H4320_Q3e+06_pov0.1_fee0/best.weights.h5,76
DOGE,doge_q3e+06,3000000.0,4320,3500.0,0.1,buy,DOGE_PPO_1,2026-01-31_steps_5s.parquet,/Users/jackfletcher/Desktop/FYP_Data/Replay_5s_DOGE/January/2026-01-31_steps_5s.parquet,7686,1489,-9.411589947150295e-05,2999999.999999998,0.11182988803623045,0.11219499999999999,31.678000023615706,7.894070940107978e-13,0.9999999999999993,1.0,0.0,0.9411589947150262,DOGE_S2B1_lr0.0003_clip0.2_ent0.01_ep4_bs16_cl32_gamma0.999_lam0.95_seed1_H4320_Q3e+06_pov0.1_fee0,checkpoints/DOGE/DOGE_S2B1_lr0.0003_clip0.2_ent0.01_ep4_bs16_cl32_gamma0.999_lam0.95_seed1_H4320_Q3e+06_pov0.1_fee0/best.weights.h5,77
DOGE,doge_q3e+06,3000000.0,4320,3500.0,0.1,buy,DOGE_PPO_1,2026-01-19_steps_5s.parquet,/Users/jackfletcher/Desktop/FYP_Data/Replay_5s_DOGE/January/2026-01-19_steps_5s.parquet,8778,1425,-6.950892747038023e-05,2999999.999999994,0.12789699372918292,0.12754,26.595505828716824,6.090178742657399e-13,0.999999999999998,1.0,0.0,0.6950892747038009,DOGE_S2B1_lr0.0003_clip0.2_ent0.01_ep4_bs16_cl32_gamma0.999_lam0.95_seed1_H4320_Q3e+06_pov0.1_fee0,checkpoints/DOGE/DOGE_S2B1_lr0.0003_clip0.2_ent0.01_ep4_bs16_cl32_gamma0.999_lam0.95_seed1_H4320_Q3e+06_pov0.1_fee0/best.weights.h5,78
DOGE,doge_q3e+06,3000000.0,4320,3500.0,0.1,buy,DOGE_PPO_1,2026-01-23_steps_5s.parquet,/Users/jackfletcher/Desktop/FYP_Data/Replay_5s_DOGE/January/2026-01-23_steps_5s.parquet,11365,1799,-0.0001236121882025593,2999999.9999999995,0.12587877236258924,0.124025,45.99300492546701,9.734492241314767e-13,0.9999999999999999,1.0,0.0,1.2361218820255866,DOGE_S2B1_lr0.0003_clip0.2_ent0.01_ep4_bs16_cl32_gamma0.999_lam0.95_seed1_H4320_Q3e+06_pov0.1_fee0,checkpoints/DOGE/DOGE_S2B1_lr0.0003_clip0.2_ent0.01_ep4_bs16_cl32_gamma0.999_lam0.95_seed1_H4320_Q3e+06_pov0.1_fee0/best.weights.h5,79
DOGE,doge_q3e+06,3000000.0,4320,3500.0,0.1,buy,DOGE_PPO_1,2026-01-31_steps_5s.parquet,/Users/jackfletcher/Desktop/FYP_Data/Replay_5s_DOGE/January/2026-01-31_steps_5s.parquet,7283,1452,-8.85158203502379e-05,2999999.9999999995,0.11194612146181324,0.11187,29.706794467743276,9.355455854504487e-13,0.9999999999999999,1.0,0.0,0.8851582035023771,DOGE_S2B1_lr0.0003_clip0.2_ent0.01_ep4_bs16_cl32_gamma0.999_lam0.95_seed1_H4320_Q3e+06_pov0.1_fee0,checkpoints/DOGE/DOGE_S2B1_lr0.0003_clip0.2_ent0.01_ep4_bs16_cl32_gamma0.999_lam0.95_seed1_H4320_Q3e+06_pov0.1_fee0/best.weights.h5,80
DOGE,doge_q3e+06,3000000.0,4320,3500.0,0.1,buy,DOGE_PPO_1,2026-01-28_steps_5s.parquet,/Users/jackfletcher/Desktop/FYP_Data/Replay_5s_DOGE/January/2026-01-28_steps_5s.parquet,2473,1305,-7.85513939451513e-05,3000000.0000000005,0.1243925150882492,0.124505,29.34012390942298,9.950597438889793e-13,1.0000000000000002,1.0,0.0,0.7855139394515075,DOGE_S2B1_lr0.0003_clip0.2_ent0.01_ep4_bs16_cl32_gamma0.999_lam0.95_seed1_H4320_Q3e+06_pov0.1_fee0,checkpoints/DOGE/DOGE_S2B1_lr0.0003_clip0.2_ent0.01_ep4_bs16_cl32_gamma0.999_lam0.95_seed1_H4320_Q3e+06_pov0.1_fee0/best.weights.h5,81
DOGE,doge_q3e+06,3000000.0,4320,3500.0,0.1,buy,DOGE_PPO_1,2026-01-12_steps_5s.parquet,/Users/jackfletcher/Desktop/FYP_Data/Replay_5s_DOGE/January/2026-01-12_steps_5s.parquet,4629,1750,-6.459948418160229e-05,3000000.0000000023,0.13889592781007817,0.14015,27.160853124154762,7.281547760618202e-13,1.0000000000000007,1.0,0.0,0.6459948418160247,DOGE_S2B1_lr0.0003_clip0.2_ent0.01_ep4_bs16_cl32_gamma0.999_lam0.95_seed1_H4320_Q3e+06_pov0.1_fee0,checkpoints/DOGE/DOGE_S2B1_lr0.0003_clip0.2_ent0.01_ep4_bs16_cl32_gamma0.999_lam0.95_seed1_H4320_Q3e+06_pov0.1_fee0/best.weights.h5,82
DOGE,doge_q3e+06,3000000.0,4320,3500.0,0.1,buy,DOGE_PPO_1,2026-01-26_steps_5s.parquet,/Users/jackfletcher/Desktop/FYP_Data/Replay_5s_DOGE/January/2026-01-26_steps_5s.parquet,4120,1379,-7.728960410968754e-05,3000000.000000001,0.1215844718800203,0.12159,28.192928891090613,8.021841357578581e-13,1.0000000000000002,1.0,0.0,0.7728960410968724,DOGE_S2B1_lr0.0003_clip0.2_ent0.01_ep4_bs16_cl32_gamma0.999_lam0.95_seed1_H4320_Q3e+06_pov0.1_fee0,checkpoints/DOGE/DOGE_S2B1_lr0.0003_clip0.2_ent0.01_ep4_bs16_cl32_gamma0.999_lam0.95_seed1_H4320_Q3e+06_pov0.1_fee0/best.weights.h5,83
DOGE,doge_q3e+06,3000000.0,4320,3500.0,0.1,buy,DOGE_PPO_1,2026-01-09_steps_5s.parquet,/Users/jackfletcher/Desktop/FYP_Data/Replay_5s_DOGE/January/2026-01-09_steps_5s.parquet,2516,1324,-6.767156350325035e-05,3000000.0,0.14257889662139123,0.142045,28.837221713457275,8.9675531720058e-13,1.0,1.0,0.0,0.6767156350324961,DOGE_S2B1_lr0.0003_clip0.2_ent0.01_ep4_bs16_cl32_gamma0.999_lam0.95_seed1_H4320_Q3e+06_pov0.1_fee0,checkpoints/DOGE/DOGE_S2B1_lr0.0003_clip0.2_ent0.01_ep4_bs16_cl32_gamma0.999_lam0.95_seed1_H4320_Q3e+06_pov0.1_fee0/best.weights.h5,84
DOGE,doge_q3e+06,3000000.0,4320,3500.0,0.1,buy,DOGE_PPO_1,2026-01-28_steps_5s.parquet,/Users/jackfletcher/Desktop/FYP_Data/Replay_5s_DOGE/January/2026-01-28_steps_5s.parquet,780,1361,-8.217931099605615e-05,3000000.0,0.12506318516235468,0.125885,31.035427694215517,7.748292462642904e-13,1.0,1.0,0.0,0.8217931099605597,DOGE_S2B1_lr0.0003_clip0.2_ent0.01_ep4_bs16_cl32_gamma0.999_lam0.95_seed1_H4320_Q3e+06_pov0.1_fee0,checkpoints/DOGE/DOGE_S2B1_lr0.0003_clip0.2_ent0.01_ep4_bs16_cl32_gamma0.999_lam0.95_seed1_H4320_Q3e+06_pov0.1_fee0/best.weights.h5,85
DOGE,doge_q3e+06,3000000.0,4320,3500.0,0.1,buy,DOGE_PPO_1,2026-01-29_steps_5s.parquet,/Users/jackfletcher/Desktop/FYP_Data/Replay_5s_DOGE/January/2026-01-29_steps_5s.parquet,6577,1402,-6.654097694781131e-05,2999999.9999999977,0.12149716661764234,0.12182499999999999,24.31906355000132,9.577774100537657e-13,0.9999999999999992,1.0,0.0,0.6654097694781127,DOGE_S2B1_lr0.0003_clip0.2_ent0.01_ep4_bs16_cl32_gamma0.999_lam0.95_seed1_H4320_Q3e+06_pov0.1_fee0,checkpoints/DOGE/DOGE_S2B1_lr0.0003_clip0.2_ent0.01_ep4_bs16_cl32_gamma0.999_lam0.95_seed1_H4320_Q3e+06_pov0.1_fee0/best.weights.h5,86
DOGE,doge_q3e+06,3000000.0,4320,3500.0,0.1,buy,DOGE_PPO_1,2026-01-18_steps_5s.parquet,/Users/jackfletcher/Desktop/FYP_Data/Replay_5s_DOGE/January/2026-01-18_steps_5s.parquet,5239,1281,-8.627482504517563e-05,3000000.000000001,0.13715705771322115,0.136845,35.41883529992095,9.322045430461788e-13,1.0000000000000002,1.0,0.0,0.8627482504517507,DOGE_S2B1_lr0.0003_clip0.2_ent0.01_ep4_bs16_cl32_gamma0.999_lam0.95_seed1_H4320_Q3e+06_pov0.1_fee0,checkpoints/DOGE/DOGE_S2B1_lr0.0003_clip0.2_ent0.01_ep4_bs16_cl32_gamma0.999_lam0.95_seed1_H4320_Q3e+06_pov0.1_fee0/best.weights.h5,87
DOGE,doge_q3e+06,3000000.0,4320,3500.0,0.1,buy,DOGE_PPO_1,2026-01-08_steps_5s.parquet,/Users/jackfletcher/Desktop/FYP_Data/Replay_5s_DOGE/January/2026-01-08_steps_5s.parquet,4682,2026,-9.003694942890586e-05,2999999.999999995,0.14377810222361873,0.1437,38.81492889880128,6.103065448969906e-13,0.9999999999999983,1.0,0.0,0.9003694942890577,DOGE_S2B1_lr0.0003_clip0.2_ent0.01_ep4_bs16_cl32_gamma0.999_lam0.95_seed1_H4320_Q3e+06_pov0.1_fee0,checkpoints/DOGE/DOGE_S2B1_lr0.0003_clip0.2_ent0.01_ep4_bs16_cl32_gamma0.999_lam0.95_seed1_H4320_Q3e+06_pov0.1_fee0/best.weights.h5,88
DOGE,doge_q3e+06,3000000.0,4320,3500.0,0.1,buy,DOGE_PPO_1,2026-01-10_steps_5s.parquet,/Users/jackfletcher/Desktop/FYP_Data/Replay_5s_DOGE/January/2026-01-10_steps_5s.parquet,3441,1277,-7.198360175903247e-05,2999999.999999999,0.14015327587298487,0.140005,30.234192492819787,7.969121473990341e-13,0.9999999999999997,1.0,0.0,0.7198360175903191,DOGE_S2B1_lr0.0003_clip0.2_ent0.01_ep4_bs16_cl32_gamma0.999_lam0.95_seed1_H4320_Q3e+06_pov0.1_fee0,checkpoints/DOGE/DOGE_S2B1_lr0.0003_clip0.2_ent0.01_ep4_bs16_cl32_gamma0.999_lam0.95_seed1_H4320_Q3e+06_pov0.1_fee0/best.weights.h5,89
DOGE,doge_q3e+06,3000000.0,4320,3500.0,0.1,buy,DOGE_PPO_1,2026-01-08_steps_5s.parquet,/Users/jackfletcher/Desktop/FYP_Data/Replay_5s_DOGE/January/2026-01-08_steps_5s.parquet,4426,2012,-9.066718158854058e-05,2999999.999999995,0.14382103314492964,0.144515,39.30830324180357,9.080824026276526e-13,0.9999999999999983,1.0,0.0,0.9066718158853999,DOGE_S2B1_lr0.0003_clip0.2_ent0.01_ep4_bs16_cl32_gamma0.999_lam0.95_seed1_H4320_Q3e+06_pov0.1_fee0,checkpoints/DOGE/DOGE_S2B1_lr0.0003_clip0.2_ent0.01_ep4_bs16_cl32_gamma0.999_lam0.95_seed1_H4320_Q3e+06_pov0.1_fee0/best.weights.h5,90
DOGE,doge_q3e+06,3000000.0,4320,3500.0,0.1,buy,DOGE_PPO_1,2026-01-27_steps_5s.parquet,/Users/jackfletcher/Desktop/FYP_Data/Replay_5s_DOGE/January/2026-01-27_steps_5s.parquet,12937,1755,-0.00010753568322415704,2999999.999999996,0.12364822622929601,0.122135,39.40161201174719,8.374836961614838e-13,0.9999999999999986,1.0,0.0,1.0753568322415685,DOGE_S2B1_lr0.0003_clip0.2_ent0.01_ep4_bs16_cl32_gamma0.999_lam0.95_seed1_H4320_Q3e+06_pov0.1_fee0,checkpoints/DOGE/DOGE_S2B1_lr0.0003_clip0.2_ent0.01_ep4_bs16_cl32_gamma0.999_lam0.95_seed1_H4320_Q3e+06_pov0.1_fee0/best.weights.h5,91
DOGE,doge_q3e+06,3000000.0,4320,3500.0,0.1,buy,DOGE_PPO_1,2026-01-09_steps_5s.parquet,/Users/jackfletcher/Desktop/FYP_Data/Replay_5s_DOGE/January/2026-01-09_steps_5s.parquet,4684,1591,-6.187123122189623e-05,2999999.999999994,0.14245106139199243,0.1426,26.468512716727002,5.332606456930311e-13,0.999999999999998,1.0,0.0,0.6187123122189574,DOGE_S2B1_lr0.0003_clip0.2_ent0.01_ep4_bs16_cl32_gamma0.999_lam0.95_seed1_H4320_Q3e+06_pov0.1_fee0,checkpoints/DOGE/DOGE_S2B1_lr0.0003_clip0.2_ent0.01_ep4_bs16_cl32_gamma0.999_lam0.95_seed1_H4320_Q3e+06_pov0.1_fee0/best.weights.h5,92
DOGE,doge_q3e+06,3000000.0,4320,3500.0,0.1,buy,DOGE_PPO_1,2026-01-23_steps_5s.parquet,/Users/jackfletcher/Desktop/FYP_Data/Replay_5s_DOGE/January/2026-01-23_steps_5s.parquet,5145,1412,-6.711187245491363e-05,2999999.999999999,0.1250226299314957,0.12508,25.183059019981695,9.289809831644614e-13,0.9999999999999997,1.0,0.0,0.6711187245491337,DOGE_S2B1_lr0.0003_clip0.2_ent0.01_ep4_bs16_cl32_gamma0.999_lam0.95_seed1_H4320_Q3e+06_pov0.1_fee0,checkpoints/DOGE/DOGE_S2B1_lr0.0003_clip0.2_ent0.01_ep4_bs16_cl32_gamma0.999_lam0.95_seed1_H4320_Q3e+06_pov0.1_fee0/best.weights.h5,93
DOGE,doge_q3e+06,3000000.0,4320,3500.0,0.1,buy,DOGE_PPO_1,2026-01-31_steps_5s.parquet,/Users/jackfletcher/Desktop/FYP_Data/Replay_5s_DOGE/January/2026-01-31_steps_5s.parquet,8922,1590,-0.00014553534921629704,2999999.9999999967,0.11082081053633507,0.111625,48.736150068807476,9.059268087250953e-13,0.9999999999999989,1.0,0.0,1.4553534921629705,DOGE_S2B1_lr0.0003_clip0.2_ent0.01_ep4_bs16_cl32_gamma0.999_lam0.95_seed1_H4320_Q3e+06_pov0.1_fee0,checkpoints/DOGE/DOGE_S2B1_lr0.0003_clip0.2_ent0.01_ep4_bs16_cl32_gamma0.999_lam0.95_seed1_H4320_Q3e+06_pov0.1_fee0/best.weights.h5,94
DOGE,doge_q3e+06,3000000.0,4320,3500.0,0.1,buy,DOGE_PPO_1,2026-01-29_steps_5s.parquet,/Users/jackfletcher/Desktop/FYP_Data/Replay_5s_DOGE/January/2026-01-29_steps_5s.parquet,9325,1407,-7.061339316385982e-05,3000000.0000000014,0.12085986606974519,0.12076500000000001,25.582879276300634,8.267206003890322e-13,1.0000000000000004,1.0,0.0,0.7061339316385993,DOGE_S2B1_lr0.0003_clip0.2_ent0.01_ep4_bs16_cl32_gamma0.999_lam0.95_seed1_H4320_Q3e+06_pov0.1_fee0,checkpoints/DOGE/DOGE_S2B1_lr0.0003_clip0.2_ent0.01_ep4_bs16_cl32_gamma0.999_lam0.95_seed1_H4320_Q3e+06_pov0.1_fee0/best.weights.h5,95
DOGE,doge_q3e+06,3000000.0,4320,3500.0,0.1,buy,DOGE_PPO_1,2026-01-17_steps_5s.parquet,/Users/jackfletcher/Desktop/FYP_Data/Replay_5s_DOGE/January/2026-01-17_steps_5s.parquet,12109,1289,-9.478612802681171e-05,3000000.000000001,0.1387707039839611,0.138565,39.40211949010529,8.845709823167463e-13,1.0000000000000002,1.0,0.0,0.9478612802681122,DOGE_S2B1_lr0.0003_clip0.2_ent0.01_ep4_bs16_cl32_gamma0.999_lam0.95_seed1_H4320_Q3e+06_pov0.1_fee0,checkpoints/DOGE/DOGE_S2B1_lr0.0003_clip0.2_ent0.01_ep4_bs16_cl32_gamma0.999_lam0.95_seed1_H4320_Q3e+06_pov0.1_fee0/best.weights.h5,96
DOGE,doge_q3e+06,3000000.0,4320,3500.0,0.1,buy,DOGE_PPO_1,2026-01-18_steps_5s.parquet,/Users/jackfletcher/Desktop/FYP_Data/Replay_5s_DOGE/January/2026-01-18_steps_5s.parquet,3490,1188,-6.42902214283334e-05,2999999.999999999,0.13730978430302487,0.137455,26.511037159294542,8.29679646749993e-13,0.9999999999999997,1.0,0.0,0.64290221428333,DOGE_S2B1_lr0.0003_clip0.2_ent0.01_ep4_bs16_cl32_gamma0.999_lam0.95_seed1_H4320_Q3e+06_pov0.1_fee0,checkpoints/DOGE/DOGE_S2B1_lr0.0003_clip0.2_ent0.01_ep4_bs16_cl32_gamma0.999_lam0.95_seed1_H4320_Q3e+06_pov0.1_fee0/best.weights.h5,97
DOGE,doge_q3e+06,3000000.0,4320,3500.0,0.1,buy,DOGE_PPO_1,2026-01-13_steps_5s.parquet,/Users/jackfletcher/Desktop/FYP_Data/Replay_5s_DOGE/January/2026-01-13_steps_5s.parquet,7006,1573,-4.930378946531454e-05,3000000.000000005,0.13941812395968273,0.139495,20.632896334391937,6.981118744600485e-13,1.0000000000000018,1.0,0.0,0.4930378946531402,DOGE_S2B1_lr0.0003_clip0.2_ent0.01_ep4_bs16_cl32_gamma0.999_lam0.95_seed1_H4320_Q3e+06_pov0.1_fee0,checkpoints/DOGE/DOGE_S2B1_lr0.0003_clip0.2_ent0.01_ep4_bs16_cl32_gamma0.999_lam0.95_seed1_H4320_Q3e+06_pov0.1_fee0/best.weights.h5,98
DOGE,doge_q3e+06,3000000.0,4320,3500.0,0.1,buy,DOGE_PPO_1,2026-01-31_steps_5s.parquet,/Users/jackfletcher/Desktop/FYP_Data/Replay_5s_DOGE/January/2026-01-31_steps_5s.parquet,12569,1361,-0.0001807381443003713,3000000.000000005,0.10160559216142803,0.102125,55.373648960026244,9.50621606191228e-13,1.0000000000000018,1.0,0.0,1.8073814430037127,DOGE_S2B1_lr0.0003_clip0.2_ent0.01_ep4_bs16_cl32_gamma0.999_lam0.95_seed1_H4320_Q3e+06_pov0.1_fee0,checkpoints/DOGE/DOGE_S2B1_lr0.0003_clip0.2_ent0.01_ep4_bs16_cl32_gamma0.999_lam0.95_seed1_H4320_Q3e+06_pov0.1_fee0/best.weights.h5,99
DOGE,doge_q3e+06,3000000.0,4320,3500.0,0.1,buy,DOGE_PPO_2,2026-01-08_steps_5s.parquet,/Users/jackfletcher/Desktop/FYP_Data/Replay_5s_DOGE/January/2026-01-08_steps_5s.parquet,5985,2012,-7.612642122961293e-05,2999999.9999999944,0.14308951974183018,0.144555,33.01336446253982,8.157589297600537e-13,0.9999999999999981,1.0,0.0,0.7612642122961232,DOGE_S2B2_lr0.0003_clip0.2_ent0.005_ep4_bs16_cl32_gamma0.999_lam0.95_seed1_H4320_Q3e+06_pov0.1_fee0,checkpoints/DOGE/DOGE_S2B2_lr0.0003_clip0.2_ent0.005_ep4_bs16_cl32_gamma0.999_lam0.95_seed1_H4320_Q3e+06_pov0.1_fee0/best.weights.h5,0
DOGE,doge_q3e+06,3000000.0,4320,3500.0,0.1,buy,DOGE_PPO_2,2026-01-26_steps_5s.parquet,/Users/jackfletcher/Desktop/FYP_Data/Replay_5s_DOGE/January/2026-01-26_steps_5s.parquet,875,1601,-8.466940778390147e-05,2999999.9999999935,0.12212068948494423,0.12225,31.052505304745736,6.654843416976494e-13,0.9999999999999978,1.0,0.0,0.8466940778390112,DOGE_S2B2_lr0.0003_clip0.2_ent0.005_ep4_bs16_cl32_gamma0.999_lam0.95_seed1_H4320_Q3e+06_pov0.1_fee0,checkpoints/DOGE/DOGE_S2B2_lr0.0003_clip0.2_ent0.005_ep4_bs16_cl32_gamma0.999_lam0.95_seed1_H4320_Q3e+06_pov0.1_fee0/best.weights.h5,1
DOGE,doge_q3e+06,3000000.0,4320,3500.0,0.1,buy,DOGE_PPO_2,2026-01-22_steps_5s.parquet,/Users/jackfletcher/Desktop/FYP_Data/Replay_5s_DOGE/January/2026-01-22_steps_5s.parquet,7987,1331,-6.96207525537601e-05,3000000.0000000005,0.12593105141067526,0.12654500000000002,26.43047439574656,8.078227537025031e-13,1.0000000000000002,1.0,0.0,0.6962075255375969,DOGE_S2B2_lr0.0003_clip0.2_ent0.005_ep4_bs16_cl32_gamma0.999_lam0.95_seed1_H4320_Q3e+06_pov0.1_fee0,checkpoints/DOGE/DOGE_S2B2_lr0.0003_clip0.2_ent0.005_ep4_bs16_cl32_gamma0.999_lam0.95_seed1_H4320_Q3e+06_pov0.1_fee0/best.weights.h5,2
DOGE,doge_q3e+06,3000000.0,4320,3500.0,0.1,buy,DOGE_PPO_2,2026-01-30_steps_5s.parquet,/Users/jackfletcher/Desktop/FYP_Data/Replay_5s_DOGE/January/2026-01-30_steps_5s.parquet,9226,1571,-0.0001096000474126928,2999999.999999996,0.11494986256316966,0.11499999999999999,37.812016357379015,8.475694993207112e-13,0.9999999999999986,1.0,0.0,1.096000474126928,DOGE_S2B2_lr0.0003_clip0.2_ent0.005_ep4_bs16_cl32_gamma0.999_lam0.95_seed1_H4320_Q3e+06_pov0.1_fee0,checkpoints/DOGE/DOGE_S2B2_lr0.0003_clip0.2_ent0.005_ep4_bs16_cl32_gamma0.999_lam0.95_seed1_H4320_Q3e+06_pov0.1_fee0/best.weights.h5,3
DOGE,doge_q3e+06,3000000.0,4320,3500.0,0.1,buy,DOGE_PPO_2,2026-01-22_steps_5s.parquet,/Users/jackfletcher/Desktop/FYP_Data/Replay_5s_DOGE/January/2026-01-22_steps_5s.parquet,3246,1290,-7.599765213163028e-05,2999999.999999999,0.12712072211800987,0.127135,28.985884511264356,9.005555911806755e-13,0.9999999999999997,1.0,0.0,0.7599765213163004,DOGE_S2B2_lr0.0003_clip0.2_ent0.005_ep4_bs16_cl32_gamma0.999_lam0.95_seed1_H4320_Q3e+06_pov0.1_fee0,checkpoints/DOGE/DOGE_S2B2_lr0.0003_clip0.2_ent0.005_ep4_bs16_cl32_gamma0.999_lam0.95_seed1_H4320_Q3e+06_pov0.1_fee0/best.weights.h5,4
DOGE,doge_q3e+06,3000000.0,4320,3500.0,0.1,buy,DOGE_PPO_2,2026-01-10_steps_5s.parquet,/Users/jackfletcher/Desktop/FYP_Data/Replay_5s_DOGE/January/2026-01-10_steps_5s.parquet,10333,1243,-6.470996413963723e-05,2999999.9999999995,0.13999093586750588,0.140035,27.184979484882138,7.108928869294471e-13,0.9999999999999999,1.0,0.0,0.6470996413963684,DOGE_S2B2_lr0.0003_clip0.2_ent0.005_ep4_bs16_cl32_gamma0.999_lam0.95_seed1_H4320_Q3e+06_pov0.1_fee0,checkpoints/DOGE/DOGE_S2B2_lr0.0003_clip0.2_ent0.005_ep4_bs16_cl32_gamma0.999_lam0.95_seed1_H4320_Q3e+06_pov0.1_fee0/best.weights.h5,5
DOGE,doge_q3e+06,3000000.0,4320,3500.0,0.1,buy,DOGE_PPO_2,2026-01-18_steps_5s.parquet,/Users/jackfletcher/Desktop/FYP_Data/Replay_5s_DOGE/January/2026-01-18_steps_5s.parquet,1842,1292,-7.690399096984854e-05,3000000.0000000033,0.13726356772657522,0.13694,31.593697570233125,7.225643479783402e-13,1.000000000000001,1.0,0.0,0.7690399096984841,DOGE_S2B2_lr0.0003_clip0.2_ent0.005_ep4_bs16_cl32_gamma0.999_lam0.95_seed1_H4320_Q3e+06_pov0.1_fee0,checkpoints/DOGE/DOGE_S2B2_lr0.0003_clip0.2_ent0.005_ep4_bs16_cl32_gamma0.999_lam0.95_seed1_H4320_Q3e+06_pov0.1_fee0/best.weights.h5,6
DOGE,doge_q3e+06,3000000.0,4320,3500.0,0.1,buy,DOGE_PPO_2,2026-01-09_steps_5s.parquet,/Users/jackfletcher/Desktop/FYP_Data/Replay_5s_DOGE/January/2026-01-09_steps_5s.parquet,5162,1835,-6.673925160805403e-05,3000000.0000000014,0.141534143591844,0.142955,28.622129140888063,7.264206882838928e-13,1.0000000000000004,1.0,0.0,0.6673925160805396,DOGE_S2B2_lr0.0003_clip0.2_ent0.005_ep4_bs16_cl32_gamma0.999_lam0.95_seed1_H4320_Q3e+06_pov0.1_fee0,checkpoints/DOGE/DOGE_S2B2_lr0.0003_clip0.2_ent0.005_ep4_bs16_cl32_gamma0.999_lam0.95_seed1_H4320_Q3e+06_pov0.1_fee0/best.weights.h5,7
DOGE,doge_q3e+06,3000000.0,4320,3500.0,0.1,buy,DOGE_PPO_2,2026-01-08_steps_5s.parquet,/Users/jackfletcher/Desktop/FYP_Data/Replay_5s_DOGE/January/2026-01-08_steps_5s.parquet,5638,2077,-7.936212642444482e-05,2999999.9999999953,0.1433294838783096,0.14373999999999998,34.2225361567489,5.659416036967081e-13,0.9999999999999984,1.0,0.0,0.7936212642444438,DOGE_S2B2_lr0.0003_clip0.2_ent0.005_ep4_bs16_cl32_gamma0.999_lam0.95_seed1_H4320_Q3e+06_pov0.1_fee0,checkpoints/DOGE/DOGE_S2B2_lr0.0003_clip0.2_ent0.005_ep4_bs16_cl32_gamma0.999_lam0.95_seed1_H4320_Q3e+06_pov0.1_fee0/best.weights.h5,8
DOGE,doge_q3e+06,3000000.0,4320,3500.0,0.1,buy,DOGE_PPO_2,2026-01-29_steps_5s.parquet,/Users/jackfletcher/Desktop/FYP_Data/Replay_5s_DOGE/January/2026-01-29_steps_5s.parquet,3239,1272,-7.632565283422102e-05,2999999.9999999977,0.1219712401383788,0.121815,27.892828200001794,5.834699663838276e-13,0.9999999999999992,1.0,0.0,0.7632565283422073,DOGE_S2B2_lr0.0003_clip0.2_ent0.005_ep4_bs16_cl32_gamma0.999_lam0.95_seed1_H4320_Q3e+06_pov0.1_fee0,checkpoints/DOGE/DOGE_S2B2_lr0.0003_clip0.2_ent0.005_ep4_bs16_cl32_gamma0.999_lam0.95_seed1_H4320_Q3e+06_pov0.1_fee0/best.weights.h5,9
DOGE,doge_q3e+06,3000000.0,4320,3500.0,0.1,buy,DOGE_PPO_2,2026-01-08_steps_5s.parquet,/Users/jackfletcher/Desktop/FYP_Data/Replay_5s_DOGE/January/2026-01-08_steps_5s.parquet,11151,2418,-0.00010135288572001318,2999999.9999999967,0.14210036293259276,0.14130500000000001,42.96500854999939,6.275647934756718e-13,0.9999999999999989,1.0,0.0,1.0135288572001317,DOGE_S2B2_lr0.0003_clip0.2_ent0.005_ep4_bs16_cl32_gamma0.999_lam0.95_seed1_H4320_Q3e+06_pov0.1_fee0,checkpoints/DOGE/DOGE_S2B2_lr0.0003_clip0.2_ent0.005_ep4_bs16_cl32_gamma0.999_lam0.95_seed1_H4320_Q3e+06_pov0.1_fee0/best.weights.h5,10
DOGE,doge_q3e+06,3000000.0,4320,3500.0,0.1,buy,DOGE_PPO_2,2026-01-15_steps_5s.parquet,/Users/jackfletcher/Desktop/FYP_Data/Replay_5s_DOGE/January/2026-01-15_steps_5s.parquet,9298,1832,-9.27753773478421e-05,3000000.0,0.14400229847575166,0.14425500000000002,40.14993617793865,8.820555098282792e-13,1.0,1.0,0.0,0.9277537734784154,DOGE_S2B2_lr0.0003_clip0.2_ent0.005_ep4_bs16_cl32_gamma0.999_lam0.95_seed1_H4320_Q3e+06_pov0.1_fee0,checkpoints/DOGE/DOGE_S2B2_lr0.0003_clip0.2_ent0.005_ep4_bs16_cl32_gamma0.999_lam0.95_seed1_H4320_Q3e+06_pov0.1_fee0/best.weights.h5,11
DOGE,doge_q3e+06,3000000.0,4320,3500.0,0.1,buy,DOGE_PPO_2,2026-01-17_steps_5s.parquet,/Users/jackfletcher/Desktop/FYP_Data/Replay_5s_DOGE/January/2026-01-17_steps_5s.parquet,11400,1496,-8.301929836055081e-05,2999999.999999998,0.1389045226368088,0.138825,34.575462284710376,6.478339470487946e-13,0.9999999999999993,1.0,0.0,0.8301929836055075,DOGE_S2B2_lr0.0003_clip0.2_ent0.005_ep4_bs16_cl32_gamma0.999_lam0.95_seed1_H4320_Q3e+06_pov0.1_fee0,checkpoints/DOGE/DOGE_S2B2_lr0.0003_clip0.2_ent0.005_ep4_bs16_cl32_gamma0.999_lam0.95_seed1_H4320_Q3e+06_pov0.1_fee0/best.weights.h5,12
DOGE,doge_q3e+06,3000000.0,4320,3500.0,0.1,buy,DOGE_PPO_2,2026-01-11_steps_5s.parquet,/Users/jackfletcher/Desktop/FYP_Data/Replay_5s_DOGE/January/2026-01-11_steps_5s.parquet,12651,1348,-6.011376064292977e-05,3000000.000000002,0.13835288833510487,0.138495,24.976365840727677,6.406696461133887e-13,1.0000000000000007,1.0,0.0,0.6011376064292977,DOGE_S2B2_lr0.0003_clip0.2_ent0.005_ep4_bs16_cl32_gamma0.999_lam0.95_seed1_H4320_Q3e+06_pov0.1_fee0,checkpoints/DOGE/DOGE_S2B2_lr0.0003_clip0.2_ent0.005_ep4_bs16_cl32_gamma0.999_lam0.95_seed1_H4320_Q3e+06_pov0.1_fee0/best.weights.h5,13
DOGE,doge_q3e+06,3000000.0,4320,3500.0,0.1,buy,DOGE_PPO_2,2026-01-12_steps_5s.parquet,/Users/jackfletcher/Desktop/FYP_Data/Replay_5s_DOGE/January/2026-01-12_steps_5s.parquet,9801,2113,-8.984502093748614e-05,3000000.0000000014,0.1371051801584117,0.13635,36.75110581447863,6.616870728813007e-13,1.0000000000000004,1.0,0.0,0.8984502093748595,DOGE_S2B2_lr0.0003_clip0.2_ent0.005_ep4_bs16_cl32_gamma0.999_lam0.95_seed1_H4320_Q3e+06_pov0.1_fee0,checkpoints/DOGE/DOGE_S2B2_lr0.0003_clip0.2_ent0.005_ep4_bs16_cl32_gamma0.999_lam0.95_seed1_H4320_Q3e+06_pov0.1_fee0/best.weights.h5,14
DOGE,doge_q3e+06,3000000.0,4320,3500.0,0.1,buy,DOGE_PPO_2,2026-01-28_steps_5s.parquet,/Users/jackfletcher/Desktop/FYP_Data/Replay_5s_DOGE/January/2026-01-28_steps_5s.parquet,11460,1521,-0.0001150620467265175,2999999.999999998,0.12462433694456941,0.12471499999999999,43.049889472492794,7.629356568566058e-13,0.9999999999999993,1.0,0.0,1.1506204672651725,DOGE_S2B2_lr0.0003_clip0.2_ent0.005_ep4_bs16_cl32_gamma0.999_lam0.95_seed1_H4320_Q3e+06_pov0.1_fee0,checkpoints/DOGE/DOGE_S2B2_lr0.0003_clip0.2_ent0.005_ep4_bs16_cl32_gamma0.999_lam0.95_seed1_H4320_Q3e+06_pov0.1_fee0/best.weights.h5,15
DOGE,doge_q3e+06,3000000.0,4320,3500.0,0.1,buy,DOGE_PPO_2,2026-01-26_steps_5s.parquet,/Users/jackfletcher/Desktop/FYP_Data/Replay_5s_DOGE/January/2026-01-26_steps_5s.parquet,9696,1633,-7.691987763292136e-05,2999999.999999999,0.12216562748112032,0.12187500000000001,28.12383025953683,8.793435813728622e-13,0.9999999999999997,1.0,0.0,0.7691987763292123,DOGE_S2B2_lr0.0003_clip0.2_ent0.005_ep4_bs16_cl32_gamma0.999_lam0.95_seed1_H4320_Q3e+06_pov0.1_fee0,checkpoints/DOGE/DOGE_S2B2_lr0.0003_clip0.2_ent0.005_ep4_bs16_cl32_gamma0.999_lam0.95_seed1_H4320_Q3e+06_pov0.1_fee0/best.weights.h5,16
DOGE,doge_q3e+06,3000000.0,4320,3500.0,0.1,buy,DOGE_PPO_2,2026-01-22_steps_5s.parquet,/Users/jackfletcher/Desktop/FYP_Data/Replay_5s_DOGE/January/2026-01-22_steps_5s.parquet,2595,1248,-8.127931849912476e-05,2999999.9999999977,0.12711703057486295,0.12648500000000001,30.84184380108515,5.736249704405751e-13,0.9999999999999992,1.0,0.0,0.8127931849912413,DOGE_S2B2_lr0.0003_clip0.2_ent0.005_ep4_bs16_cl32_gamma0.999_lam0.95_seed1_H4320_Q3e+06_pov0.1_fee0,checkpoints/DOGE/DOGE_S2B2_lr0.0003_clip0.2_ent0.005_ep4_bs16_cl32_gamma0.999_lam0.95_seed1_H4320_Q3e+06_pov0.1_fee0/best.weights.h5,17
DOGE,doge_q3e+06,3000000.0,4320,3500.0,0.1,buy,DOGE_PPO_2,2026-01-14_steps_5s.parquet,/Users/jackfletcher/Desktop/FYP_Data/Replay_5s_DOGE/January/2026-01-14_steps_5s.parquet,3464,1728,-9.044491577136376e-05,2999999.999999988,0.14783355538576712,0.14874500000000002,40.35968698923451,6.099748041801499e-13,0.999999999999996,1.0,0.0,0.9044491577136375,DOGE_S2B2_lr0.0003_clip0.2_ent0.005_ep4_bs16_cl32_gamma0.999_lam0.95_seed1_H4320_Q3e+06_pov0.1_fee0,checkpoints/DOGE/DOGE_S2B2_lr0.0003_clip0.2_ent0.005_ep4_bs16_cl32_gamma0.999_lam0.95_seed1_H4320_Q3e+06_pov0.1_fee0/best.weights.h5,18
DOGE,doge_q3e+06,3000000.0,4320,3500.0,0.1,buy,DOGE_PPO_2,2026-01-22_steps_5s.parquet,/Users/jackfletcher/Desktop/FYP_Data/Replay_5s_DOGE/January/2026-01-22_steps_5s.parquet,969,1271,-0.0001233236050845901,3000000.0000000005,0.12753813732781497,0.12756,47.19347719377079,5.468627034831727e-13,1.0000000000000002,1.0,0.0,1.233236050845897,DOGE_S2B2_lr0.0003_clip0.2_ent0.005_ep4_bs16_cl32_gamma0.999_lam0.95_seed1_H4320_Q3e+06_pov0.1_fee0,checkpoints/DOGE/DOGE_S2B2_lr0.0003_clip0.2_ent0.005_ep4_bs16_cl32_gamma0.999_lam0.95_seed1_H4320_Q3e+06_pov0.1_fee0/best.weights.h5,19
DOGE,doge_q3e+06,3000000.0,4320,3500.0,0.1,buy,DOGE_PPO_2,2026-01-28_steps_5s.parquet,/Users/jackfletcher/Desktop/FYP_Data/Replay_5s_DOGE/January/2026-01-28_steps_5s.parquet,3599,1347,-7.694699138540274e-05,3000000.0000000033,0.1250146305476911,0.12442500000000001,28.72238820938598,9.871540651525816e-13,1.000000000000001,1.0,0.0,0.7694699138540212,DOGE_S2B2_lr0.0003_clip0.2_ent0.005_ep4_bs16_cl32_gamma0.999_lam0.95_seed1_H4320_Q3e+06_pov0.1_fee0,checkpoints/DOGE/DOGE_S2B2_lr0.0003_clip0.2_ent0.005_ep4_bs16_cl32_gamma0.999_lam0.95_seed1_H4320_Q3e+06_pov0.1_fee0/best.weights.h5,20
DOGE,doge_q3e+06,3000000.0,4320,3500.0,0.1,buy,DOGE_PPO_2,2026-01-21_steps_5s.parquet,/Users/jackfletcher/Desktop/FYP_Data/Replay_5s_DOGE/January/2026-01-21_steps_5s.parquet,108,1375,-7.82655229071827e-05,3000000.0000000005,0.12471490541233177,0.123495,28.996202254267704,9.90998409144016e-13,1.0000000000000002,1.0,0.0,0.7826552290718304,DOGE_S2B2_lr0.0003_clip0.2_ent0.005_ep4_bs16_cl32_gamma0.999_lam0.95_seed1_H4320_Q3e+06_pov0.1_fee0,checkpoints/DOGE/DOGE_S2B2_lr0.0003_clip0.2_ent0.005_ep4_bs16_cl32_gamma0.999_lam0.95_seed1_H4320_Q3e+06_pov0.1_fee0/best.weights.h5,21
DOGE,doge_q3e+06,3000000.0,4320,3500.0,0.1,buy,DOGE_PPO_2,2026-01-19_steps_5s.parquet,/Users/jackfletcher/Desktop/FYP_Data/Replay_5s_DOGE/January/2026-01-19_steps_5s.parquet,2735,1548,-6.0703023197968555e-05,2999999.9999999935,0.12723417369208395,0.12725,23.173379105824417,9.174100571597598e-13,0.9999999999999978,1.0,0.0,0.6070302319796834,DOGE_S2B2_lr0.0003_clip0.2_ent0.005_ep4_bs16_cl32_gamma0.999_lam0.95_seed1_H4320_Q3e+06_pov0.1_fee0,checkpoints/DOGE/DOGE_S2B2_lr0.0003_clip0.2_ent0.005_ep4_bs16_cl32_gamma0.999_lam0.95_seed1_H4320_Q3e+06_pov0.1_fee0/best.weights.h5,22
DOGE,doge_q3e+06,3000000.0,4320,3500.0,0.1,buy,DOGE_PPO_2,2026-01-15_steps_5s.parquet,/Users/jackfletcher/Desktop/FYP_Data/Replay_5s_DOGE/January/2026-01-15_steps_5s.parquet,10741,2111,-0.00011246598171499834,2999999.9999999963,0.14176610577941073,0.143255,48.333942631746375,8.071253098121289e-13,0.9999999999999988,1.0,0.0,1.124659817149986,DOGE_S2B2_lr0.0003_clip0.2_ent0.005_ep4_bs16_cl32_gamma0.999_lam0.95_seed1_H4320_Q3e+06_pov0.1_fee0,checkpoints/DOGE/DOGE_S2B2_lr0.0003_clip0.2_ent0.005_ep4_bs16_cl32_gamma0.999_lam0.95_seed1_H4320_Q3e+06_pov0.1_fee0/best.weights.h5,23
DOGE,doge_q3e+06,3000000.0,4320,3500.0,0.1,buy,DOGE_PPO_2,2026-01-11_steps_5s.parquet,/Users/jackfletcher/Desktop/FYP_Data/Replay_5s_DOGE/January/2026-01-11_steps_5s.parquet,7712,1397,-7.76482331513574e-05,2999999.999999999,0.13982632682475973,0.139995,32.61109320007272,6.327182375474775e-13,0.9999999999999997,1.0,0.0,0.7764823315135713,DOGE_S2B2_lr0.0003_clip0.2_ent0.005_ep4_bs16_cl32_gamma0.999_lam0.95_seed1_H4320_Q3e+06_pov0.1_fee0,checkpoints/DOGE/DOGE_S2B2_lr0.0003_clip0.2_ent0.005_ep4_bs16_cl32_gamma0.999_lam0.95_seed1_H4320_Q3e+06_pov0.1_fee0/best.weights.h5,24
DOGE,doge_q3e+06,3000000.0,4320,3500.0,0.1,buy,DOGE_PPO_2,2026-01-17_steps_5s.parquet,/Users/jackfletcher/Desktop/FYP_Data/Replay_5s_DOGE/January/2026-01-17_steps_5s.parquet,7512,1237,-6.541018261169818e-05,2999999.9999999963,0.13764986323630388,0.13766499999999998,27.014078367718096,6.721905677882874e-13,0.9999999999999988,1.0,0.0,0.6541018261169771,DOGE_S2B2_lr0.0003_clip0.2_ent0.005_ep4_bs16_cl32_gamma0.999_lam0.95_seed1_H4320_Q3e+06_pov0.1_fee0,checkpoints/DOGE/DOGE_S2B2_lr0.0003_clip0.2_ent0.005_ep4_bs16_cl32_gamma0.999_lam0.95_seed1_H4320_Q3e+06_pov0.1_fee0/best.weights.h5,25
DOGE,doge_q3e+06,3000000.0,4320,3500.0,0.1,buy,DOGE_PPO_2,2026-01-15_steps_5s.parquet,/Users/jackfletcher/Desktop/FYP_Data/Replay_5s_DOGE/January/2026-01-15_steps_5s.parquet,6454,1519,-7.066522388480863e-05,3000000.0000000014,0.144162841843472,0.144165,30.562356004060227,7.187125957598716e-13,1.0000000000000004,1.0,0.0,0.7066522388480846,DOGE_S2B2_lr0.0003_clip0.2_ent0.005_ep4_bs16_cl32_gamma0.999_lam0.95_seed1_H4320_Q3e+06_pov0.1_fee0,checkpoints/DOGE/DOGE_S2B2_lr0.0003_clip0.2_ent0.005_ep4_bs16_cl32_gamma0.999_lam0.95_seed1_H4320_Q3e+06_pov0.1_fee0/best.weights.h5,26
DOGE,doge_q3e+06,3000000.0,4320,3500.0,0.1,buy,DOGE_PPO_2,2026-01-23_steps_5s.parquet,/Users/jackfletcher/Desktop/FYP_Data/Replay_5s_DOGE/January/2026-01-23_steps_5s.parquet,12373,1557,-0.00012319399437209447,3000000.0,0.12654142680307362,0.12522,46.27905592582089,8.992483345805627e-13,1.0,1.0,0.0,1.2319399437209415,DOGE_S2B2_lr0.0003_clip0.2_ent0.005_ep4_bs16_cl32_gamma0.999_lam0.95_seed1_H4320_Q3e+06_pov0.1_fee0,checkpoints/DOGE/DOGE_S2B2_lr0.0003_clip0.2_ent0.005_ep4_bs16_cl32_gamma0.999_lam0.95_seed1_H4320_Q3e+06_pov0.1_fee0/best.weights.h5,27
DOGE,doge_q3e+06,3000000.0,4320,3500.0,0.1,buy,DOGE_PPO_2,2026-01-08_steps_5s.parquet,/Users/jackfletcher/Desktop/FYP_Data/Replay_5s_DOGE/January/2026-01-08_steps_5s.parquet,783,1806,-7.824999571069844e-05,3000000.0,0.14674330160239854,0.14691500000000002,34.48829435951164,8.624474389860083e-13,1.0,1.0,0.0,0.7824999571069811,DOGE_S2B2_lr0.0003_clip0.2_ent0.005_ep4_bs16_cl32_gamma0.999_lam0.95_seed1_H4320_Q3e+06_pov0.1_fee0,checkpoints/DOGE/DOGE_S2B2_lr0.0003_clip0.2_ent0.005_ep4_bs16_cl32_gamma0.999_lam0.95_seed1_H4320_Q3e+06_pov0.1_fee0/best.weights.h5,28
DOGE,doge_q3e+06,3000000.0,4320,3500.0,0.1,buy,DOGE_PPO_2,2026-01-17_steps_5s.parquet,/Users/jackfletcher/Desktop/FYP_Data/Replay_5s_DOGE/January/2026-01-17_steps_5s.parquet,5145,1288,-6.103960460807671e-05,3000000.000000003,0.1373861093599027,0.136965,25.08086833543529,7.890405845164525e-13,1.0000000000000009,1.0,0.0,0.6103960460807577,DOGE_S2B2_lr0.0003_clip0.2_ent0.005_ep4_bs16_cl32_gamma0.999_lam0.95_seed1_H4320_Q3e+06_pov0.1_fee0,checkpoints/DOGE/DOGE_S2B2_lr0.0003_clip0.2_ent0.005_ep4_bs16_cl32_gamma0.999_lam0.95_seed1_H4320_Q3e+06_pov0.1_fee0/best.weights.h5,29
DOGE,doge_q3e+06,3000000.0,4320,3500.0,0.1,buy,DOGE_PPO_2,2026-01-27_steps_5s.parquet,/Users/jackfletcher/Desktop/FYP_Data/Replay_5s_DOGE/January/2026-01-27_steps_5s.parquet,6460,1256,-7.523692337054723e-05,3000000.000000003,0.12204249708220051,0.122255,27.594270199998682,9.345481802529322e-13,1.0000000000000009,1.0,0.0,0.7523692337054704,DOGE_S2B2_lr0.0003_clip0.2_ent0.005_ep4_bs16_cl32_gamma0.999_lam0.95_seed1_H4320_Q3e+06_pov0.1_fee0,checkpoints/DOGE/DOGE_S2B2_lr0.0003_clip0.2_ent0.005_ep4_bs16_cl32_gamma0.999_lam0.95_seed1_H4320_Q3e+06_pov0.1_fee0/best.weights.h5,30
DOGE,doge_q3e+06,3000000.0,4320,3500.0,0.1,buy,DOGE_PPO_2,2026-01-31_steps_5s.parquet,/Users/jackfletcher/Desktop/FYP_Data/Replay_5s_DOGE/January/2026-01-31_steps_5s.parquet,11947,1401,-0.00017689151547396704,2999999.9999999995,0.10310944278034838,0.10676,56.65481457600212,8.211982897414195e-13,0.9999999999999999,1.0,0.0,1.7689151547396689,DOGE_S2B2_lr0.0003_clip0.2_ent0.005_ep4_bs16_cl32_gamma0.999_lam0.95_seed1_H4320_Q3e+06_pov0.1_fee0,checkpoints/DOGE/DOGE_S2B2_lr0.0003_clip0.2_ent0.005_ep4_bs16_cl32_gamma0.999_lam0.95_seed1_H4320_Q3e+06_pov0.1_fee0/best.weights.h5,31
DOGE,doge_q3e+06,3000000.0,4320,3500.0,0.1,buy,DOGE_PPO_2,2026-01-31_steps_5s.parquet,/Users/jackfletcher/Desktop/FYP_Data/Replay_5s_DOGE/January/2026-01-31_steps_5s.parquet,3371,1234,-9.180756041130196e-05,2999999.999999998,0.11469086594677749,0.115035,31.683248135742264,8.60437965521412e-13,0.9999999999999993,1.0,0.0,0.9180756041130168,DOGE_S2B2_lr0.0003_clip0.2_ent0.005_ep4_bs16_cl32_gamma0.999_lam0.95_seed1_H4320_Q3e+06_pov0.1_fee0,checkpoints/DOGE/DOGE_S2B2_lr0.0003_clip0.2_ent0.005_ep4_bs16_cl32_gamma0.999_lam0.95_seed1_H4320_Q3e+06_pov0.1_fee0/best.weights.h5,32
DOGE,doge_q3e+06,3000000.0,4320,3500.0,0.1,buy,DOGE_PPO_2,2026-01-31_steps_5s.parquet,/Users/jackfletcher/Desktop/FYP_Data/Replay_5s_DOGE/January/2026-01-31_steps_5s.parquet,2544,1243,-7.816580001636695e-05,3000000.0000000023,0.11515126830324236,0.115425,27.066862400667496,9.389337231240425e-13,1.0000000000000007,1.0,0.0,0.7816580001636704,DOGE_S2B2_lr0.0003_clip0.2_ent0.005_ep4_bs16_cl32_gamma0.999_lam0.95_seed1_H4320_Q3e+06_pov0.1_fee0,checkpoints/DOGE/DOGE_S2B2_lr0.0003_clip0.2_ent0.005_ep4_bs16_cl32_gamma0.999_lam0.95_seed1_H4320_Q3e+06_pov0.1_fee0/best.weights.h5,33
DOGE,doge_q3e+06,3000000.0,4320,3500.0,0.1,buy,DOGE_PPO_2,2026-01-22_steps_5s.parquet,/Users/jackfletcher/Desktop/FYP_Data/Replay_5s_DOGE/January/2026-01-22_steps_5s.parquet,12769,1448,-0.00010028494236711376,3000000.000000001,0.12477608773816024,0.124745,37.530135406756756,8.795399762155642e-13,1.0000000000000002,1.0,0.0,1.002849423671136,DOGE_S2B2_lr0.0003_clip0.2_ent0.005_ep4_bs16_cl32_gamma0.999_lam0.95_seed1_H4320_Q3e+06_pov0.1_fee0,checkpoints/DOGE/DOGE_S2B2_lr0.0003_clip0.2_ent0.005_ep4_bs16_cl32_gamma0.999_lam0.95_seed1_H4320_Q3e+06_pov0.1_fee0/best.weights.h5,34
DOGE,doge_q3e+06,3000000.0,4320,3500.0,0.1,buy,DOGE_PPO_2,2026-01-08_steps_5s.parquet,/Users/jackfletcher/Desktop/FYP_Data/Replay_5s_DOGE/January/2026-01-08_steps_5s.parquet,9423,2143,-9.398638074732183e-05,2999999.9999999967,0.13996433599259542,0.13973000000000002,39.398150945470086,8.367963397478394e-13,0.9999999999999989,1.0,0.0,0.9398638074732241,DOGE_S2B2_lr0.0003_clip0.2_ent0.005_ep4_bs16_cl32_gamma0.999_lam0.95_seed1_H4320_Q3e+06_pov0.1_fee0,checkpoints/DOGE/DOGE_S2B2_lr0.0003_clip0.2_ent0.005_ep4_bs16_cl32_gamma0.999_lam0.95_seed1_H4320_Q3e+06_pov0.1_fee0/best.weights.h5,35
DOGE,doge_q3e+06,3000000.0,4320,3500.0,0.1,buy,DOGE_PPO_2,2026-01-30_steps_5s.parquet,/Users/jackfletcher/Desktop/FYP_Data/Replay_5s_DOGE/January/2026-01-30_steps_5s.parquet,5110,1843,-0.00010062940740317843,2999999.999999994,0.11415797725565824,0.113145,34.15714290189796,5.959474712496334e-13,0.999999999999998,1.0,0.0,1.006294074031787,DOGE_S2B2_lr0.0003_clip0.2_ent0.005_ep4_bs16_cl32_gamma0.999_lam0.95_seed1_H4320_Q3e+06_pov0.1_fee0,checkpoints/DOGE/DOGE_S2B2_lr0.0003_clip0.2_ent0.005_ep4_bs16_cl32_gamma0.999_lam0.95_seed1_H4320_Q3e+06_pov0.1_fee0/best.weights.h5,36
DOGE,doge_q3e+06,3000000.0,4320,3500.0,0.1,buy,DOGE_PPO_2,2026-01-23_steps_5s.parquet,/Users/jackfletcher/Desktop/FYP_Data/Replay_5s_DOGE/January/2026-01-23_steps_5s.parquet,5241,1405,-6.894144724436524e-05,3000000.000000004,0.1250026848707644,0.12507000000000001,25.867520420558318,9.779220727936521e-13,1.0000000000000013,1.0,0.0,0.6894144724436533,DOGE_S2B2_lr0.0003_clip0.2_ent0.005_ep4_bs16_cl32_gamma0.999_lam0.95_seed1_H4320_Q3e+06_pov0.1_fee0,checkpoints/DOGE/DOGE_S2B2_lr0.0003_clip0.2_ent0.005_ep4_bs16_cl32_gamma0.999_lam0.95_seed1_H4320_Q3e+06_pov0.1_fee0/best.weights.h5,37
DOGE,doge_q3e+06,3000000.0,4320,3500.0,0.1,buy,DOGE_PPO_2,2026-01-13_steps_5s.parquet,/Users/jackfletcher/Desktop/FYP_Data/Replay_5s_DOGE/January/2026-01-13_steps_5s.parquet,1146,1375,-7.854548547357345e-05,3000000.000000001,0.1368803828115152,0.13664500000000002,32.19854358760914,8.185686447987217e-13,1.0000000000000002,1.0,0.0,0.7854548547357296,DOGE_S2B2_lr0.0003_clip0.2_ent0.005_ep4_bs16_cl32_gamma0.999_lam0.95_seed1_H4320_Q3e+06_pov0.1_fee0,checkpoints/DOGE/DOGE_S2B2_lr0.0003_clip0.2_ent0.005_ep4_bs16_cl32_gamma0.999_lam0.95_seed1_H4320_Q3e+06_pov0.1_fee0/best.weights.h5,38
DOGE,doge_q3e+06,3000000.0,4320,3500.0,0.1,buy,DOGE_PPO_2,2026-01-20_steps_5s.parquet,/Users/jackfletcher/Desktop/FYP_Data/Replay_5s_DOGE/January/2026-01-20_steps_5s.parquet,9454,2133,-0.00010968576010125894,2999999.999999997,0.1252815171689781,0.125125,41.17329219801027,7.035411024905181e-13,0.9999999999999991,1.0,0.0,1.0968576010125948,DOGE_S2B2_lr0.0003_clip0.2_ent0.005_ep4_bs16_cl32_gamma0.999_lam0.95_seed1_H4320_Q3e+06_pov0.1_fee0,checkpoints/DOGE/DOGE_S2B2_lr0.0003_clip0.2_ent0.005_ep4_bs16_cl32_gamma0.999_lam0.95_seed1_H4320_Q3e+06_pov0.1_fee0/best.weights.h5,39
DOGE,doge_q3e+06,3000000.0,4320,3500.0,0.1,buy,DOGE_PPO_2,2026-01-08_steps_5s.parquet,/Users/jackfletcher/Desktop/FYP_Data/Replay_5s_DOGE/January/2026-01-08_steps_5s.parquet,12866,1988,-9.758130408630553e-05,2999999.999999995,0.14223959270944372,0.143025,41.86969805083151,8.19787611068042e-13,0.9999999999999983,1.0,0.0,0.9758130408630543,DOGE_S2B2_lr0.0003_clip0.2_ent0.005_ep4_bs16_cl32_gamma0.999_lam0.95_seed1_H4320_Q3e+06_pov0.1_fee0,checkpoints/DOGE/DOGE_S2B2_lr0.0003_clip0.2_ent0.005_ep4_bs16_cl32_gamma0.999_lam0.95_seed1_H4320_Q3e+06_pov0.1_fee0/best.weights.h5,40
DOGE,doge_q3e+06,3000000.0,4320,3500.0,0.1,buy,DOGE_PPO_2,2026-01-16_steps_5s.parquet,/Users/jackfletcher/Desktop/FYP_Data/Replay_5s_DOGE/January/2026-01-16_steps_5s.parquet,3323,1396,-9.629391731029369e-05,2999999.9999999977,0.139600924780193,0.13914500000000002,40.196451372422565,8.810306038987512e-13,0.9999999999999992,1.0,0.0,0.9629391731029395,DOGE_S2B2_lr0.0003_clip0.2_ent0.005_ep4_bs16_cl32_gamma0.999_lam0.95_seed1_H4320_Q3e+06_pov0.1_fee0,checkpoints/DOGE/DOGE_S2B2_lr0.0003_clip0.2_ent0.005_ep4_bs16_cl32_gamma0.999_lam0.95_seed1_H4320_Q3e+06_pov0.1_fee0/best.weights.h5,41
DOGE,doge_q3e+06,3000000.0,4320,3500.0,0.1,buy,DOGE_PPO_2,2026-01-21_steps_5s.parquet,/Users/jackfletcher/Desktop/FYP_Data/Replay_5s_DOGE/January/2026-01-21_steps_5s.parquet,4345,1793,-6.778083378288836e-05,2999999.9999999963,0.1253973727647032,0.125785,25.577436532141768,6.332172741640759e-13,0.9999999999999988,1.0,0.0,0.6778083378288818,DOGE_S2B2_lr0.0003_clip0.2_ent0.005_ep4_bs16_cl32_gamma0.999_lam0.95_seed1_H4320_Q3e+06_pov0.1_fee0,checkpoints/DOGE/DOGE_S2B2_lr0.0003_clip0.2_ent0.005_ep4_bs16_cl32_gamma0.999_lam0.95_seed1_H4320_Q3e+06_pov0.1_fee0/best.weights.h5,42
DOGE,doge_q3e+06,3000000.0,4320,3500.0,0.1,buy,DOGE_PPO_2,2026-01-31_steps_5s.parquet,/Users/jackfletcher/Desktop/FYP_Data/Replay_5s_DOGE/January/2026-01-31_steps_5s.parquet,7895,1472,-0.00010427937576257823,3000000.0,0.11171944835774723,0.112095,35.06758987831854,8.070735933551451e-13,1.0,1.0,0.0,1.04279375762578,DOGE_S2B2_lr0.0003_clip0.2_ent0.005_ep4_bs16_cl32_gamma0.999_lam0.95_seed1_H4320_Q3e+06_pov0.1_fee0,checkpoints/DOGE/DOGE_S2B2_lr0.0003_clip0.2_ent0.005_ep4_bs16_cl32_gamma0.999_lam0.95_seed1_H4320_Q3e+06_pov0.1_fee0/best.weights.h5,43
DOGE,doge_q3e+06,3000000.0,4320,3500.0,0.1,buy,DOGE_PPO_2,2026-01-12_steps_5s.parquet,/Users/jackfletcher/Desktop/FYP_Data/Replay_5s_DOGE/January/2026-01-12_steps_5s.parquet,6203,1699,-8.52711569400949e-05,3000000.000000002,0.13675556578071685,0.13645000000000002,34.90574809342787,6.793924838416754e-13,1.0000000000000007,1.0,0.0,0.8527115694009494,DOGE_S2B2_lr0.0003_clip0.2_ent0.005_ep4_bs16_cl32_gamma0.999_lam0.95_seed1_H4320_Q3e+06_pov0.1_fee0,checkpoints/DOGE/DOGE_S2B2_lr0.0003_clip0.2_ent0.005_ep4_bs16_cl32_gamma0.999_lam0.95_seed1_H4320_Q3e+06_pov0.1_fee0/best.weights.h5,44
DOGE,doge_q3e+06,3000000.0,4320,3500.0,0.1,buy,DOGE_PPO_2,2026-01-29_steps_5s.parquet,/Users/jackfletcher/Desktop/FYP_Data/Replay_5s_DOGE/January/2026-01-29_steps_5s.parquet,8978,1309,-7.17122365344635e-05,2999999.9999999986,0.12094918535627858,0.12098500000000001,26.028314811365835,8.891576617050675e-13,0.9999999999999996,1.0,0.0,0.717122365344625,DOGE_S2B2_lr0.0003_clip0.2_ent0.005_ep4_bs16_cl32_gamma0.999_lam0.95_seed1_H4320_Q3e+06_pov0.1_fee0,checkpoints/DOGE/DOGE_S2B2_lr0.0003_clip0.2_ent0.005_ep4_bs16_cl32_gamma0.999_lam0.95_seed1_H4320_Q3e+06_pov0.1_fee0/best.weights.h5,45
DOGE,doge_q3e+06,3000000.0,4320,3500.0,0.1,buy,DOGE_PPO_2,2026-01-12_steps_5s.parquet,/Users/jackfletcher/Desktop/FYP_Data/Replay_5s_DOGE/January/2026-01-12_steps_5s.parquet,8657,1692,-7.611732963167474e-05,3000000.000000002,0.1363252811761828,0.13652,31.17461352394871,7.880549430926089e-13,1.0000000000000007,1.0,0.0,0.7611732963167475,DOGE_S2B2_lr0.0003_clip0.2_ent0.005_ep4_bs16_cl32_gamma0.999_lam0.95_seed1_H4320_Q3e+06_pov0.1_fee0,checkpoints/DOGE/DOGE_S2B2_lr0.0003_clip0.2_ent0.005_ep4_bs16_cl32_gamma0.999_lam0.95_seed1_H4320_Q3e+06_pov0.1_fee0/best.weights.h5,46
DOGE,doge_q3e+06,3000000.0,4320,3500.0,0.1,buy,DOGE_PPO_2,2026-01-29_steps_5s.parquet,/Users/jackfletcher/Desktop/FYP_Data/Replay_5s_DOGE/January/2026-01-29_steps_5s.parquet,11691,1763,-0.00010283694586454904,2999999.999999997,0.11678802095710936,0.11604500000000001,35.80114014855467,8.023313363877897e-13,0.9999999999999991,1.0,0.0,1.0283694586454872,DOGE_S2B2_lr0.0003_clip0.2_ent0.005_ep4_bs16_cl32_gamma0.999_lam0.95_seed1_H4320_Q3e+06_pov0.1_fee0,checkpoints/DOGE/DOGE_S2B2_lr0.0003_clip0.2_ent0.005_ep4_bs16_cl32_gamma0.999_lam0.95_seed1_H4320_Q3e+06_pov0.1_fee0/best.weights.h5,47
DOGE,doge_q3e+06,3000000.0,4320,3500.0,0.1,buy,DOGE_PPO_2,2026-01-27_steps_5s.parquet,/Users/jackfletcher/Desktop/FYP_Data/Replay_5s_DOGE/January/2026-01-27_steps_5s.parquet,12698,1709,-0.00010970507130136484,2999999.9999999953,0.12327711910800715,0.122255,40.23598047584525,9.329261402947062e-13,0.9999999999999984,1.0,0.0,1.0970507130136533,DOGE_S2B2_lr0.0003_clip0.2_ent0.005_ep4_bs16_cl32_gamma0.999_lam0.95_seed1_H4320_Q3e+06_pov0.1_fee0,checkpoints/DOGE/DOGE_S2B2_lr0.0003_clip0.2_ent0.005_ep4_bs16_cl32_gamma0.999_lam0.95_seed1_H4320_Q3e+06_pov0.1_fee0/best.weights.h5,48
DOGE,doge_q3e+06,3000000.0,4320,3500.0,0.1,buy,DOGE_PPO_2,2026-01-27_steps_5s.parquet,/Users/jackfletcher/Desktop/FYP_Data/Replay_5s_DOGE/January/2026-01-27_steps_5s.parquet,4022,1167,-6.599834304413959e-05,3000000.000000001,0.12242963984767906,0.12273500000000001,24.300919900567358,5.622485813138507e-13,1.0000000000000002,1.0,0.0,0.6599834304413942,DOGE_S2B2_lr0.0003_clip0.2_ent0.005_ep4_bs16_cl32_gamma0.999_lam0.95_seed1_H4320_Q3e+06_pov0.1_fee0,checkpoints/DOGE/DOGE_S2B2_lr0.0003_clip0.2_ent0.005_ep4_bs16_cl32_gamma0.999_lam0.95_seed1_H4320_Q3e+06_pov0.1_fee0/best.weights.h5,49
DOGE,doge_q3e+06,3000000.0,4320,3500.0,0.1,buy,DOGE_PPO_2,2026-01-13_steps_5s.parquet,/Users/jackfletcher/Desktop/FYP_Data/Replay_5s_DOGE/January/2026-01-13_steps_5s.parquet,2703,1578,-0.00010928166437758933,3000000.0000000005,0.1379028858779938,0.137025,44.92296018401763,6.05234725969586e-13,1.0000000000000002,1.0,0.0,1.0928166437758957,DOGE_S2B2_lr0.0003_clip0.2_ent0.005_ep4_bs16_cl32_gamma0.999_lam0.95_seed1_H4320_Q3e+06_pov0.1_fee0,checkpoints/DOGE/DOGE_S2B2_lr0.0003_clip0.2_ent0.005_ep4_bs16_cl32_gamma0.999_lam0.95_seed1_H4320_Q3e+06_pov0.1_fee0/best.weights.h5,50
DOGE,doge_q3e+06,3000000.0,4320,3500.0,0.1,buy,DOGE_PPO_2,2026-01-20_steps_5s.parquet,/Users/jackfletcher/Desktop/FYP_Data/Replay_5s_DOGE/January/2026-01-20_steps_5s.parquet,1506,1400,-6.848694543947353e-05,3000000.0000000033,0.12831186501008224,0.128435,26.388362512556142,9.727040002115827e-13,1.000000000000001,1.0,0.0,0.68486945439473,DOGE_S2B2_lr0.0003_clip0.2_ent0.005_ep4_bs16_cl32_gamma0.999_lam0.95_seed1_H4320_Q3e+06_pov0.1_fee0,checkpoints/DOGE/DOGE_S2B2_lr0.0003_clip0.2_ent0.005_ep4_bs16_cl32_gamma0.999_lam0.95_seed1_H4320_Q3e+06_pov0.1_fee0/best.weights.h5,51
DOGE,doge_q3e+06,3000000.0,4320,3500.0,0.1,buy,DOGE_PPO_2,2026-01-12_steps_5s.parquet,/Users/jackfletcher/Desktop/FYP_Data/Replay_5s_DOGE/January/2026-01-12_steps_5s.parquet,3439,1625,-6.382014378873356e-05,3000000.0000000047,0.14063725401113175,0.140985,26.993048916163712,6.486317442552741e-13,1.0000000000000016,1.0,0.0,0.6382014378873335,DOGE_S2B2_lr0.0003_clip0.2_ent0.005_ep4_bs16_cl32_gamma0.999_lam0.95_seed1_H4320_Q3e+06_pov0.1_fee0,checkpoints/DOGE/DOGE_S2B2_lr0.0003_clip0.2_ent0.005_ep4_bs16_cl32_gamma0.999_lam0.95_seed1_H4320_Q3e+06_pov0.1_fee0/best.weights.h5,52
DOGE,doge_q3e+06,3000000.0,4320,3500.0,0.1,buy,DOGE_PPO_2,2026-01-20_steps_5s.parquet,/Users/jackfletcher/Desktop/FYP_Data/Replay_5s_DOGE/January/2026-01-20_steps_5s.parquet,7377,1513,-0.00010583459695361191,3000000.000000001,0.12561384773933626,0.126125,40.04516562232303,7.185025964324455e-13,1.0000000000000002,1.0,0.0,1.0583459695361226,DOGE_S2B2_lr0.0003_clip0.2_ent0.005_ep4_bs16_cl32_gamma0.999_lam0.95_seed1_H4320_Q3e+06_pov0.1_fee0,checkpoints/DOGE/DOGE_S2B2_lr0.0003_clip0.2_ent0.005_ep4_bs16_cl32_gamma0.999_lam0.95_seed1_H4320_Q3e+06_pov0.1_fee0/best.weights.h5,53
DOGE,doge_q3e+06,3000000.0,4320,3500.0,0.1,buy,DOGE_PPO_2,2026-01-15_steps_5s.parquet,/Users/jackfletcher/Desktop/FYP_Data/Replay_5s_DOGE/January/2026-01-15_steps_5s.parquet,11818,2142,-8.611670064398009e-05,2999999.999999994,0.14106030514449408,0.142035,36.69475672790293,5.551916396775028e-13,0.999999999999998,1.0,0.0,0.861167006439796,DOGE_S2B2_lr0.0003_clip0.2_ent0.005_ep4_bs16_cl32_gamma0.999_lam0.95_seed1_H4320_Q3e+06_pov0.1_fee0,checkpoints/DOGE/DOGE_S2B2_lr0.0003_clip0.2_ent0.005_ep4_bs16_cl32_gamma0.999_lam0.95_seed1_H4320_Q3e+06_pov0.1_fee0/best.weights.h5,54
DOGE,doge_q3e+06,3000000.0,4320,3500.0,0.1,buy,DOGE_PPO_2,2026-01-29_steps_5s.parquet,/Users/jackfletcher/Desktop/FYP_Data/Replay_5s_DOGE/January/2026-01-29_steps_5s.parquet,681,1399,-0.000102253995058314,3000000.0000000005,0.12376163543994133,0.12444,38.173461435169905,7.049235893257092e-13,1.0000000000000002,1.0,0.0,1.0225399505831434,DOGE_S2B2_lr0.0003_clip0.2_ent0.005_ep4_bs16_cl32_gamma0.999_lam0.95_seed1_H4320_Q3e+06_pov0.1_fee0,checkpoints/DOGE/DOGE_S2B2_lr0.0003_clip0.2_ent0.005_ep4_bs16_cl32_gamma0.999_lam0.95_seed1_H4320_Q3e+06_pov0.1_fee0/best.weights.h5,55
DOGE,doge_q3e+06,3000000.0,4320,3500.0,0.1,buy,DOGE_PPO_2,2026-01-18_steps_5s.parquet,/Users/jackfletcher/Desktop/FYP_Data/Replay_5s_DOGE/January/2026-01-18_steps_5s.parquet,5061,1284,-7.994643359655994e-05,3000000.000000003,0.13710143059153854,0.137185,32.90235447883219,8.442279631718699e-13,1.0000000000000009,1.0,0.0,0.7994643359655985,DOGE_S2B2_lr0.0003_clip0.2_ent0.005_ep4_bs16_cl32_gamma0.999_lam0.95_seed1_H4320_Q3e+06_pov0.1_fee0,checkpoints/DOGE/DOGE_S2B2_lr0.0003_clip0.2_ent0.005_ep4_bs16_cl32_gamma0.999_lam0.95_seed1_H4320_Q3e+06_pov0.1_fee0/best.weights.h5,56
DOGE,doge_q3e+06,3000000.0,4320,3500.0,0.1,buy,DOGE_PPO_2,2026-01-27_steps_5s.parquet,/Users/jackfletcher/Desktop/FYP_Data/Replay_5s_DOGE/January/2026-01-27_steps_5s.parquet,11723,1806,-9.748316037902235e-05,3000000.0000000023,0.12339349962992202,0.125485,36.698023140484985,9.270148269937259e-13,1.0000000000000007,1.0,0.0,0.9748316037902267,DOGE_S2B2_lr0.0003_clip0.2_ent0.005_ep4_bs16_cl32_gamma0.999_lam0.95_seed1_H4320_Q3e+06_pov0.1_fee0,checkpoints/DOGE/DOGE_S2B2_lr0.0003_clip0.2_ent0.005_ep4_bs16_cl32_gamma0.999_lam0.95_seed1_H4320_Q3e+06_pov0.1_fee0/best.weights.h5,57
DOGE,doge_q3e+06,3000000.0,4320,3500.0,0.1,buy,DOGE_PPO_2,2026-01-16_steps_5s.parquet,/Users/jackfletcher/Desktop/FYP_Data/Replay_5s_DOGE/January/2026-01-16_steps_5s.parquet,7162,1369,-5.622784776714949e-05,2999999.9999999995,0.13884517284535905,0.139545,23.538945050000446,6.690999276733936e-13,0.9999999999999999,1.0,0.0,0.5622784776714905,DOGE_S2B2_lr0.0003_clip0.2_ent0.005_ep4_bs16_cl32_gamma0.999_lam0.95_seed1_H4320_Q3e+06_pov0.1_fee0,checkpoints/DOGE/DOGE_S2B2_lr0.0003_clip0.2_ent0.005_ep4_bs16_cl32_gamma0.999_lam0.95_seed1_H4320_Q3e+06_pov0.1_fee0/best.weights.h5,58
DOGE,doge_q3e+06,3000000.0,4320,3500.0,0.1,buy,DOGE_PPO_2,2026-01-17_steps_5s.parquet,/Users/jackfletcher/Desktop/FYP_Data/Replay_5s_DOGE/January/2026-01-17_steps_5s.parquet,6375,1253,-5.9930920994952805e-05,2999999.999999993,0.13751834237570953,0.13755499999999998,24.73139351238205,8.934436094073432e-13,0.9999999999999977,1.0,0.0,0.5993092099495245,DOGE_S2B2_lr0.0003_clip0.2_ent0.005_ep4_bs16_cl32_gamma0.999_lam0.95_seed1_H4320_Q3e+06_pov0.1_fee0,checkpoints/DOGE/DOGE_S2B2_lr0.0003_clip0.2_ent0.005_ep4_bs16_cl32_gamma0.999_lam0.95_seed1_H4320_Q3e+06_pov0.1_fee0/best.weights.h5,59
DOGE,doge_q3e+06,3000000.0,4320,3500.0,0.1,buy,DOGE_PPO_2,2026-01-18_steps_5s.parquet,/Users/jackfletcher/Desktop/FYP_Data/Replay_5s_DOGE/January/2026-01-18_steps_5s.parquet,8975,1302,-0.00010403887425343888,3000000.000000006,0.13709428613637592,0.137185,42.81771889337423,8.288195381787757e-13,1.000000000000002,1.0,0.0,1.0403887425343934,DOGE_S2B2_lr0.0003_clip0.2_ent0.005_ep4_bs16_cl32_gamma0.999_lam0.95_seed1_H4320_Q3e+06_pov0.1_fee0,checkpoints/DOGE/DOGE_S2B2_lr0.0003_clip0.2_ent0.005_ep4_bs16_cl32_gamma0.999_lam0.95_seed1_H4320_Q3e+06_pov0.1_fee0/best.weights.h5,60
DOGE,doge_q3e+06,3000000.0,4320,3500.0,0.1,buy,DOGE_PPO_2,2026-01-13_steps_5s.parquet,/Users/jackfletcher/Desktop/FYP_Data/Replay_5s_DOGE/January/2026-01-13_steps_5s.parquet,7784,1480,-5.300260217446349e-05,2999999.9999999977,0.1391939462424777,0.139345,22.156942800001865,4.64118715606411e-13,0.9999999999999992,1.0,0.0,0.5300260217446353,DOGE_S2B2_lr0.0003_clip0.2_ent0.005_ep4_bs16_cl32_gamma0.999_lam0.95_seed1_H4320_Q3e+06_pov0.1_fee0,checkpoints/DOGE/DOGE_S2B2_lr0.0003_clip0.2_ent0.005_ep4_bs16_cl32_gamma0.999_lam0.95_seed1_H4320_Q3e+06_pov0.1_fee0/best.weights.h5,61
DOGE,doge_q3e+06,3000000.0,4320,3500.0,0.1,buy,DOGE_PPO_2,2026-01-23_steps_5s.parquet,/Users/jackfletcher/Desktop/FYP_Data/Replay_5s_DOGE/January/2026-01-23_steps_5s.parquet,10833,1830,-0.00010555080035485963,3000000.000000005,0.12476338490693163,0.12301000000000001,38.95141185495383,8.468004290046072e-13,1.0000000000000018,1.0,0.0,1.0555080035485958,DOGE_S2B2_lr0.0003_clip0.2_ent0.005_ep4_bs16_cl32_gamma0.999_lam0.95_seed1_H4320_Q3e+06_pov0.1_fee0,checkpoints/DOGE/DOGE_S2B2_lr0.0003_clip0.2_ent0.005_ep4_bs16_cl32_gamma0.999_lam0.95_seed1_H4320_Q3e+06_pov0.1_fee0/best.weights.h5,62
DOGE,doge_q3e+06,3000000.0,4320,3500.0,0.1,buy,DOGE_PPO_2,2026-01-23_steps_5s.parquet,/Users/jackfletcher/Desktop/FYP_Data/Replay_5s_DOGE/January/2026-01-23_steps_5s.parquet,11452,1763,-0.0001238757573362246,2999999.9999999977,0.12596124771536568,0.12444,46.24529772875918,7.429529934624503e-13,0.9999999999999992,1.0,0.0,1.2387575733622411,DOGE_S2B2_lr0.0003_clip0.2_ent0.005_ep4_bs16_cl32_gamma0.999_lam0.95_seed1_H4320_Q3e+06_pov0.1_fee0,checkpoints/DOGE/DOGE_S2B2_lr0.0003_clip0.2_ent0.005_ep4_bs16_cl32_gamma0.999_lam0.95_seed1_H4320_Q3e+06_pov0.1_fee0/best.weights.h5,63
DOGE,doge_q3e+06,3000000.0,4320,3500.0,0.1,buy,DOGE_PPO_2,2026-01-28_steps_5s.parquet,/Users/jackfletcher/Desktop/FYP_Data/Replay_5s_DOGE/January/2026-01-28_steps_5s.parquet,3142,1271,-7.586134619852598e-05,3000000.000000003,0.12460095173775818,0.124145,28.25342047144804,8.884766545888748e-13,1.0000000000000009,1.0,0.0,0.7586134619852604,DOGE_S2B2_lr0.0003_clip0.2_ent0.005_ep4_bs16_cl32_gamma0.999_lam0.95_seed1_H4320_Q3e+06_pov0.1_fee0,checkpoints/DOGE/DOGE_S2B2_lr0.0003_clip0.2_ent0.005_ep4_bs16_cl32_gamma0.999_lam0.95_seed1_H4320_Q3e+06_pov0.1_fee0/best.weights.h5,64
DOGE,doge_q3e+06,3000000.0,4320,3500.0,0.1,buy,DOGE_PPO_2,2026-01-30_steps_5s.parquet,/Users/jackfletcher/Desktop/FYP_Data/Replay_5s_DOGE/January/2026-01-30_steps_5s.parquet,11627,2015,-0.0001261191114792352,2999999.999999995,0.11607612431149243,0.116095,43.92539474154553,9.833667472051217e-13,0.9999999999999983,1.0,0.0,1.261191114792355,DOGE_S2B2_lr0.0003_clip0.2_ent0.005_ep4_bs16_cl32_gamma0.999_lam0.95_seed1_H4320_Q3e+06_pov0.1_fee0,checkpoints/DOGE/DOGE_S2B2_lr0.0003_clip0.2_ent0.005_ep4_bs16_cl32_gamma0.999_lam0.95_seed1_H4320_Q3e+06_pov0.1_fee0/best.weights.h5,65
DOGE,doge_q3e+06,3000000.0,4320,3500.0,0.1,buy,DOGE_PPO_2,2026-01-09_steps_5s.parquet,/Users/jackfletcher/Desktop/FYP_Data/Replay_5s_DOGE/January/2026-01-09_steps_5s.parquet,10374,2076,-0.0001114320313777015,2999999.9999999986,0.1417827641951679,0.139195,46.53234482285761,9.730420582481879e-13,0.9999999999999996,1.0,0.0,1.114320313777018,DOGE_S2B2_lr0.0003_clip0.2_ent0.005_ep4_bs16_cl32_gamma0.999_lam0.95_seed1_H4320_Q3e+06_pov0.1_fee0,checkpoints/DOGE/DOGE_S2B2_lr0.0003_clip0.2_ent0.005_ep4_bs16_cl32_gamma0.999_lam0.95_seed1_H4320_Q3e+06_pov0.1_fee0/best.weights.h5,66
DOGE,doge_q3e+06,3000000.0,4320,3500.0,0.1,buy,DOGE_PPO_2,2026-01-20_steps_5s.parquet,/Users/jackfletcher/Desktop/FYP_Data/Replay_5s_DOGE/January/2026-01-20_steps_5s.parquet,4393,1997,-8.78890576010698e-05,3000000.000000003,0.12691374613321976,0.12791000000000002,33.72566807325844,7.154418875017704e-13,1.0000000000000009,1.0,0.0,0.8788905760106959,DOGE_S2B2_lr0.0003_clip0.2_ent0.005_ep4_bs16_cl32_gamma0.999_lam0.95_seed1_H4320_Q3e+06_pov0.1_fee0,checkpoints/DOGE/DOGE_S2B2_lr0.0003_clip0.2_ent0.005_ep4_bs16_cl32_gamma0.999_lam0.95_seed1_H4320_Q3e+06_pov0.1_fee0/best.weights.h5,67
DOGE,doge_q3e+06,3000000.0,4320,3500.0,0.1,buy,DOGE_PPO_2,2026-01-15_steps_5s.parquet,/Users/jackfletcher/Desktop/FYP_Data/Replay_5s_DOGE/January/2026-01-15_steps_5s.parquet,6215,1516,-6.941871471430211e-05,2999999.999999995,0.14416265936606928,0.143855,29.958687615677757,9.097296800608023e-13,0.9999999999999983,1.0,0.0,0.6941871471430202,DOGE_S2B2_lr0.0003_clip0.2_ent0.005_ep4_bs16_cl32_gamma0.999_lam0.95_seed1_H4320_Q3e+06_pov0.1_fee0,checkpoints/DOGE/DOGE_S2B2_lr0.0003_clip0.2_ent0.005_ep4_bs16_cl32_gamma0.999_lam0.95_seed1_H4320_Q3e+06_pov0.1_fee0/best.weights.h5,68
DOGE,doge_q3e+06,3000000.0,4320,3500.0,0.1,buy,DOGE_PPO_2,2026-01-14_steps_5s.parquet,/Users/jackfletcher/Desktop/FYP_Data/Replay_5s_DOGE/January/2026-01-14_steps_5s.parquet,9583,1863,-9.623746430687552e-05,2999999.999999998,0.14755055918255228,0.14661000000000002,42.3281239260931,8.937541408688528e-13,0.9999999999999993,1.0,0.0,0.962374643068756,DOGE_S2B2_lr0.0003_clip0.2_ent0.005_ep4_bs16_cl32_gamma0.999_lam0.95_seed1_H4320_Q3e+06_pov0.1_fee0,checkpoints/DOGE/DOGE_S2B2_lr0.0003_clip0.2_ent0.005_ep4_bs16_cl32_gamma0.999_lam0.95_seed1_H4320_Q3e+06_pov0.1_fee0/best.weights.h5,69
DOGE,doge_q3e+06,3000000.0,4320,3500.0,0.1,buy,DOGE_PPO_2,2026-01-21_steps_5s.parquet,/Users/jackfletcher/Desktop/FYP_Data/Replay_5s_DOGE/January/2026-01-21_steps_5s.parquet,10719,1667,-0.00011641889556546077,2999999.9999999935,0.12430110652224001,0.125295,43.76011655962335,6.805027578930115e-13,0.9999999999999978,1.0,0.0,1.1641889556546112,DOGE_S2B2_lr0.0003_clip0.2_ent0.005_ep4_bs16_cl32_gamma0.999_lam0.95_seed1_H4320_Q3e+06_pov0.1_fee0,checkpoints/DOGE/DOGE_S2B2_lr0.0003_clip0.2_ent0.005_ep4_bs16_cl32_gamma0.999_lam0.95_seed1_H4320_Q3e+06_pov0.1_fee0/best.weights.h5,70
DOGE,doge_q3e+06,3000000.0,4320,3500.0,0.1,buy,DOGE_PPO_2,2026-01-29_steps_5s.parquet,/Users/jackfletcher/Desktop/FYP_Data/Replay_5s_DOGE/January/2026-01-29_steps_5s.parquet,10639,1206,-9.681722781829962e-05,2999999.9999999977,0.11669638556000403,0.11967,34.758352959047876,9.312054822199325e-13,0.9999999999999992,1.0,0.0,0.9681722781829998,DOGE_S2B2_lr0.0003_clip0.2_ent0.005_ep4_bs16_cl32_gamma0.999_lam0.95_seed1_H4320_Q3e+06_pov0.1_fee0,checkpoints/DOGE/DOGE_S2B2_lr0.0003_clip0.2_ent0.005_ep4_bs16_cl32_gamma0.999_lam0.95_seed1_H4320_Q3e+06_pov0.1_fee0/best.weights.h5,71
DOGE,doge_q3e+06,3000000.0,4320,3500.0,0.1,buy,DOGE_PPO_2,2026-01-27_steps_5s.parquet,/Users/jackfletcher/Desktop/FYP_Data/Replay_5s_DOGE/January/2026-01-27_steps_5s.parquet,11116,1832,-0.00012071406890626879,3000000.0000000033,0.12353504939741408,0.122085,44.212131307265565,7.471014084075109e-13,1.000000000000001,1.0,0.0,1.2071406890626903,DOGE_S2B2_lr0.0003_clip0.2_ent0.005_ep4_bs16_cl32_gamma0.999_lam0.95_seed1_H4320_Q3e+06_pov0.1_fee0,checkpoints/DOGE/DOGE_S2B2_lr0.0003_clip0.2_ent0.005_ep4_bs16_cl32_gamma0.999_lam0.95_seed1_H4320_Q3e+06_pov0.1_fee0/best.weights.h5,72
DOGE,doge_q3e+06,3000000.0,4320,3500.0,0.1,buy,DOGE_PPO_2,2026-01-19_steps_5s.parquet,/Users/jackfletcher/Desktop/FYP_Data/Replay_5s_DOGE/January/2026-01-19_steps_5s.parquet,6854,1372,-7.600182370623986e-05,3000000.0000000014,0.12773791280938965,0.127725,29.121998798638465,8.01153889364313e-13,1.0000000000000004,1.0,0.0,0.7600182370623988,DOGE_S2B2_lr0.0003_clip0.2_ent0.005_ep4_bs16_cl32_gamma0.999_lam0.95_seed1_H4320_Q3e+06_pov0.1_fee0,checkpoints/DOGE/DOGE_S2B2_lr0.0003_clip0.2_ent0.005_ep4_bs16_cl32_gamma0.999_lam0.95_seed1_H4320_Q3e+06_pov0.1_fee0/best.weights.h5,73
DOGE,doge_q3e+06,3000000.0,4320,3500.0,0.1,buy,DOGE_PPO_2,2026-01-08_steps_5s.parquet,/Users/jackfletcher/Desktop/FYP_Data/Replay_5s_DOGE/January/2026-01-08_steps_5s.parquet,4022,1915,-8.546203162520356e-05,3000000.0000000107,0.14420600881036752,0.146395,37.53364235931497,7.440873443750226e-13,1.0000000000000036,1.0,0.0,0.8546203162520343,DOGE_S2B2_lr0.0003_clip0.2_ent0.005_ep4_bs16_cl32_gamma0.999_lam0.95_seed1_H4320_Q3e+06_pov0.1_fee0,checkpoints/DOGE/DOGE_S2B2_lr0.0003_clip0.2_ent0.005_ep4_bs16_cl32_gamma0.999_lam0.95_seed1_H4320_Q3e+06_pov0.1_fee0/best.weights.h5,74
DOGE,doge_q3e+06,3000000.0,4320,3500.0,0.1,buy,DOGE_PPO_2,2026-01-20_steps_5s.parquet,/Users/jackfletcher/Desktop/FYP_Data/Replay_5s_DOGE/January/2026-01-20_steps_5s.parquet,11669,1987,-0.00010029236230707947,3000000.0000000033,0.1241194869017484,0.12536,37.7179516164466,8.480021905288708e-13,1.000000000000001,1.0,0.0,1.0029236230707987,DOGE_S2B2_lr0.0003_clip0.2_ent0.005_ep4_bs16_cl32_gamma0.999_lam0.95_seed1_H4320_Q3e+06_pov0.1_fee0,checkpoints/DOGE/DOGE_S2B2_lr0.0003_clip0.2_ent0.005_ep4_bs16_cl32_gamma0.999_lam0.95_seed1_H4320_Q3e+06_pov0.1_fee0/best.weights.h5,75
DOGE,doge_q3e+06,3000000.0,4320,3500.0,0.1,buy,DOGE_PPO_2,2026-01-20_steps_5s.parquet,/Users/jackfletcher/Desktop/FYP_Data/Replay_5s_DOGE/January/2026-01-20_steps_5s.parquet,1197,1431,-6.399234325433844e-05,3000000.0000000005,0.12845064742977053,0.128555,24.67960706118429,8.305060372010835e-13,1.0000000000000002,1.0,0.0,0.6399234325433806,DOGE_S2B2_lr0.0003_clip0.2_ent0.005_ep4_bs16_cl32_gamma0.999_lam0.95_seed1_H4320_Q3e+06_pov0.1_fee0,checkpoints/DOGE/DOGE_S2B2_lr0.0003_clip0.2_ent0.005_ep4_bs16_cl32_gamma0.999_lam0.95_seed1_H4320_Q3e+06_pov0.1_fee0/best.weights.h5,76
DOGE,doge_q3e+06,3000000.0,4320,3500.0,0.1,buy,DOGE_PPO_2,2026-01-31_steps_5s.parquet,/Users/jackfletcher/Desktop/FYP_Data/Replay_5s_DOGE/January/2026-01-31_steps_5s.parquet,7686,1485,-9.411794099684482e-05,2999999.999999999,0.11182989067374063,0.11219499999999999,31.678687170422897,9.450107965045935e-13,0.9999999999999997,1.0,0.0,0.941179409968445,DOGE_S2B2_lr0.0003_clip0.2_ent0.005_ep4_bs16_cl32_gamma0.999_lam0.95_seed1_H4320_Q3e+06_pov0.1_fee0,checkpoints/DOGE/DOGE_S2B2_lr0.0003_clip0.2_ent0.005_ep4_bs16_cl32_gamma0.999_lam0.95_seed1_H4320_Q3e+06_pov0.1_fee0/best.weights.h5,77
DOGE,doge_q3e+06,3000000.0,4320,3500.0,0.1,buy,DOGE_PPO_2,2026-01-19_steps_5s.parquet,/Users/jackfletcher/Desktop/FYP_Data/Replay_5s_DOGE/January/2026-01-19_steps_5s.parquet,8778,1417,-6.950888877354928e-05,2999999.9999999953,0.12789699158779214,0.12754,26.595491022535374,9.000779896768453e-13,0.9999999999999984,1.0,0.0,0.6950888877354915,DOGE_S2B2_lr0.0003_clip0.2_ent0.005_ep4_bs16_cl32_gamma0.999_lam0.95_seed1_H4320_Q3e+06_pov0.1_fee0,checkpoints/DOGE/DOGE_S2B2_lr0.0003_clip0.2_ent0.005_ep4_bs16_cl32_gamma0.999_lam0.95_seed1_H4320_Q3e+06_pov0.1_fee0/best.weights.h5,78
DOGE,doge_q3e+06,3000000.0,4320,3500.0,0.1,buy,DOGE_PPO_2,2026-01-23_steps_5s.parquet,/Users/jackfletcher/Desktop/FYP_Data/Replay_5s_DOGE/January/2026-01-23_steps_5s.parquet,11365,1792,-0.00012361424895612183,2999999.9999999977,0.12587877341642353,0.124025,45.99377168034877,7.303185923348782e-13,0.9999999999999992,1.0,0.0,1.2361424895612114,DOGE_S2B2_lr0.0003_clip0.2_ent0.005_ep4_bs16_cl32_gamma0.999_lam0.95_seed1_H4320_Q3e+06_pov0.1_fee0,checkpoints/DOGE/DOGE_S2B2_lr0.0003_clip0.2_ent0.005_ep4_bs16_cl32_gamma0.999_lam0.95_seed1_H4320_Q3e+06_pov0.1_fee0/best.weights.h5,79
DOGE,doge_q3e+06,3000000.0,4320,3500.0,0.1,buy,DOGE_PPO_2,2026-01-31_steps_5s.parquet,/Users/jackfletcher/Desktop/FYP_Data/Replay_5s_DOGE/January/2026-01-31_steps_5s.parquet,7283,1445,-8.851861768150044e-05,2999999.9999999977,0.11194612756581811,0.11187,29.707733280088306,7.518363928161247e-13,0.9999999999999992,1.0,0.0,0.8851861768150027,DOGE_S2B2_lr0.0003_clip0.2_ent0.005_ep4_bs16_cl32_gamma0.999_lam0.95_seed1_H4320_Q3e+06_pov0.1_fee0,checkpoints/DOGE/DOGE_S2B2_lr0.0003_clip0.2_ent0.005_ep4_bs16_cl32_gamma0.999_lam0.95_seed1_H4320_Q3e+06_pov0.1_fee0/best.weights.h5,80
DOGE,doge_q3e+06,3000000.0,4320,3500.0,0.1,buy,DOGE_PPO_2,2026-01-28_steps_5s.parquet,/Users/jackfletcher/Desktop/FYP_Data/Replay_5s_DOGE/January/2026-01-28_steps_5s.parquet,2473,1297,-7.855137156344248e-05,2999999.9999999995,0.12439251667090474,0.124505,29.340115549518988,6.69733235019887e-13,0.9999999999999999,1.0,0.0,0.7855137156344186,DOGE_S2B2_lr0.0003_clip0.2_ent0.005_ep4_bs16_cl32_gamma0.999_lam0.95_seed1_H4320_Q3e+06_pov0.1_fee0,checkpoints/DOGE/DOGE_S2B2_lr0.0003_clip0.2_ent0.005_ep4_bs16_cl32_gamma0.999_lam0.95_seed1_H4320_Q3e+06_pov0.1_fee0/best.weights.h5,81
DOGE,doge_q3e+06,3000000.0,4320,3500.0,0.1,buy,DOGE_PPO_2,2026-01-12_steps_5s.parquet,/Users/jackfletcher/Desktop/FYP_Data/Replay_5s_DOGE/January/2026-01-12_steps_5s.parquet,4629,1738,-6.460703248688281e-05,3000000.000000002,0.13889593590189664,0.14015,27.164026809109963,7.373575122845976e-13,1.0000000000000007,1.0,0.0,0.6460703248688301,DOGE_S2B2_lr0.0003_clip0.2_ent0.005_ep4_bs16_cl32_gamma0.999_lam0.95_seed1_H4320_Q3e+06_pov0.1_fee0,checkpoints/DOGE/DOGE_S2B2_lr0.0003_clip0.2_ent0.005_ep4_bs16_cl32_gamma0.999_lam0.95_seed1_H4320_Q3e+06_pov0.1_fee0/best.weights.h5,82
DOGE,doge_q3e+06,3000000.0,4320,3500.0,0.1,buy,DOGE_PPO_2,2026-01-26_steps_5s.parquet,/Users/jackfletcher/Desktop/FYP_Data/Replay_5s_DOGE/January/2026-01-26_steps_5s.parquet,4120,1374,-7.729011753591323e-05,3000000.000000002,0.12158447212647004,0.12159,28.19311617357496,5.791849770425269e-13,1.0000000000000007,1.0,0.0,0.7729011753591294,DOGE_S2B2_lr0.0003_clip0.2_ent0.005_ep4_bs16_cl32_gamma0.999_lam0.95_seed1_H4320_Q3e+06_pov0.1_fee0,checkpoints/DOGE/DOGE_S2B2_lr0.0003_clip0.2_ent0.005_ep4_bs16_cl32_gamma0.999_lam0.95_seed1_H4320_Q3e+06_pov0.1_fee0/best.weights.h5,83
DOGE,doge_q3e+06,3000000.0,4320,3500.0,0.1,buy,DOGE_PPO_2,2026-01-09_steps_5s.parquet,/Users/jackfletcher/Desktop/FYP_Data/Replay_5s_DOGE/January/2026-01-09_steps_5s.parquet,2516,1316,-6.767096532635269e-05,3000000.000000002,0.1425788962852836,0.142045,28.836966809344997,8.289619661117491e-13,1.0000000000000007,1.0,0.0,0.6767096532635197,DOGE_S2B2_lr0.0003_clip0.2_ent0.005_ep4_bs16_cl32_gamma0.999_lam0.95_seed1_H4320_Q3e+06_pov0.1_fee0,checkpoints/DOGE/DOGE_S2B2_lr0.0003_clip0.2_ent0.005_ep4_bs16_cl32_gamma0.999_lam0.95_seed1_H4320_Q3e+06_pov0.1_fee0/best.weights.h5,84
DOGE,doge_q3e+06,3000000.0,4320,3500.0,0.1,buy,DOGE_PPO_2,2026-01-28_steps_5s.parquet,/Users/jackfletcher/Desktop/FYP_Data/Replay_5s_DOGE/January/2026-01-28_steps_5s.parquet,780,1357,-8.21833653766081e-05,2999999.9999999995,0.12506318628613283,0.125885,31.03695885130286,8.188858378955211e-13,0.9999999999999999,1.0,0.0,0.821833653766079,DOGE_S2B2_lr0.0003_clip0.2_ent0.005_ep4_bs16_cl32_gamma0.999_lam0.95_seed1_H4320_Q3e+06_pov0.1_fee0,checkpoints/DOGE/DOGE_S2B2_lr0.0003_clip0.2_ent0.005_ep4_bs16_cl32_gamma0.999_lam0.95_seed1_H4320_Q3e+06_pov0.1_fee0/best.weights.h5,85
DOGE,doge_q3e+06,3000000.0,4320,3500.0,0.1,buy,DOGE_PPO_2,2026-01-29_steps_5s.parquet,/Users/jackfletcher/Desktop/FYP_Data/Replay_5s_DOGE/January/2026-01-29_steps_5s.parquet,6577,1397,-6.654097694781133e-05,2999999.9999999977,0.12149716667040536,0.12182499999999999,24.31906355000134,6.255161869937014e-13,0.9999999999999992,1.0,0.0,0.6654097694781133,DOGE_S2B2_lr0.0003_clip0.2_ent0.005_ep4_bs16_cl32_gamma0.999_lam0.95_seed1_H4320_Q3e+06_pov0.1_fee0,checkpoints/DOGE/DOGE_S2B2_lr0.0003_clip0.2_ent0.005_ep4_bs16_cl32_gamma0.999_lam0.95_seed1_H4320_Q3e+06_pov0.1_fee0/best.weights.h5,86
DOGE,doge_q3e+06,3000000.0,4320,3500.0,0.1,buy,DOGE_PPO_2,2026-01-18_steps_5s.parquet,/Users/jackfletcher/Desktop/FYP_Data/Replay_5s_DOGE/January/2026-01-18_steps_5s.parquet,5239,1276,-8.627634012957447e-05,3000000.0000000005,0.13715705794210742,0.136845,35.41945729509461,7.460404410475716e-13,1.0000000000000002,1.0,0.0,0.8627634012957388,DOGE_S2B2_lr0.0003_clip0.2_ent0.005_ep4_bs16_cl32_gamma0.999_lam0.95_seed1_H4320_Q3e+06_pov0.1_fee0,checkpoints/DOGE/DOGE_S2B2_lr0.0003_clip0.2_ent0.005_ep4_bs16_cl32_gamma0.999_lam0.95_seed1_H4320_Q3e+06_pov0.1_fee0/best.weights.h5,87
DOGE,doge_q3e+06,3000000.0,4320,3500.0,0.1,buy,DOGE_PPO_2,2026-01-08_steps_5s.parquet,/Users/jackfletcher/Desktop/FYP_Data/Replay_5s_DOGE/January/2026-01-08_steps_5s.parquet,4682,2021,-9.003694232293636e-05,2999999.9999999963,0.14377810188492066,0.1437,38.81492583541779,5.733547350489665e-13,0.9999999999999988,1.0,0.0,0.9003694232293618,DOGE_S2B2_lr0.0003_clip0.2_ent0.005_ep4_bs16_cl32_gamma0.999_lam0.95_seed1_H4320_Q3e+06_pov0.1_fee0,checkpoints/DOGE/DOGE_S2B2_lr0.0003_clip0.2_ent0.005_ep4_bs16_cl32_gamma0.999_lam0.95_seed1_H4320_Q3e+06_pov0.1_fee0/best.weights.h5,88
DOGE,doge_q3e+06,3000000.0,4320,3500.0,0.1,buy,DOGE_PPO_2,2026-01-10_steps_5s.parquet,/Users/jackfletcher/Desktop/FYP_Data/Replay_5s_DOGE/January/2026-01-10_steps_5s.parquet,3441,1273,-7.198374465464748e-05,2999999.999999999,0.1401532758175192,0.140005,30.234252511121518,5.304533155389667e-13,0.9999999999999997,1.0,0.0,0.7198374465464691,DOGE_S2B2_lr0.0003_clip0.2_ent0.005_ep4_bs16_cl32_gamma0.999_lam0.95_seed1_H4320_Q3e+06_pov0.1_fee0,checkpoints/DOGE/DOGE_S2B2_lr0.0003_clip0.2_ent0.005_ep4_bs16_cl32_gamma0.999_lam0.95_seed1_H4320_Q3e+06_pov0.1_fee0/best.weights.h5,89
DOGE,doge_q3e+06,3000000.0,4320,3500.0,0.1,buy,DOGE_PPO_2,2026-01-08_steps_5s.parquet,/Users/jackfletcher/Desktop/FYP_Data/Replay_5s_DOGE/January/2026-01-08_steps_5s.parquet,4426,2005,-9.067511884631244e-05,2999999.999999993,0.14382103370474442,0.144515,39.31174440022428,8.870964438595387e-13,0.9999999999999977,1.0,0.0,0.9067511884631186,DOGE_S2B2_lr0.0003_clip0.2_ent0.005_ep4_bs16_cl32_gamma0.999_lam0.95_seed1_H4320_Q3e+06_pov0.1_fee0,checkpoints/DOGE/DOGE_S2B2_lr0.0003_clip0.2_ent0.005_ep4_bs16_cl32_gamma0.999_lam0.95_seed1_H4320_Q3e+06_pov0.1_fee0/best.weights.h5,90
DOGE,doge_q3e+06,3000000.0,4320,3500.0,0.1,buy,DOGE_PPO_2,2026-01-27_steps_5s.parquet,/Users/jackfletcher/Desktop/FYP_Data/Replay_5s_DOGE/January/2026-01-27_steps_5s.parquet,12937,1744,-0.00010753397812003436,2999999.999999997,0.12364823077428566,0.122135,39.40098725307111,6.17144762634714e-13,0.9999999999999991,1.0,0.0,1.0753397812003413,DOGE_S2B2_lr0.0003_clip0.2_ent0.005_ep4_bs16_cl32_gamma0.999_lam0.95_seed1_H4320_Q3e+06_pov0.1_fee0,checkpoints/DOGE/DOGE_S2B2_lr0.0003_clip0.2_ent0.005_ep4_bs16_cl32_gamma0.999_lam0.95_seed1_H4320_Q3e+06_pov0.1_fee0/best.weights.h5,91
DOGE,doge_q3e+06,3000000.0,4320,3500.0,0.1,buy,DOGE_PPO_2,2026-01-09_steps_5s.parquet,/Users/jackfletcher/Desktop/FYP_Data/Replay_5s_DOGE/January/2026-01-09_steps_5s.parquet,4684,1584,-6.187122214360624e-05,2999999.999999994,0.1424510652664236,0.1426,26.468508833034562,7.682863774028545e-13,0.999999999999998,1.0,0.0,0.6187122214360581,DOGE_S2B2_lr0.0003_clip0.2_ent0.005_ep4_bs16_cl32_gamma0.999_lam0.95_seed1_H4320_Q3e+06_pov0.1_fee0,checkpoints/DOGE/DOGE_S2B2_lr0.0003_clip0.2_ent0.005_ep4_bs16_cl32_gamma0.999_lam0.95_seed1_H4320_Q3e+06_pov0.1_fee0/best.weights.h5,92
DOGE,doge_q3e+06,3000000.0,4320,3500.0,0.1,buy,DOGE_PPO_2,2026-01-23_steps_5s.parquet,/Users/jackfletcher/Desktop/FYP_Data/Replay_5s_DOGE/January/2026-01-23_steps_5s.parquet,5145,1407,-6.711773140152733e-05,2999999.9999999986,0.12502263005803782,0.12508,25.18525753110902,7.590589864267198e-13,0.9999999999999996,1.0,0.0,0.6711773140152707,DOGE_S2B2_lr0.0003_clip0.2_ent0.005_ep4_bs16_cl32_gamma0.999_lam0.95_seed1_H4320_Q3e+06_pov0.1_fee0,checkpoints/DOGE/DOGE_S2B2_lr0.0003_clip0.2_ent0.005_ep4_bs16_cl32_gamma0.999_lam0.95_seed1_H4320_Q3e+06_pov0.1_fee0/best.weights.h5,93
DOGE,doge_q3e+06,3000000.0,4320,3500.0,0.1,buy,DOGE_PPO_2,2026-01-31_steps_5s.parquet,/Users/jackfletcher/Desktop/FYP_Data/Replay_5s_DOGE/January/2026-01-31_steps_5s.parquet,8922,1583,-0.00014554290019030546,2999999.9999999977,0.1108208178717552,0.111625,48.738678701228565,8.363281121333763e-13,0.9999999999999992,1.0,0.0,1.4554290019030554,DOGE_S2B2_lr0.0003_clip0.2_ent0.005_ep4_bs16_cl32_gamma0.999_lam0.95_seed1_H4320_Q3e+06_pov0.1_fee0,checkpoints/DOGE/DOGE_S2B2_lr0.0003_clip0.2_ent0.005_ep4_bs16_cl32_gamma0.999_lam0.95_seed1_H4320_Q3e+06_pov0.1_fee0/best.weights.h5,94
DOGE,doge_q3e+06,3000000.0,4320,3500.0,0.1,buy,DOGE_PPO_2,2026-01-29_steps_5s.parquet,/Users/jackfletcher/Desktop/FYP_Data/Replay_5s_DOGE/January/2026-01-29_steps_5s.parquet,9325,1399,-7.061599072467633e-05,3000000.0,0.1208598679849782,0.12076500000000001,25.583820359596654,6.881716042635373e-13,1.0,1.0,0.0,0.7061599072467644,DOGE_S2B2_lr0.0003_clip0.2_ent0.005_ep4_bs16_cl32_gamma0.999_lam0.95_seed1_H4320_Q3e+06_pov0.1_fee0,checkpoints/DOGE/DOGE_S2B2_lr0.0003_clip0.2_ent0.005_ep4_bs16_cl32_gamma0.999_lam0.95_seed1_H4320_Q3e+06_pov0.1_fee0/best.weights.h5,95
DOGE,doge_q3e+06,3000000.0,4320,3500.0,0.1,buy,DOGE_PPO_2,2026-01-17_steps_5s.parquet,/Users/jackfletcher/Desktop/FYP_Data/Replay_5s_DOGE/January/2026-01-17_steps_5s.parquet,12109,1284,-9.479052722097027e-05,3000000.000000001,0.13877070482252388,0.138565,39.40394821312101,5.369562831082688e-13,1.0000000000000002,1.0,0.0,0.9479052722096972,DOGE_S2B2_lr0.0003_clip0.2_ent0.005_ep4_bs16_cl32_gamma0.999_lam0.95_seed1_H4320_Q3e+06_pov0.1_fee0,checkpoints/DOGE/DOGE_S2B2_lr0.0003_clip0.2_ent0.005_ep4_bs16_cl32_gamma0.999_lam0.95_seed1_H4320_Q3e+06_pov0.1_fee0/best.weights.h5,96
DOGE,doge_q3e+06,3000000.0,4320,3500.0,0.1,buy,DOGE_PPO_2,2026-01-18_steps_5s.parquet,/Users/jackfletcher/Desktop/FYP_Data/Replay_5s_DOGE/January/2026-01-18_steps_5s.parquet,3490,1182,-6.429425949566011e-05,2999999.999999998,0.13730978617222886,0.137455,26.51270231692772,9.605090591716419e-13,0.9999999999999993,1.0,0.0,0.6429425949565971,DOGE_S2B2_lr0.0003_clip0.2_ent0.005_ep4_bs16_cl32_gamma0.999_lam0.95_seed1_H4320_Q3e+06_pov0.1_fee0,checkpoints/DOGE/DOGE_S2B2_lr0.0003_clip0.2_ent0.005_ep4_bs16_cl32_gamma0.999_lam0.95_seed1_H4320_Q3e+06_pov0.1_fee0/best.weights.h5,97
DOGE,doge_q3e+06,3000000.0,4320,3500.0,0.1,buy,DOGE_PPO_2,2026-01-13_steps_5s.parquet,/Users/jackfletcher/Desktop/FYP_Data/Replay_5s_DOGE/January/2026-01-13_steps_5s.parquet,7006,1569,-4.930745400674438e-05,3000000.0000000033,0.139418133274032,0.139495,20.63442989001218,8.843792967150384e-13,1.000000000000001,1.0,0.0,0.493074540067438,DOGE_S2B2_lr0.0003_clip0.2_ent0.005_ep4_bs16_cl32_gamma0.999_lam0.95_seed1_H4320_Q3e+06_pov0.1_fee0,checkpoints/DOGE/DOGE_S2B2_lr0.0003_clip0.2_ent0.005_ep4_bs16_cl32_gamma0.999_lam0.95_seed1_H4320_Q3e+06_pov0.1_fee0/best.weights.h5,98
DOGE,doge_q3e+06,3000000.0,4320,3500.0,0.1,buy,DOGE_PPO_2,2026-01-31_steps_5s.parquet,/Users/jackfletcher/Desktop/FYP_Data/Replay_5s_DOGE/January/2026-01-31_steps_5s.parquet,12569,1356,-0.00018074990035023562,3000000.0000000037,0.10160559058303965,0.102125,55.37725071980338,7.899436221896093e-13,1.0000000000000013,1.0,0.0,1.8074990035023542,DOGE_S2B2_lr0.0003_clip0.2_ent0.005_ep4_bs16_cl32_gamma0.999_lam0.95_seed1_H4320_Q3e+06_pov0.1_fee0,checkpoints/DOGE/DOGE_S2B2_lr0.0003_clip0.2_ent0.005_ep4_bs16_cl32_gamma0.999_lam0.95_seed1_H4320_Q3e+06_pov0.1_fee0/best.weights.h5,99
DOGE,doge_q3e+06,3000000.0,4320,3500.0,0.1,buy,DOGE_PPO_3,2026-01-08_steps_5s.parquet,/Users/jackfletcher/Desktop/FYP_Data/Replay_5s_DOGE/January/2026-01-08_steps_5s.parquet,5985,2010,-7.612163206444841e-05,2999999.9999999925,0.1430895378142348,0.144555,33.01128756922873,9.001465881815617e-13,0.9999999999999976,1.0,0.0,0.7612163206444775,DOGE_S2B1_lr0.0003_clip0.2_ent0.01_ep4_bs16_cl32_gamma0.99_lam0.9_seed1_H4320_Q3e+06_pov0.1_fee0,checkpoints/DOGE/DOGE_S2B1_lr0.0003_clip0.2_ent0.01_ep4_bs16_cl32_gamma0.99_lam0.9_seed1_H4320_Q3e+06_pov0.1_fee0/best.weights.h5,0
DOGE,doge_q3e+06,3000000.0,4320,3500.0,0.1,buy,DOGE_PPO_3,2026-01-26_steps_5s.parquet,/Users/jackfletcher/Desktop/FYP_Data/Replay_5s_DOGE/January/2026-01-26_steps_5s.parquet,875,1600,-8.466427388402809e-05,2999999.9999999944,0.1221206900764935,0.12225,31.05062244696716,8.942214088051071e-13,0.9999999999999981,1.0,0.0,0.8466427388402771,DOGE_S2B1_lr0.0003_clip0.2_ent0.01_ep4_bs16_cl32_gamma0.99_lam0.9_seed1_H4320_Q3e+06_pov0.1_fee0,checkpoints/DOGE/DOGE_S2B1_lr0.0003_clip0.2_ent0.01_ep4_bs16_cl32_gamma0.99_lam0.9_seed1_H4320_Q3e+06_pov0.1_fee0/best.weights.h5,1
DOGE,doge_q3e+06,3000000.0,4320,3500.0,0.1,buy,DOGE_PPO_3,2026-01-22_steps_5s.parquet,/Users/jackfletcher/Desktop/FYP_Data/Replay_5s_DOGE/January/2026-01-22_steps_5s.parquet,7987,1334,-6.962005597848709e-05,3000000.000000001,0.12593105001910593,0.12654500000000002,26.430209951392772,9.667564438335529e-13,1.0000000000000002,1.0,0.0,0.6962005597848662,DOGE_S2B1_lr0.0003_clip0.2_ent0.01_ep4_bs16_cl32_gamma0.99_lam0.9_seed1_H4320_Q3e+06_pov0.1_fee0,checkpoints/DOGE/DOGE_S2B1_lr0.0003_clip0.2_ent0.01_ep4_bs16_cl32_gamma0.99_lam0.9_seed1_H4320_Q3e+06_pov0.1_fee0/best.weights.h5,2
DOGE,doge_q3e+06,3000000.0,4320,3500.0,0.1,buy,DOGE_PPO_3,2026-01-30_steps_5s.parquet,/Users/jackfletcher/Desktop/FYP_Data/Replay_5s_DOGE/January/2026-01-30_steps_5s.parquet,9226,1568,-0.00010959938462695884,2999999.9999999963,0.1149498695134981,0.11499999999999999,37.811787696300804,8.275657316465165e-13,0.9999999999999988,1.0,0.0,1.0959938462695884,DOGE_S2B1_lr0.0003_clip0.2_ent0.01_ep4_bs16_cl32_gamma0.99_lam0.9_seed1_H4320_Q3e+06_pov0.1_fee0,checkpoints/DOGE/DOGE_S2B1_lr0.0003_clip0.2_ent0.01_ep4_bs16_cl32_gamma0.99_lam0.9_seed1_H4320_Q3e+06_pov0.1_fee0/best.weights.h5,3
DOGE,doge_q3e+06,3000000.0,4320,3500.0,0.1,buy,DOGE_PPO_3,2026-01-22_steps_5s.parquet,/Users/jackfletcher/Desktop/FYP_Data/Replay_5s_DOGE/January/2026-01-22_steps_5s.parquet,3246,1293,-7.599719588596538e-05,2999999.999999999,0.12712072243768152,0.127135,28.985710496886533,6.458319494562857e-13,0.9999999999999997,1.0,0.0,0.7599719588596514,DOGE_S2B1_lr0.0003_clip0.2_ent0.01_ep4_bs16_cl32_gamma0.99_lam0.9_seed1_H4320_Q3e+06_pov0.1_fee0,checkpoints/DOGE/DOGE_S2B1_lr0.0003_clip0.2_ent0.01_ep4_bs16_cl32_gamma0.99_lam0.9_seed1_H4320_Q3e+06_pov0.1_fee0/best.weights.h5,4
DOGE,doge_q3e+06,3000000.0,4320,3500.0,0.1,buy,DOGE_PPO_3,2026-01-10_steps_5s.parquet,/Users/jackfletcher/Desktop/FYP_Data/Replay_5s_DOGE/January/2026-01-10_steps_5s.parquet,10333,1247,-6.469908789291658e-05,3000000.0000000023,0.13999093496197482,0.140035,27.18041031925354,6.959492617108242e-13,1.0000000000000007,1.0,0.0,0.6469908789291615,DOGE_S2B1_lr0.0003_clip0.2_ent0.01_ep4_bs16_cl32_gamma0.99_lam0.9_seed1_H4320_Q3e+06_pov0.1_fee0,checkpoints/DOGE/DOGE_S2B1_lr0.0003_clip0.2_ent0.01_ep4_bs16_cl32_gamma0.99_lam0.9_seed1_H4320_Q3e+06_pov0.1_fee0/best.weights.h5,5
DOGE,doge_q3e+06,3000000.0,4320,3500.0,0.1,buy,DOGE_PPO_3,2026-01-18_steps_5s.parquet,/Users/jackfletcher/Desktop/FYP_Data/Replay_5s_DOGE/January/2026-01-18_steps_5s.parquet,1842,1296,-7.69035286123193e-05,3000000.000000004,0.137263567743259,0.13694,31.59350762451293,7.829615490593434e-13,1.0000000000000013,1.0,0.0,0.7690352861231909,DOGE_S2B1_lr0.0003_clip0.2_ent0.01_ep4_bs16_cl32_gamma0.99_lam0.9_seed1_H4320_Q3e+06_pov0.1_fee0,checkpoints/DOGE/DOGE_S2B1_lr0.0003_clip0.2_ent0.01_ep4_bs16_cl32_gamma0.99_lam0.9_seed1_H4320_Q3e+06_pov0.1_fee0/best.weights.h5,6
DOGE,doge_q3e+06,3000000.0,4320,3500.0,0.1,buy,DOGE_PPO_3,2026-01-09_steps_5s.parquet,/Users/jackfletcher/Desktop/FYP_Data/Replay_5s_DOGE/January/2026-01-09_steps_5s.parquet,5162,1834,-6.673879852587414e-05,3000000.0000000014,0.14153414343336995,0.142955,28.621934829798995,7.584002349647971e-13,1.0000000000000004,1.0,0.0,0.6673879852587409,DOGE_S2B1_lr0.0003_clip0.2_ent0.01_ep4_bs16_cl32_gamma0.99_lam0.9_seed1_H4320_Q3e+06_pov0.1_fee0,checkpoints/DOGE/DOGE_S2B1_lr0.0003_clip0.2_ent0.01_ep4_bs16_cl32_gamma0.99_lam0.9_seed1_H4320_Q3e+06_pov0.1_fee0/best.weights.h5,7
DOGE,doge_q3e+06,3000000.0,4320,3500.0,0.1,buy,DOGE_PPO_3,2026-01-08_steps_5s.parquet,/Users/jackfletcher/Desktop/FYP_Data/Replay_5s_DOGE/January/2026-01-08_steps_5s.parquet,5638,2075,-7.93577107511661e-05,2999999.9999999953,0.14332948848407973,0.14373999999999998,34.22063203011766,6.677943927991731e-13,0.9999999999999984,1.0,0.0,0.7935771075116569,DOGE_S2B1_lr0.0003_clip0.2_ent0.01_ep4_bs16_cl32_gamma0.99_lam0.9_seed1_H4320_Q3e+06_pov0.1_fee0,checkpoints/DOGE/DOGE_S2B1_lr0.0003_clip0.2_ent0.01_ep4_bs16_cl32_gamma0.99_lam0.9_seed1_H4320_Q3e+06_pov0.1_fee0/best.weights.h5,8
DOGE,doge_q3e+06,3000000.0,4320,3500.0,0.1,buy,DOGE_PPO_3,2026-01-29_steps_5s.parquet,/Users/jackfletcher/Desktop/FYP_Data/Replay_5s_DOGE/January/2026-01-29_steps_5s.parquet,3239,1273,-7.632565283422097e-05,2999999.999999998,0.12197124000996712,0.121815,27.89282820000179,6.342584443493457e-13,0.9999999999999993,1.0,0.0,0.7632565283422073,DOGE_S2B1_lr0.0003_clip0.2_ent0.01_ep4_bs16_cl32_gamma0.99_lam0.9_seed1_H4320_Q3e+06_pov0.1_fee0,checkpoints/DOGE/DOGE_S2B1_lr0.0003_clip0.2_ent0.01_ep4_bs16_cl32_gamma0.99_lam0.9_seed1_H4320_Q3e+06_pov0.1_fee0/best.weights.h5,9
DOGE,doge_q3e+06,3000000.0,4320,3500.0,0.1,buy,DOGE_PPO_3,2026-01-08_steps_5s.parquet,/Users/jackfletcher/Desktop/FYP_Data/Replay_5s_DOGE/January/2026-01-08_steps_5s.parquet,11151,2416,-0.00010135288572001322,2999999.9999999977,0.14210036472240667,0.14130500000000001,42.96500854999942,6.086231725046408e-13,0.9999999999999992,1.0,0.0,1.0135288572001324,DOGE_S2B1_lr0.0003_clip0.2_ent0.01_ep4_bs16_cl32_gamma0.99_lam0.9_seed1_H4320_Q3e+06_pov0.1_fee0,checkpoints/DOGE/DOGE_S2B1_lr0.0003_clip0.2_ent0.01_ep4_bs16_cl32_gamma0.99_lam0.9_seed1_H4320_Q3e+06_pov0.1_fee0/best.weights.h5,10
DOGE,doge_q3e+06,3000000.0,4320,3500.0,0.1,buy,DOGE_PPO_3,2026-01-15_steps_5s.parquet,/Users/jackfletcher/Desktop/FYP_Data/Replay_5s_DOGE/January/2026-01-15_steps_5s.parquet,9298,1835,-9.277890420834665e-05,2999999.9999999986,0.1440023042805294,0.14425500000000002,40.1514624797249,7.257076074462165e-13,0.9999999999999996,1.0,0.0,0.9277890420834608,DOGE_S2B1_lr0.0003_clip0.2_ent0.01_ep4_bs16_cl32_gamma0.99_lam0.9_seed1_H4320_Q3e+06_pov0.1_fee0,checkpoints/DOGE/DOGE_S2B1_lr0.0003_clip0.2_ent0.01_ep4_bs16_cl32_gamma0.99_lam0.9_seed1_H4320_Q3e+06_pov0.1_fee0/best.weights.h5,11
DOGE,doge_q3e+06,3000000.0,4320,3500.0,0.1,buy,DOGE_PPO_3,2026-01-17_steps_5s.parquet,/Users/jackfletcher/Desktop/FYP_Data/Replay_5s_DOGE/January/2026-01-17_steps_5s.parquet,11400,1497,-8.301927615190772e-05,2999999.9999999986,0.1389045224541744,0.138825,34.575453035365804,9.261969655275187e-13,0.9999999999999996,1.0,0.0,0.8301927615190781,DOGE_S2B1_lr0.0003_clip0.2_ent0.01_ep4_bs16_cl32_gamma0.99_lam0.9_seed1_H4320_Q3e+06_pov0.1_fee0,checkpoints/DOGE/DOGE_S2B1_lr0.0003_clip0.2_ent0.01_ep4_bs16_cl32_gamma0.99_lam0.9_seed1_H4320_Q3e+06_pov0.1_fee0/best.weights.h5,12
DOGE,doge_q3e+06,3000000.0,4320,3500.0,0.1,buy,DOGE_PPO_3,2026-01-11_steps_5s.parquet,/Users/jackfletcher/Desktop/FYP_Data/Replay_5s_DOGE/January/2026-01-11_steps_5s.parquet,12651,1351,-6.011271415463557e-05,2999999.999999998,0.138352887558767,0.138495,24.975931040538775,6.246941718381973e-13,0.9999999999999993,1.0,0.0,0.601127141546356,DOGE_S2B1_lr0.0003_clip0.2_ent0.01_ep4_bs16_cl32_gamma0.99_lam0.9_seed1_H4320_Q3e+06_pov0.1_fee0,checkpoints/DOGE/DOGE_S2B1_lr0.0003_clip0.2_ent0.01_ep4_bs16_cl32_gamma0.99_lam0.9_seed1_H4320_Q3e+06_pov0.1_fee0/best.weights.h5,13
DOGE,doge_q3e+06,3000000.0,4320,3500.0,0.1,buy,DOGE_PPO_3,2026-01-12_steps_5s.parquet,/Users/jackfletcher/Desktop/FYP_Data/Replay_5s_DOGE/January/2026-01-12_steps_5s.parquet,9801,2115,-8.984443859946984e-05,3000000.0000000023,0.13710518146838466,0.13635,36.75086760911306,7.732824860334291e-13,1.0000000000000007,1.0,0.0,0.8984443859946964,DOGE_S2B1_lr0.0003_clip0.2_ent0.01_ep4_bs16_cl32_gamma0.99_lam0.9_seed1_H4320_Q3e+06_pov0.1_fee0,checkpoints/DOGE/DOGE_S2B1_lr0.0003_clip0.2_ent0.01_ep4_bs16_cl32_gamma0.99_lam0.9_seed1_H4320_Q3e+06_pov0.1_fee0/best.weights.h5,14
DOGE,doge_q3e+06,3000000.0,4320,3500.0,0.1,buy,DOGE_PPO_3,2026-01-28_steps_5s.parquet,/Users/jackfletcher/Desktop/FYP_Data/Replay_5s_DOGE/January/2026-01-28_steps_5s.parquet,11460,1520,-0.0001150819794695717,2999999.999999999,0.12462434508962142,0.12471499999999999,43.05734720864283,9.630852202676163e-13,0.9999999999999997,1.0,0.0,1.150819794695715,DOGE_S2B1_lr0.0003_clip0.2_ent0.01_ep4_bs16_cl32_gamma0.99_lam0.9_seed1_H4320_Q3e+06_pov0.1_fee0,checkpoints/DOGE/DOGE_S2B1_lr0.0003_clip0.2_ent0.01_ep4_bs16_cl32_gamma0.99_lam0.9_seed1_H4320_Q3e+06_pov0.1_fee0/best.weights.h5,15
DOGE,doge_q3e+06,3000000.0,4320,3500.0,0.1,buy,DOGE_PPO_3,2026-01-26_steps_5s.parquet,/Users/jackfletcher/Desktop/FYP_Data/Replay_5s_DOGE/January/2026-01-26_steps_5s.parquet,9696,1633,-7.691991208255747e-05,2999999.999999999,0.12216562980129933,0.12187500000000001,28.12384285518504,7.747679784130371e-13,0.9999999999999997,1.0,0.0,0.7691991208255735,DOGE_S2B1_lr0.0003_clip0.2_ent0.01_ep4_bs16_cl32_gamma0.99_lam0.9_seed1_H4320_Q3e+06_pov0.1_fee0,checkpoints/DOGE/DOGE_S2B1_lr0.0003_clip0.2_ent0.01_ep4_bs16_cl32_gamma0.99_lam0.9_seed1_H4320_Q3e+06_pov0.1_fee0/best.weights.h5,16
DOGE,doge_q3e+06,3000000.0,4320,3500.0,0.1,buy,DOGE_PPO_3,2026-01-22_steps_5s.parquet,/Users/jackfletcher/Desktop/FYP_Data/Replay_5s_DOGE/January/2026-01-22_steps_5s.parquet,2595,1252,-8.12946632714757e-05,2999999.9999999995,0.12711703032904592,0.12648500000000001,30.84766645167761,8.592435262314405e-13,0.9999999999999999,1.0,0.0,0.8129466327147515,DOGE_S2B1_lr0.0003_clip0.2_ent0.01_ep4_bs16_cl32_gamma0.99_lam0.9_seed1_H4320_Q3e+06_pov0.1_fee0,checkpoints/DOGE/DOGE_S2B1_lr0.0003_clip0.2_ent0.01_ep4_bs16_cl32_gamma0.99_lam0.9_seed1_H4320_Q3e+06_pov0.1_fee0/best.weights.h5,17
DOGE,doge_q3e+06,3000000.0,4320,3500.0,0.1,buy,DOGE_PPO_3,2026-01-14_steps_5s.parquet,/Users/jackfletcher/Desktop/FYP_Data/Replay_5s_DOGE/January/2026-01-14_steps_5s.parquet,3464,1726,-9.04504614181558e-05,2999999.9999999865,0.14783355948233018,0.14874500000000002,40.36216165093078,6.527066110496399e-13,0.9999999999999954,1.0,0.0,0.9045046141815585,DOGE_S2B1_lr0.0003_clip0.2_ent0.01_ep4_bs16_cl32_gamma0.99_lam0.9_seed1_H4320_Q3e+06_pov0.1_fee0,checkpoints/DOGE/DOGE_S2B1_lr0.0003_clip0.2_ent0.01_ep4_bs16_cl32_gamma0.99_lam0.9_seed1_H4320_Q3e+06_pov0.1_fee0/best.weights.h5,18
DOGE,doge_q3e+06,3000000.0,4320,3500.0,0.1,buy,DOGE_PPO_3,2026-01-22_steps_5s.parquet,/Users/jackfletcher/Desktop/FYP_Data/Replay_5s_DOGE/January/2026-01-22_steps_5s.parquet,969,1273,-0.00012332429034270462,3000000.0000000005,0.1275381463457149,0.12756,47.19373942834604,5.96135172088917e-13,1.0000000000000002,1.0,0.0,1.2332429034270418,DOGE_S2B1_lr0.0003_clip0.2_ent0.01_ep4_bs16_cl32_gamma0.99_lam0.9_seed1_H4320_Q3e+06_pov0.1_fee0,checkpoints/DOGE/DOGE_S2B1_lr0.0003_clip0.2_ent0.01_ep4_bs16_cl32_gamma0.99_lam0.9_seed1_H4320_Q3e+06_pov0.1_fee0/best.weights.h5,19
DOGE,doge_q3e+06,3000000.0,4320,3500.0,0.1,buy,DOGE_PPO_3,2026-01-28_steps_5s.parquet,/Users/jackfletcher/Desktop/FYP_Data/Replay_5s_DOGE/January/2026-01-28_steps_5s.parquet,3599,1351,-7.69469734891994e-05,3000000.0000000023,0.12501463102457921,0.12442500000000001,28.722381529180673,6.538033891947441e-13,1.0000000000000007,1.0,0.0,0.7694697348919877,DOGE_S2B1_lr0.0003_clip0.2_ent0.01_ep4_bs16_cl32_gamma0.99_lam0.9_seed1_H4320_Q3e+06_pov0.1_fee0,checkpoints/DOGE/DOGE_S2B1_lr0.0003_clip0.2_ent0.01_ep4_bs16_cl32_gamma0.99_lam0.9_seed1_H4320_Q3e+06_pov0.1_fee0/best.weights.h5,20
DOGE,doge_q3e+06,3000000.0,4320,3500.0,0.1,buy,DOGE_PPO_3,2026-01-21_steps_5s.parquet,/Users/jackfletcher/Desktop/FYP_Data/Replay_5s_DOGE/January/2026-01-21_steps_5s.parquet,108,1376,-7.827025147264323e-05,2999999.999999999,0.12471491245773596,0.123495,28.997954116842333,8.781097131296677e-13,0.9999999999999997,1.0,0.0,0.7827025147264352,DOGE_S2B1_lr0.0003_clip0.2_ent0.01_ep4_bs16_cl32_gamma0.99_lam0.9_seed1_H4320_Q3e+06_pov0.1_fee0,checkpoints/DOGE/DOGE_S2B1_lr0.0003_clip0.2_ent0.01_ep4_bs16_cl32_gamma0.99_lam0.9_seed1_H4320_Q3e+06_pov0.1_fee0/best.weights.h5,21
DOGE,doge_q3e+06,3000000.0,4320,3500.0,0.1,buy,DOGE_PPO_3,2026-01-19_steps_5s.parquet,/Users/jackfletcher/Desktop/FYP_Data/Replay_5s_DOGE/January/2026-01-19_steps_5s.parquet,2735,1548,-6.070284747815384e-05,2999999.999999995,0.12723417375472124,0.12725,23.173312024785183,8.444629752796833e-13,0.9999999999999983,1.0,0.0,0.6070284747815372,DOGE_S2B1_lr0.0003_clip0.2_ent0.01_ep4_bs16_cl32_gamma0.99_lam0.9_seed1_H4320_Q3e+06_pov0.1_fee0,checkpoints/DOGE/DOGE_S2B1_lr0.0003_clip0.2_ent0.01_ep4_bs16_cl32_gamma0.99_lam0.9_seed1_H4320_Q3e+06_pov0.1_fee0/best.weights.h5,22
DOGE,doge_q3e+06,3000000.0,4320,3500.0,0.1,buy,DOGE_PPO_3,2026-01-15_steps_5s.parquet,/Users/jackfletcher/Desktop/FYP_Data/Replay_5s_DOGE/January/2026-01-15_steps_5s.parquet,10741,2106,-0.00011247423825336264,2999999.999999995,0.1417661075787812,0.143255,48.337491002956455,7.294934981751113e-13,0.9999999999999983,1.0,0.0,1.1247423825336278,DOGE_S2B1_lr0.0003_clip0.2_ent0.01_ep4_bs16_cl32_gamma0.99_lam0.9_seed1_H4320_Q3e+06_pov0.1_fee0,checkpoints/DOGE/DOGE_S2B1_lr0.0003_clip0.2_ent0.01_ep4_bs16_cl32_gamma0.99_lam0.9_seed1_H4320_Q3e+06_pov0.1_fee0/best.weights.h5,23
DOGE,doge_q3e+06,3000000.0,4320,3500.0,0.1,buy,DOGE_PPO_3,2026-01-11_steps_5s.parquet,/Users/jackfletcher/Desktop/FYP_Data/Replay_5s_DOGE/January/2026-01-11_steps_5s.parquet,7712,1397,-7.764823315151648e-05,2999999.999999999,0.13982632839696763,0.139995,32.61109320013951,6.164291798903097e-13,0.9999999999999997,1.0,0.0,0.7764823315151614,DOGE_S2B1_lr0.0003_clip0.2_ent0.01_ep4_bs16_cl32_gamma0.99_lam0.9_seed1_H4320_Q3e+06_pov0.1_fee0,checkpoints/DOGE/DOGE_S2B1_lr0.0003_clip0.2_ent0.01_ep4_bs16_cl32_gamma0.99_lam0.9_seed1_H4320_Q3e+06_pov0.1_fee0/best.weights.h5,24
DOGE,doge_q3e+06,3000000.0,4320,3500.0,0.1,buy,DOGE_PPO_3,2026-01-17_steps_5s.parquet,/Users/jackfletcher/Desktop/FYP_Data/Replay_5s_DOGE/January/2026-01-17_steps_5s.parquet,7512,1237,-6.541018261559638e-05,3000000.0,0.13764986222112974,0.13766499999999998,27.014078369328008,9.027353982080849e-13,1.0,1.0,0.0,0.6541018261559586,DOGE_S2B1_lr0.0003_clip0.2_ent0.01_ep4_bs16_cl32_gamma0.99_lam0.9_seed1_H4320_Q3e+06_pov0.1_fee0,checkpoints/DOGE/DOGE_S2B1_lr0.0003_clip0.2_ent0.01_ep4_bs16_cl32_gamma0.99_lam0.9_seed1_H4320_Q3e+06_pov0.1_fee0/best.weights.h5,25
DOGE,doge_q3e+06,3000000.0,4320,3500.0,0.1,buy,DOGE_PPO_3,2026-01-15_steps_5s.parquet,/Users/jackfletcher/Desktop/FYP_Data/Replay_5s_DOGE/January/2026-01-15_steps_5s.parquet,6454,1520,-7.066522390215837e-05,3000000.000000002,0.14416284171199736,0.144165,30.562356011563878,9.685185279593204e-13,1.0000000000000007,1.0,0.0,0.7066522390215814,DOGE_S2B1_lr0.0003_clip0.2_ent0.01_ep4_bs16_cl32_gamma0.99_lam0.9_seed1_H4320_Q3e+06_pov0.1_fee0,checkpoints/DOGE/DOGE_S2B1_lr0.0003_clip0.2_ent0.01_ep4_bs16_cl32_gamma0.99_lam0.9_seed1_H4320_Q3e+06_pov0.1_fee0/best.weights.h5,26
DOGE,doge_q3e+06,3000000.0,4320,3500.0,0.1,buy,DOGE_PPO_3,2026-01-23_steps_5s.parquet,/Users/jackfletcher/Desktop/FYP_Data/Replay_5s_DOGE/January/2026-01-23_steps_5s.parquet,12373,1555,-0.0001231942468225092,3000000.0000000005,0.12654142667474802,0.12522,46.27915076134372,6.744348307452682e-13,1.0000000000000002,1.0,0.0,1.2319424682250897,DOGE_S2B1_lr0.0003_clip0.2_ent0.01_ep4_bs16_cl32_gamma0.99_lam0.9_seed1_H4320_Q3e+06_pov0.1_fee0,checkpoints/DOGE/DOGE_S2B1_lr0.0003_clip0.2_ent0.01_ep4_bs16_cl32_gamma0.99_lam0.9_seed1_H4320_Q3e+06_pov0.1_fee0/best.weights.h5,27
DOGE,doge_q3e+06,3000000.0,4320,3500.0,0.1,buy,DOGE_PPO_3,2026-01-08_steps_5s.parquet,/Users/jackfletcher/Desktop/FYP_Data/Replay_5s_DOGE/January/2026-01-08_steps_5s.parquet,783,1803,-7.824738488648673e-05,2999999.999999999,0.14674329505408354,0.14691500000000002,34.48714365179448,6.956117817782264e-13,0.9999999999999997,1.0,0.0,0.7824738488648647,DOGE_S2B1_lr0.0003_clip0.2_ent0.01_ep4_bs16_cl32_gamma0.99_lam0.9_seed1_H4320_Q3e+06_pov0.1_fee0,checkpoints/DOGE/DOGE_S2B1_lr0.0003_clip0.2_ent0.01_ep4_bs16_cl32_gamma0.99_lam0.9_seed1_H4320_Q3e+06_pov0.1_fee0/best.weights.h5,28
DOGE,doge_q3e+06,3000000.0,4320,3500.0,0.1,buy,DOGE_PPO_3,2026-01-17_steps_5s.parquet,/Users/jackfletcher/Desktop/FYP_Data/Replay_5s_DOGE/January/2026-01-17_steps_5s.parquet,5145,1290,-6.103882575728478e-05,3000000.0,0.13738610997223863,0.136965,25.080548309539132,8.113886815390904e-13,1.0,1.0,0.0,0.6103882575728381,DOGE_S2B1_lr0.0003_clip0.2_ent0.01_ep4_bs16_cl32_gamma0.99_lam0.9_seed1_H4320_Q3e+06_pov0.1_fee0,checkpoints/DOGE/DOGE_S2B1_lr0.0003_clip0.2_ent0.01_ep4_bs16_cl32_gamma0.99_lam0.9_seed1_H4320_Q3e+06_pov0.1_fee0/best.weights.h5,29
DOGE,doge_q3e+06,3000000.0,4320,3500.0,0.1,buy,DOGE_PPO_3,2026-01-27_steps_5s.parquet,/Users/jackfletcher/Desktop/FYP_Data/Replay_5s_DOGE/January/2026-01-27_steps_5s.parquet,6460,1263,-7.523692337055723e-05,3000000.000000003,0.12204249708656943,0.122255,27.594270200002324,9.731150725134452e-13,1.0000000000000009,1.0,0.0,0.7523692337055695,DOGE_S2B1_lr0.0003_clip0.2_ent0.01_ep4_bs16_cl32_gamma0.99_lam0.9_seed1_H4320_Q3e+06_pov0.1_fee0,checkpoints/DOGE/DOGE_S2B1_lr0.0003_clip0.2_ent0.01_ep4_bs16_cl32_gamma0.99_lam0.9_seed1_H4320_Q3e+06_pov0.1_fee0/best.weights.h5,30
DOGE,doge_q3e+06,3000000.0,4320,3500.0,0.1,buy,DOGE_PPO_3,2026-01-31_steps_5s.parquet,/Users/jackfletcher/Desktop/FYP_Data/Replay_5s_DOGE/January/2026-01-31_steps_5s.parquet,11947,1404,-0.00017692282329810584,3000000.0,0.10310945738079288,0.10676,56.66484184591737,8.710263709052265e-13,1.0,1.0,0.0,1.7692282329810596,DOGE_S2B1_lr0.0003_clip0.2_ent0.01_ep4_bs16_cl32_gamma0.99_lam0.9_seed1_H4320_Q3e+06_pov0.1_fee0,checkpoints/DOGE/DOGE_S2B1_lr0.0003_clip0.2_ent0.01_ep4_bs16_cl32_gamma0.99_lam0.9_seed1_H4320_Q3e+06_pov0.1_fee0/best.weights.h5,31
DOGE,doge_q3e+06,3000000.0,4320,3500.0,0.1,buy,DOGE_PPO_3,2026-01-31_steps_5s.parquet,/Users/jackfletcher/Desktop/FYP_Data/Replay_5s_DOGE/January/2026-01-31_steps_5s.parquet,3371,1235,-9.180211483976297e-05,2999999.9999999986,0.11469086493945652,0.115035,31.681368841776298,7.664726318440782e-13,0.9999999999999996,1.0,0.0,0.9180211483976267,DOGE_S2B1_lr0.0003_clip0.2_ent0.01_ep4_bs16_cl32_gamma0.99_lam0.9_seed1_H4320_Q3e+06_pov0.1_fee0,checkpoints/DOGE/DOGE_S2B1_lr0.0003_clip0.2_ent0.01_ep4_bs16_cl32_gamma0.99_lam0.9_seed1_H4320_Q3e+06_pov0.1_fee0/best.weights.h5,32
DOGE,doge_q3e+06,3000000.0,4320,3500.0,0.1,buy,DOGE_PPO_3,2026-01-31_steps_5s.parquet,/Users/jackfletcher/Desktop/FYP_Data/Replay_5s_DOGE/January/2026-01-31_steps_5s.parquet,2544,1247,-7.817359867358462e-05,3000000.000000001,0.11515126767235279,0.115425,27.06956288069553,6.853766230761104e-13,1.0000000000000002,1.0,0.0,0.7817359867358467,DOGE_S2B1_lr0.0003_clip0.2_ent0.01_ep4_bs16_cl32_gamma0.99_lam0.9_seed1_H4320_Q3e+06_pov0.1_fee0,checkpoints/DOGE/DOGE_S2B1_lr0.0003_clip0.2_ent0.01_ep4_bs16_cl32_gamma0.99_lam0.9_seed1_H4320_Q3e+06_pov0.1_fee0/best.weights.h5,33
DOGE,doge_q3e+06,3000000.0,4320,3500.0,0.1,buy,DOGE_PPO_3,2026-01-22_steps_5s.parquet,/Users/jackfletcher/Desktop/FYP_Data/Replay_5s_DOGE/January/2026-01-22_steps_5s.parquet,12769,1451,-0.000100284811325261,3000000.0000000005,0.12477608735478732,0.124745,37.530086366308964,8.137723839618597e-13,1.0000000000000002,1.0,0.0,1.0028481132526077,DOGE_S2B1_lr0.0003_clip0.2_ent0.01_ep4_bs16_cl32_gamma0.99_lam0.9_seed1_H4320_Q3e+06_pov0.1_fee0,checkpoints/DOGE/DOGE_S2B1_lr0.0003_clip0.2_ent0.01_ep4_bs16_cl32_gamma0.99_lam0.9_seed1_H4320_Q3e+06_pov0.1_fee0/best.weights.h5,34
DOGE,doge_q3e+06,3000000.0,4320,3500.0,0.1,buy,DOGE_PPO_3,2026-01-08_steps_5s.parquet,/Users/jackfletcher/Desktop/FYP_Data/Replay_5s_DOGE/January/2026-01-08_steps_5s.parquet,9423,2142,-9.398929794187757e-05,2999999.9999999977,0.1399643319943126,0.13973000000000002,39.3993738042559,5.304384250939954e-13,0.9999999999999992,1.0,0.0,0.9398929794187814,DOGE_S2B1_lr0.0003_clip0.2_ent0.01_ep4_bs16_cl32_gamma0.99_lam0.9_seed1_H4320_Q3e+06_pov0.1_fee0,checkpoints/DOGE/DOGE_S2B1_lr0.0003_clip0.2_ent0.01_ep4_bs16_cl32_gamma0.99_lam0.9_seed1_H4320_Q3e+06_pov0.1_fee0/best.weights.h5,35
DOGE,doge_q3e+06,3000000.0,4320,3500.0,0.1,buy,DOGE_PPO_3,2026-01-30_steps_5s.parquet,/Users/jackfletcher/Desktop/FYP_Data/Replay_5s_DOGE/January/2026-01-30_steps_5s.parquet,5110,1843,-0.00010062931237231833,2999999.9999999935,0.11415797813165175,0.113145,34.157110645097994,9.056739487283394e-13,0.9999999999999978,1.0,0.0,1.006293123723187,DOGE_S2B1_lr0.0003_clip0.2_ent0.01_ep4_bs16_cl32_gamma0.99_lam0.9_seed1_H4320_Q3e+06_pov0.1_fee0,checkpoints/DOGE/DOGE_S2B1_lr0.0003_clip0.2_ent0.01_ep4_bs16_cl32_gamma0.99_lam0.9_seed1_H4320_Q3e+06_pov0.1_fee0/best.weights.h5,36
DOGE,doge_q3e+06,3000000.0,4320,3500.0,0.1,buy,DOGE_PPO_3,2026-01-23_steps_5s.parquet,/Users/jackfletcher/Desktop/FYP_Data/Replay_5s_DOGE/January/2026-01-23_steps_5s.parquet,5241,1403,-6.89451877117718e-05,3000000.0000000033,0.1250026841048352,0.12507000000000001,25.86892388133392,8.864447230131547e-13,1.000000000000001,1.0,0.0,0.6894518771177185,DOGE_S2B1_lr0.0003_clip0.2_ent0.01_ep4_bs16_cl32_gamma0.99_lam0.9_seed1_H4320_Q3e+06_pov0.1_fee0,checkpoints/DOGE/DOGE_S2B1_lr0.0003_clip0.2_ent0.01_ep4_bs16_cl32_gamma0.99_lam0.9_seed1_H4320_Q3e+06_pov0.1_fee0/best.weights.h5,37
DOGE,doge_q3e+06,3000000.0,4320,3500.0,0.1,buy,DOGE_PPO_3,2026-01-13_steps_5s.parquet,/Users/jackfletcher/Desktop/FYP_Data/Replay_5s_DOGE/January/2026-01-13_steps_5s.parquet,1146,1375,-7.855494113335664e-05,3000000.0000000005,0.13688038774208566,0.13664500000000002,32.20241979350238,8.624612726457131e-13,1.0000000000000002,1.0,0.0,0.785549411333562,DOGE_S2B1_lr0.0003_clip0.2_ent0.01_ep4_bs16_cl32_gamma0.99_lam0.9_seed1_H4320_Q3e+06_pov0.1_fee0,checkpoints/DOGE/DOGE_S2B1_lr0.0003_clip0.2_ent0.01_ep4_bs16_cl32_gamma0.99_lam0.9_seed1_H4320_Q3e+06_pov0.1_fee0/best.weights.h5,38
DOGE,doge_q3e+06,3000000.0,4320,3500.0,0.1,buy,DOGE_PPO_3,2026-01-20_steps_5s.parquet,/Users/jackfletcher/Desktop/FYP_Data/Replay_5s_DOGE/January/2026-01-20_steps_5s.parquet,9454,2129,-0.00010968441157793924,2999999.9999999935,0.1252815194902702,0.125125,41.172785996069145,9.551507889458888e-13,0.9999999999999978,1.0,0.0,1.096844115779398,DOGE_S2B1_lr0.0003_clip0.2_ent0.01_ep4_bs16_cl32_gamma0.99_lam0.9_seed1_H4320_Q3e+06_pov0.1_fee0,checkpoints/DOGE/DOGE_S2B1_lr0.0003_clip0.2_ent0.01_ep4_bs16_cl32_gamma0.99_lam0.9_seed1_H4320_Q3e+06_pov0.1_fee0/best.weights.h5,39
DOGE,doge_q3e+06,3000000.0,4320,3500.0,0.1,buy,DOGE_PPO_3,2026-01-08_steps_5s.parquet,/Users/jackfletcher/Desktop/FYP_Data/Replay_5s_DOGE/January/2026-01-08_steps_5s.parquet,12866,1987,-9.75808008333673e-05,2999999.999999995,0.14223959722514318,0.143025,41.869482117577,8.22556653886875e-13,0.9999999999999983,1.0,0.0,0.9758080083336712,DOGE_S2B1_lr0.0003_clip0.2_ent0.01_ep4_bs16_cl32_gamma0.99_lam0.9_seed1_H4320_Q3e+06_pov0.1_fee0,checkpoints/DOGE/DOGE_S2B1_lr0.0003_clip0.2_ent0.01_ep4_bs16_cl32_gamma0.99_lam0.9_seed1_H4320_Q3e+06_pov0.1_fee0/best.weights.h5,40
DOGE,doge_q3e+06,3000000.0,4320,3500.0,0.1,buy,DOGE_PPO_3,2026-01-16_steps_5s.parquet,/Users/jackfletcher/Desktop/FYP_Data/Replay_5s_DOGE/January/2026-01-16_steps_5s.parquet,3323,1398,-9.628659377095175e-05,2999999.9999999986,0.13960092543051697,0.13914500000000002,40.19339427077737,9.670255995861343e-13,0.9999999999999996,1.0,0.0,0.9628659377095204,DOGE_S2B1_lr0.0003_clip0.2_ent0.01_ep4_bs16_cl32_gamma0.99_lam0.9_seed1_H4320_Q3e+06_pov0.1_fee0,checkpoints/DOGE/DOGE_S2B1_lr0.0003_clip0.2_ent0.01_ep4_bs16_cl32_gamma0.99_lam0.9_seed1_H4320_Q3e+06_pov0.1_fee0/best.weights.h5,41
DOGE,doge_q3e+06,3000000.0,4320,3500.0,0.1,buy,DOGE_PPO_3,2026-01-21_steps_5s.parquet,/Users/jackfletcher/Desktop/FYP_Data/Replay_5s_DOGE/January/2026-01-21_steps_5s.parquet,4345,1791,-6.777782633924823e-05,2999999.9999999967,0.1253973750681883,0.125785,25.576301658246972,8.175168982047261e-13,0.9999999999999989,1.0,0.0,0.6777782633924812,DOGE_S2B1_lr0.0003_clip0.2_ent0.01_ep4_bs16_cl32_gamma0.99_lam0.9_seed1_H4320_Q3e+06_pov0.1_fee0,checkpoints/DOGE/DOGE_S2B1_lr0.0003_clip0.2_ent0.01_ep4_bs16_cl32_gamma0.99_lam0.9_seed1_H4320_Q3e+06_pov0.1_fee0/best.weights.h5,42
DOGE,doge_q3e+06,3000000.0,4320,3500.0,0.1,buy,DOGE_PPO_3,2026-01-31_steps_5s.parquet,/Users/jackfletcher/Desktop/FYP_Data/Replay_5s_DOGE/January/2026-01-31_steps_5s.parquet,7895,1473,-0.0001042702947336892,2999999.9999999995,0.1117194427884114,0.112095,35.0645360645186,7.79190304747487e-13,0.9999999999999999,1.0,0.0,1.0427029473368898,DOGE_S2B1_lr0.0003_clip0.2_ent0.01_ep4_bs16_cl32_gamma0.99_lam0.9_seed1_H4320_Q3e+06_pov0.1_fee0,checkpoints/DOGE/DOGE_S2B1_lr0.0003_clip0.2_ent0.01_ep4_bs16_cl32_gamma0.99_lam0.9_seed1_H4320_Q3e+06_pov0.1_fee0/best.weights.h5,43
DOGE,doge_q3e+06,3000000.0,4320,3500.0,0.1,buy,DOGE_PPO_3,2026-01-12_steps_5s.parquet,/Users/jackfletcher/Desktop/FYP_Data/Replay_5s_DOGE/January/2026-01-12_steps_5s.parquet,6203,1696,-8.52788193708969e-05,3000000.0000000014,0.1367555649789282,0.13645000000000002,34.90888470947668,7.911443953328694e-13,1.0000000000000004,1.0,0.0,0.8527881937089697,DOGE_S2B1_lr0.0003_clip0.2_ent0.01_ep4_bs16_cl32_gamma0.99_lam0.9_seed1_H4320_Q3e+06_pov0.1_fee0,checkpoints/DOGE/DOGE_S2B1_lr0.0003_clip0.2_ent0.01_ep4_bs16_cl32_gamma0.99_lam0.9_seed1_H4320_Q3e+06_pov0.1_fee0/best.weights.h5,44
DOGE,doge_q3e+06,3000000.0,4320,3500.0,0.1,buy,DOGE_PPO_3,2026-01-29_steps_5s.parquet,/Users/jackfletcher/Desktop/FYP_Data/Replay_5s_DOGE/January/2026-01-29_steps_5s.parquet,8978,1311,-7.171337920066636e-05,3000000.000000001,0.12094918325375068,0.12098500000000001,26.028729547777495,9.480378845055418e-13,1.0000000000000002,1.0,0.0,0.7171337920066536,DOGE_S2B1_lr0.0003_clip0.2_ent0.01_ep4_bs16_cl32_gamma0.99_lam0.9_seed1_H4320_Q3e+06_pov0.1_fee0,checkpoints/DOGE/DOGE_S2B1_lr0.0003_clip0.2_ent0.01_ep4_bs16_cl32_gamma0.99_lam0.9_seed1_H4320_Q3e+06_pov0.1_fee0/best.weights.h5,45
DOGE,doge_q3e+06,3000000.0,4320,3500.0,0.1,buy,DOGE_PPO_3,2026-01-12_steps_5s.parquet,/Users/jackfletcher/Desktop/FYP_Data/Replay_5s_DOGE/January/2026-01-12_steps_5s.parquet,8657,1691,-7.612559425298672e-05,3000000.000000004,0.13632529441290941,0.13652,31.177998382253236,9.879369288294841e-13,1.0000000000000013,1.0,0.0,0.7612559425298671,DOGE_S2B1_lr0.0003_clip0.2_ent0.01_ep4_bs16_cl32_gamma0.99_lam0.9_seed1_H4320_Q3e+06_pov0.1_fee0,checkpoints/DOGE/DOGE_S2B1_lr0.0003_clip0.2_ent0.01_ep4_bs16_cl32_gamma0.99_lam0.9_seed1_H4320_Q3e+06_pov0.1_fee0/best.weights.h5,46
DOGE,doge_q3e+06,3000000.0,4320,3500.0,0.1,buy,DOGE_PPO_3,2026-01-29_steps_5s.parquet,/Users/jackfletcher/Desktop/FYP_Data/Replay_5s_DOGE/January/2026-01-29_steps_5s.parquet,11691,1761,-0.00010284183625506109,2999999.9999999995,0.11678801839059129,0.11604500000000001,35.80284266465554,9.53872753572875e-13,0.9999999999999999,1.0,0.0,1.0284183625506065,DOGE_S2B1_lr0.0003_clip0.2_ent0.01_ep4_bs16_cl32_gamma0.99_lam0.9_seed1_H4320_Q3e+06_pov0.1_fee0,checkpoints/DOGE/DOGE_S2B1_lr0.0003_clip0.2_ent0.01_ep4_bs16_cl32_gamma0.99_lam0.9_seed1_H4320_Q3e+06_pov0.1_fee0/best.weights.h5,47
DOGE,doge_q3e+06,3000000.0,4320,3500.0,0.1,buy,DOGE_PPO_3,2026-01-27_steps_5s.parquet,/Users/jackfletcher/Desktop/FYP_Data/Replay_5s_DOGE/January/2026-01-27_steps_5s.parquet,12698,1711,-0.00010970252636222974,2999999.999999995,0.12327711757709924,0.122255,40.235047081243394,5.832656607388748e-13,0.9999999999999983,1.0,0.0,1.0970252636223028,DOGE_S2B1_lr0.0003_clip0.2_ent0.01_ep4_bs16_cl32_gamma0.99_lam0.9_seed1_H4320_Q3e+06_pov0.1_fee0,checkpoints/DOGE/DOGE_S2B1_lr0.0003_clip0.2_ent0.01_ep4_bs16_cl32_gamma0.99_lam0.9_seed1_H4320_Q3e+06_pov0.1_fee0/best.weights.h5,48
DOGE,doge_q3e+06,3000000.0,4320,3500.0,0.1,buy,DOGE_PPO_3,2026-01-27_steps_5s.parquet,/Users/jackfletcher/Desktop/FYP_Data/Replay_5s_DOGE/January/2026-01-27_steps_5s.parquet,4022,1173,-6.599834305783152e-05,2999999.9999999995,0.12242963961428231,0.12273500000000001,24.300919905608826,8.303673267080199e-13,0.9999999999999999,1.0,0.0,0.6599834305783143,DOGE_S2B1_lr0.0003_clip0.2_ent0.01_ep4_bs16_cl32_gamma0.99_lam0.9_seed1_H4320_Q3e+06_pov0.1_fee0,checkpoints/DOGE/DOGE_S2B1_lr0.0003_clip0.2_ent0.01_ep4_bs16_cl32_gamma0.99_lam0.9_seed1_H4320_Q3e+06_pov0.1_fee0/best.weights.h5,49
DOGE,doge_q3e+06,3000000.0,4320,3500.0,0.1,buy,DOGE_PPO_3,2026-01-13_steps_5s.parquet,/Users/jackfletcher/Desktop/FYP_Data/Replay_5s_DOGE/January/2026-01-13_steps_5s.parquet,2703,1579,-0.00010929388411829138,3000000.0000000005,0.1379028958190953,0.137025,44.92798341392676,6.557655643108733e-13,1.0000000000000002,1.0,0.0,1.092938841182917,DOGE_S2B1_lr0.0003_clip0.2_ent0.01_ep4_bs16_cl32_gamma0.99_lam0.9_seed1_H4320_Q3e+06_pov0.1_fee0,checkpoints/DOGE/DOGE_S2B1_lr0.0003_clip0.2_ent0.01_ep4_bs16_cl32_gamma0.99_lam0.9_seed1_H4320_Q3e+06_pov0.1_fee0/best.weights.h5,50
DOGE,doge_q3e+06,3000000.0,4320,3500.0,0.1,buy,DOGE_PPO_3,2026-01-20_steps_5s.parquet,/Users/jackfletcher/Desktop/FYP_Data/Replay_5s_DOGE/January/2026-01-20_steps_5s.parquet,1506,1404,-6.848694608628574e-05,3000000.000000003,0.12831186395071909,0.128435,26.38836276177613,7.34929874695682e-13,1.0000000000000009,1.0,0.0,0.6848694608628524,DOGE_S2B1_lr0.0003_clip0.2_ent0.01_ep4_bs16_cl32_gamma0.99_lam0.9_seed1_H4320_Q3e+06_pov0.1_fee0,checkpoints/DOGE/DOGE_S2B1_lr0.0003_clip0.2_ent0.01_ep4_bs16_cl32_gamma0.99_lam0.9_seed1_H4320_Q3e+06_pov0.1_fee0/best.weights.h5,51
DOGE,doge_q3e+06,3000000.0,4320,3500.0,0.1,buy,DOGE_PPO_3,2026-01-12_steps_5s.parquet,/Users/jackfletcher/Desktop/FYP_Data/Replay_5s_DOGE/January/2026-01-12_steps_5s.parquet,3439,1624,-6.382010316779537e-05,3000000.0000000014,0.14063725439865934,0.140985,26.993031735334824,5.991349076767056e-13,1.0000000000000004,1.0,0.0,0.6382010316779522,DOGE_S2B1_lr0.0003_clip0.2_ent0.01_ep4_bs16_cl32_gamma0.99_lam0.9_seed1_H4320_Q3e+06_pov0.1_fee0,checkpoints/DOGE/DOGE_S2B1_lr0.0003_clip0.2_ent0.01_ep4_bs16_cl32_gamma0.99_lam0.9_seed1_H4320_Q3e+06_pov0.1_fee0/best.weights.h5,52
DOGE,doge_q3e+06,3000000.0,4320,3500.0,0.1,buy,DOGE_PPO_3,2026-01-20_steps_5s.parquet,/Users/jackfletcher/Desktop/FYP_Data/Replay_5s_DOGE/January/2026-01-20_steps_5s.parquet,7377,1514,-0.00010583453637699011,3000000.0000000005,0.12561384732123104,0.126125,40.045142701643755,6.942649223521784e-13,1.0000000000000002,1.0,0.0,1.0583453637699045,DOGE_S2B1_lr0.0003_clip0.2_ent0.01_ep4_bs16_cl32_gamma0.99_lam0.9_seed1_H4320_Q3e+06_pov0.1_fee0,checkpoints/DOGE/DOGE_S2B1_lr0.0003_clip0.2_ent0.01_ep4_bs16_cl32_gamma0.99_lam0.9_seed1_H4320_Q3e+06_pov0.1_fee0/best.weights.h5,53
DOGE,doge_q3e+06,3000000.0,4320,3500.0,0.1,buy,DOGE_PPO_3,2026-01-15_steps_5s.parquet,/Users/jackfletcher/Desktop/FYP_Data/Replay_5s_DOGE/January/2026-01-15_steps_5s.parquet,11818,2140,-8.611970620965797e-05,2999999.9999999935,0.1410602904328341,0.142035,36.696037414466076,5.566861487337472e-13,0.9999999999999978,1.0,0.0,0.8611970620965742,DOGE_S2B1_lr0.0003_clip0.2_ent0.01_ep4_bs16_cl32_gamma0.99_lam0.9_seed1_H4320_Q3e+06_pov0.1_fee0,checkpoints/DOGE/DOGE_S2B1_lr0.0003_clip0.2_ent0.01_ep4_bs16_cl32_gamma0.99_lam0.9_seed1_H4320_Q3e+06_pov0.1_fee0/best.weights.h5,54
DOGE,doge_q3e+06,3000000.0,4320,3500.0,0.1,buy,DOGE_PPO_3,2026-01-29_steps_5s.parquet,/Users/jackfletcher/Desktop/FYP_Data/Replay_5s_DOGE/January/2026-01-29_steps_5s.parquet,681,1395,-0.00010225431602506636,3000000.0000000005,0.12376163335708747,0.12444,38.17358125847788,7.46376659191619e-13,1.0000000000000002,1.0,0.0,1.0225431602506665,DOGE_S2B1_lr0.0003_clip0.2_ent0.01_ep4_bs16_cl32_gamma0.99_lam0.9_seed1_H4320_Q3e+06_pov0.1_fee0,checkpoints/DOGE/DOGE_S2B1_lr0.0003_clip0.2_ent0.01_ep4_bs16_cl32_gamma0.99_lam0.9_seed1_H4320_Q3e+06_pov0.1_fee0/best.weights.h5,55
DOGE,doge_q3e+06,3000000.0,4320,3500.0,0.1,buy,DOGE_PPO_3,2026-01-18_steps_5s.parquet,/Users/jackfletcher/Desktop/FYP_Data/Replay_5s_DOGE/January/2026-01-18_steps_5s.parquet,5061,1286,-7.995003733406105e-05,3000000.0000000023,0.13710143291206808,0.137185,32.90383761501941,7.960770884291137e-13,1.0000000000000007,1.0,0.0,0.7995003733406085,DOGE_S2B1_lr0.0003_clip0.2_ent0.01_ep4_bs16_cl32_gamma0.99_lam0.9_seed1_H4320_Q3e+06_pov0.1_fee0,checkpoints/DOGE/DOGE_S2B1_lr0.0003_clip0.2_ent0.01_ep4_bs16_cl32_gamma0.99_lam0.9_seed1_H4320_Q3e+06_pov0.1_fee0/best.weights.h5,56
DOGE,doge_q3e+06,3000000.0,4320,3500.0,0.1,buy,DOGE_PPO_3,2026-01-27_steps_5s.parquet,/Users/jackfletcher/Desktop/FYP_Data/Replay_5s_DOGE/January/2026-01-27_steps_5s.parquet,11723,1808,-9.748528884175813e-05,3000000.0000000014,0.12339349965526261,0.125485,36.69882441092419,8.014000070840234e-13,1.0000000000000004,1.0,0.0,0.9748528884175847,DOGE_S2B1_lr0.0003_clip0.2_ent0.01_ep4_bs16_cl32_gamma0.99_lam0.9_seed1_H4320_Q3e+06_pov0.1_fee0,checkpoints/DOGE/DOGE_S2B1_lr0.0003_clip0.2_ent0.01_ep4_bs16_cl32_gamma0.99_lam0.9_seed1_H4320_Q3e+06_pov0.1_fee0/best.weights.h5,57
DOGE,doge_q3e+06,3000000.0,4320,3500.0,0.1,buy,DOGE_PPO_3,2026-01-16_steps_5s.parquet,/Users/jackfletcher/Desktop/FYP_Data/Replay_5s_DOGE/January/2026-01-16_steps_5s.parquet,7162,1364,-5.622784776714949e-05,2999999.999999996,0.13884517513112254,0.139545,23.53894505000045,8.533231839058029e-13,0.9999999999999986,1.0,0.0,0.5622784776714906,DOGE_S2B1_lr0.0003_clip0.2_ent0.01_ep4_bs16_cl32_gamma0.99_lam0.9_seed1_H4320_Q3e+06_pov0.1_fee0,checkpoints/DOGE/DOGE_S2B1_lr0.0003_clip0.2_ent0.01_ep4_bs16_cl32_gamma0.99_lam0.9_seed1_H4320_Q3e+06_pov0.1_fee0/best.weights.h5,58
DOGE,doge_q3e+06,3000000.0,4320,3500.0,0.1,buy,DOGE_PPO_3,2026-01-17_steps_5s.parquet,/Users/jackfletcher/Desktop/FYP_Data/Replay_5s_DOGE/January/2026-01-17_steps_5s.parquet,6375,1258,-5.992767493239889e-05,2999999.999999996,0.1375183415101996,0.13755499999999998,24.730053975978244,5.370410905266242e-13,0.9999999999999986,1.0,0.0,0.5992767493239854,DOGE_S2B1_lr0.0003_clip0.2_ent0.01_ep4_bs16_cl32_gamma0.99_lam0.9_seed1_H4320_Q3e+06_pov0.1_fee0,checkpoints/DOGE/DOGE_S2B1_lr0.0003_clip0.2_ent0.01_ep4_bs16_cl32_gamma0.99_lam0.9_seed1_H4320_Q3e+06_pov0.1_fee0/best.weights.h5,59
DOGE,doge_q3e+06,3000000.0,4320,3500.0,0.1,buy,DOGE_PPO_3,2026-01-18_steps_5s.parquet,/Users/jackfletcher/Desktop/FYP_Data/Replay_5s_DOGE/January/2026-01-18_steps_5s.parquet,8975,1306,-0.00010404521715999781,3000000.0000000056,0.13709428995426567,0.137185,42.820329348283074,8.664711412315025e-13,1.0000000000000018,1.0,0.0,1.0404521715999824,DOGE_S2B1_lr0.0003_clip0.2_ent0.01_ep4_bs16_cl32_gamma0.99_lam0.9_seed1_H4320_Q3e+06_pov0.1_fee0,checkpoints/DOGE/DOGE_S2B1_lr0.0003_clip0.2_ent0.01_ep4_bs16_cl32_gamma0.99_lam0.9_seed1_H4320_Q3e+06_pov0.1_fee0/best.weights.h5,60
DOGE,doge_q3e+06,3000000.0,4320,3500.0,0.1,buy,DOGE_PPO_3,2026-01-13_steps_5s.parquet,/Users/jackfletcher/Desktop/FYP_Data/Replay_5s_DOGE/January/2026-01-13_steps_5s.parquet,7784,1481,-5.3002602174463544e-05,2999999.9999999986,0.13919394575802077,0.139345,22.156942800001868,6.696429870954722e-13,0.9999999999999996,1.0,0.0,0.5300260217446354,DOGE_S2B1_lr0.0003_clip0.2_ent0.01_ep4_bs16_cl32_gamma0.99_lam0.9_seed1_H4320_Q3e+06_pov0.1_fee0,checkpoints/DOGE/DOGE_S2B1_lr0.0003_clip0.2_ent0.01_ep4_bs16_cl32_gamma0.99_lam0.9_seed1_H4320_Q3e+06_pov0.1_fee0/best.weights.h5,61
DOGE,doge_q3e+06,3000000.0,4320,3500.0,0.1,buy,DOGE_PPO_3,2026-01-23_steps_5s.parquet,/Users/jackfletcher/Desktop/FYP_Data/Replay_5s_DOGE/January/2026-01-23_steps_5s.parquet,10833,1830,-0.00010554703901970427,3000000.000000005,0.12476335320967367,0.12301000000000001,38.950023809441426,6.264167199526201e-13,1.0000000000000018,1.0,0.0,1.0554703901970415,DOGE_S2B1_lr0.0003_clip0.2_ent0.01_ep4_bs16_cl32_gamma0.99_lam0.9_seed1_H4320_Q3e+06_pov0.1_fee0,checkpoints/DOGE/DOGE_S2B1_lr0.0003_clip0.2_ent0.01_ep4_bs16_cl32_gamma0.99_lam0.9_seed1_H4320_Q3e+06_pov0.1_fee0/best.weights.h5,62
DOGE,doge_q3e+06,3000000.0,4320,3500.0,0.1,buy,DOGE_PPO_3,2026-01-23_steps_5s.parquet,/Users/jackfletcher/Desktop/FYP_Data/Replay_5s_DOGE/January/2026-01-23_steps_5s.parquet,11452,1763,-0.0001238724973763061,3000000.0,0.12596124975531778,0.12444,46.24408072052238,6.183189344303234e-13,1.0,1.0,0.0,1.2387249737630555,DOGE_S2B1_lr0.0003_clip0.2_ent0.01_ep4_bs16_cl32_gamma0.99_lam0.9_seed1_H4320_Q3e+06_pov0.1_fee0,checkpoints/DOGE/DOGE_S2B1_lr0.0003_clip0.2_ent0.01_ep4_bs16_cl32_gamma0.99_lam0.9_seed1_H4320_Q3e+06_pov0.1_fee0/best.weights.h5,63
DOGE,doge_q3e+06,3000000.0,4320,3500.0,0.1,buy,DOGE_PPO_3,2026-01-28_steps_5s.parquet,/Users/jackfletcher/Desktop/FYP_Data/Replay_5s_DOGE/January/2026-01-28_steps_5s.parquet,3142,1269,-7.586130649512196e-05,3000000.0000000005,0.12460095401822975,0.124145,28.253405684510742,7.291419470168642e-13,1.0000000000000002,1.0,0.0,0.7586130649512194,DOGE_S2B1_lr0.0003_clip0.2_ent0.01_ep4_bs16_cl32_gamma0.99_lam0.9_seed1_H4320_Q3e+06_pov0.1_fee0,checkpoints/DOGE/DOGE_S2B1_lr0.0003_clip0.2_ent0.01_ep4_bs16_cl32_gamma0.99_lam0.9_seed1_H4320_Q3e+06_pov0.1_fee0/best.weights.h5,64
DOGE,doge_q3e+06,3000000.0,4320,3500.0,0.1,buy,DOGE_PPO_3,2026-01-30_steps_5s.parquet,/Users/jackfletcher/Desktop/FYP_Data/Replay_5s_DOGE/January/2026-01-30_steps_5s.parquet,11627,2013,-0.00012612665044669805,2999999.999999993,0.11607614039544259,0.116095,43.928020450828356,6.340632502253804e-13,0.9999999999999977,1.0,0.0,1.2612665044669842,DOGE_S2B1_lr0.0003_clip0.2_ent0.01_ep4_bs16_cl32_gamma0.99_lam0.9_seed1_H4320_Q3e+06_pov0.1_fee0,checkpoints/DOGE/DOGE_S2B1_lr0.0003_clip0.2_ent0.01_ep4_bs16_cl32_gamma0.99_lam0.9_seed1_H4320_Q3e+06_pov0.1_fee0/best.weights.h5,65
DOGE,doge_q3e+06,3000000.0,4320,3500.0,0.1,buy,DOGE_PPO_3,2026-01-09_steps_5s.parquet,/Users/jackfletcher/Desktop/FYP_Data/Replay_5s_DOGE/January/2026-01-09_steps_5s.parquet,10374,2074,-0.00011141937160147955,2999999.9999999986,0.14178276681763863,0.139195,46.52705829020399,8.898796830287681e-13,0.9999999999999996,1.0,0.0,1.114193716014799,DOGE_S2B1_lr0.0003_clip0.2_ent0.01_ep4_bs16_cl32_gamma0.99_lam0.9_seed1_H4320_Q3e+06_pov0.1_fee0,checkpoints/DOGE/DOGE_S2B1_lr0.0003_clip0.2_ent0.01_ep4_bs16_cl32_gamma0.99_lam0.9_seed1_H4320_Q3e+06_pov0.1_fee0/best.weights.h5,66
DOGE,doge_q3e+06,3000000.0,4320,3500.0,0.1,buy,DOGE_PPO_3,2026-01-20_steps_5s.parquet,/Users/jackfletcher/Desktop/FYP_Data/Replay_5s_DOGE/January/2026-01-20_steps_5s.parquet,4393,1992,-8.789060163711418e-05,3000000.0000000014,0.1269137384324205,0.12791000000000002,33.726260566209724,7.106649257402434e-13,1.0000000000000004,1.0,0.0,0.878906016371139,DOGE_S2B1_lr0.0003_clip0.2_ent0.01_ep4_bs16_cl32_gamma0.99_lam0.9_seed1_H4320_Q3e+06_pov0.1_fee0,checkpoints/DOGE/DOGE_S2B1_lr0.0003_clip0.2_ent0.01_ep4_bs16_cl32_gamma0.99_lam0.9_seed1_H4320_Q3e+06_pov0.1_fee0/best.weights.h5,67
DOGE,doge_q3e+06,3000000.0,4320,3500.0,0.1,buy,DOGE_PPO_3,2026-01-15_steps_5s.parquet,/Users/jackfletcher/Desktop/FYP_Data/Replay_5s_DOGE/January/2026-01-15_steps_5s.parquet,6215,1518,-6.941400906261312e-05,2999999.9999999967,0.144162659079583,0.143855,29.9566568211066,6.303970487512815e-13,0.9999999999999989,1.0,0.0,0.6941400906261305,DOGE_S2B1_lr0.0003_clip0.2_ent0.01_ep4_bs16_cl32_gamma0.99_lam0.9_seed1_H4320_Q3e+06_pov0.1_fee0,checkpoints/DOGE/DOGE_S2B1_lr0.0003_clip0.2_ent0.01_ep4_bs16_cl32_gamma0.99_lam0.9_seed1_H4320_Q3e+06_pov0.1_fee0/best.weights.h5,68
DOGE,doge_q3e+06,3000000.0,4320,3500.0,0.1,buy,DOGE_PPO_3,2026-01-14_steps_5s.parquet,/Users/jackfletcher/Desktop/FYP_Data/Replay_5s_DOGE/January/2026-01-14_steps_5s.parquet,9583,1862,-9.623773395469294e-05,3000000.000000001,0.14755056448846196,0.14661000000000002,42.32824252529263,9.201635582851259e-13,1.0000000000000002,1.0,0.0,0.96237733954693,DOGE_S2B1_lr0.0003_clip0.2_ent0.01_ep4_bs16_cl32_gamma0.99_lam0.9_seed1_H4320_Q3e+06_pov0.1_fee0,checkpoints/DOGE/DOGE_S2B1_lr0.0003_clip0.2_ent0.01_ep4_bs16_cl32_gamma0.99_lam0.9_seed1_H4320_Q3e+06_pov0.1_fee0/best.weights.h5,69
DOGE,doge_q3e+06,3000000.0,4320,3500.0,0.1,buy,DOGE_PPO_3,2026-01-21_steps_5s.parquet,/Users/jackfletcher/Desktop/FYP_Data/Replay_5s_DOGE/January/2026-01-21_steps_5s.parquet,10719,1678,-0.00011641344606948458,2999999.999999993,0.12430113763841147,0.125295,43.758068175828335,7.551901655604696e-13,0.9999999999999977,1.0,0.0,1.1641344606948492,DOGE_S2B1_lr0.0003_clip0.2_ent0.01_ep4_bs16_cl32_gamma0.99_lam0.9_seed1_H4320_Q3e+06_pov0.1_fee0,checkpoints/DOGE/DOGE_S2B1_lr0.0003_clip0.2_ent0.01_ep4_bs16_cl32_gamma0.99_lam0.9_seed1_H4320_Q3e+06_pov0.1_fee0/best.weights.h5,70
DOGE,doge_q3e+06,3000000.0,4320,3500.0,0.1,buy,DOGE_PPO_3,2026-01-29_steps_5s.parquet,/Users/jackfletcher/Desktop/FYP_Data/Replay_5s_DOGE/January/2026-01-29_steps_5s.parquet,10639,1204,-9.681733783706853e-05,2999999.999999997,0.1166963855204884,0.11967,34.75839245688608,9.351809733601003e-13,0.9999999999999991,1.0,0.0,0.9681733783706883,DOGE_S2B1_lr0.0003_clip0.2_ent0.01_ep4_bs16_cl32_gamma0.99_lam0.9_seed1_H4320_Q3e+06_pov0.1_fee0,checkpoints/DOGE/DOGE_S2B1_lr0.0003_clip0.2_ent0.01_ep4_bs16_cl32_gamma0.99_lam0.9_seed1_H4320_Q3e+06_pov0.1_fee0/best.weights.h5,71
DOGE,doge_q3e+06,3000000.0,4320,3500.0,0.1,buy,DOGE_PPO_3,2026-01-27_steps_5s.parquet,/Users/jackfletcher/Desktop/FYP_Data/Replay_5s_DOGE/January/2026-01-27_steps_5s.parquet,11116,1833,-0.00012071381143684582,3000000.0000000047,0.123535050457249,0.122085,44.212037007802095,7.351377184749975e-13,1.0000000000000016,1.0,0.0,1.2071381143684619,DOGE_S2B1_lr0.0003_clip0.2_ent0.01_ep4_bs16_cl32_gamma0.99_lam0.9_seed1_H4320_Q3e+06_pov0.1_fee0,checkpoints/DOGE/DOGE_S2B1_lr0.0003_clip0.2_ent0.01_ep4_bs16_cl32_gamma0.99_lam0.9_seed1_H4320_Q3e+06_pov0.1_fee0/best.weights.h5,72
DOGE,doge_q3e+06,3000000.0,4320,3500.0,0.1,buy,DOGE_PPO_3,2026-01-19_steps_5s.parquet,/Users/jackfletcher/Desktop/FYP_Data/Replay_5s_DOGE/January/2026-01-19_steps_5s.parquet,6854,1373,-7.60022162072076e-05,3000000.0000000014,0.12773791014314465,0.127725,29.12214919519676,7.630274392021434e-13,1.0000000000000004,1.0,0.0,0.7600221620720756,DOGE_S2B1_lr0.0003_clip0.2_ent0.01_ep4_bs16_cl32_gamma0.99_lam0.9_seed1_H4320_Q3e+06_pov0.1_fee0,checkpoints/DOGE/DOGE_S2B1_lr0.0003_clip0.2_ent0.01_ep4_bs16_cl32_gamma0.99_lam0.9_seed1_H4320_Q3e+06_pov0.1_fee0/best.weights.h5,73
DOGE,doge_q3e+06,3000000.0,4320,3500.0,0.1,buy,DOGE_PPO_3,2026-01-08_steps_5s.parquet,/Users/jackfletcher/Desktop/FYP_Data/Replay_5s_DOGE/January/2026-01-08_steps_5s.parquet,4022,1913,-8.546178136737128e-05,3000000.0000000093,0.14420600369081765,0.146395,37.53353244982886,6.49390699690407e-13,1.000000000000003,1.0,0.0,0.8546178136737107,DOGE_S2B1_lr0.0003_clip0.2_ent0.01_ep4_bs16_cl32_gamma0.99_lam0.9_seed1_H4320_Q3e+06_pov0.1_fee0,checkpoints/DOGE/DOGE_S2B1_lr0.0003_clip0.2_ent0.01_ep4_bs16_cl32_gamma0.99_lam0.9_seed1_H4320_Q3e+06_pov0.1_fee0/best.weights.h5,74
DOGE,doge_q3e+06,3000000.0,4320,3500.0,0.1,buy,DOGE_PPO_3,2026-01-20_steps_5s.parquet,/Users/jackfletcher/Desktop/FYP_Data/Replay_5s_DOGE/January/2026-01-20_steps_5s.parquet,11669,1988,-0.00010029556996102269,3000000.0000000005,0.12411948680710412,0.12536,37.71915795094153,8.77449597894939e-13,1.0000000000000002,1.0,0.0,1.00295569961023,DOGE_S2B1_lr0.0003_clip0.2_ent0.01_ep4_bs16_cl32_gamma0.99_lam0.9_seed1_H4320_Q3e+06_pov0.1_fee0,checkpoints/DOGE/DOGE_S2B1_lr0.0003_clip0.2_ent0.01_ep4_bs16_cl32_gamma0.99_lam0.9_seed1_H4320_Q3e+06_pov0.1_fee0/best.weights.h5,75
DOGE,doge_q3e+06,3000000.0,4320,3500.0,0.1,buy,DOGE_PPO_3,2026-01-20_steps_5s.parquet,/Users/jackfletcher/Desktop/FYP_Data/Replay_5s_DOGE/January/2026-01-20_steps_5s.parquet,1197,1430,-6.399236258390652e-05,2999999.9999999995,0.1284506476504064,0.128555,24.67961451592219,7.148907180845331e-13,0.9999999999999999,1.0,0.0,0.6399236258390621,DOGE_S2B1_lr0.0003_clip0.2_ent0.01_ep4_bs16_cl32_gamma0.99_lam0.9_seed1_H4320_Q3e+06_pov0.1_fee0,checkpoints/DOGE/DOGE_S2B1_lr0.0003_clip0.2_ent0.01_ep4_bs16_cl32_gamma0.99_lam0.9_seed1_H4320_Q3e+06_pov0.1_fee0/best.weights.h5,76
DOGE,doge_q3e+06,3000000.0,4320,3500.0,0.1,buy,DOGE_PPO_3,2026-01-31_steps_5s.parquet,/Users/jackfletcher/Desktop/FYP_Data/Replay_5s_DOGE/January/2026-01-31_steps_5s.parquet,7686,1488,-9.411961816665263e-05,2999999.9999999986,0.11182989174681227,0.11219499999999999,31.67925168062265,9.538215014443851e-13,0.9999999999999996,1.0,0.0,0.9411961816665227,DOGE_S2B1_lr0.0003_clip0.2_ent0.01_ep4_bs16_cl32_gamma0.99_lam0.9_seed1_H4320_Q3e+06_pov0.1_fee0,checkpoints/DOGE/DOGE_S2B1_lr0.0003_clip0.2_ent0.01_ep4_bs16_cl32_gamma0.99_lam0.9_seed1_H4320_Q3e+06_pov0.1_fee0/best.weights.h5,77
DOGE,doge_q3e+06,3000000.0,4320,3500.0,0.1,buy,DOGE_PPO_3,2026-01-19_steps_5s.parquet,/Users/jackfletcher/Desktop/FYP_Data/Replay_5s_DOGE/January/2026-01-19_steps_5s.parquet,8778,1416,-6.950738053644202e-05,2999999.9999999944,0.127896987470111,0.12754,26.594913940853388,8.637557244467942e-13,0.9999999999999981,1.0,0.0,0.6950738053644188,DOGE_S2B1_lr0.0003_clip0.2_ent0.01_ep4_bs16_cl32_gamma0.99_lam0.9_seed1_H4320_Q3e+06_pov0.1_fee0,checkpoints/DOGE/DOGE_S2B1_lr0.0003_clip0.2_ent0.01_ep4_bs16_cl32_gamma0.99_lam0.9_seed1_H4320_Q3e+06_pov0.1_fee0/best.weights.h5,78
DOGE,doge_q3e+06,3000000.0,4320,3500.0,0.1,buy,DOGE_PPO_3,2026-01-23_steps_5s.parquet,/Users/jackfletcher/Desktop/FYP_Data/Replay_5s_DOGE/January/2026-01-23_steps_5s.parquet,11365,1793,-0.00012361655676368846,2999999.9999999977,0.12587877628148994,0.124025,45.99463035784909,6.429626835245293e-13,0.9999999999999992,1.0,0.0,1.2361655676368768,DOGE_S2B1_lr0.0003_clip0.2_ent0.01_ep4_bs16_cl32_gamma0.99_lam0.9_seed1_H4320_Q3e+06_pov0.1_fee0,checkpoints/DOGE/DOGE_S2B1_lr0.0003_clip0.2_ent0.01_ep4_bs16_cl32_gamma0.99_lam0.9_seed1_H4320_Q3e+06_pov0.1_fee0/best.weights.h5,79
DOGE,doge_q3e+06,3000000.0,4320,3500.0,0.1,buy,DOGE_PPO_3,2026-01-31_steps_5s.parquet,/Users/jackfletcher/Desktop/FYP_Data/Replay_5s_DOGE/January/2026-01-31_steps_5s.parquet,7283,1440,-8.851896347962058e-05,3000000.0000000023,0.11194613105584536,0.11187,29.707849333395387,9.356594760234088e-13,1.0000000000000007,1.0,0.0,0.8851896347962036,DOGE_S2B1_lr0.0003_clip0.2_ent0.01_ep4_bs16_cl32_gamma0.99_lam0.9_seed1_H4320_Q3e+06_pov0.1_fee0,checkpoints/DOGE/DOGE_S2B1_lr0.0003_clip0.2_ent0.01_ep4_bs16_cl32_gamma0.99_lam0.9_seed1_H4320_Q3e+06_pov0.1_fee0/best.weights.h5,80
DOGE,doge_q3e+06,3000000.0,4320,3500.0,0.1,buy,DOGE_PPO_3,2026-01-28_steps_5s.parquet,/Users/jackfletcher/Desktop/FYP_Data/Replay_5s_DOGE/January/2026-01-28_steps_5s.parquet,2473,1304,-7.855139404260647e-05,3000000.0000000014,0.12439251484862685,0.124505,29.340123945823976,6.609368713615491e-13,1.0000000000000004,1.0,0.0,0.7855139404260598,DOGE_S2B1_lr0.0003_clip0.2_ent0.01_ep4_bs16_cl32_gamma0.99_lam0.9_seed1_H4320_Q3e+06_pov0.1_fee0,checkpoints/DOGE/DOGE_S2B1_lr0.0003_clip0.2_ent0.01_ep4_bs16_cl32_gamma0.99_lam0.9_seed1_H4320_Q3e+06_pov0.1_fee0/best.weights.h5,81
DOGE,doge_q3e+06,3000000.0,4320,3500.0,0.1,buy,DOGE_PPO_3,2026-01-12_steps_5s.parquet,/Users/jackfletcher/Desktop/FYP_Data/Replay_5s_DOGE/January/2026-01-12_steps_5s.parquet,4629,1740,-6.460939383004157e-05,2999999.999999997,0.1388959351833355,0.14015,27.165019635841062,6.727437191550531e-13,0.9999999999999991,1.0,0.0,0.6460939383004177,DOGE_S2B1_lr0.0003_clip0.2_ent0.01_ep4_bs16_cl32_gamma0.99_lam0.9_seed1_H4320_Q3e+06_pov0.1_fee0,checkpoints/DOGE/DOGE_S2B1_lr0.0003_clip0.2_ent0.01_ep4_bs16_cl32_gamma0.99_lam0.9_seed1_H4320_Q3e+06_pov0.1_fee0/best.weights.h5,82
DOGE,doge_q3e+06,3000000.0,4320,3500.0,0.1,buy,DOGE_PPO_3,2026-01-26_steps_5s.parquet,/Users/jackfletcher/Desktop/FYP_Data/Replay_5s_DOGE/January/2026-01-26_steps_5s.parquet,4120,1373,-7.729051467657442e-05,3000000.000000001,0.12158447206890463,0.12159,28.19326103857393,8.270851033507319e-13,1.0000000000000002,1.0,0.0,0.7729051467657408,DOGE_S2B1_lr0.0003_clip0.2_ent0.01_ep4_bs16_cl32_gamma0.99_lam0.9_seed1_H4320_Q3e+06_pov0.1_fee0,checkpoints/DOGE/DOGE_S2B1_lr0.0003_clip0.2_ent0.01_ep4_bs16_cl32_gamma0.99_lam0.9_seed1_H4320_Q3e+06_pov0.1_fee0/best.weights.h5,83
DOGE,doge_q3e+06,3000000.0,4320,3500.0,0.1,buy,DOGE_PPO_3,2026-01-09_steps_5s.parquet,/Users/jackfletcher/Desktop/FYP_Data/Replay_5s_DOGE/January/2026-01-09_steps_5s.parquet,2516,1317,-6.767067865983923e-05,2999999.999999999,0.14257889658504988,0.142045,28.836844650710294,9.244092549970333e-13,0.9999999999999997,1.0,0.0,0.6767067865983853,DOGE_S2B1_lr0.0003_clip0.2_ent0.01_ep4_bs16_cl32_gamma0.99_lam0.9_seed1_H4320_Q3e+06_pov0.1_fee0,checkpoints/DOGE/DOGE_S2B1_lr0.0003_clip0.2_ent0.01_ep4_bs16_cl32_gamma0.99_lam0.9_seed1_H4320_Q3e+06_pov0.1_fee0/best.weights.h5,84
DOGE,doge_q3e+06,3000000.0,4320,3500.0,0.1,buy,DOGE_PPO_3,2026-01-28_steps_5s.parquet,/Users/jackfletcher/Desktop/FYP_Data/Replay_5s_DOGE/January/2026-01-28_steps_5s.parquet,780,1359,-8.218128145988916e-05,2999999.999999999,0.12506318559377944,0.125885,31.03617184973436,6.363115600918895e-13,0.9999999999999997,1.0,0.0,0.8218128145988894,DOGE_S2B1_lr0.0003_clip0.2_ent0.01_ep4_bs16_cl32_gamma0.99_lam0.9_seed1_H4320_Q3e+06_pov0.1_fee0,checkpoints/DOGE/DOGE_S2B1_lr0.0003_clip0.2_ent0.01_ep4_bs16_cl32_gamma0.99_lam0.9_seed1_H4320_Q3e+06_pov0.1_fee0/best.weights.h5,85
DOGE,doge_q3e+06,3000000.0,4320,3500.0,0.1,buy,DOGE_PPO_3,2026-01-29_steps_5s.parquet,/Users/jackfletcher/Desktop/FYP_Data/Replay_5s_DOGE/January/2026-01-29_steps_5s.parquet,6577,1397,-6.654097694781133e-05,2999999.999999999,0.1214971666366167,0.12182499999999999,24.319063550001342,8.730224634094486e-13,0.9999999999999997,1.0,0.0,0.6654097694781133,DOGE_S2B1_lr0.0003_clip0.2_ent0.01_ep4_bs16_cl32_gamma0.99_lam0.9_seed1_H4320_Q3e+06_pov0.1_fee0,checkpoints/DOGE/DOGE_S2B1_lr0.0003_clip0.2_ent0.01_ep4_bs16_cl32_gamma0.99_lam0.9_seed1_H4320_Q3e+06_pov0.1_fee0/best.weights.h5,86
DOGE,doge_q3e+06,3000000.0,4320,3500.0,0.1,buy,DOGE_PPO_3,2026-01-18_steps_5s.parquet,/Users/jackfletcher/Desktop/FYP_Data/Replay_5s_DOGE/January/2026-01-18_steps_5s.parquet,5239,1278,-8.627613535089884e-05,3000000.0000000014,0.13715705791294447,0.136845,35.41937322628105,7.354504766166337e-13,1.0000000000000004,1.0,0.0,0.8627613535089834,DOGE_S2B1_lr0.0003_clip0.2_ent0.01_ep4_bs16_cl32_gamma0.99_lam0.9_seed1_H4320_Q3e+06_pov0.1_fee0,checkpoints/DOGE/DOGE_S2B1_lr0.0003_clip0.2_ent0.01_ep4_bs16_cl32_gamma0.99_lam0.9_seed1_H4320_Q3e+06_pov0.1_fee0/best.weights.h5,87
DOGE,doge_q3e+06,3000000.0,4320,3500.0,0.1,buy,DOGE_PPO_3,2026-01-08_steps_5s.parquet,/Users/jackfletcher/Desktop/FYP_Data/Replay_5s_DOGE/January/2026-01-08_steps_5s.parquet,4682,2021,-9.003695038008952e-05,2999999.999999994,0.14377810237781252,0.1437,38.81492930885651,4.639439922323556e-13,0.999999999999998,1.0,0.0,0.9003695038008933,DOGE_S2B1_lr0.0003_clip0.2_ent0.01_ep4_bs16_cl32_gamma0.99_lam0.9_seed1_H4320_Q3e+06_pov0.1_fee0,checkpoints/DOGE/DOGE_S2B1_lr0.0003_clip0.2_ent0.01_ep4_bs16_cl32_gamma0.99_lam0.9_seed1_H4320_Q3e+06_pov0.1_fee0/best.weights.h5,88
DOGE,doge_q3e+06,3000000.0,4320,3500.0,0.1,buy,DOGE_PPO_3,2026-01-10_steps_5s.parquet,/Users/jackfletcher/Desktop/FYP_Data/Replay_5s_DOGE/January/2026-01-10_steps_5s.parquet,3441,1277,-7.198472274888084e-05,3000000.0000000005,0.14015327508142644,0.140005,30.234663325370953,7.53711352995401e-13,1.0000000000000002,1.0,0.0,0.7198472274888028,DOGE_S2B1_lr0.0003_clip0.2_ent0.01_ep4_bs16_cl32_gamma0.99_lam0.9_seed1_H4320_Q3e+06_pov0.1_fee0,checkpoints/DOGE/DOGE_S2B1_lr0.0003_clip0.2_ent0.01_ep4_bs16_cl32_gamma0.99_lam0.9_seed1_H4320_Q3e+06_pov0.1_fee0/best.weights.h5,89
DOGE,doge_q3e+06,3000000.0,4320,3500.0,0.1,buy,DOGE_PPO_3,2026-01-08_steps_5s.parquet,/Users/jackfletcher/Desktop/FYP_Data/Replay_5s_DOGE/January/2026-01-08_steps_5s.parquet,4426,2003,-9.068750349215706e-05,2999999.9999999953,0.14382103203977045,0.144515,39.317113701507,9.619553589678962e-13,0.9999999999999984,1.0,0.0,0.9068750349215651,DOGE_S2B1_lr0.0003_clip0.2_ent0.01_ep4_bs16_cl32_gamma0.99_lam0.9_seed1_H4320_Q3e+06_pov0.1_fee0,checkpoints/DOGE/DOGE_S2B1_lr0.0003_clip0.2_ent0.01_ep4_bs16_cl32_gamma0.99_lam0.9_seed1_H4320_Q3e+06_pov0.1_fee0/best.weights.h5,90
DOGE,doge_q3e+06,3000000.0,4320,3500.0,0.1,buy,DOGE_PPO_3,2026-01-27_steps_5s.parquet,/Users/jackfletcher/Desktop/FYP_Data/Replay_5s_DOGE/January/2026-01-27_steps_5s.parquet,12937,1740,-0.00010752840010290941,2999999.9999999977,0.12364823515787905,0.122135,39.39894343970646,8.483472560132195e-13,0.9999999999999992,1.0,0.0,1.0752840010290923,DOGE_S2B1_lr0.0003_clip0.2_ent0.01_ep4_bs16_cl32_gamma0.99_lam0.9_seed1_H4320_Q3e+06_pov0.1_fee0,checkpoints/DOGE/DOGE_S2B1_lr0.0003_clip0.2_ent0.01_ep4_bs16_cl32_gamma0.99_lam0.9_seed1_H4320_Q3e+06_pov0.1_fee0/best.weights.h5,91
DOGE,doge_q3e+06,3000000.0,4320,3500.0,0.1,buy,DOGE_PPO_3,2026-01-09_steps_5s.parquet,/Users/jackfletcher/Desktop/FYP_Data/Replay_5s_DOGE/January/2026-01-09_steps_5s.parquet,4684,1582,-6.186972608158381e-05,2999999.999999994,0.14245108818499758,0.1426,26.467868817701373,7.788304761356503e-13,0.999999999999998,1.0,0.0,0.6186972608158339,DOGE_S2B1_lr0.0003_clip0.2_ent0.01_ep4_bs16_cl32_gamma0.99_lam0.9_seed1_H4320_Q3e+06_pov0.1_fee0,checkpoints/DOGE/DOGE_S2B1_lr0.0003_clip0.2_ent0.01_ep4_bs16_cl32_gamma0.99_lam0.9_seed1_H4320_Q3e+06_pov0.1_fee0/best.weights.h5,92
DOGE,doge_q3e+06,3000000.0,4320,3500.0,0.1,buy,DOGE_PPO_3,2026-01-23_steps_5s.parquet,/Users/jackfletcher/Desktop/FYP_Data/Replay_5s_DOGE/January/2026-01-23_steps_5s.parquet,5145,1408,-6.713359351768377e-05,2999999.9999999986,0.12502262633945807,0.12508,25.191209631575582,6.646337606998268e-13,0.9999999999999996,1.0,0.0,0.6713359351768357,DOGE_S2B1_lr0.0003_clip0.2_ent0.01_ep4_bs16_cl32_gamma0.99_lam0.9_seed1_H4320_Q3e+06_pov0.1_fee0,checkpoints/DOGE/DOGE_S2B1_lr0.0003_clip0.2_ent0.01_ep4_bs16_cl32_gamma0.99_lam0.9_seed1_H4320_Q3e+06_pov0.1_fee0/best.weights.h5,93
DOGE,doge_q3e+06,3000000.0,4320,3500.0,0.1,buy,DOGE_PPO_3,2026-01-31_steps_5s.parquet,/Users/jackfletcher/Desktop/FYP_Data/Replay_5s_DOGE/January/2026-01-31_steps_5s.parquet,8922,1594,-0.00014549566977538816,2999999.9999999953,0.11082079564666522,0.111625,48.722862416033074,8.234973772932977e-13,0.9999999999999984,1.0,0.0,1.4549566977538806,DOGE_S2B1_lr0.0003_clip0.2_ent0.01_ep4_bs16_cl32_gamma0.99_lam0.9_seed1_H4320_Q3e+06_pov0.1_fee0,checkpoints/DOGE/DOGE_S2B1_lr0.0003_clip0.2_ent0.01_ep4_bs16_cl32_gamma0.99_lam0.9_seed1_H4320_Q3e+06_pov0.1_fee0/best.weights.h5,94
DOGE,doge_q3e+06,3000000.0,4320,3500.0,0.1,buy,DOGE_PPO_3,2026-01-29_steps_5s.parquet,/Users/jackfletcher/Desktop/FYP_Data/Replay_5s_DOGE/January/2026-01-29_steps_5s.parquet,9325,1398,-7.061674735794403e-05,3000000.0000000005,0.12085987748169084,0.12076500000000001,25.58409448404639,6.527800599554135e-13,1.0000000000000002,1.0,0.0,0.7061674735794418,DOGE_S2B1_lr0.0003_clip0.2_ent0.01_ep4_bs16_cl32_gamma0.99_lam0.9_seed1_H4320_Q3e+06_pov0.1_fee0,checkpoints/DOGE/DOGE_S2B1_lr0.0003_clip0.2_ent0.01_ep4_bs16_cl32_gamma0.99_lam0.9_seed1_H4320_Q3e+06_pov0.1_fee0/best.weights.h5,95
DOGE,doge_q3e+06,3000000.0,4320,3500.0,0.1,buy,DOGE_PPO_3,2026-01-17_steps_5s.parquet,/Users/jackfletcher/Desktop/FYP_Data/Replay_5s_DOGE/January/2026-01-17_steps_5s.parquet,12109,1288,-9.478338912240107e-05,3000000.000000001,0.13877070346521048,0.138565,39.40098094123626,7.701606140900115e-13,1.0000000000000002,1.0,0.0,0.9478338912240047,DOGE_S2B1_lr0.0003_clip0.2_ent0.01_ep4_bs16_cl32_gamma0.99_lam0.9_seed1_H4320_Q3e+06_pov0.1_fee0,checkpoints/DOGE/DOGE_S2B1_lr0.0003_clip0.2_ent0.01_ep4_bs16_cl32_gamma0.99_lam0.9_seed1_H4320_Q3e+06_pov0.1_fee0/best.weights.h5,96
DOGE,doge_q3e+06,3000000.0,4320,3500.0,0.1,buy,DOGE_PPO_3,2026-01-18_steps_5s.parquet,/Users/jackfletcher/Desktop/FYP_Data/Replay_5s_DOGE/January/2026-01-18_steps_5s.parquet,3490,1188,-6.428876962941435e-05,2999999.9999999986,0.13730978359592869,0.137455,26.510438488233312,6.187312956019045e-13,0.9999999999999996,1.0,0.0,0.6428876962941401,DOGE_S2B1_lr0.0003_clip0.2_ent0.01_ep4_bs16_cl32_gamma0.99_lam0.9_seed1_H4320_Q3e+06_pov0.1_fee0,checkpoints/DOGE/DOGE_S2B1_lr0.0003_clip0.2_ent0.01_ep4_bs16_cl32_gamma0.99_lam0.9_seed1_H4320_Q3e+06_pov0.1_fee0/best.weights.h5,97
DOGE,doge_q3e+06,3000000.0,4320,3500.0,0.1,buy,DOGE_PPO_3,2026-01-13_steps_5s.parquet,/Users/jackfletcher/Desktop/FYP_Data/Replay_5s_DOGE/January/2026-01-13_steps_5s.parquet,7006,1567,-4.930749662718418e-05,3000000.0000000047,0.13941813691403906,0.139495,20.63444772602693,8.091462216487112e-13,1.0000000000000016,1.0,0.0,0.49307496627183606,DOGE_S2B1_lr0.0003_clip0.2_ent0.01_ep4_bs16_cl32_gamma0.99_lam0.9_seed1_H4320_Q3e+06_pov0.1_fee0,checkpoints/DOGE/DOGE_S2B1_lr0.0003_clip0.2_ent0.01_ep4_bs16_cl32_gamma0.99_lam0.9_seed1_H4320_Q3e+06_pov0.1_fee0/best.weights.h5,98
DOGE,doge_q3e+06,3000000.0,4320,3500.0,0.1,buy,DOGE_PPO_3,2026-01-31_steps_5s.parquet,/Users/jackfletcher/Desktop/FYP_Data/Replay_5s_DOGE/January/2026-01-31_steps_5s.parquet,12569,1353,-0.00018073843532043048,3000000.0000000033,0.10160558941337045,0.102125,55.37373812129691,7.594261060967328e-13,1.000000000000001,1.0,0.0,1.8073843532043055,DOGE_S2B1_lr0.0003_clip0.2_ent0.01_ep4_bs16_cl32_gamma0.99_lam0.9_seed1_H4320_Q3e+06_pov0.1_fee0,checkpoints/DOGE/DOGE_S2B1_lr0.0003_clip0.2_ent0.01_ep4_bs16_cl32_gamma0.99_lam0.9_seed1_H4320_Q3e+06_pov0.1_fee0/best.weights.h5,99
