asset,scenario_name,target_qty,horizon_steps,max_child_qty,pov_cap,side,policy_name,day_name,day_path,start_idx,steps_used,episode_return,filled_total,exec_vwap,arrival_mid,cost_cash_vs_mid,remaining_qty,completion,completion_100pct,terminated_at_horizon,is_bps,run_name,ckpt,episode_id
DOGE,doge_q1e+06,1000000.0,4320,3500.0,0.1,buy,TWAP,2026-01-21_steps_5s.parquet,/Users/jackfletcher/Desktop/FYP_Data/Replay_5s_DOGE/January/2026-01-21_steps_5s.parquet,4407,4320,-6.202826644365522e-05,1000000.0000000036,0.12459053331617716,0.12574000000000002,7.799434222625218,0.0,1.0000000000000036,1.0,1.0,0.620282664436553,TWAP,,0
DOGE,doge_q1e+06,1000000.0,4320,3500.0,0.1,buy,TWAP,2026-01-08_steps_5s.parquet,/Users/jackfletcher/Desktop/FYP_Data/Replay_5s_DOGE/January/2026-01-08_steps_5s.parquet,10297,4320,-6.078266537599146e-05,1000000.0000000013,0.14166958595356194,0.13966,8.488907046410956,0.0,1.0000000000000013,1.0,1.0,0.6078266537599138,TWAP,,1
DOGE,doge_q1e+06,1000000.0,4320,3500.0,0.1,buy,TWAP,2026-01-18_steps_5s.parquet,/Users/jackfletcher/Desktop/FYP_Data/Replay_5s_DOGE/January/2026-01-18_steps_5s.parquet,856,4320,-4.39593119169926e-05,1000000.0000000022,0.13726691403996988,0.137355,6.038031288358502,0.0,1.0000000000000022,1.0,1.0,0.4395931191699248,TWAP,,2
DOGE,doge_q1e+06,1000000.0,4320,3500.0,0.1,buy,TWAP,2026-01-10_steps_5s.parquet,/Users/jackfletcher/Desktop/FYP_Data/Replay_5s_DOGE/January/2026-01-10_steps_5s.parquet,3263,4320,-4.003795228030135e-05,999999.999999996,0.14009087666532585,0.139875,5.600308575207141,0.0,0.999999999999996,1.0,1.0,0.40037952280301276,TWAP,,3
DOGE,doge_q1e+06,1000000.0,4320,3500.0,0.1,buy,TWAP,2026-01-28_steps_5s.parquet,/Users/jackfletcher/Desktop/FYP_Data/Replay_5s_DOGE/January/2026-01-28_steps_5s.parquet,9699,4320,-7.038626850917965e-05,1000000.0000000015,0.12494558907790748,0.12632,8.891193438079554,0.0,1.0000000000000016,1.0,1.0,0.7038626850917951,TWAP,,4
DOGE,doge_q1e+06,1000000.0,4320,3500.0,0.1,buy,TWAP,2026-01-12_steps_5s.parquet,/Users/jackfletcher/Desktop/FYP_Data/Replay_5s_DOGE/January/2026-01-12_steps_5s.parquet,5349,4320,-5.189238388018417e-05,999999.9999999964,0.13690643628143467,0.13925500000000002,7.226273917235036,0.0,0.9999999999999963,1.0,1.0,0.5189238388018409,TWAP,,5
DOGE,doge_q1e+06,1000000.0,4320,3500.0,0.1,buy,TWAP,2026-01-20_steps_5s.parquet,/Users/jackfletcher/Desktop/FYP_Data/Replay_5s_DOGE/January/2026-01-20_steps_5s.parquet,9376,4320,-9.366724270865687e-05,1000000.0000000029,0.12455021991309517,0.12578,11.781465787894927,0.0,1.0000000000000029,1.0,1.0,0.9366724270865738,TWAP,,6
DOGE,doge_q1e+06,1000000.0,4320,3500.0,0.1,buy,TWAP,2026-01-27_steps_5s.parquet,/Users/jackfletcher/Desktop/FYP_Data/Replay_5s_DOGE/January/2026-01-27_steps_5s.parquet,668,4320,-6.403074985955129e-05,1000000.000000002,0.12268185547468186,0.122285,7.830000246575217,0.0,1.000000000000002,1.0,1.0,0.6403074985955118,TWAP,,7
DOGE,doge_q1e+06,1000000.0,4320,3500.0,0.1,buy,TWAP,2026-01-11_steps_5s.parquet,/Users/jackfletcher/Desktop/FYP_Data/Replay_5s_DOGE/January/2026-01-11_steps_5s.parquet,10543,4320,-4.745693491269588e-05,1000000.000000001,0.13841407153880422,0.140595,6.672207764050491,0.0,1.000000000000001,1.0,1.0,0.4745693491269598,TWAP,,8
DOGE,doge_q1e+06,1000000.0,4320,3500.0,0.1,buy,TWAP,2026-01-19_steps_5s.parquet,/Users/jackfletcher/Desktop/FYP_Data/Replay_5s_DOGE/January/2026-01-19_steps_5s.parquet,4001,4320,-5.456164926040758e-05,999999.9999999998,0.12752620972303086,0.127295,6.945425142603596,0.0,0.9999999999999998,1.0,1.0,0.5456164926040769,TWAP,,9
DOGE,doge_q1e+06,1000000.0,4320,3500.0,0.1,buy,TWAP,2026-01-26_steps_5s.parquet,/Users/jackfletcher/Desktop/FYP_Data/Replay_5s_DOGE/January/2026-01-26_steps_5s.parquet,2653,4320,-6.500531956285643e-05,999999.9999999995,0.12165867261193132,0.121665,7.908872204614928,0.0,0.9999999999999996,1.0,1.0,0.6500531956285643,TWAP,,10
DOGE,doge_q1e+06,1000000.0,4320,3500.0,0.1,buy,TWAP,2026-01-16_steps_5s.parquet,/Users/jackfletcher/Desktop/FYP_Data/Replay_5s_DOGE/January/2026-01-16_steps_5s.parquet,12663,4320,-6.604440541307127e-05,1000000.0000000005,0.1374838371673787,0.13656000000000001,9.019024003209038,0.0,1.0000000000000004,1.0,1.0,0.6604440541307145,TWAP,,11
DOGE,doge_q1e+06,1000000.0,4320,3500.0,0.1,buy,TWAP,2026-01-22_steps_5s.parquet,/Users/jackfletcher/Desktop/FYP_Data/Replay_5s_DOGE/January/2026-01-22_steps_5s.parquet,10332,4320,-7.237396707926436e-05,1000000.0000000013,0.12469973724485124,0.12526500000000002,9.065924986184077,0.0,1.0000000000000013,1.0,1.0,0.7237396707926457,TWAP,,12
DOGE,doge_q1e+06,1000000.0,4320,3500.0,0.1,buy,TWAP,2026-01-09_steps_5s.parquet,/Users/jackfletcher/Desktop/FYP_Data/Replay_5s_DOGE/January/2026-01-09_steps_5s.parquet,12589,4320,-8.234228271411626e-05,1000000.0000000009,0.1404953598945839,0.141815,11.677370823102489,0.0,1.0000000000000009,1.0,1.0,0.8234228271411691,TWAP,,13
DOGE,doge_q1e+06,1000000.0,4320,3500.0,0.1,buy,TWAP,2026-01-15_steps_5s.parquet,/Users/jackfletcher/Desktop/FYP_Data/Replay_5s_DOGE/January/2026-01-15_steps_5s.parquet,50,4320,-6.194859499072651e-05,1000000.0,0.14423294923433078,0.146865,9.09808040331304,0.0,1.0,1.0,1.0,0.6194859499072645,TWAP,,14
DOGE,doge_q1e+06,1000000.0,4320,3500.0,0.1,buy,TWAP,2026-01-14_steps_5s.parquet,/Users/jackfletcher/Desktop/FYP_Data/Replay_5s_DOGE/January/2026-01-14_steps_5s.parquet,5868,4320,-6.862032334743843e-05,999999.9999999976,0.14712377528487766,0.14849,10.18943181386113,0.0,0.9999999999999976,1.0,1.0,0.6862032334743842,TWAP,,15
DOGE,doge_q1e+06,1000000.0,4320,3500.0,0.1,buy,TWAP,2026-01-27_steps_5s.parquet,/Users/jackfletcher/Desktop/FYP_Data/Replay_5s_DOGE/January/2026-01-27_steps_5s.parquet,8646,4320,-7.523784906446217e-05,1000000.0000000001,0.12275619478457613,0.122385,9.207984157754158,0.0,1.0000000000000002,1.0,1.0,0.752378490644618,TWAP,,16
DOGE,doge_q1e+06,1000000.0,4320,3500.0,0.1,buy,TWAP,2026-01-29_steps_5s.parquet,/Users/jackfletcher/Desktop/FYP_Data/Replay_5s_DOGE/January/2026-01-29_steps_5s.parquet,3272,4320,-5.340772426290115e-05,1000000.0000000006,0.12184419165186826,0.121765,6.503191544872127,0.0,1.0000000000000007,1.0,1.0,0.5340772426290089,TWAP,,17
DOGE,doge_q1e+06,1000000.0,4320,3500.0,0.1,buy,TWAP,2026-01-31_steps_5s.parquet,/Users/jackfletcher/Desktop/FYP_Data/Replay_5s_DOGE/January/2026-01-31_steps_5s.parquet,12628,4320,-9.89538787073597e-05,1000000.0000000021,0.10197359020114109,0.102165,10.109623018137356,0.0,1.000000000000002,1.0,1.0,0.9895387870735922,TWAP,,18
DOGE,doge_q1e+06,1000000.0,4320,3500.0,0.1,buy,TWAP,2026-01-17_steps_5s.parquet,/Users/jackfletcher/Desktop/FYP_Data/Replay_5s_DOGE/January/2026-01-17_steps_5s.parquet,5391,4320,-4.3433814873935157e-05,1000000.0000000024,0.1375796615082729,0.137405,5.968023332753039,0.0,1.0000000000000024,1.0,1.0,0.43433814873935,TWAP,,19
DOGE,doge_q1e+06,1000000.0,4320,3500.0,0.1,buy,TWAP,2026-01-19_steps_5s.parquet,/Users/jackfletcher/Desktop/FYP_Data/Replay_5s_DOGE/January/2026-01-19_steps_5s.parquet,12209,4320,-6.59791972053477e-05,999999.9999999992,0.12955369418686366,0.12925,8.527811238791175,0.0,0.9999999999999992,1.0,1.0,0.6597919720534758,TWAP,,20
DOGE,doge_q1e+06,1000000.0,4320,3500.0,0.1,buy,TWAP,2026-01-12_steps_5s.parquet,/Users/jackfletcher/Desktop/FYP_Data/Replay_5s_DOGE/January/2026-01-12_steps_5s.parquet,7354,4320,-6.391779854139529e-05,999999.9999999971,0.1368849217126546,0.136895,8.750027031324295,0.0,0.9999999999999971,1.0,1.0,0.639177985413952,TWAP,,21
DOGE,doge_q1e+06,1000000.0,4320,3500.0,0.1,buy,TWAP,2026-01-30_steps_5s.parquet,/Users/jackfletcher/Desktop/FYP_Data/Replay_5s_DOGE/January/2026-01-30_steps_5s.parquet,11425,4320,-0.00010574037080512315,999999.9999999993,0.11655038062634333,0.11591499999999999,12.256895081875884,0.0,0.9999999999999993,1.0,1.0,1.0574037080512346,TWAP,,22
DOGE,doge_q1e+06,1000000.0,4320,3500.0,0.1,buy,TWAP,2026-01-11_steps_5s.parquet,/Users/jackfletcher/Desktop/FYP_Data/Replay_5s_DOGE/January/2026-01-11_steps_5s.parquet,12399,4320,-5.265160159263787e-05,999999.9999999995,0.1374629142248702,0.138905,7.313570719225388,0.0,0.9999999999999996,1.0,1.0,0.5265160159263804,TWAP,,23
DOGE,doge_q1e+06,1000000.0,4320,3500.0,0.1,buy,TWAP,2026-01-09_steps_5s.parquet,/Users/jackfletcher/Desktop/FYP_Data/Replay_5s_DOGE/January/2026-01-09_steps_5s.parquet,8384,4320,-6.872517009884861e-05,999999.9999999998,0.14118857725878597,0.14066499999999998,9.667226051954541,0.0,0.9999999999999998,1.0,1.0,0.6872517009884863,TWAP,,24
DOGE,doge_q1e+06,1000000.0,4320,3500.0,0.1,buy,TWAP,2026-01-23_steps_5s.parquet,/Users/jackfletcher/Desktop/FYP_Data/Replay_5s_DOGE/January/2026-01-23_steps_5s.parquet,8755,4320,-8.370788703478798e-05,1000000.0000000007,0.12502520225265282,0.12532,10.490272403199656,0.0,1.0000000000000007,1.0,1.0,0.8370788703478821,TWAP,,25
DOGE,doge_q1e+06,1000000.0,4320,3500.0,0.1,buy,TWAP,2026-01-16_steps_5s.parquet,/Users/jackfletcher/Desktop/FYP_Data/Replay_5s_DOGE/January/2026-01-16_steps_5s.parquet,7641,4320,-5.057985326268708e-05,999999.9999999984,0.13758296048105415,0.13908500000000001,7.034898891040819,0.0,0.9999999999999983,1.0,1.0,0.5057985326268699,TWAP,,26
DOGE,doge_q1e+06,1000000.0,4320,3500.0,0.1,buy,TWAP,2026-01-13_steps_5s.parquet,/Users/jackfletcher/Desktop/FYP_Data/Replay_5s_DOGE/January/2026-01-13_steps_5s.parquet,8316,4320,-6.659775982889343e-05,999999.9999999977,0.1409345739264993,0.13916499999999998,9.268077246587968,0.0,0.9999999999999977,1.0,1.0,0.6659775982889354,TWAP,,27
DOGE,doge_q1e+06,1000000.0,4320,3500.0,0.1,buy,TWAP,2026-01-12_steps_5s.parquet,/Users/jackfletcher/Desktop/FYP_Data/Replay_5s_DOGE/January/2026-01-12_steps_5s.parquet,11136,4320,-7.926652980715553e-05,1000000.0000000008,0.13819876721234936,0.137915,10.93204345835384,0.0,1.0000000000000009,1.0,1.0,0.7926652980715543,TWAP,,28
DOGE,doge_q1e+06,1000000.0,4320,3500.0,0.1,buy,TWAP,2026-01-30_steps_5s.parquet,/Users/jackfletcher/Desktop/FYP_Data/Replay_5s_DOGE/January/2026-01-30_steps_5s.parquet,9641,4320,-0.00010700850266280292,1000000.0000000026,0.11604393637179128,0.1147,12.273875255423452,0.0,1.0000000000000027,1.0,1.0,1.0700850266280253,TWAP,,29
DOGE,doge_q1e+06,1000000.0,4320,3500.0,0.1,buy,TWAP,2026-01-27_steps_5s.parquet,/Users/jackfletcher/Desktop/FYP_Data/Replay_5s_DOGE/January/2026-01-27_steps_5s.parquet,9307,4320,-7.577832275145487e-05,1000000.0000000029,0.1228122664640985,0.12218499999999999,9.258974365386468,0.0,1.0000000000000029,1.0,1.0,0.7577832275145452,TWAP,,30
DOGE,doge_q1e+06,1000000.0,4320,3500.0,0.1,buy,TWAP,2026-01-13_steps_5s.parquet,/Users/jackfletcher/Desktop/FYP_Data/Replay_5s_DOGE/January/2026-01-13_steps_5s.parquet,10157,4320,-7.700457475840433e-05,999999.9999999966,0.14260474642106347,0.13938499999999998,10.733282652700199,0.0,0.9999999999999967,1.0,1.0,0.7700457475840443,TWAP,,31
DOGE,doge_q1e+06,1000000.0,4320,3500.0,0.1,buy,TWAP,2026-01-24_steps_5s.parquet,/Users/jackfletcher/Desktop/FYP_Data/Replay_5s_DOGE/January/2026-01-24_steps_5s.parquet,9622,4320,-6.643806594267125e-05,1000000.0000000006,0.12401573060250275,0.124395,8.264563212938592,0.0,1.0000000000000007,1.0,1.0,0.6643806594267126,TWAP,,32
DOGE,doge_q1e+06,1000000.0,4320,3500.0,0.1,buy,TWAP,2026-01-31_steps_5s.parquet,/Users/jackfletcher/Desktop/FYP_Data/Replay_5s_DOGE/January/2026-01-31_steps_5s.parquet,10664,4320,-0.00011760549105131448,1000000.0000000017,0.10353018027261816,0.106965,12.579671350303876,0.0,1.0000000000000018,1.0,1.0,1.1760549105131468,TWAP,,33
DOGE,doge_q1e+06,1000000.0,4320,3500.0,0.1,buy,TWAP,2026-01-24_steps_5s.parquet,/Users/jackfletcher/Desktop/FYP_Data/Replay_5s_DOGE/January/2026-01-24_steps_5s.parquet,7706,4320,-5.577338715682101e-05,999999.9999999979,0.1242413963582172,0.12456500000000001,6.94741197118939,0.0,0.9999999999999979,1.0,1.0,0.5577338715682085,TWAP,,34
DOGE,doge_q1e+06,1000000.0,4320,3500.0,0.1,buy,TWAP,2026-01-11_steps_5s.parquet,/Users/jackfletcher/Desktop/FYP_Data/Replay_5s_DOGE/January/2026-01-11_steps_5s.parquet,12426,4320,-5.3235335257257334e-05,999999.9999999964,0.13745647144161835,0.13864500000000002,7.380813056742473,0.0,0.9999999999999963,1.0,1.0,0.5323533525725753,TWAP,,35
DOGE,doge_q1e+06,1000000.0,4320,3500.0,0.1,buy,TWAP,2026-01-21_steps_5s.parquet,/Users/jackfletcher/Desktop/FYP_Data/Replay_5s_DOGE/January/2026-01-21_steps_5s.parquet,784,4320,-7.32559294607654e-05,1000000.000000002,0.1256809279714581,0.12526500000000002,9.1764040039028,0.0,1.000000000000002,1.0,1.0,0.7325592946076557,TWAP,,36
DOGE,doge_q1e+06,1000000.0,4320,3500.0,0.1,buy,TWAP,2026-01-10_steps_5s.parquet,/Users/jackfletcher/Desktop/FYP_Data/Replay_5s_DOGE/January/2026-01-10_steps_5s.parquet,10952,4320,-3.938669561753018e-05,1000000.0000000022,0.14007735954848383,0.140175,5.52103005818728,0.0,1.0000000000000022,1.0,1.0,0.39386695617530093,TWAP,,37
DOGE,doge_q1e+06,1000000.0,4320,3500.0,0.1,buy,TWAP,2026-01-28_steps_5s.parquet,/Users/jackfletcher/Desktop/FYP_Data/Replay_5s_DOGE/January/2026-01-28_steps_5s.parquet,5354,4320,-6.563772332204975e-05,999999.9999999984,0.12634081873980327,0.12576500000000002,8.25492827359758,0.0,0.9999999999999983,1.0,1.0,0.6563772332204968,TWAP,,38
DOGE,doge_q1e+06,1000000.0,4320,3500.0,0.1,buy,TWAP,2026-01-23_steps_5s.parquet,/Users/jackfletcher/Desktop/FYP_Data/Replay_5s_DOGE/January/2026-01-23_steps_5s.parquet,7151,4320,-7.533843211826478e-05,999999.9999999994,0.12451712387783868,0.12485,9.406003249965355,0.0,0.9999999999999994,1.0,1.0,0.7533843211826475,TWAP,,39
DOGE,doge_q1e+06,1000000.0,4320,3500.0,0.1,buy,TWAP,2026-01-30_steps_5s.parquet,/Users/jackfletcher/Desktop/FYP_Data/Replay_5s_DOGE/January/2026-01-30_steps_5s.parquet,1186,4320,-6.983187590240986e-05,1000000.0000000019,0.11441061842822117,0.116585,8.141349252082438,0.0,1.0000000000000018,1.0,1.0,0.6983187590240972,TWAP,,40
DOGE,doge_q1e+06,1000000.0,4320,3500.0,0.1,buy,TWAP,2026-01-25_steps_5s.parquet,/Users/jackfletcher/Desktop/FYP_Data/Replay_5s_DOGE/January/2026-01-25_steps_5s.parquet,5846,4320,-5.2852091249585526e-05,1000000.0000000019,0.12316130712277584,0.123045,6.503185567805268,0.0,1.0000000000000018,1.0,1.0,0.5285209124958566,TWAP,,41
DOGE,doge_q1e+06,1000000.0,4320,3500.0,0.1,buy,TWAP,2026-01-20_steps_5s.parquet,/Users/jackfletcher/Desktop/FYP_Data/Replay_5s_DOGE/January/2026-01-20_steps_5s.parquet,7224,4320,-8.783453723938898e-05,1000000.0000000006,0.12544019321125965,0.125755,11.045632230539391,0.0,1.0000000000000007,1.0,1.0,0.8783453723938922,TWAP,,42
DOGE,doge_q1e+06,1000000.0,4320,3500.0,0.1,buy,TWAP,2026-01-29_steps_5s.parquet,/Users/jackfletcher/Desktop/FYP_Data/Replay_5s_DOGE/January/2026-01-29_steps_5s.parquet,3837,4320,-5.0699791738702116e-05,999999.9999999992,0.12171521348750465,0.121935,6.182079105658628,0.0,0.9999999999999992,1.0,1.0,0.50699791738702,TWAP,,43
DOGE,doge_q1e+06,1000000.0,4320,3500.0,0.1,buy,TWAP,2026-01-18_steps_5s.parquet,/Users/jackfletcher/Desktop/FYP_Data/Replay_5s_DOGE/January/2026-01-18_steps_5s.parquet,5015,4320,-5.0587183455125334e-05,999999.9999999998,0.13724397798360577,0.137305,6.945873224305986,0.0,0.9999999999999998,1.0,1.0,0.5058718345512535,TWAP,,44
DOGE,doge_q1e+06,1000000.0,4320,3500.0,0.1,buy,TWAP,2026-01-13_steps_5s.parquet,/Users/jackfletcher/Desktop/FYP_Data/Replay_5s_DOGE/January/2026-01-13_steps_5s.parquet,10811,4320,-7.294949963765195e-05,999999.9999999981,0.14308404258397894,0.140705,10.264359346515832,0.0,0.9999999999999981,1.0,1.0,0.7294949963765205,TWAP,,45
DOGE,doge_q1e+06,1000000.0,4320,3500.0,0.1,buy,TWAP,2026-01-13_steps_5s.parquet,/Users/jackfletcher/Desktop/FYP_Data/Replay_5s_DOGE/January/2026-01-13_steps_5s.parquet,6763,4320,-6.270307555730077e-05,999999.999999999,0.13972881956728816,0.13967000000000002,8.757738563088207,0.0,0.999999999999999,1.0,1.0,0.6270307555730081,TWAP,,46
DOGE,doge_q1e+06,1000000.0,4320,3500.0,0.1,buy,TWAP,2026-01-20_steps_5s.parquet,/Users/jackfletcher/Desktop/FYP_Data/Replay_5s_DOGE/January/2026-01-20_steps_5s.parquet,1387,4320,-6.962526018729135e-05,1000000.0000000017,0.1277275271558157,0.12886,8.971911027734368,0.0,1.0000000000000018,1.0,1.0,0.6962526018729139,TWAP,,47
DOGE,doge_q1e+06,1000000.0,4320,3500.0,0.1,buy,TWAP,2026-01-27_steps_5s.parquet,/Users/jackfletcher/Desktop/FYP_Data/Replay_5s_DOGE/January/2026-01-27_steps_5s.parquet,5234,4320,-5.410052456526306e-05,999999.999999999,0.1221661571430203,0.122425,6.623256719902316,0.0,0.999999999999999,1.0,1.0,0.5410052456526295,TWAP,,48
DOGE,doge_q1e+06,1000000.0,4320,3500.0,0.1,buy,TWAP,2026-01-27_steps_5s.parquet,/Users/jackfletcher/Desktop/FYP_Data/Replay_5s_DOGE/January/2026-01-27_steps_5s.parquet,6561,4320,-6.276893870626286e-05,1000000.0000000017,0.12207741564976823,0.122055,7.661262813792921,0.0,1.0000000000000018,1.0,1.0,0.6276893870626292,TWAP,,49
DOGE,doge_q1e+06,1000000.0,4320,3500.0,0.1,buy,TWAP,2026-01-08_steps_5s.parquet,/Users/jackfletcher/Desktop/FYP_Data/Replay_5s_DOGE/January/2026-01-08_steps_5s.parquet,1101,4320,-6.367241402339961e-05,999999.9999999969,0.14547838520972406,0.14741500000000002,9.386268913259457,0.0,0.9999999999999969,1.0,1.0,0.6367241402339961,TWAP,,50
DOGE,doge_q1e+06,1000000.0,4320,3500.0,0.1,buy,TWAP,2026-01-17_steps_5s.parquet,/Users/jackfletcher/Desktop/FYP_Data/Replay_5s_DOGE/January/2026-01-17_steps_5s.parquet,8102,4320,-5.275683150549909e-05,1000000.000000003,0.1382498014484626,0.13764500000000002,7.261714072574472,0.0,1.000000000000003,1.0,1.0,0.5275683150549945,TWAP,,51
DOGE,doge_q1e+06,1000000.0,4320,3500.0,0.1,buy,TWAP,2026-01-26_steps_5s.parquet,/Users/jackfletcher/Desktop/FYP_Data/Replay_5s_DOGE/January/2026-01-26_steps_5s.parquet,12495,4320,-6.876174752658131e-05,1000000.0000000026,0.12242687024029232,0.122055,8.392715094356873,0.0,1.0000000000000027,1.0,1.0,0.6876174752658124,TWAP,,52
DOGE,doge_q1e+06,1000000.0,4320,3500.0,0.1,buy,TWAP,2026-01-08_steps_5s.parquet,/Users/jackfletcher/Desktop/FYP_Data/Replay_5s_DOGE/January/2026-01-08_steps_5s.parquet,7720,4320,-7.064611580229886e-05,999999.9999999985,0.14054368183378846,0.14238,10.058593967931305,0.0,0.9999999999999984,1.0,1.0,0.706461158022988,TWAP,,53
DOGE,doge_q1e+06,1000000.0,4320,3500.0,0.1,buy,TWAP,2026-01-27_steps_5s.parquet,/Users/jackfletcher/Desktop/FYP_Data/Replay_5s_DOGE/January/2026-01-27_steps_5s.parquet,10923,4320,-7.943732819465685e-05,999999.999999999,0.12404866220577125,0.12231500000000001,9.716376798129419,0.0,0.999999999999999,1.0,1.0,0.7943732819465658,TWAP,,54
DOGE,doge_q1e+06,1000000.0,4320,3500.0,0.1,buy,TWAP,2026-01-16_steps_5s.parquet,/Users/jackfletcher/Desktop/FYP_Data/Replay_5s_DOGE/January/2026-01-16_steps_5s.parquet,8118,4320,-5.018251169623384e-05,1000000.0000000021,0.1373178661746657,0.13833499999999999,6.941997755498472,0.0,1.000000000000002,1.0,1.0,0.5018251169623358,TWAP,,55
DOGE,doge_q1e+06,1000000.0,4320,3500.0,0.1,buy,TWAP,2026-01-24_steps_5s.parquet,/Users/jackfletcher/Desktop/FYP_Data/Replay_5s_DOGE/January/2026-01-24_steps_5s.parquet,12563,4320,-6.470365047378801e-05,1000000.0000000029,0.1242834301138463,0.124085,8.028752469040013,0.0,1.0000000000000029,1.0,1.0,0.6470365047378823,TWAP,,56
DOGE,doge_q1e+06,1000000.0,4320,3500.0,0.1,buy,TWAP,2026-01-24_steps_5s.parquet,/Users/jackfletcher/Desktop/FYP_Data/Replay_5s_DOGE/January/2026-01-24_steps_5s.parquet,12422,4320,-6.494284711930289e-05,1000000.0000000051,0.12427224215586706,0.12401999999999999,8.054211899735938,0.0,1.000000000000005,1.0,1.0,0.6494284711930284,TWAP,,57
DOGE,doge_q1e+06,1000000.0,4320,3500.0,0.1,buy,TWAP,2026-01-11_steps_5s.parquet,/Users/jackfletcher/Desktop/FYP_Data/Replay_5s_DOGE/January/2026-01-11_steps_5s.parquet,2936,4320,-4.1125264447600316e-05,999999.9999999988,0.1396374419883183,0.139045,5.718262395116591,0.0,0.9999999999999989,1.0,1.0,0.41125264447600357,TWAP,,58
DOGE,doge_q1e+06,1000000.0,4320,3500.0,0.1,buy,TWAP,2026-01-17_steps_5s.parquet,/Users/jackfletcher/Desktop/FYP_Data/Replay_5s_DOGE/January/2026-01-17_steps_5s.parquet,5974,4320,-4.453887112906838e-05,1000000.0000000007,0.1376381149618814,0.137465,6.122535919757368,0.0,1.0000000000000007,1.0,1.0,0.4453887112906826,TWAP,,59
DOGE,doge_q1e+06,1000000.0,4320,3500.0,0.1,buy,TWAP,2026-01-11_steps_5s.parquet,/Users/jackfletcher/Desktop/FYP_Data/Replay_5s_DOGE/January/2026-01-11_steps_5s.parquet,5823,4320,-5.532748364318108e-05,999999.9999999943,0.14014173820025594,0.139835,7.736718675244224,0.0,0.9999999999999943,1.0,1.0,0.5532748364318106,TWAP,,60
DOGE,doge_q1e+06,1000000.0,4320,3500.0,0.1,buy,TWAP,2026-01-28_steps_5s.parquet,/Users/jackfletcher/Desktop/FYP_Data/Replay_5s_DOGE/January/2026-01-28_steps_5s.parquet,3536,4320,-5.7913085922729265e-05,1000000.0000000049,0.12584576158629568,0.124265,7.196569622187954,0.0,1.0000000000000049,1.0,1.0,0.5791308592272928,TWAP,,61
DOGE,doge_q1e+06,1000000.0,4320,3500.0,0.1,buy,TWAP,2026-01-25_steps_5s.parquet,/Users/jackfletcher/Desktop/FYP_Data/Replay_5s_DOGE/January/2026-01-25_steps_5s.parquet,3135,4320,-5.633185734898878e-05,999999.999999999,0.12311197706065845,0.12323500000000001,6.942056440402619,0.0,0.999999999999999,1.0,1.0,0.5633185734898867,TWAP,,62
DOGE,doge_q1e+06,1000000.0,4320,3500.0,0.1,buy,TWAP,2026-01-11_steps_5s.parquet,/Users/jackfletcher/Desktop/FYP_Data/Replay_5s_DOGE/January/2026-01-11_steps_5s.parquet,4990,4320,-4.45829935599183e-05,999999.9999999965,0.13997034177711207,0.139695,6.228021285352782,0.0,0.9999999999999966,1.0,1.0,0.44582993559918266,TWAP,,63
DOGE,doge_q1e+06,1000000.0,4320,3500.0,0.1,buy,TWAP,2026-01-24_steps_5s.parquet,/Users/jackfletcher/Desktop/FYP_Data/Replay_5s_DOGE/January/2026-01-24_steps_5s.parquet,6057,4320,-4.9445177737836105e-05,999999.9999999981,0.12453223042164968,0.124395,6.150732884698114,0.0,0.9999999999999981,1.0,1.0,0.49445177737836044,TWAP,,64
DOGE,doge_q1e+06,1000000.0,4320,3500.0,0.1,buy,TWAP,2026-01-23_steps_5s.parquet,/Users/jackfletcher/Desktop/FYP_Data/Replay_5s_DOGE/January/2026-01-23_steps_5s.parquet,9838,4320,-8.275711813705008e-05,1000000.0000000033,0.12519092895729397,0.12461,10.312364491057844,0.0,1.0000000000000033,1.0,1.0,0.8275711813705035,TWAP,,65
DOGE,doge_q1e+06,1000000.0,4320,3500.0,0.1,buy,TWAP,2026-01-15_steps_5s.parquet,/Users/jackfletcher/Desktop/FYP_Data/Replay_5s_DOGE/January/2026-01-15_steps_5s.parquet,3683,4320,-4.801124661229215e-05,999999.9999999985,0.14386025461692678,0.14350000000000002,6.889613888863928,0.0,0.9999999999999984,1.0,1.0,0.48011246612292174,TWAP,,66
DOGE,doge_q1e+06,1000000.0,4320,3500.0,0.1,buy,TWAP,2026-01-25_steps_5s.parquet,/Users/jackfletcher/Desktop/FYP_Data/Replay_5s_DOGE/January/2026-01-25_steps_5s.parquet,2831,4320,-5.8097707803286505e-05,999999.9999999981,0.12311793608328855,0.12323500000000001,7.159671021137995,0.0,0.9999999999999981,1.0,1.0,0.5809770780328636,TWAP,,67
DOGE,doge_q1e+06,1000000.0,4320,3500.0,0.1,buy,TWAP,2026-01-25_steps_5s.parquet,/Users/jackfletcher/Desktop/FYP_Data/Replay_5s_DOGE/January/2026-01-25_steps_5s.parquet,7916,4320,-6.908123329460989e-05,1000000.0000000008,0.12235373735791266,0.12348500000000001,8.530496093384864,0.0,1.0000000000000009,1.0,1.0,0.6908123329460957,TWAP,,68
DOGE,doge_q1e+06,1000000.0,4320,3500.0,0.1,buy,TWAP,2026-01-09_steps_5s.parquet,/Users/jackfletcher/Desktop/FYP_Data/Replay_5s_DOGE/January/2026-01-09_steps_5s.parquet,12287,4320,-8.16173180983509e-05,1000000.0000000037,0.14055304407480543,0.143355,11.700250635989068,0.0,1.0000000000000038,1.0,1.0,0.8161731809835073,TWAP,,69
DOGE,doge_q1e+06,1000000.0,4320,3500.0,0.1,buy,TWAP,2026-01-16_steps_5s.parquet,/Users/jackfletcher/Desktop/FYP_Data/Replay_5s_DOGE/January/2026-01-16_steps_5s.parquet,3063,4320,-5.7193872431221626e-05,999999.9999999979,0.13981666017263655,0.13947500000000002,7.977115357344615,0.0,0.9999999999999979,1.0,1.0,0.5719387243122146,TWAP,,70
DOGE,doge_q1e+06,1000000.0,4320,3500.0,0.1,buy,TWAP,2026-01-13_steps_5s.parquet,/Users/jackfletcher/Desktop/FYP_Data/Replay_5s_DOGE/January/2026-01-13_steps_5s.parquet,5509,4320,-4.837049048610448e-05,999999.999999999,0.13941065060449923,0.138515,6.700038489682773,0.0,0.999999999999999,1.0,1.0,0.4837049048610456,TWAP,,71
DOGE,doge_q1e+06,1000000.0,4320,3500.0,0.1,buy,TWAP,2026-01-16_steps_5s.parquet,/Users/jackfletcher/Desktop/FYP_Data/Replay_5s_DOGE/January/2026-01-16_steps_5s.parquet,11203,4320,-6.759471353093765e-05,999999.9999999983,0.13692258612000194,0.135525,9.16077355128033,0.0,0.9999999999999982,1.0,1.0,0.6759471353093769,TWAP,,72
DOGE,doge_q1e+06,1000000.0,4320,3500.0,0.1,buy,TWAP,2026-01-31_steps_5s.parquet,/Users/jackfletcher/Desktop/FYP_Data/Replay_5s_DOGE/January/2026-01-31_steps_5s.parquet,1325,4320,-6.276921130180663e-05,999999.9999999986,0.1146095475061404,0.11557,7.254237750149803,0.0,0.9999999999999986,1.0,1.0,0.6276921130180673,TWAP,,73
DOGE,doge_q1e+06,1000000.0,4320,3500.0,0.1,buy,TWAP,2026-01-30_steps_5s.parquet,/Users/jackfletcher/Desktop/FYP_Data/Replay_5s_DOGE/January/2026-01-30_steps_5s.parquet,11746,4320,-0.00010297339641099235,999999.9999999993,0.1165445567988872,0.116235,11.96911273183168,0.0,0.9999999999999993,1.0,1.0,1.0297339641099221,TWAP,,74
DOGE,doge_q1e+06,1000000.0,4320,3500.0,0.1,buy,TWAP,2026-01-10_steps_5s.parquet,/Users/jackfletcher/Desktop/FYP_Data/Replay_5s_DOGE/January/2026-01-10_steps_5s.parquet,8717,4320,-4.216011715951168e-05,999999.9999999964,0.14005063829587794,0.140135,5.908108018148161,0.0,0.9999999999999963,1.0,1.0,0.4216011715951162,TWAP,,75
DOGE,doge_q1e+06,1000000.0,4320,3500.0,0.1,buy,TWAP,2026-01-27_steps_5s.parquet,/Users/jackfletcher/Desktop/FYP_Data/Replay_5s_DOGE/January/2026-01-27_steps_5s.parquet,5591,4320,-5.3999387292663945e-05,1000000.0000000017,0.12212832419333566,0.122365,6.607635026066831,0.0,1.0000000000000018,1.0,1.0,0.53999387292664,TWAP,,76
DOGE,doge_q1e+06,1000000.0,4320,3500.0,0.1,buy,TWAP,2026-01-24_steps_5s.parquet,/Users/jackfletcher/Desktop/FYP_Data/Replay_5s_DOGE/January/2026-01-24_steps_5s.parquet,12313,4320,-6.48521532059928e-05,1000000.0000000035,0.12425523033033677,0.123835,8.030966392264128,0.0,1.0000000000000036,1.0,1.0,0.6485215320599288,TWAP,,77
DOGE,doge_q1e+06,1000000.0,4320,3500.0,0.1,buy,TWAP,2026-01-18_steps_5s.parquet,/Users/jackfletcher/Desktop/FYP_Data/Replay_5s_DOGE/January/2026-01-18_steps_5s.parquet,8026,4320,-5.182827081435267e-05,1000000.0000000015,0.13703872090900615,0.13713999999999998,7.107729059480321,0.0,1.0000000000000016,1.0,1.0,0.5182827081435265,TWAP,,78
DOGE,doge_q1e+06,1000000.0,4320,3500.0,0.1,buy,TWAP,2026-01-08_steps_5s.parquet,/Users/jackfletcher/Desktop/FYP_Data/Replay_5s_DOGE/January/2026-01-08_steps_5s.parquet,11235,4320,-5.462725599934844e-05,999999.9999999979,0.1421251364302705,0.140945,7.69943859682816,0.0,0.9999999999999979,1.0,1.0,0.546272559993484,TWAP,,79
DOGE,doge_q1e+06,1000000.0,4320,3500.0,0.1,buy,TWAP,2026-01-24_steps_5s.parquet,/Users/jackfletcher/Desktop/FYP_Data/Replay_5s_DOGE/January/2026-01-24_steps_5s.parquet,11398,4320,-6.212331286434522e-05,999999.9999999993,0.12406235058225992,0.12373500000000001,7.686828117269789,0.0,0.9999999999999993,1.0,1.0,0.6212331286434548,TWAP,,80
DOGE,doge_q1e+06,1000000.0,4320,3500.0,0.1,buy,TWAP,2026-01-20_steps_5s.parquet,/Users/jackfletcher/Desktop/FYP_Data/Replay_5s_DOGE/January/2026-01-20_steps_5s.parquet,2184,4320,-6.485082525302445e-05,999999.999999998,0.1272237602693732,0.128445,8.329764249624766,0.0,0.999999999999998,1.0,1.0,0.6485082525302477,TWAP,,81
DOGE,doge_q1e+06,1000000.0,4320,3500.0,0.1,buy,TWAP,2026-01-20_steps_5s.parquet,/Users/jackfletcher/Desktop/FYP_Data/Replay_5s_DOGE/January/2026-01-20_steps_5s.parquet,5626,4320,-6.318198576673784e-05,1000000.0000000033,0.12567553130142053,0.127055,8.027587201592853,0.0,1.0000000000000033,1.0,1.0,0.6318198576673766,TWAP,,82
DOGE,doge_q1e+06,1000000.0,4320,3500.0,0.1,buy,TWAP,2026-01-24_steps_5s.parquet,/Users/jackfletcher/Desktop/FYP_Data/Replay_5s_DOGE/January/2026-01-24_steps_5s.parquet,2742,4320,-6.15222960167375e-05,1000000.0000000007,0.12446560317743675,0.124525,7.6610639114842485,0.0,1.0000000000000007,1.0,1.0,0.615222960167376,TWAP,,83
DOGE,doge_q1e+06,1000000.0,4320,3500.0,0.1,buy,TWAP,2026-01-10_steps_5s.parquet,/Users/jackfletcher/Desktop/FYP_Data/Replay_5s_DOGE/January/2026-01-10_steps_5s.parquet,7687,4320,-4.262481691663991e-05,999999.9999999978,0.140063082001248,0.140355,5.9826061783350175,0.0,0.9999999999999978,1.0,1.0,0.42624816916640074,TWAP,,84
DOGE,doge_q1e+06,1000000.0,4320,3500.0,0.1,buy,TWAP,2026-01-14_steps_5s.parquet,/Users/jackfletcher/Desktop/FYP_Data/Replay_5s_DOGE/January/2026-01-14_steps_5s.parquet,3571,4320,-6.575906237899874e-05,999999.9999999967,0.14799286373858542,0.14854499999999998,9.768179921088365,0.0,0.9999999999999968,1.0,1.0,0.6575906237899873,TWAP,,85
DOGE,doge_q1e+06,1000000.0,4320,3500.0,0.1,buy,TWAP,2026-01-23_steps_5s.parquet,/Users/jackfletcher/Desktop/FYP_Data/Replay_5s_DOGE/January/2026-01-23_steps_5s.parquet,7741,4320,-8.30584943327071e-05,999999.9999999983,0.12462835373922909,0.12502000000000002,10.383972961475067,0.0,0.9999999999999982,1.0,1.0,0.8305849433270729,TWAP,,86
DOGE,doge_q1e+06,1000000.0,4320,3500.0,0.1,buy,TWAP,2026-01-11_steps_5s.parquet,/Users/jackfletcher/Desktop/FYP_Data/Replay_5s_DOGE/January/2026-01-11_steps_5s.parquet,11413,4320,-4.612601975082876e-05,1000000.0000000038,0.1377934913574943,0.13772,6.352475440084143,0.0,1.0000000000000038,1.0,1.0,0.46126019750828806,TWAP,,87
DOGE,doge_q1e+06,1000000.0,4320,3500.0,0.1,buy,TWAP,2026-01-12_steps_5s.parquet,/Users/jackfletcher/Desktop/FYP_Data/Replay_5s_DOGE/January/2026-01-12_steps_5s.parquet,292,4320,-6.061977659758657e-05,999999.9999999979,0.14034385337431182,0.138325,8.385230597861169,0.0,0.9999999999999979,1.0,1.0,0.606197765975866,TWAP,,88
DOGE,doge_q1e+06,1000000.0,4320,3500.0,0.1,buy,TWAP,2026-01-11_steps_5s.parquet,/Users/jackfletcher/Desktop/FYP_Data/Replay_5s_DOGE/January/2026-01-11_steps_5s.parquet,2194,4320,-4.145407276033144e-05,999999.9999999991,0.13946681082482024,0.139035,5.76356700623268,0.0,0.9999999999999991,1.0,1.0,0.4145407276033143,TWAP,,89
DOGE,doge_q1e+06,1000000.0,4320,3500.0,0.1,buy,TWAP,2026-01-10_steps_5s.parquet,/Users/jackfletcher/Desktop/FYP_Data/Replay_5s_DOGE/January/2026-01-10_steps_5s.parquet,3710,4320,-4.1234724419949786e-05,999999.9999999946,0.14012184431865124,0.140305,5.7854380097410445,0.0,0.9999999999999947,1.0,1.0,0.41234724419949714,TWAP,,90
DOGE,doge_q1e+06,1000000.0,4320,3500.0,0.1,buy,TWAP,2026-01-08_steps_5s.parquet,/Users/jackfletcher/Desktop/FYP_Data/Replay_5s_DOGE/January/2026-01-08_steps_5s.parquet,1642,4320,-6.505577947452031e-05,999999.9999999945,0.14513531006767483,0.14749,9.595076914697003,0.0,0.9999999999999946,1.0,1.0,0.6505577947452034,TWAP,,91
DOGE,doge_q1e+06,1000000.0,4320,3500.0,0.1,buy,TWAP,2026-01-29_steps_5s.parquet,/Users/jackfletcher/Desktop/FYP_Data/Replay_5s_DOGE/January/2026-01-29_steps_5s.parquet,237,4320,-7.062043943885722e-05,999999.9999999981,0.12271340223879366,0.12454499999999999,8.795422629912418,0.0,0.9999999999999981,1.0,1.0,0.7062043943885679,TWAP,,92
DOGE,doge_q1e+06,1000000.0,4320,3500.0,0.1,buy,TWAP,2026-01-28_steps_5s.parquet,/Users/jackfletcher/Desktop/FYP_Data/Replay_5s_DOGE/January/2026-01-28_steps_5s.parquet,9050,4320,-7.17692126114022e-05,1000000.0000000051,0.12513511933443966,0.12625,9.060863092189546,0.0,1.000000000000005,1.0,1.0,0.7176921261140234,TWAP,,93
DOGE,doge_q1e+06,1000000.0,4320,3500.0,0.1,buy,TWAP,2026-01-13_steps_5s.parquet,/Users/jackfletcher/Desktop/FYP_Data/Replay_5s_DOGE/January/2026-01-13_steps_5s.parquet,3904,4320,-4.6022074484954216e-05,1000000.0000000003,0.1392759753636283,0.139225,6.407423320167764,0.0,1.0000000000000004,1.0,1.0,0.4602207448495431,TWAP,,94
DOGE,doge_q1e+06,1000000.0,4320,3500.0,0.1,buy,TWAP,2026-01-19_steps_5s.parquet,/Users/jackfletcher/Desktop/FYP_Data/Replay_5s_DOGE/January/2026-01-19_steps_5s.parquet,8209,4320,-7.03906313049639e-05,999999.9999999985,0.12825966612341755,0.12789,9.00225783759183,0.0,0.9999999999999984,1.0,1.0,0.7039063130496388,TWAP,,95
DOGE,doge_q1e+06,1000000.0,4320,3500.0,0.1,buy,TWAP,2026-01-14_steps_5s.parquet,/Users/jackfletcher/Desktop/FYP_Data/Replay_5s_DOGE/January/2026-01-14_steps_5s.parquet,9841,4320,-8.810800402491887e-05,999999.9999999977,0.14841374265374474,0.146295,12.88976044882556,0.0,0.9999999999999977,1.0,1.0,0.8810800402491924,TWAP,,96
DOGE,doge_q1e+06,1000000.0,4320,3500.0,0.1,buy,TWAP,2026-01-29_steps_5s.parquet,/Users/jackfletcher/Desktop/FYP_Data/Replay_5s_DOGE/January/2026-01-29_steps_5s.parquet,6579,4320,-5.630903989579778e-05,999999.9999999991,0.12084996787035027,0.12184500000000001,6.860974966103473,0.0,0.9999999999999991,1.0,1.0,0.5630903989579771,TWAP,,97
DOGE,doge_q1e+06,1000000.0,4320,3500.0,0.1,buy,TWAP,2026-01-09_steps_5s.parquet,/Users/jackfletcher/Desktop/FYP_Data/Replay_5s_DOGE/January/2026-01-09_steps_5s.parquet,11428,4320,-7.733511859892943e-05,1000000.0000000016,0.14089561788325664,0.14171,10.959159656654261,0.0,1.0000000000000016,1.0,1.0,0.7733511859892923,TWAP,,98
DOGE,doge_q1e+06,1000000.0,4320,3500.0,0.1,buy,TWAP,2026-01-16_steps_5s.parquet,/Users/jackfletcher/Desktop/FYP_Data/Replay_5s_DOGE/January/2026-01-16_steps_5s.parquet,7709,4320,-5.032978663301113e-05,999999.999999999,0.13755153795885108,0.139015,6.996595288788032,0.0,0.999999999999999,1.0,1.0,0.5032978663301106,TWAP,,99
DOGE,doge_q1e+06,1000000.0,4320,3500.0,0.1,buy,DOGE_PPO_1,2026-01-21_steps_5s.parquet,/Users/jackfletcher/Desktop/FYP_Data/Replay_5s_DOGE/January/2026-01-21_steps_5s.parquet,4407,491,-6.0612901565854194e-05,999999.9999999993,0.12565375187923497,0.12574000000000002,7.621466242890557,5.935399270432181e-13,0.9999999999999993,1.0,0.0,0.6061290156585459,DOGE_S2B1_lr0.0003_clip0.2_ent0.01_ep4_bs16_cl32_gamma0.999_lam0.95_seed1_H4320_Q3e+06_pov0.1_fee0,checkpoints/DOGE/DOGE_S2B1_lr0.0003_clip0.2_ent0.01_ep4_bs16_cl32_gamma0.999_lam0.95_seed1_H4320_Q3e+06_pov0.1_fee0/best.weights.h5,0
DOGE,doge_q1e+06,1000000.0,4320,3500.0,0.1,buy,DOGE_PPO_1,2026-01-08_steps_5s.parquet,/Users/jackfletcher/Desktop/FYP_Data/Replay_5s_DOGE/January/2026-01-08_steps_5s.parquet,10297,790,-0.00010479336343087314,999999.999999999,0.13947582969953026,0.13966,14.635441136755762,9.845720091967052e-13,0.999999999999999,1.0,0.0,1.0479336343087329,DOGE_S2B1_lr0.0003_clip0.2_ent0.01_ep4_bs16_cl32_gamma0.999_lam0.95_seed1_H4320_Q3e+06_pov0.1_fee0,checkpoints/DOGE/DOGE_S2B1_lr0.0003_clip0.2_ent0.01_ep4_bs16_cl32_gamma0.999_lam0.95_seed1_H4320_Q3e+06_pov0.1_fee0/best.weights.h5,1
DOGE,doge_q1e+06,1000000.0,4320,3500.0,0.1,buy,DOGE_PPO_1,2026-01-18_steps_5s.parquet,/Users/jackfletcher/Desktop/FYP_Data/Replay_5s_DOGE/January/2026-01-18_steps_5s.parquet,856,462,-9.071638918009916e-05,999999.9999999994,0.1374253044399752,0.137355,12.460349635832522,9.169579081093947e-13,0.9999999999999994,1.0,0.0,0.9071638918009917,DOGE_S2B1_lr0.0003_clip0.2_ent0.01_ep4_bs16_cl32_gamma0.999_lam0.95_seed1_H4320_Q3e+06_pov0.1_fee0,checkpoints/DOGE/DOGE_S2B1_lr0.0003_clip0.2_ent0.01_ep4_bs16_cl32_gamma0.999_lam0.95_seed1_H4320_Q3e+06_pov0.1_fee0/best.weights.h5,2
DOGE,doge_q1e+06,1000000.0,4320,3500.0,0.1,buy,DOGE_PPO_1,2026-01-10_steps_5s.parquet,/Users/jackfletcher/Desktop/FYP_Data/Replay_5s_DOGE/January/2026-01-10_steps_5s.parquet,3263,452,-8.374610560259211e-05,999999.9999999998,0.14005186164865346,0.139875,11.713986521162564,7.759800985192467e-13,0.9999999999999998,1.0,0.0,0.8374610560259206,DOGE_S2B1_lr0.0003_clip0.2_ent0.01_ep4_bs16_cl32_gamma0.999_lam0.95_seed1_H4320_Q3e+06_pov0.1_fee0,checkpoints/DOGE/DOGE_S2B1_lr0.0003_clip0.2_ent0.01_ep4_bs16_cl32_gamma0.999_lam0.95_seed1_H4320_Q3e+06_pov0.1_fee0/best.weights.h5,3
DOGE,doge_q1e+06,1000000.0,4320,3500.0,0.1,buy,DOGE_PPO_1,2026-01-28_steps_5s.parquet,/Users/jackfletcher/Desktop/FYP_Data/Replay_5s_DOGE/January/2026-01-28_steps_5s.parquet,9699,591,-8.395910083220008e-05,999999.999999999,0.1262017630205766,0.12632,10.605713617123563,9.635476219111163e-13,0.999999999999999,1.0,0.0,0.8395910083220047,DOGE_S2B1_lr0.0003_clip0.2_ent0.01_ep4_bs16_cl32_gamma0.999_lam0.95_seed1_H4320_Q3e+06_pov0.1_fee0,checkpoints/DOGE/DOGE_S2B1_lr0.0003_clip0.2_ent0.01_ep4_bs16_cl32_gamma0.999_lam0.95_seed1_H4320_Q3e+06_pov0.1_fee0/best.weights.h5,4
DOGE,doge_q1e+06,1000000.0,4320,3500.0,0.1,buy,DOGE_PPO_1,2026-01-12_steps_5s.parquet,/Users/jackfletcher/Desktop/FYP_Data/Replay_5s_DOGE/January/2026-01-12_steps_5s.parquet,5349,633,-5.2642207679798104e-05,1000000.0000000005,0.13843838049509355,0.13925500000000002,7.330690630450297,7.00496410759717e-13,1.0000000000000004,1.0,0.0,0.5264220767979818,DOGE_S2B1_lr0.0003_clip0.2_ent0.01_ep4_bs16_cl32_gamma0.999_lam0.95_seed1_H4320_Q3e+06_pov0.1_fee0,checkpoints/DOGE/DOGE_S2B1_lr0.0003_clip0.2_ent0.01_ep4_bs16_cl32_gamma0.999_lam0.95_seed1_H4320_Q3e+06_pov0.1_fee0/best.weights.h5,5
DOGE,doge_q1e+06,1000000.0,4320,3500.0,0.1,buy,DOGE_PPO_1,2026-01-20_steps_5s.parquet,/Users/jackfletcher/Desktop/FYP_Data/Replay_5s_DOGE/January/2026-01-20_steps_5s.parquet,9376,774,-7.641493938168655e-05,1000000.0000000001,0.12512746030879435,0.12578,9.611471075428543,7.088505324459356e-13,1.0000000000000002,1.0,0.0,0.7641493938168662,DOGE_S2B1_lr0.0003_clip0.2_ent0.01_ep4_bs16_cl32_gamma0.999_lam0.95_seed1_H4320_Q3e+06_pov0.1_fee0,checkpoints/DOGE/DOGE_S2B1_lr0.0003_clip0.2_ent0.01_ep4_bs16_cl32_gamma0.999_lam0.95_seed1_H4320_Q3e+06_pov0.1_fee0/best.weights.h5,6
DOGE,doge_q1e+06,1000000.0,4320,3500.0,0.1,buy,DOGE_PPO_1,2026-01-27_steps_5s.parquet,/Users/jackfletcher/Desktop/FYP_Data/Replay_5s_DOGE/January/2026-01-27_steps_5s.parquet,668,461,-9.730653665541323e-05,1000000.0000000006,0.12215261036250236,0.122285,11.899129834907228,5.631220102090294e-13,1.0000000000000007,1.0,0.0,0.9730653665541341,DOGE_S2B1_lr0.0003_clip0.2_ent0.01_ep4_bs16_cl32_gamma0.999_lam0.95_seed1_H4320_Q3e+06_pov0.1_fee0,checkpoints/DOGE/DOGE_S2B1_lr0.0003_clip0.2_ent0.01_ep4_bs16_cl32_gamma0.999_lam0.95_seed1_H4320_Q3e+06_pov0.1_fee0/best.weights.h5,7
DOGE,doge_q1e+06,1000000.0,4320,3500.0,0.1,buy,DOGE_PPO_1,2026-01-11_steps_5s.parquet,/Users/jackfletcher/Desktop/FYP_Data/Replay_5s_DOGE/January/2026-01-11_steps_5s.parquet,10543,563,-0.00012160044506157394,999999.9999999994,0.1405340613012447,0.140595,17.096414573431986,5.660664896280051e-13,0.9999999999999994,1.0,0.0,1.2160044506157393,DOGE_S2B1_lr0.0003_clip0.2_ent0.01_ep4_bs16_cl32_gamma0.999_lam0.95_seed1_H4320_Q3e+06_pov0.1_fee0,checkpoints/DOGE/DOGE_S2B1_lr0.0003_clip0.2_ent0.01_ep4_bs16_cl32_gamma0.999_lam0.95_seed1_H4320_Q3e+06_pov0.1_fee0/best.weights.h5,8
DOGE,doge_q1e+06,1000000.0,4320,3500.0,0.1,buy,DOGE_PPO_1,2026-01-19_steps_5s.parquet,/Users/jackfletcher/Desktop/FYP_Data/Replay_5s_DOGE/January/2026-01-19_steps_5s.parquet,4001,584,-6.710717920372122e-05,999999.9999999995,0.12713928611239925,0.127295,8.542408376737678,6.413056923983267e-13,0.9999999999999996,1.0,0.0,0.6710717920372111,DOGE_S2B1_lr0.0003_clip0.2_ent0.01_ep4_bs16_cl32_gamma0.999_lam0.95_seed1_H4320_Q3e+06_pov0.1_fee0,checkpoints/DOGE/DOGE_S2B1_lr0.0003_clip0.2_ent0.01_ep4_bs16_cl32_gamma0.999_lam0.95_seed1_H4320_Q3e+06_pov0.1_fee0/best.weights.h5,9
DOGE,doge_q1e+06,1000000.0,4320,3500.0,0.1,buy,DOGE_PPO_1,2026-01-26_steps_5s.parquet,/Users/jackfletcher/Desktop/FYP_Data/Replay_5s_DOGE/January/2026-01-26_steps_5s.parquet,2653,565,-9.187819550580773e-05,1000000.0,0.1215419528803802,0.121665,11.178360656214107,9.72841572760145e-13,1.0,1.0,0.0,0.918781955058078,DOGE_S2B1_lr0.0003_clip0.2_ent0.01_ep4_bs16_cl32_gamma0.999_lam0.95_seed1_H4320_Q3e+06_pov0.1_fee0,checkpoints/DOGE/DOGE_S2B1_lr0.0003_clip0.2_ent0.01_ep4_bs16_cl32_gamma0.999_lam0.95_seed1_H4320_Q3e+06_pov0.1_fee0/best.weights.h5,10
DOGE,doge_q1e+06,1000000.0,4320,3500.0,0.1,buy,DOGE_PPO_1,2026-01-16_steps_5s.parquet,/Users/jackfletcher/Desktop/FYP_Data/Replay_5s_DOGE/January/2026-01-16_steps_5s.parquet,12663,800,-8.464933262638982e-05,1000000.0000000006,0.13702310224340097,0.13656000000000001,11.559712863459788,6.916320735997553e-13,1.0000000000000007,1.0,0.0,0.8464933262638976,DOGE_S2B1_lr0.0003_clip0.2_ent0.01_ep4_bs16_cl32_gamma0.999_lam0.95_seed1_H4320_Q3e+06_pov0.1_fee0,checkpoints/DOGE/DOGE_S2B1_lr0.0003_clip0.2_ent0.01_ep4_bs16_cl32_gamma0.999_lam0.95_seed1_H4320_Q3e+06_pov0.1_fee0/best.weights.h5,11
DOGE,doge_q1e+06,1000000.0,4320,3500.0,0.1,buy,DOGE_PPO_1,2026-01-22_steps_5s.parquet,/Users/jackfletcher/Desktop/FYP_Data/Replay_5s_DOGE/January/2026-01-22_steps_5s.parquet,10332,647,-0.0001057863967227378,999999.9999999997,0.12465804343715124,0.12526500000000002,13.251332985473752,8.170501319428275e-13,0.9999999999999997,1.0,0.0,1.0578639672273782,DOGE_S2B1_lr0.0003_clip0.2_ent0.01_ep4_bs16_cl32_gamma0.999_lam0.95_seed1_H4320_Q3e+06_pov0.1_fee0,checkpoints/DOGE/DOGE_S2B1_lr0.0003_clip0.2_ent0.01_ep4_bs16_cl32_gamma0.999_lam0.95_seed1_H4320_Q3e+06_pov0.1_fee0/best.weights.h5,12
DOGE,doge_q1e+06,1000000.0,4320,3500.0,0.1,buy,DOGE_PPO_1,2026-01-09_steps_5s.parquet,/Users/jackfletcher/Desktop/FYP_Data/Replay_5s_DOGE/January/2026-01-09_steps_5s.parquet,12589,669,-0.00012169894319881283,1000000.0,0.14204139748602265,0.141815,17.258735629739654,7.249489045331833e-13,1.0,1.0,0.0,1.2169894319881291,DOGE_S2B1_lr0.0003_clip0.2_ent0.01_ep4_bs16_cl32_gamma0.999_lam0.95_seed1_H4320_Q3e+06_pov0.1_fee0,checkpoints/DOGE/DOGE_S2B1_lr0.0003_clip0.2_ent0.01_ep4_bs16_cl32_gamma0.999_lam0.95_seed1_H4320_Q3e+06_pov0.1_fee0/best.weights.h5,13
DOGE,doge_q1e+06,1000000.0,4320,3500.0,0.1,buy,DOGE_PPO_1,2026-01-15_steps_5s.parquet,/Users/jackfletcher/Desktop/FYP_Data/Replay_5s_DOGE/January/2026-01-15_steps_5s.parquet,50,556,-0.00012294345126889574,1000000.0000000009,0.14676573298691328,0.146865,18.056089970606386,5.831014065436078e-13,1.0000000000000009,1.0,0.0,1.2294345126889583,DOGE_S2B1_lr0.0003_clip0.2_ent0.01_ep4_bs16_cl32_gamma0.999_lam0.95_seed1_H4320_Q3e+06_pov0.1_fee0,checkpoints/DOGE/DOGE_S2B1_lr0.0003_clip0.2_ent0.01_ep4_bs16_cl32_gamma0.999_lam0.95_seed1_H4320_Q3e+06_pov0.1_fee0/best.weights.h5,14
DOGE,doge_q1e+06,1000000.0,4320,3500.0,0.1,buy,DOGE_PPO_1,2026-01-14_steps_5s.parquet,/Users/jackfletcher/Desktop/FYP_Data/Replay_5s_DOGE/January/2026-01-14_steps_5s.parquet,5868,579,-0.00010118115701300654,999999.9999999995,0.14832857341941635,0.14849,15.02439000486138,6.815622919253128e-13,0.9999999999999996,1.0,0.0,1.0118115701300678,DOGE_S2B1_lr0.0003_clip0.2_ent0.01_ep4_bs16_cl32_gamma0.999_lam0.95_seed1_H4320_Q3e+06_pov0.1_fee0,checkpoints/DOGE/DOGE_S2B1_lr0.0003_clip0.2_ent0.01_ep4_bs16_cl32_gamma0.999_lam0.95_seed1_H4320_Q3e+06_pov0.1_fee0/best.weights.h5,15
DOGE,doge_q1e+06,1000000.0,4320,3500.0,0.1,buy,DOGE_PPO_1,2026-01-27_steps_5s.parquet,/Users/jackfletcher/Desktop/FYP_Data/Replay_5s_DOGE/January/2026-01-27_steps_5s.parquet,8646,453,-7.477908056688922e-05,1000000.0000000002,0.12253452467695165,0.122385,9.151837775178743,8.211205354731602e-13,1.0000000000000002,1.0,0.0,0.7477908056688927,DOGE_S2B1_lr0.0003_clip0.2_ent0.01_ep4_bs16_cl32_gamma0.999_lam0.95_seed1_H4320_Q3e+06_pov0.1_fee0,checkpoints/DOGE/DOGE_S2B1_lr0.0003_clip0.2_ent0.01_ep4_bs16_cl32_gamma0.999_lam0.95_seed1_H4320_Q3e+06_pov0.1_fee0/best.weights.h5,16
DOGE,doge_q1e+06,1000000.0,4320,3500.0,0.1,buy,DOGE_PPO_1,2026-01-29_steps_5s.parquet,/Users/jackfletcher/Desktop/FYP_Data/Replay_5s_DOGE/January/2026-01-29_steps_5s.parquet,3272,463,-9.201439495112561e-05,1000000.0000000001,0.12197929755053932,0.121765,11.204132801223821,9.52692685419631e-13,1.0000000000000002,1.0,0.0,0.920143949511257,DOGE_S2B1_lr0.0003_clip0.2_ent0.01_ep4_bs16_cl32_gamma0.999_lam0.95_seed1_H4320_Q3e+06_pov0.1_fee0,checkpoints/DOGE/DOGE_S2B1_lr0.0003_clip0.2_ent0.01_ep4_bs16_cl32_gamma0.999_lam0.95_seed1_H4320_Q3e+06_pov0.1_fee0/best.weights.h5,17
DOGE,doge_q1e+06,1000000.0,4320,3500.0,0.1,buy,DOGE_PPO_1,2026-01-31_steps_5s.parquet,/Users/jackfletcher/Desktop/FYP_Data/Replay_5s_DOGE/January/2026-01-31_steps_5s.parquet,12628,581,-0.0001505210241875861,999999.999999999,0.10194375748274946,0.102165,15.377980436124712,8.603415497660475e-13,0.999999999999999,1.0,0.0,1.505210241875859,DOGE_S2B1_lr0.0003_clip0.2_ent0.01_ep4_bs16_cl32_gamma0.999_lam0.95_seed1_H4320_Q3e+06_pov0.1_fee0,checkpoints/DOGE/DOGE_S2B1_lr0.0003_clip0.2_ent0.01_ep4_bs16_cl32_gamma0.999_lam0.95_seed1_H4320_Q3e+06_pov0.1_fee0/best.weights.h5,18
DOGE,doge_q1e+06,1000000.0,4320,3500.0,0.1,buy,DOGE_PPO_1,2026-01-17_steps_5s.parquet,/Users/jackfletcher/Desktop/FYP_Data/Replay_5s_DOGE/January/2026-01-17_steps_5s.parquet,5391,456,-6.228063069296516e-05,1000000.0,0.13737567771195772,0.137405,8.557670060366908,7.016177882717316e-13,1.0,1.0,0.0,0.6228063069296538,DOGE_S2B1_lr0.0003_clip0.2_ent0.01_ep4_bs16_cl32_gamma0.999_lam0.95_seed1_H4320_Q3e+06_pov0.1_fee0,checkpoints/DOGE/DOGE_S2B1_lr0.0003_clip0.2_ent0.01_ep4_bs16_cl32_gamma0.999_lam0.95_seed1_H4320_Q3e+06_pov0.1_fee0/best.weights.h5,19
DOGE,doge_q1e+06,1000000.0,4320,3500.0,0.1,buy,DOGE_PPO_1,2026-01-19_steps_5s.parquet,/Users/jackfletcher/Desktop/FYP_Data/Replay_5s_DOGE/January/2026-01-19_steps_5s.parquet,12209,569,-0.00010735813208318106,999999.9999999992,0.129085741743024,0.12925,13.876038571751199,7.994894882545191e-13,0.9999999999999992,1.0,0.0,1.0735813208318143,DOGE_S2B1_lr0.0003_clip0.2_ent0.01_ep4_bs16_cl32_gamma0.999_lam0.95_seed1_H4320_Q3e+06_pov0.1_fee0,checkpoints/DOGE/DOGE_S2B1_lr0.0003_clip0.2_ent0.01_ep4_bs16_cl32_gamma0.999_lam0.95_seed1_H4320_Q3e+06_pov0.1_fee0/best.weights.h5,20
DOGE,doge_q1e+06,1000000.0,4320,3500.0,0.1,buy,DOGE_PPO_1,2026-01-12_steps_5s.parquet,/Users/jackfletcher/Desktop/FYP_Data/Replay_5s_DOGE/January/2026-01-12_steps_5s.parquet,7354,579,-8.110763678218177e-05,999999.9999999998,0.13673270092878162,0.136895,11.103229937296785,6.958599342692894e-13,0.9999999999999998,1.0,0.0,0.8110763678218185,DOGE_S2B1_lr0.0003_clip0.2_ent0.01_ep4_bs16_cl32_gamma0.999_lam0.95_seed1_H4320_Q3e+06_pov0.1_fee0,checkpoints/DOGE/DOGE_S2B1_lr0.0003_clip0.2_ent0.01_ep4_bs16_cl32_gamma0.999_lam0.95_seed1_H4320_Q3e+06_pov0.1_fee0/best.weights.h5,21
DOGE,doge_q1e+06,1000000.0,4320,3500.0,0.1,buy,DOGE_PPO_1,2026-01-30_steps_5s.parquet,/Users/jackfletcher/Desktop/FYP_Data/Replay_5s_DOGE/January/2026-01-30_steps_5s.parquet,11425,685,-0.00011007977030041779,1000000.0,0.11622239119386342,0.11591499999999999,12.759896574372947,8.835849699533391e-13,1.0,1.0,0.0,1.1007977030041796,DOGE_S2B1_lr0.0003_clip0.2_ent0.01_ep4_bs16_cl32_gamma0.999_lam0.95_seed1_H4320_Q3e+06_pov0.1_fee0,checkpoints/DOGE/DOGE_S2B1_lr0.0003_clip0.2_ent0.01_ep4_bs16_cl32_gamma0.999_lam0.95_seed1_H4320_Q3e+06_pov0.1_fee0/best.weights.h5,22
DOGE,doge_q1e+06,1000000.0,4320,3500.0,0.1,buy,DOGE_PPO_1,2026-01-11_steps_5s.parquet,/Users/jackfletcher/Desktop/FYP_Data/Replay_5s_DOGE/January/2026-01-11_steps_5s.parquet,12399,521,-7.995348115618476e-05,1000000.0000000006,0.13844588037196182,0.138905,11.105938299999902,8.158176125634983e-13,1.0000000000000007,1.0,0.0,0.7995348115618518,DOGE_S2B1_lr0.0003_clip0.2_ent0.01_ep4_bs16_cl32_gamma0.999_lam0.95_seed1_H4320_Q3e+06_pov0.1_fee0,checkpoints/DOGE/DOGE_S2B1_lr0.0003_clip0.2_ent0.01_ep4_bs16_cl32_gamma0.999_lam0.95_seed1_H4320_Q3e+06_pov0.1_fee0/best.weights.h5,23
DOGE,doge_q1e+06,1000000.0,4320,3500.0,0.1,buy,DOGE_PPO_1,2026-01-09_steps_5s.parquet,/Users/jackfletcher/Desktop/FYP_Data/Replay_5s_DOGE/January/2026-01-09_steps_5s.parquet,8384,534,-5.8091365884305265e-05,999999.9999999998,0.1403391149633633,0.14066499999999998,8.171421982115813,8.825007318804912e-13,0.9999999999999998,1.0,0.0,0.5809136588430537,DOGE_S2B1_lr0.0003_clip0.2_ent0.01_ep4_bs16_cl32_gamma0.999_lam0.95_seed1_H4320_Q3e+06_pov0.1_fee0,checkpoints/DOGE/DOGE_S2B1_lr0.0003_clip0.2_ent0.01_ep4_bs16_cl32_gamma0.999_lam0.95_seed1_H4320_Q3e+06_pov0.1_fee0/best.weights.h5,24
DOGE,doge_q1e+06,1000000.0,4320,3500.0,0.1,buy,DOGE_PPO_1,2026-01-23_steps_5s.parquet,/Users/jackfletcher/Desktop/FYP_Data/Replay_5s_DOGE/January/2026-01-23_steps_5s.parquet,8755,416,-9.875912886896619e-05,999999.9999999999,0.12514433387120835,0.12532,12.37649402985887,9.803525660319419e-13,0.9999999999999999,1.0,0.0,0.9875912886896642,DOGE_S2B1_lr0.0003_clip0.2_ent0.01_ep4_bs16_cl32_gamma0.999_lam0.95_seed1_H4320_Q3e+06_pov0.1_fee0,checkpoints/DOGE/DOGE_S2B1_lr0.0003_clip0.2_ent0.01_ep4_bs16_cl32_gamma0.999_lam0.95_seed1_H4320_Q3e+06_pov0.1_fee0/best.weights.h5,25
DOGE,doge_q1e+06,1000000.0,4320,3500.0,0.1,buy,DOGE_PPO_1,2026-01-16_steps_5s.parquet,/Users/jackfletcher/Desktop/FYP_Data/Replay_5s_DOGE/January/2026-01-16_steps_5s.parquet,7641,509,-6.002148836307849e-05,1000000.0000000005,0.13906755275538007,0.13908500000000001,8.348088708978791,6.805509346177931e-13,1.0000000000000004,1.0,0.0,0.6002148836307862,DOGE_S2B1_lr0.0003_clip0.2_ent0.01_ep4_bs16_cl32_gamma0.999_lam0.95_seed1_H4320_Q3e+06_pov0.1_fee0,checkpoints/DOGE/DOGE_S2B1_lr0.0003_clip0.2_ent0.01_ep4_bs16_cl32_gamma0.999_lam0.95_seed1_H4320_Q3e+06_pov0.1_fee0/best.weights.h5,26
DOGE,doge_q1e+06,1000000.0,4320,3500.0,0.1,buy,DOGE_PPO_1,2026-01-13_steps_5s.parquet,/Users/jackfletcher/Desktop/FYP_Data/Replay_5s_DOGE/January/2026-01-13_steps_5s.parquet,8316,586,-5.53241467659829e-05,1000000.0000000002,0.13907986553613583,0.13916499999999998,7.6991848846879956,9.739452932532718e-13,1.0000000000000002,1.0,0.0,0.5532414676598281,DOGE_S2B1_lr0.0003_clip0.2_ent0.01_ep4_bs16_cl32_gamma0.999_lam0.95_seed1_H4320_Q3e+06_pov0.1_fee0,checkpoints/DOGE/DOGE_S2B1_lr0.0003_clip0.2_ent0.01_ep4_bs16_cl32_gamma0.999_lam0.95_seed1_H4320_Q3e+06_pov0.1_fee0/best.weights.h5,27
DOGE,doge_q1e+06,1000000.0,4320,3500.0,0.1,buy,DOGE_PPO_1,2026-01-12_steps_5s.parquet,/Users/jackfletcher/Desktop/FYP_Data/Replay_5s_DOGE/January/2026-01-12_steps_5s.parquet,11136,844,-0.00011056362056144493,1000000.0000000005,0.1386665683364846,0.137915,15.248381729731657,7.861328737126433e-13,1.0000000000000004,1.0,0.0,1.1056362056144478,DOGE_S2B1_lr0.0003_clip0.2_ent0.01_ep4_bs16_cl32_gamma0.999_lam0.95_seed1_H4320_Q3e+06_pov0.1_fee0,checkpoints/DOGE/DOGE_S2B1_lr0.0003_clip0.2_ent0.01_ep4_bs16_cl32_gamma0.999_lam0.95_seed1_H4320_Q3e+06_pov0.1_fee0/best.weights.h5,28
DOGE,doge_q1e+06,1000000.0,4320,3500.0,0.1,buy,DOGE_PPO_1,2026-01-30_steps_5s.parquet,/Users/jackfletcher/Desktop/FYP_Data/Replay_5s_DOGE/January/2026-01-30_steps_5s.parquet,9641,552,-0.00010760401809996927,1000000.0000000019,0.11458848839014185,0.1147,12.342180876066491,8.45250441793922e-13,1.0000000000000018,1.0,0.0,1.076040180999694,DOGE_S2B1_lr0.0003_clip0.2_ent0.01_ep4_bs16_cl32_gamma0.999_lam0.95_seed1_H4320_Q3e+06_pov0.1_fee0,checkpoints/DOGE/DOGE_S2B1_lr0.0003_clip0.2_ent0.01_ep4_bs16_cl32_gamma0.999_lam0.95_seed1_H4320_Q3e+06_pov0.1_fee0/best.weights.h5,29
DOGE,doge_q1e+06,1000000.0,4320,3500.0,0.1,buy,DOGE_PPO_1,2026-01-27_steps_5s.parquet,/Users/jackfletcher/Desktop/FYP_Data/Replay_5s_DOGE/January/2026-01-27_steps_5s.parquet,9307,463,-7.898221148712161e-05,1000000.0000000002,0.12208773247060634,0.12218499999999999,9.65044151055395,9.876198843455662e-13,1.0000000000000002,1.0,0.0,0.7898221148712159,DOGE_S2B1_lr0.0003_clip0.2_ent0.01_ep4_bs16_cl32_gamma0.999_lam0.95_seed1_H4320_Q3e+06_pov0.1_fee0,checkpoints/DOGE/DOGE_S2B1_lr0.0003_clip0.2_ent0.01_ep4_bs16_cl32_gamma0.999_lam0.95_seed1_H4320_Q3e+06_pov0.1_fee0/best.weights.h5,30
DOGE,doge_q1e+06,1000000.0,4320,3500.0,0.1,buy,DOGE_PPO_1,2026-01-13_steps_5s.parquet,/Users/jackfletcher/Desktop/FYP_Data/Replay_5s_DOGE/January/2026-01-13_steps_5s.parquet,10157,745,-0.00011702550573799605,1000000.0000000003,0.14058750491545902,0.13938499999999998,16.31160011729059,7.603637497959338e-13,1.0000000000000004,1.0,0.0,1.1702550573799613,DOGE_S2B1_lr0.0003_clip0.2_ent0.01_ep4_bs16_cl32_gamma0.999_lam0.95_seed1_H4320_Q3e+06_pov0.1_fee0,checkpoints/DOGE/DOGE_S2B1_lr0.0003_clip0.2_ent0.01_ep4_bs16_cl32_gamma0.999_lam0.95_seed1_H4320_Q3e+06_pov0.1_fee0/best.weights.h5,31
DOGE,doge_q1e+06,1000000.0,4320,3500.0,0.1,buy,DOGE_PPO_1,2026-01-24_steps_5s.parquet,/Users/jackfletcher/Desktop/FYP_Data/Replay_5s_DOGE/January/2026-01-24_steps_5s.parquet,9622,405,-5.92247695016532e-05,999999.9999999997,0.12441249334929558,0.124395,7.36726520215815,9.651708809514338e-13,0.9999999999999997,1.0,0.0,0.5922476950165321,DOGE_S2B1_lr0.0003_clip0.2_ent0.01_ep4_bs16_cl32_gamma0.999_lam0.95_seed1_H4320_Q3e+06_pov0.1_fee0,checkpoints/DOGE/DOGE_S2B1_lr0.0003_clip0.2_ent0.01_ep4_bs16_cl32_gamma0.999_lam0.95_seed1_H4320_Q3e+06_pov0.1_fee0/best.weights.h5,32
DOGE,doge_q1e+06,1000000.0,4320,3500.0,0.1,buy,DOGE_PPO_1,2026-01-31_steps_5s.parquet,/Users/jackfletcher/Desktop/FYP_Data/Replay_5s_DOGE/January/2026-01-31_steps_5s.parquet,10664,612,-0.0001353043940310596,999999.9999999992,0.10733058684121534,0.106965,14.472834507532328,7.177486074147497e-13,0.9999999999999992,1.0,0.0,1.3530439403105996,DOGE_S2B1_lr0.0003_clip0.2_ent0.01_ep4_bs16_cl32_gamma0.999_lam0.95_seed1_H4320_Q3e+06_pov0.1_fee0,checkpoints/DOGE/DOGE_S2B1_lr0.0003_clip0.2_ent0.01_ep4_bs16_cl32_gamma0.999_lam0.95_seed1_H4320_Q3e+06_pov0.1_fee0/best.weights.h5,33
DOGE,doge_q1e+06,1000000.0,4320,3500.0,0.1,buy,DOGE_PPO_1,2026-01-24_steps_5s.parquet,/Users/jackfletcher/Desktop/FYP_Data/Replay_5s_DOGE/January/2026-01-24_steps_5s.parquet,7706,429,-6.1625382330513e-05,1000000.0000000001,0.12472509995677977,0.12456500000000001,7.676365750000372,7.82052715809603e-13,1.0000000000000002,1.0,0.0,0.6162538233051315,DOGE_S2B1_lr0.0003_clip0.2_ent0.01_ep4_bs16_cl32_gamma0.999_lam0.95_seed1_H4320_Q3e+06_pov0.1_fee0,checkpoints/DOGE/DOGE_S2B1_lr0.0003_clip0.2_ent0.01_ep4_bs16_cl32_gamma0.999_lam0.95_seed1_H4320_Q3e+06_pov0.1_fee0/best.weights.h5,34
DOGE,doge_q1e+06,1000000.0,4320,3500.0,0.1,buy,DOGE_PPO_1,2026-01-11_steps_5s.parquet,/Users/jackfletcher/Desktop/FYP_Data/Replay_5s_DOGE/January/2026-01-11_steps_5s.parquet,12426,527,-7.840831692451686e-05,1000000.0000000005,0.13841904118309106,0.13864500000000002,10.870921099999673,7.308815025261975e-13,1.0000000000000004,1.0,0.0,0.7840831692451709,DOGE_S2B1_lr0.0003_clip0.2_ent0.01_ep4_bs16_cl32_gamma0.999_lam0.95_seed1_H4320_Q3e+06_pov0.1_fee0,checkpoints/DOGE/DOGE_S2B1_lr0.0003_clip0.2_ent0.01_ep4_bs16_cl32_gamma0.999_lam0.95_seed1_H4320_Q3e+06_pov0.1_fee0/best.weights.h5,35
DOGE,doge_q1e+06,1000000.0,4320,3500.0,0.1,buy,DOGE_PPO_1,2026-01-21_steps_5s.parquet,/Users/jackfletcher/Desktop/FYP_Data/Replay_5s_DOGE/January/2026-01-21_steps_5s.parquet,784,577,-7.996126579720934e-05,999999.9999999991,0.12549213289741923,0.12526500000000002,10.016347960087444,9.381823253515684e-13,0.9999999999999991,1.0,0.0,0.7996126579720946,DOGE_S2B1_lr0.0003_clip0.2_ent0.01_ep4_bs16_cl32_gamma0.999_lam0.95_seed1_H4320_Q3e+06_pov0.1_fee0,checkpoints/DOGE/DOGE_S2B1_lr0.0003_clip0.2_ent0.01_ep4_bs16_cl32_gamma0.999_lam0.95_seed1_H4320_Q3e+06_pov0.1_fee0/best.weights.h5,36
DOGE,doge_q1e+06,1000000.0,4320,3500.0,0.1,buy,DOGE_PPO_1,2026-01-10_steps_5s.parquet,/Users/jackfletcher/Desktop/FYP_Data/Replay_5s_DOGE/January/2026-01-10_steps_5s.parquet,10952,468,-6.220449807579495e-05,999999.9999999995,0.14001771758682824,0.140175,8.719515517774557,8.762663132738201e-13,0.9999999999999996,1.0,0.0,0.6220449807579496,DOGE_S2B1_lr0.0003_clip0.2_ent0.01_ep4_bs16_cl32_gamma0.999_lam0.95_seed1_H4320_Q3e+06_pov0.1_fee0,checkpoints/DOGE/DOGE_S2B1_lr0.0003_clip0.2_ent0.01_ep4_bs16_cl32_gamma0.999_lam0.95_seed1_H4320_Q3e+06_pov0.1_fee0/best.weights.h5,37
DOGE,doge_q1e+06,1000000.0,4320,3500.0,0.1,buy,DOGE_PPO_1,2026-01-28_steps_5s.parquet,/Users/jackfletcher/Desktop/FYP_Data/Replay_5s_DOGE/January/2026-01-28_steps_5s.parquet,5354,568,-9.089039199864399e-05,1000000.0000000001,0.1255637569559468,0.12576500000000002,11.430830149709491,8.262895117074796e-13,1.0000000000000002,1.0,0.0,0.9089039199864422,DOGE_S2B1_lr0.0003_clip0.2_ent0.01_ep4_bs16_cl32_gamma0.999_lam0.95_seed1_H4320_Q3e+06_pov0.1_fee0,checkpoints/DOGE/DOGE_S2B1_lr0.0003_clip0.2_ent0.01_ep4_bs16_cl32_gamma0.999_lam0.95_seed1_H4320_Q3e+06_pov0.1_fee0/best.weights.h5,38
DOGE,doge_q1e+06,1000000.0,4320,3500.0,0.1,buy,DOGE_PPO_1,2026-01-23_steps_5s.parquet,/Users/jackfletcher/Desktop/FYP_Data/Replay_5s_DOGE/January/2026-01-23_steps_5s.parquet,7151,531,-9.099483180718779e-05,999999.9999999997,0.12500093765754566,0.12485,11.360704751127383,7.880677781791361e-13,0.9999999999999997,1.0,0.0,0.9099483180718768,DOGE_S2B1_lr0.0003_clip0.2_ent0.01_ep4_bs16_cl32_gamma0.999_lam0.95_seed1_H4320_Q3e+06_pov0.1_fee0,checkpoints/DOGE/DOGE_S2B1_lr0.0003_clip0.2_ent0.01_ep4_bs16_cl32_gamma0.999_lam0.95_seed1_H4320_Q3e+06_pov0.1_fee0/best.weights.h5,39
DOGE,doge_q1e+06,1000000.0,4320,3500.0,0.1,buy,DOGE_PPO_1,2026-01-30_steps_5s.parquet,/Users/jackfletcher/Desktop/FYP_Data/Replay_5s_DOGE/January/2026-01-30_steps_5s.parquet,1186,498,-0.00015423457857646574,999999.9999999988,0.11481165816835934,0.116585,17.98143834333724,8.986912067148447e-13,0.9999999999999989,1.0,0.0,1.5423457857646559,DOGE_S2B1_lr0.0003_clip0.2_ent0.01_ep4_bs16_cl32_gamma0.999_lam0.95_seed1_H4320_Q3e+06_pov0.1_fee0,checkpoints/DOGE/DOGE_S2B1_lr0.0003_clip0.2_ent0.01_ep4_bs16_cl32_gamma0.999_lam0.95_seed1_H4320_Q3e+06_pov0.1_fee0/best.weights.h5,40
DOGE,doge_q1e+06,1000000.0,4320,3500.0,0.1,buy,DOGE_PPO_1,2026-01-25_steps_5s.parquet,/Users/jackfletcher/Desktop/FYP_Data/Replay_5s_DOGE/January/2026-01-25_steps_5s.parquet,5846,420,-8.120028111287513e-05,1000000.0000000005,0.12300295488972271,0.123045,9.991288589533747,8.881233009846554e-13,1.0000000000000004,1.0,0.0,0.8120028111287535,DOGE_S2B1_lr0.0003_clip0.2_ent0.01_ep4_bs16_cl32_gamma0.999_lam0.95_seed1_H4320_Q3e+06_pov0.1_fee0,checkpoints/DOGE/DOGE_S2B1_lr0.0003_clip0.2_ent0.01_ep4_bs16_cl32_gamma0.999_lam0.95_seed1_H4320_Q3e+06_pov0.1_fee0/best.weights.h5,41
DOGE,doge_q1e+06,1000000.0,4320,3500.0,0.1,buy,DOGE_PPO_1,2026-01-20_steps_5s.parquet,/Users/jackfletcher/Desktop/FYP_Data/Replay_5s_DOGE/January/2026-01-20_steps_5s.parquet,7224,644,-7.517778777214976e-05,999999.9999999998,0.12573388425425824,0.125755,9.453982701286709,5.999610783277518e-13,0.9999999999999998,1.0,0.0,0.7517778777214988,DOGE_S2B1_lr0.0003_clip0.2_ent0.01_ep4_bs16_cl32_gamma0.999_lam0.95_seed1_H4320_Q3e+06_pov0.1_fee0,checkpoints/DOGE/DOGE_S2B1_lr0.0003_clip0.2_ent0.01_ep4_bs16_cl32_gamma0.999_lam0.95_seed1_H4320_Q3e+06_pov0.1_fee0/best.weights.h5,42
DOGE,doge_q1e+06,1000000.0,4320,3500.0,0.1,buy,DOGE_PPO_1,2026-01-29_steps_5s.parquet,/Users/jackfletcher/Desktop/FYP_Data/Replay_5s_DOGE/January/2026-01-29_steps_5s.parquet,3837,445,-7.332161623350124e-05,999999.9999999995,0.1220390799931353,0.121935,8.940471275431982,8.660208734352061e-13,0.9999999999999996,1.0,0.0,0.7332161623350131,DOGE_S2B1_lr0.0003_clip0.2_ent0.01_ep4_bs16_cl32_gamma0.999_lam0.95_seed1_H4320_Q3e+06_pov0.1_fee0,checkpoints/DOGE/DOGE_S2B1_lr0.0003_clip0.2_ent0.01_ep4_bs16_cl32_gamma0.999_lam0.95_seed1_H4320_Q3e+06_pov0.1_fee0/best.weights.h5,43
DOGE,doge_q1e+06,1000000.0,4320,3500.0,0.1,buy,DOGE_PPO_1,2026-01-18_steps_5s.parquet,/Users/jackfletcher/Desktop/FYP_Data/Replay_5s_DOGE/January/2026-01-18_steps_5s.parquet,5015,461,-6.800477623286525e-05,1000000.0000000008,0.13708550803467917,0.137305,9.337395800653566,7.46432447834525e-13,1.0000000000000009,1.0,0.0,0.6800477623286527,DOGE_S2B1_lr0.0003_clip0.2_ent0.01_ep4_bs16_cl32_gamma0.999_lam0.95_seed1_H4320_Q3e+06_pov0.1_fee0,checkpoints/DOGE/DOGE_S2B1_lr0.0003_clip0.2_ent0.01_ep4_bs16_cl32_gamma0.999_lam0.95_seed1_H4320_Q3e+06_pov0.1_fee0/best.weights.h5,44
DOGE,doge_q1e+06,1000000.0,4320,3500.0,0.1,buy,DOGE_PPO_1,2026-01-13_steps_5s.parquet,/Users/jackfletcher/Desktop/FYP_Data/Replay_5s_DOGE/January/2026-01-13_steps_5s.parquet,10811,946,-0.00010863694416113242,1000000.0000000008,0.14123583009354423,0.140705,15.285761228192134,7.262238603918295e-13,1.0000000000000009,1.0,0.0,1.086369441611324,DOGE_S2B1_lr0.0003_clip0.2_ent0.01_ep4_bs16_cl32_gamma0.999_lam0.95_seed1_H4320_Q3e+06_pov0.1_fee0,checkpoints/DOGE/DOGE_S2B1_lr0.0003_clip0.2_ent0.01_ep4_bs16_cl32_gamma0.999_lam0.95_seed1_H4320_Q3e+06_pov0.1_fee0/best.weights.h5,45
DOGE,doge_q1e+06,1000000.0,4320,3500.0,0.1,buy,DOGE_PPO_1,2026-01-13_steps_5s.parquet,/Users/jackfletcher/Desktop/FYP_Data/Replay_5s_DOGE/January/2026-01-13_steps_5s.parquet,6763,794,-7.581706756918982e-05,1000000.0000000016,0.1398032187233879,0.13967000000000002,10.589369827388742,8.779240304369656e-13,1.0000000000000016,1.0,0.0,0.758170675691898,DOGE_S2B1_lr0.0003_clip0.2_ent0.01_ep4_bs16_cl32_gamma0.999_lam0.95_seed1_H4320_Q3e+06_pov0.1_fee0,checkpoints/DOGE/DOGE_S2B1_lr0.0003_clip0.2_ent0.01_ep4_bs16_cl32_gamma0.999_lam0.95_seed1_H4320_Q3e+06_pov0.1_fee0/best.weights.h5,46
DOGE,doge_q1e+06,1000000.0,4320,3500.0,0.1,buy,DOGE_PPO_1,2026-01-20_steps_5s.parquet,/Users/jackfletcher/Desktop/FYP_Data/Replay_5s_DOGE/January/2026-01-20_steps_5s.parquet,1387,535,-5.460590479147833e-05,1000000.0000000006,0.12842124071526523,0.12886,7.036516891429904,7.957234689293456e-13,1.0000000000000007,1.0,0.0,0.5460590479147838,DOGE_S2B1_lr0.0003_clip0.2_ent0.01_ep4_bs16_cl32_gamma0.999_lam0.95_seed1_H4320_Q3e+06_pov0.1_fee0,checkpoints/DOGE/DOGE_S2B1_lr0.0003_clip0.2_ent0.01_ep4_bs16_cl32_gamma0.999_lam0.95_seed1_H4320_Q3e+06_pov0.1_fee0/best.weights.h5,47
DOGE,doge_q1e+06,1000000.0,4320,3500.0,0.1,buy,DOGE_PPO_1,2026-01-27_steps_5s.parquet,/Users/jackfletcher/Desktop/FYP_Data/Replay_5s_DOGE/January/2026-01-27_steps_5s.parquet,5234,497,-6.093927066681481e-05,1000000.0,0.1223672942041652,0.122425,7.4604902113848075,8.391223764482313e-13,1.0,1.0,0.0,0.6093927066681485,DOGE_S2B1_lr0.0003_clip0.2_ent0.01_ep4_bs16_cl32_gamma0.999_lam0.95_seed1_H4320_Q3e+06_pov0.1_fee0,checkpoints/DOGE/DOGE_S2B1_lr0.0003_clip0.2_ent0.01_ep4_bs16_cl32_gamma0.999_lam0.95_seed1_H4320_Q3e+06_pov0.1_fee0/best.weights.h5,48
DOGE,doge_q1e+06,1000000.0,4320,3500.0,0.1,buy,DOGE_PPO_1,2026-01-27_steps_5s.parquet,/Users/jackfletcher/Desktop/FYP_Data/Replay_5s_DOGE/January/2026-01-27_steps_5s.parquet,6561,472,-7.769000228716285e-05,999999.9999999995,0.12200036216959316,0.122055,9.482453229159685,7.445344831516729e-13,0.9999999999999996,1.0,0.0,0.7769000228716304,DOGE_S2B1_lr0.0003_clip0.2_ent0.01_ep4_bs16_cl32_gamma0.999_lam0.95_seed1_H4320_Q3e+06_pov0.1_fee0,checkpoints/DOGE/DOGE_S2B1_lr0.0003_clip0.2_ent0.01_ep4_bs16_cl32_gamma0.999_lam0.95_seed1_H4320_Q3e+06_pov0.1_fee0/best.weights.h5,49
DOGE,doge_q1e+06,1000000.0,4320,3500.0,0.1,buy,DOGE_PPO_1,2026-01-08_steps_5s.parquet,/Users/jackfletcher/Desktop/FYP_Data/Replay_5s_DOGE/January/2026-01-08_steps_5s.parquet,1101,623,-8.03880169751637e-05,1000000.0000000006,0.14737823138147735,0.14741500000000002,11.85039952239374,6.49453453160519e-13,1.0000000000000007,1.0,0.0,0.8038801697516357,DOGE_S2B1_lr0.0003_clip0.2_ent0.01_ep4_bs16_cl32_gamma0.999_lam0.95_seed1_H4320_Q3e+06_pov0.1_fee0,checkpoints/DOGE/DOGE_S2B1_lr0.0003_clip0.2_ent0.01_ep4_bs16_cl32_gamma0.999_lam0.95_seed1_H4320_Q3e+06_pov0.1_fee0/best.weights.h5,50
DOGE,doge_q1e+06,1000000.0,4320,3500.0,0.1,buy,DOGE_PPO_1,2026-01-17_steps_5s.parquet,/Users/jackfletcher/Desktop/FYP_Data/Replay_5s_DOGE/January/2026-01-17_steps_5s.parquet,8102,474,-6.376889565812325e-05,999999.9999999999,0.13775505958450998,0.13764500000000002,8.777469642862386,6.654407476199359e-13,0.9999999999999999,1.0,0.0,0.6376889565812331,DOGE_S2B1_lr0.0003_clip0.2_ent0.01_ep4_bs16_cl32_gamma0.999_lam0.95_seed1_H4320_Q3e+06_pov0.1_fee0,checkpoints/DOGE/DOGE_S2B1_lr0.0003_clip0.2_ent0.01_ep4_bs16_cl32_gamma0.999_lam0.95_seed1_H4320_Q3e+06_pov0.1_fee0/best.weights.h5,51
DOGE,doge_q1e+06,1000000.0,4320,3500.0,0.1,buy,DOGE_PPO_1,2026-01-26_steps_5s.parquet,/Users/jackfletcher/Desktop/FYP_Data/Replay_5s_DOGE/January/2026-01-26_steps_5s.parquet,12495,607,-7.68496039482301e-05,1000000.0000000006,0.12215454646249237,0.122055,9.379878409901226,8.36805672428289e-13,1.0000000000000007,1.0,0.0,0.768496039482301,DOGE_S2B1_lr0.0003_clip0.2_ent0.01_ep4_bs16_cl32_gamma0.999_lam0.95_seed1_H4320_Q3e+06_pov0.1_fee0,checkpoints/DOGE/DOGE_S2B1_lr0.0003_clip0.2_ent0.01_ep4_bs16_cl32_gamma0.999_lam0.95_seed1_H4320_Q3e+06_pov0.1_fee0/best.weights.h5,52
DOGE,doge_q1e+06,1000000.0,4320,3500.0,0.1,buy,DOGE_PPO_1,2026-01-08_steps_5s.parquet,/Users/jackfletcher/Desktop/FYP_Data/Replay_5s_DOGE/January/2026-01-08_steps_5s.parquet,7720,648,-8.14345046721984e-05,999999.999999999,0.14199995529596532,0.14238,11.594644775227625,8.100922375647584e-13,0.999999999999999,1.0,0.0,0.8143450467219852,DOGE_S2B1_lr0.0003_clip0.2_ent0.01_ep4_bs16_cl32_gamma0.999_lam0.95_seed1_H4320_Q3e+06_pov0.1_fee0,checkpoints/DOGE/DOGE_S2B1_lr0.0003_clip0.2_ent0.01_ep4_bs16_cl32_gamma0.999_lam0.95_seed1_H4320_Q3e+06_pov0.1_fee0/best.weights.h5,53
DOGE,doge_q1e+06,1000000.0,4320,3500.0,0.1,buy,DOGE_PPO_1,2026-01-27_steps_5s.parquet,/Users/jackfletcher/Desktop/FYP_Data/Replay_5s_DOGE/January/2026-01-27_steps_5s.parquet,10923,606,-0.00011764126781784275,1000000.0000000008,0.12214399206275582,0.12231500000000001,14.389291673139434,8.093796794980425e-13,1.0000000000000009,1.0,0.0,1.1764126781784272,DOGE_S2B1_lr0.0003_clip0.2_ent0.01_ep4_bs16_cl32_gamma0.999_lam0.95_seed1_H4320_Q3e+06_pov0.1_fee0,checkpoints/DOGE/DOGE_S2B1_lr0.0003_clip0.2_ent0.01_ep4_bs16_cl32_gamma0.999_lam0.95_seed1_H4320_Q3e+06_pov0.1_fee0/best.weights.h5,54
DOGE,doge_q1e+06,1000000.0,4320,3500.0,0.1,buy,DOGE_PPO_1,2026-01-16_steps_5s.parquet,/Users/jackfletcher/Desktop/FYP_Data/Replay_5s_DOGE/January/2026-01-16_steps_5s.parquet,8118,496,-6.015305584477582e-05,999999.9999999994,0.13808234417270776,0.13833499999999999,8.321272980287096,5.60750624622364e-13,0.9999999999999994,1.0,0.0,0.6015305584477606,DOGE_S2B1_lr0.0003_clip0.2_ent0.01_ep4_bs16_cl32_gamma0.999_lam0.95_seed1_H4320_Q3e+06_pov0.1_fee0,checkpoints/DOGE/DOGE_S2B1_lr0.0003_clip0.2_ent0.01_ep4_bs16_cl32_gamma0.999_lam0.95_seed1_H4320_Q3e+06_pov0.1_fee0/best.weights.h5,55
DOGE,doge_q1e+06,1000000.0,4320,3500.0,0.1,buy,DOGE_PPO_1,2026-01-24_steps_5s.parquet,/Users/jackfletcher/Desktop/FYP_Data/Replay_5s_DOGE/January/2026-01-24_steps_5s.parquet,12563,425,-8.114567480934765e-05,999999.9999999997,0.12407218442297994,0.124085,10.068961058717884,9.037973456827709e-13,0.9999999999999997,1.0,0.0,0.8114567480934749,DOGE_S2B1_lr0.0003_clip0.2_ent0.01_ep4_bs16_cl32_gamma0.999_lam0.95_seed1_H4320_Q3e+06_pov0.1_fee0,checkpoints/DOGE/DOGE_S2B1_lr0.0003_clip0.2_ent0.01_ep4_bs16_cl32_gamma0.999_lam0.95_seed1_H4320_Q3e+06_pov0.1_fee0/best.weights.h5,56
DOGE,doge_q1e+06,1000000.0,4320,3500.0,0.1,buy,DOGE_PPO_1,2026-01-24_steps_5s.parquet,/Users/jackfletcher/Desktop/FYP_Data/Replay_5s_DOGE/January/2026-01-24_steps_5s.parquet,12422,419,-0.00011264097591851624,1000000.0000000001,0.12409403403984,0.12401999999999999,13.969733833414322,7.677001532897321e-13,1.0000000000000002,1.0,0.0,1.1264097591851576,DOGE_S2B1_lr0.0003_clip0.2_ent0.01_ep4_bs16_cl32_gamma0.999_lam0.95_seed1_H4320_Q3e+06_pov0.1_fee0,checkpoints/DOGE/DOGE_S2B1_lr0.0003_clip0.2_ent0.01_ep4_bs16_cl32_gamma0.999_lam0.95_seed1_H4320_Q3e+06_pov0.1_fee0/best.weights.h5,57
DOGE,doge_q1e+06,1000000.0,4320,3500.0,0.1,buy,DOGE_PPO_1,2026-01-11_steps_5s.parquet,/Users/jackfletcher/Desktop/FYP_Data/Replay_5s_DOGE/January/2026-01-11_steps_5s.parquet,2936,489,-5.7480145979899296e-05,999999.9999999998,0.13899122325561983,0.139045,7.9923268977751265,9.982995527690736e-13,0.9999999999999998,1.0,0.0,0.5748014597989951,DOGE_S2B1_lr0.0003_clip0.2_ent0.01_ep4_bs16_cl32_gamma0.999_lam0.95_seed1_H4320_Q3e+06_pov0.1_fee0,checkpoints/DOGE/DOGE_S2B1_lr0.0003_clip0.2_ent0.01_ep4_bs16_cl32_gamma0.999_lam0.95_seed1_H4320_Q3e+06_pov0.1_fee0/best.weights.h5,58
DOGE,doge_q1e+06,1000000.0,4320,3500.0,0.1,buy,DOGE_PPO_1,2026-01-17_steps_5s.parquet,/Users/jackfletcher/Desktop/FYP_Data/Replay_5s_DOGE/January/2026-01-17_steps_5s.parquet,5974,486,-5.899968370037059e-05,1000000.0000000012,0.13751781920853037,0.137465,8.110391519871495,7.415089461570111e-13,1.000000000000001,1.0,0.0,0.5899968370037096,DOGE_S2B1_lr0.0003_clip0.2_ent0.01_ep4_bs16_cl32_gamma0.999_lam0.95_seed1_H4320_Q3e+06_pov0.1_fee0,checkpoints/DOGE/DOGE_S2B1_lr0.0003_clip0.2_ent0.01_ep4_bs16_cl32_gamma0.999_lam0.95_seed1_H4320_Q3e+06_pov0.1_fee0/best.weights.h5,59
DOGE,doge_q1e+06,1000000.0,4320,3500.0,0.1,buy,DOGE_PPO_1,2026-01-11_steps_5s.parquet,/Users/jackfletcher/Desktop/FYP_Data/Replay_5s_DOGE/January/2026-01-11_steps_5s.parquet,5823,490,-5.669826671094492e-05,1000000.0000000007,0.13993495958907415,0.139835,7.928402125524983,6.814408737942606e-13,1.0000000000000007,1.0,0.0,0.5669826671094492,DOGE_S2B1_lr0.0003_clip0.2_ent0.01_ep4_bs16_cl32_gamma0.999_lam0.95_seed1_H4320_Q3e+06_pov0.1_fee0,checkpoints/DOGE/DOGE_S2B1_lr0.0003_clip0.2_ent0.01_ep4_bs16_cl32_gamma0.999_lam0.95_seed1_H4320_Q3e+06_pov0.1_fee0/best.weights.h5,60
DOGE,doge_q1e+06,1000000.0,4320,3500.0,0.1,buy,DOGE_PPO_1,2026-01-28_steps_5s.parquet,/Users/jackfletcher/Desktop/FYP_Data/Replay_5s_DOGE/January/2026-01-28_steps_5s.parquet,3536,484,-6.617443872830914e-05,999999.9999999993,0.12450079540502745,0.124265,8.223166628573352,7.41471692978578e-13,0.9999999999999993,1.0,0.0,0.6617443872830927,DOGE_S2B1_lr0.0003_clip0.2_ent0.01_ep4_bs16_cl32_gamma0.999_lam0.95_seed1_H4320_Q3e+06_pov0.1_fee0,checkpoints/DOGE/DOGE_S2B1_lr0.0003_clip0.2_ent0.01_ep4_bs16_cl32_gamma0.999_lam0.95_seed1_H4320_Q3e+06_pov0.1_fee0/best.weights.h5,61
DOGE,doge_q1e+06,1000000.0,4320,3500.0,0.1,buy,DOGE_PPO_1,2026-01-25_steps_5s.parquet,/Users/jackfletcher/Desktop/FYP_Data/Replay_5s_DOGE/January/2026-01-25_steps_5s.parquet,3135,402,-9.950436970015562e-05,1000000.0,0.1234302834135073,0.12323500000000001,12.262420999998646,8.693692122154377e-13,1.0,1.0,0.0,0.9950436970015535,DOGE_S2B1_lr0.0003_clip0.2_ent0.01_ep4_bs16_cl32_gamma0.999_lam0.95_seed1_H4320_Q3e+06_pov0.1_fee0,checkpoints/DOGE/DOGE_S2B1_lr0.0003_clip0.2_ent0.01_ep4_bs16_cl32_gamma0.999_lam0.95_seed1_H4320_Q3e+06_pov0.1_fee0/best.weights.h5,62
DOGE,doge_q1e+06,1000000.0,4320,3500.0,0.1,buy,DOGE_PPO_1,2026-01-11_steps_5s.parquet,/Users/jackfletcher/Desktop/FYP_Data/Replay_5s_DOGE/January/2026-01-11_steps_5s.parquet,4990,473,-5.5423770356844695e-05,999999.9999999998,0.13963894100439758,0.139695,7.742423599999447,9.579141312698776e-13,0.9999999999999998,1.0,0.0,0.5542377035684489,DOGE_S2B1_lr0.0003_clip0.2_ent0.01_ep4_bs16_cl32_gamma0.999_lam0.95_seed1_H4320_Q3e+06_pov0.1_fee0,checkpoints/DOGE/DOGE_S2B1_lr0.0003_clip0.2_ent0.01_ep4_bs16_cl32_gamma0.999_lam0.95_seed1_H4320_Q3e+06_pov0.1_fee0/best.weights.h5,63
DOGE,doge_q1e+06,1000000.0,4320,3500.0,0.1,buy,DOGE_PPO_1,2026-01-24_steps_5s.parquet,/Users/jackfletcher/Desktop/FYP_Data/Replay_5s_DOGE/January/2026-01-24_steps_5s.parquet,6057,432,-7.718599462121868e-05,1000000.0000000006,0.1245262426242254,0.124395,9.601551800906483,6.850799351276387e-13,1.0000000000000007,1.0,0.0,0.7718599462121857,DOGE_S2B1_lr0.0003_clip0.2_ent0.01_ep4_bs16_cl32_gamma0.999_lam0.95_seed1_H4320_Q3e+06_pov0.1_fee0,checkpoints/DOGE/DOGE_S2B1_lr0.0003_clip0.2_ent0.01_ep4_bs16_cl32_gamma0.999_lam0.95_seed1_H4320_Q3e+06_pov0.1_fee0/best.weights.h5,64
DOGE,doge_q1e+06,1000000.0,4320,3500.0,0.1,buy,DOGE_PPO_1,2026-01-23_steps_5s.parquet,/Users/jackfletcher/Desktop/FYP_Data/Replay_5s_DOGE/January/2026-01-23_steps_5s.parquet,9838,485,-8.605283690228103e-05,1000000.0000000001,0.12458142114049284,0.12461,10.723044006393218,7.475056019871141e-13,1.0000000000000002,1.0,0.0,0.8605283690228086,DOGE_S2B1_lr0.0003_clip0.2_ent0.01_ep4_bs16_cl32_gamma0.999_lam0.95_seed1_H4320_Q3e+06_pov0.1_fee0,checkpoints/DOGE/DOGE_S2B1_lr0.0003_clip0.2_ent0.01_ep4_bs16_cl32_gamma0.999_lam0.95_seed1_H4320_Q3e+06_pov0.1_fee0/best.weights.h5,65
DOGE,doge_q1e+06,1000000.0,4320,3500.0,0.1,buy,DOGE_PPO_1,2026-01-15_steps_5s.parquet,/Users/jackfletcher/Desktop/FYP_Data/Replay_5s_DOGE/January/2026-01-15_steps_5s.parquet,3683,636,-8.20542001492677e-05,999999.9999999999,0.14355882929468025,0.14350000000000002,11.774777721419929,7.684129656374979e-13,0.9999999999999999,1.0,0.0,0.8205420014926779,DOGE_S2B1_lr0.0003_clip0.2_ent0.01_ep4_bs16_cl32_gamma0.999_lam0.95_seed1_H4320_Q3e+06_pov0.1_fee0,checkpoints/DOGE/DOGE_S2B1_lr0.0003_clip0.2_ent0.01_ep4_bs16_cl32_gamma0.999_lam0.95_seed1_H4320_Q3e+06_pov0.1_fee0/best.weights.h5,66
DOGE,doge_q1e+06,1000000.0,4320,3500.0,0.1,buy,DOGE_PPO_1,2026-01-25_steps_5s.parquet,/Users/jackfletcher/Desktop/FYP_Data/Replay_5s_DOGE/January/2026-01-25_steps_5s.parquet,2831,412,-7.561021255398948e-05,999999.9999999997,0.12333016934213208,0.12323500000000001,9.31782454409088,5.893892638148371e-13,0.9999999999999997,1.0,0.0,0.7561021255398936,DOGE_S2B1_lr0.0003_clip0.2_ent0.01_ep4_bs16_cl32_gamma0.999_lam0.95_seed1_H4320_Q3e+06_pov0.1_fee0,checkpoints/DOGE/DOGE_S2B1_lr0.0003_clip0.2_ent0.01_ep4_bs16_cl32_gamma0.999_lam0.95_seed1_H4320_Q3e+06_pov0.1_fee0/best.weights.h5,67
DOGE,doge_q1e+06,1000000.0,4320,3500.0,0.1,buy,DOGE_PPO_1,2026-01-25_steps_5s.parquet,/Users/jackfletcher/Desktop/FYP_Data/Replay_5s_DOGE/January/2026-01-25_steps_5s.parquet,7916,475,-6.715644518112125e-05,1000000.0000000003,0.12341449970023073,0.12348500000000001,8.29281363319077,7.474552840489121e-13,1.0000000000000004,1.0,0.0,0.6715644518112134,DOGE_S2B1_lr0.0003_clip0.2_ent0.01_ep4_bs16_cl32_gamma0.999_lam0.95_seed1_H4320_Q3e+06_pov0.1_fee0,checkpoints/DOGE/DOGE_S2B1_lr0.0003_clip0.2_ent0.01_ep4_bs16_cl32_gamma0.999_lam0.95_seed1_H4320_Q3e+06_pov0.1_fee0/best.weights.h5,68
DOGE,doge_q1e+06,1000000.0,4320,3500.0,0.1,buy,DOGE_PPO_1,2026-01-09_steps_5s.parquet,/Users/jackfletcher/Desktop/FYP_Data/Replay_5s_DOGE/January/2026-01-09_steps_5s.parquet,12287,721,-0.00011180292296899528,999999.9999999999,0.14218667201816776,0.143355,16.027508022220363,7.30585804282086e-13,0.9999999999999999,1.0,0.0,1.1180292296899559,DOGE_S2B1_lr0.0003_clip0.2_ent0.01_ep4_bs16_cl32_gamma0.999_lam0.95_seed1_H4320_Q3e+06_pov0.1_fee0,checkpoints/DOGE/DOGE_S2B1_lr0.0003_clip0.2_ent0.01_ep4_bs16_cl32_gamma0.999_lam0.95_seed1_H4320_Q3e+06_pov0.1_fee0/best.weights.h5,69
DOGE,doge_q1e+06,1000000.0,4320,3500.0,0.1,buy,DOGE_PPO_1,2026-01-16_steps_5s.parquet,/Users/jackfletcher/Desktop/FYP_Data/Replay_5s_DOGE/January/2026-01-16_steps_5s.parquet,3063,548,-7.935042279247503e-05,999999.9999999987,0.13931333317654082,0.13947500000000002,11.067400218980469,6.383362336131906e-13,0.9999999999999987,1.0,0.0,0.7935042279247511,DOGE_S2B1_lr0.0003_clip0.2_ent0.01_ep4_bs16_cl32_gamma0.999_lam0.95_seed1_H4320_Q3e+06_pov0.1_fee0,checkpoints/DOGE/DOGE_S2B1_lr0.0003_clip0.2_ent0.01_ep4_bs16_cl32_gamma0.999_lam0.95_seed1_H4320_Q3e+06_pov0.1_fee0/best.weights.h5,70
DOGE,doge_q1e+06,1000000.0,4320,3500.0,0.1,buy,DOGE_PPO_1,2026-01-13_steps_5s.parquet,/Users/jackfletcher/Desktop/FYP_Data/Replay_5s_DOGE/January/2026-01-13_steps_5s.parquet,5509,620,-6.106794321648306e-05,999999.9999999999,0.1388280835400108,0.138515,8.45882615463118,8.014493874482507e-13,0.9999999999999999,1.0,0.0,0.6106794321648327,DOGE_S2B1_lr0.0003_clip0.2_ent0.01_ep4_bs16_cl32_gamma0.999_lam0.95_seed1_H4320_Q3e+06_pov0.1_fee0,checkpoints/DOGE/DOGE_S2B1_lr0.0003_clip0.2_ent0.01_ep4_bs16_cl32_gamma0.999_lam0.95_seed1_H4320_Q3e+06_pov0.1_fee0/best.weights.h5,71
DOGE,doge_q1e+06,1000000.0,4320,3500.0,0.1,buy,DOGE_PPO_1,2026-01-16_steps_5s.parquet,/Users/jackfletcher/Desktop/FYP_Data/Replay_5s_DOGE/January/2026-01-16_steps_5s.parquet,11203,573,-8.658436987738978e-05,1000000.0000000007,0.13590517851518563,0.135525,11.734346727633286,6.08984249533613e-13,1.0000000000000007,1.0,0.0,0.8658436987739004,DOGE_S2B1_lr0.0003_clip0.2_ent0.01_ep4_bs16_cl32_gamma0.999_lam0.95_seed1_H4320_Q3e+06_pov0.1_fee0,checkpoints/DOGE/DOGE_S2B1_lr0.0003_clip0.2_ent0.01_ep4_bs16_cl32_gamma0.999_lam0.95_seed1_H4320_Q3e+06_pov0.1_fee0/best.weights.h5,72
DOGE,doge_q1e+06,1000000.0,4320,3500.0,0.1,buy,DOGE_PPO_1,2026-01-31_steps_5s.parquet,/Users/jackfletcher/Desktop/FYP_Data/Replay_5s_DOGE/January/2026-01-31_steps_5s.parquet,1325,511,-9.38250368868318e-05,999999.9999999991,0.1153298497181733,0.11557,10.84335951301114,6.995894056775243e-13,0.9999999999999991,1.0,0.0,0.9382503688683171,DOGE_S2B1_lr0.0003_clip0.2_ent0.01_ep4_bs16_cl32_gamma0.999_lam0.95_seed1_H4320_Q3e+06_pov0.1_fee0,checkpoints/DOGE/DOGE_S2B1_lr0.0003_clip0.2_ent0.01_ep4_bs16_cl32_gamma0.999_lam0.95_seed1_H4320_Q3e+06_pov0.1_fee0/best.weights.h5,73
DOGE,doge_q1e+06,1000000.0,4320,3500.0,0.1,buy,DOGE_PPO_1,2026-01-30_steps_5s.parquet,/Users/jackfletcher/Desktop/FYP_Data/Replay_5s_DOGE/January/2026-01-30_steps_5s.parquet,11746,673,-0.0001106271483782712,999999.9999999999,0.11629260536695488,0.116235,12.858746591748384,8.600118437296861e-13,0.9999999999999999,1.0,0.0,1.1062714837827146,DOGE_S2B1_lr0.0003_clip0.2_ent0.01_ep4_bs16_cl32_gamma0.999_lam0.95_seed1_H4320_Q3e+06_pov0.1_fee0,checkpoints/DOGE/DOGE_S2B1_lr0.0003_clip0.2_ent0.01_ep4_bs16_cl32_gamma0.999_lam0.95_seed1_H4320_Q3e+06_pov0.1_fee0/best.weights.h5,74
DOGE,doge_q1e+06,1000000.0,4320,3500.0,0.1,buy,DOGE_PPO_1,2026-01-10_steps_5s.parquet,/Users/jackfletcher/Desktop/FYP_Data/Replay_5s_DOGE/January/2026-01-10_steps_5s.parquet,8717,449,-5.608544831770603e-05,999999.9999999997,0.1401075781543403,0.140135,7.859534300001742,7.352901632315509e-13,0.9999999999999997,1.0,0.0,0.5608544831770608,DOGE_S2B1_lr0.0003_clip0.2_ent0.01_ep4_bs16_cl32_gamma0.999_lam0.95_seed1_H4320_Q3e+06_pov0.1_fee0,checkpoints/DOGE/DOGE_S2B1_lr0.0003_clip0.2_ent0.01_ep4_bs16_cl32_gamma0.999_lam0.95_seed1_H4320_Q3e+06_pov0.1_fee0/best.weights.h5,75
DOGE,doge_q1e+06,1000000.0,4320,3500.0,0.1,buy,DOGE_PPO_1,2026-01-27_steps_5s.parquet,/Users/jackfletcher/Desktop/FYP_Data/Replay_5s_DOGE/January/2026-01-27_steps_5s.parquet,5591,541,-6.887368963007432e-05,1000000.0000000016,0.12229716113012791,0.122365,8.427729031584086,8.527877964311405e-13,1.0000000000000016,1.0,0.0,0.6887368963007466,DOGE_S2B1_lr0.0003_clip0.2_ent0.01_ep4_bs16_cl32_gamma0.999_lam0.95_seed1_H4320_Q3e+06_pov0.1_fee0,checkpoints/DOGE/DOGE_S2B1_lr0.0003_clip0.2_ent0.01_ep4_bs16_cl32_gamma0.999_lam0.95_seed1_H4320_Q3e+06_pov0.1_fee0/best.weights.h5,76
DOGE,doge_q1e+06,1000000.0,4320,3500.0,0.1,buy,DOGE_PPO_1,2026-01-24_steps_5s.parquet,/Users/jackfletcher/Desktop/FYP_Data/Replay_5s_DOGE/January/2026-01-24_steps_5s.parquet,12313,426,-0.00012938559981672324,999999.9999999998,0.12404033735337315,0.123835,16.022465753303926,6.247026547604368e-13,0.9999999999999998,1.0,0.0,1.2938559981672326,DOGE_S2B1_lr0.0003_clip0.2_ent0.01_ep4_bs16_cl32_gamma0.999_lam0.95_seed1_H4320_Q3e+06_pov0.1_fee0,checkpoints/DOGE/DOGE_S2B1_lr0.0003_clip0.2_ent0.01_ep4_bs16_cl32_gamma0.999_lam0.95_seed1_H4320_Q3e+06_pov0.1_fee0/best.weights.h5,77
DOGE,doge_q1e+06,1000000.0,4320,3500.0,0.1,buy,DOGE_PPO_1,2026-01-18_steps_5s.parquet,/Users/jackfletcher/Desktop/FYP_Data/Replay_5s_DOGE/January/2026-01-18_steps_5s.parquet,8026,498,-8.769324355445707e-05,999999.9999999993,0.13724252402244327,0.13713999999999998,12.026251421058216,8.280013804132661e-13,0.9999999999999993,1.0,0.0,0.8769324355445689,DOGE_S2B1_lr0.0003_clip0.2_ent0.01_ep4_bs16_cl32_gamma0.999_lam0.95_seed1_H4320_Q3e+06_pov0.1_fee0,checkpoints/DOGE/DOGE_S2B1_lr0.0003_clip0.2_ent0.01_ep4_bs16_cl32_gamma0.999_lam0.95_seed1_H4320_Q3e+06_pov0.1_fee0/best.weights.h5,78
DOGE,doge_q1e+06,1000000.0,4320,3500.0,0.1,buy,DOGE_PPO_1,2026-01-08_steps_5s.parquet,/Users/jackfletcher/Desktop/FYP_Data/Replay_5s_DOGE/January/2026-01-08_steps_5s.parquet,11235,918,-9.22903496916632e-05,999999.9999999998,0.14138652300752444,0.140945,13.00786333729149,6.957851085259574e-13,0.9999999999999998,1.0,0.0,0.9229034969166333,DOGE_S2B1_lr0.0003_clip0.2_ent0.01_ep4_bs16_cl32_gamma0.999_lam0.95_seed1_H4320_Q3e+06_pov0.1_fee0,checkpoints/DOGE/DOGE_S2B1_lr0.0003_clip0.2_ent0.01_ep4_bs16_cl32_gamma0.999_lam0.95_seed1_H4320_Q3e+06_pov0.1_fee0/best.weights.h5,79
DOGE,doge_q1e+06,1000000.0,4320,3500.0,0.1,buy,DOGE_PPO_1,2026-01-24_steps_5s.parquet,/Users/jackfletcher/Desktop/FYP_Data/Replay_5s_DOGE/January/2026-01-24_steps_5s.parquet,11398,490,-9.135395235996574e-05,1000000.0000000001,0.12349611889819997,0.12373500000000001,11.303681295260363,8.925389671137163e-13,1.0000000000000002,1.0,0.0,0.9135395235996575,DOGE_S2B1_lr0.0003_clip0.2_ent0.01_ep4_bs16_cl32_gamma0.999_lam0.95_seed1_H4320_Q3e+06_pov0.1_fee0,checkpoints/DOGE/DOGE_S2B1_lr0.0003_clip0.2_ent0.01_ep4_bs16_cl32_gamma0.999_lam0.95_seed1_H4320_Q3e+06_pov0.1_fee0/best.weights.h5,80
DOGE,doge_q1e+06,1000000.0,4320,3500.0,0.1,buy,DOGE_PPO_1,2026-01-20_steps_5s.parquet,/Users/jackfletcher/Desktop/FYP_Data/Replay_5s_DOGE/January/2026-01-20_steps_5s.parquet,2184,504,-8.407070613227494e-05,999999.9999999995,0.1282090289105227,0.128445,10.798461849160113,5.552670163172339e-13,0.9999999999999996,1.0,0.0,0.8407070613227539,DOGE_S2B1_lr0.0003_clip0.2_ent0.01_ep4_bs16_cl32_gamma0.999_lam0.95_seed1_H4320_Q3e+06_pov0.1_fee0,checkpoints/DOGE/DOGE_S2B1_lr0.0003_clip0.2_ent0.01_ep4_bs16_cl32_gamma0.999_lam0.95_seed1_H4320_Q3e+06_pov0.1_fee0/best.weights.h5,81
DOGE,doge_q1e+06,1000000.0,4320,3500.0,0.1,buy,DOGE_PPO_1,2026-01-20_steps_5s.parquet,/Users/jackfletcher/Desktop/FYP_Data/Replay_5s_DOGE/January/2026-01-20_steps_5s.parquet,5626,781,-9.476058799832823e-05,1000000.0000000002,0.12629269945632068,0.127055,12.039806508127608,7.475348518393322e-13,1.0000000000000002,1.0,0.0,0.9476058799832835,DOGE_S2B1_lr0.0003_clip0.2_ent0.01_ep4_bs16_cl32_gamma0.999_lam0.95_seed1_H4320_Q3e+06_pov0.1_fee0,checkpoints/DOGE/DOGE_S2B1_lr0.0003_clip0.2_ent0.01_ep4_bs16_cl32_gamma0.999_lam0.95_seed1_H4320_Q3e+06_pov0.1_fee0/best.weights.h5,82
DOGE,doge_q1e+06,1000000.0,4320,3500.0,0.1,buy,DOGE_PPO_1,2026-01-24_steps_5s.parquet,/Users/jackfletcher/Desktop/FYP_Data/Replay_5s_DOGE/January/2026-01-24_steps_5s.parquet,2742,392,-0.00012934991052110994,1000000.0,0.12456467375966396,0.124525,16.107297607641204,5.2743057463141e-13,1.0,1.0,0.0,1.2934991052110985,DOGE_S2B1_lr0.0003_clip0.2_ent0.01_ep4_bs16_cl32_gamma0.999_lam0.95_seed1_H4320_Q3e+06_pov0.1_fee0,checkpoints/DOGE/DOGE_S2B1_lr0.0003_clip0.2_ent0.01_ep4_bs16_cl32_gamma0.999_lam0.95_seed1_H4320_Q3e+06_pov0.1_fee0/best.weights.h5,83
DOGE,doge_q1e+06,1000000.0,4320,3500.0,0.1,buy,DOGE_PPO_1,2026-01-10_steps_5s.parquet,/Users/jackfletcher/Desktop/FYP_Data/Replay_5s_DOGE/January/2026-01-10_steps_5s.parquet,7687,477,-6.967103024584349e-05,1000000.0000000007,0.1403111869255321,0.140355,9.778677450155392,5.456758735911675e-13,1.0000000000000007,1.0,0.0,0.696710302458437,DOGE_S2B1_lr0.0003_clip0.2_ent0.01_ep4_bs16_cl32_gamma0.999_lam0.95_seed1_H4320_Q3e+06_pov0.1_fee0,checkpoints/DOGE/DOGE_S2B1_lr0.0003_clip0.2_ent0.01_ep4_bs16_cl32_gamma0.999_lam0.95_seed1_H4320_Q3e+06_pov0.1_fee0/best.weights.h5,84
DOGE,doge_q1e+06,1000000.0,4320,3500.0,0.1,buy,DOGE_PPO_1,2026-01-14_steps_5s.parquet,/Users/jackfletcher/Desktop/FYP_Data/Replay_5s_DOGE/January/2026-01-14_steps_5s.parquet,3571,634,-8.547925741244001e-05,1000000.000000001,0.14805531911004824,0.14854499999999998,12.697516292330889,9.086131265829159e-13,1.000000000000001,1.0,0.0,0.8547925741243995,DOGE_S2B1_lr0.0003_clip0.2_ent0.01_ep4_bs16_cl32_gamma0.999_lam0.95_seed1_H4320_Q3e+06_pov0.1_fee0,checkpoints/DOGE/DOGE_S2B1_lr0.0003_clip0.2_ent0.01_ep4_bs16_cl32_gamma0.999_lam0.95_seed1_H4320_Q3e+06_pov0.1_fee0/best.weights.h5,85
DOGE,doge_q1e+06,1000000.0,4320,3500.0,0.1,buy,DOGE_PPO_1,2026-01-23_steps_5s.parquet,/Users/jackfletcher/Desktop/FYP_Data/Replay_5s_DOGE/January/2026-01-23_steps_5s.parquet,7741,472,-8.313639277387791e-05,1000000.0000000003,0.1251598931585188,0.12502000000000002,10.393711824590214,7.804200257441337e-13,1.0000000000000004,1.0,0.0,0.8313639277387789,DOGE_S2B1_lr0.0003_clip0.2_ent0.01_ep4_bs16_cl32_gamma0.999_lam0.95_seed1_H4320_Q3e+06_pov0.1_fee0,checkpoints/DOGE/DOGE_S2B1_lr0.0003_clip0.2_ent0.01_ep4_bs16_cl32_gamma0.999_lam0.95_seed1_H4320_Q3e+06_pov0.1_fee0/best.weights.h5,86
DOGE,doge_q1e+06,1000000.0,4320,3500.0,0.1,buy,DOGE_PPO_1,2026-01-11_steps_5s.parquet,/Users/jackfletcher/Desktop/FYP_Data/Replay_5s_DOGE/January/2026-01-11_steps_5s.parquet,11413,578,-7.960816946900517e-05,999999.9999999993,0.13841798555814067,0.13772,10.963637099271411,7.902335811910685e-13,0.9999999999999993,1.0,0.0,0.7960816946900531,DOGE_S2B1_lr0.0003_clip0.2_ent0.01_ep4_bs16_cl32_gamma0.999_lam0.95_seed1_H4320_Q3e+06_pov0.1_fee0,checkpoints/DOGE/DOGE_S2B1_lr0.0003_clip0.2_ent0.01_ep4_bs16_cl32_gamma0.999_lam0.95_seed1_H4320_Q3e+06_pov0.1_fee0/best.weights.h5,87
DOGE,doge_q1e+06,1000000.0,4320,3500.0,0.1,buy,DOGE_PPO_1,2026-01-12_steps_5s.parquet,/Users/jackfletcher/Desktop/FYP_Data/Replay_5s_DOGE/January/2026-01-12_steps_5s.parquet,292,729,-0.00011162723297333096,1000000.000000001,0.13816046518384859,0.138325,15.440837001035984,6.950248564596044e-13,1.000000000000001,1.0,0.0,1.1162723297333081,DOGE_S2B1_lr0.0003_clip0.2_ent0.01_ep4_bs16_cl32_gamma0.999_lam0.95_seed1_H4320_Q3e+06_pov0.1_fee0,checkpoints/DOGE/DOGE_S2B1_lr0.0003_clip0.2_ent0.01_ep4_bs16_cl32_gamma0.999_lam0.95_seed1_H4320_Q3e+06_pov0.1_fee0/best.weights.h5,88
DOGE,doge_q1e+06,1000000.0,4320,3500.0,0.1,buy,DOGE_PPO_1,2026-01-11_steps_5s.parquet,/Users/jackfletcher/Desktop/FYP_Data/Replay_5s_DOGE/January/2026-01-11_steps_5s.parquet,2194,545,-6.597626531845242e-05,1000000.0000000005,0.13904689165286538,0.139035,9.173010048551049,9.73945456685992e-13,1.0000000000000004,1.0,0.0,0.6597626531845253,DOGE_S2B1_lr0.0003_clip0.2_ent0.01_ep4_bs16_cl32_gamma0.999_lam0.95_seed1_H4320_Q3e+06_pov0.1_fee0,checkpoints/DOGE/DOGE_S2B1_lr0.0003_clip0.2_ent0.01_ep4_bs16_cl32_gamma0.999_lam0.95_seed1_H4320_Q3e+06_pov0.1_fee0/best.weights.h5,89
DOGE,doge_q1e+06,1000000.0,4320,3500.0,0.1,buy,DOGE_PPO_1,2026-01-10_steps_5s.parquet,/Users/jackfletcher/Desktop/FYP_Data/Replay_5s_DOGE/January/2026-01-10_steps_5s.parquet,3710,454,-8.023255310484559e-05,1000000.0000000002,0.1402370702686603,0.140305,11.257028363375348,6.64009213928253e-13,1.0000000000000002,1.0,0.0,0.802325531048455,DOGE_S2B1_lr0.0003_clip0.2_ent0.01_ep4_bs16_cl32_gamma0.999_lam0.95_seed1_H4320_Q3e+06_pov0.1_fee0,checkpoints/DOGE/DOGE_S2B1_lr0.0003_clip0.2_ent0.01_ep4_bs16_cl32_gamma0.999_lam0.95_seed1_H4320_Q3e+06_pov0.1_fee0/best.weights.h5,90
DOGE,doge_q1e+06,1000000.0,4320,3500.0,0.1,buy,DOGE_PPO_1,2026-01-08_steps_5s.parquet,/Users/jackfletcher/Desktop/FYP_Data/Replay_5s_DOGE/January/2026-01-08_steps_5s.parquet,1642,759,-7.491901855715438e-05,999999.9999999981,0.1462451756155076,0.14749,11.049806046994755,7.052984450749253e-13,0.9999999999999981,1.0,0.0,0.7491901855715476,DOGE_S2B1_lr0.0003_clip0.2_ent0.01_ep4_bs16_cl32_gamma0.999_lam0.95_seed1_H4320_Q3e+06_pov0.1_fee0,checkpoints/DOGE/DOGE_S2B1_lr0.0003_clip0.2_ent0.01_ep4_bs16_cl32_gamma0.999_lam0.95_seed1_H4320_Q3e+06_pov0.1_fee0/best.weights.h5,91
DOGE,doge_q1e+06,1000000.0,4320,3500.0,0.1,buy,DOGE_PPO_1,2026-01-29_steps_5s.parquet,/Users/jackfletcher/Desktop/FYP_Data/Replay_5s_DOGE/January/2026-01-29_steps_5s.parquet,237,493,-8.905578562332775e-05,1000000.0000000007,0.12445642390729783,0.12454499999999999,11.091452820457368,8.624708274156212e-13,1.0000000000000007,1.0,0.0,0.8905578562332787,DOGE_S2B1_lr0.0003_clip0.2_ent0.01_ep4_bs16_cl32_gamma0.999_lam0.95_seed1_H4320_Q3e+06_pov0.1_fee0,checkpoints/DOGE/DOGE_S2B1_lr0.0003_clip0.2_ent0.01_ep4_bs16_cl32_gamma0.999_lam0.95_seed1_H4320_Q3e+06_pov0.1_fee0/best.weights.h5,92
DOGE,doge_q1e+06,1000000.0,4320,3500.0,0.1,buy,DOGE_PPO_1,2026-01-28_steps_5s.parquet,/Users/jackfletcher/Desktop/FYP_Data/Replay_5s_DOGE/January/2026-01-28_steps_5s.parquet,9050,520,-9.169057957082847e-05,999999.9999999998,0.12639368601137205,0.12625,11.575935670817115,9.582894076378683e-13,0.9999999999999998,1.0,0.0,0.9169057957082863,DOGE_S2B1_lr0.0003_clip0.2_ent0.01_ep4_bs16_cl32_gamma0.999_lam0.95_seed1_H4320_Q3e+06_pov0.1_fee0,checkpoints/DOGE/DOGE_S2B1_lr0.0003_clip0.2_ent0.01_ep4_bs16_cl32_gamma0.999_lam0.95_seed1_H4320_Q3e+06_pov0.1_fee0/best.weights.h5,93
DOGE,doge_q1e+06,1000000.0,4320,3500.0,0.1,buy,DOGE_PPO_1,2026-01-13_steps_5s.parquet,/Users/jackfletcher/Desktop/FYP_Data/Replay_5s_DOGE/January/2026-01-13_steps_5s.parquet,3904,609,-0.00012411432920755755,999999.9999999995,0.13897735292583505,0.139225,17.279817483922194,9.057895254672647e-13,0.9999999999999996,1.0,0.0,1.241143292075575,DOGE_S2B1_lr0.0003_clip0.2_ent0.01_ep4_bs16_cl32_gamma0.999_lam0.95_seed1_H4320_Q3e+06_pov0.1_fee0,checkpoints/DOGE/DOGE_S2B1_lr0.0003_clip0.2_ent0.01_ep4_bs16_cl32_gamma0.999_lam0.95_seed1_H4320_Q3e+06_pov0.1_fee0/best.weights.h5,94
DOGE,doge_q1e+06,1000000.0,4320,3500.0,0.1,buy,DOGE_PPO_1,2026-01-19_steps_5s.parquet,/Users/jackfletcher/Desktop/FYP_Data/Replay_5s_DOGE/January/2026-01-19_steps_5s.parquet,8209,499,-5.8970706656398226e-05,999999.9999999997,0.12792456968752244,0.12789,7.541763674286801,5.960203157364757e-13,0.9999999999999997,1.0,0.0,0.5897070665639847,DOGE_S2B1_lr0.0003_clip0.2_ent0.01_ep4_bs16_cl32_gamma0.999_lam0.95_seed1_H4320_Q3e+06_pov0.1_fee0,checkpoints/DOGE/DOGE_S2B1_lr0.0003_clip0.2_ent0.01_ep4_bs16_cl32_gamma0.999_lam0.95_seed1_H4320_Q3e+06_pov0.1_fee0/best.weights.h5,95
DOGE,doge_q1e+06,1000000.0,4320,3500.0,0.1,buy,DOGE_PPO_1,2026-01-14_steps_5s.parquet,/Users/jackfletcher/Desktop/FYP_Data/Replay_5s_DOGE/January/2026-01-14_steps_5s.parquet,9841,737,-9.730238421616063e-05,1000000.0000000002,0.14632951679121817,0.146295,14.234852298903224,6.779246486863757e-13,1.0000000000000002,1.0,0.0,0.9730238421616066,DOGE_S2B1_lr0.0003_clip0.2_ent0.01_ep4_bs16_cl32_gamma0.999_lam0.95_seed1_H4320_Q3e+06_pov0.1_fee0,checkpoints/DOGE/DOGE_S2B1_lr0.0003_clip0.2_ent0.01_ep4_bs16_cl32_gamma0.999_lam0.95_seed1_H4320_Q3e+06_pov0.1_fee0/best.weights.h5,96
DOGE,doge_q1e+06,1000000.0,4320,3500.0,0.1,buy,DOGE_PPO_1,2026-01-29_steps_5s.parquet,/Users/jackfletcher/Desktop/FYP_Data/Replay_5s_DOGE/January/2026-01-29_steps_5s.parquet,6579,485,-5.4341365259155916e-05,999999.9999999993,0.12176232773860172,0.12184500000000001,6.621223650001875,7.636715644223781e-13,0.9999999999999993,1.0,0.0,0.5434136525915609,DOGE_S2B1_lr0.0003_clip0.2_ent0.01_ep4_bs16_cl32_gamma0.999_lam0.95_seed1_H4320_Q3e+06_pov0.1_fee0,checkpoints/DOGE/DOGE_S2B1_lr0.0003_clip0.2_ent0.01_ep4_bs16_cl32_gamma0.999_lam0.95_seed1_H4320_Q3e+06_pov0.1_fee0/best.weights.h5,97
DOGE,doge_q1e+06,1000000.0,4320,3500.0,0.1,buy,DOGE_PPO_1,2026-01-09_steps_5s.parquet,/Users/jackfletcher/Desktop/FYP_Data/Replay_5s_DOGE/January/2026-01-09_steps_5s.parquet,11428,774,-0.00010519011950731029,999999.9999999988,0.14306964844943496,0.14171,14.90649183538097,9.805093235723166e-13,0.9999999999999989,1.0,0.0,1.051901195073105,DOGE_S2B1_lr0.0003_clip0.2_ent0.01_ep4_bs16_cl32_gamma0.999_lam0.95_seed1_H4320_Q3e+06_pov0.1_fee0,checkpoints/DOGE/DOGE_S2B1_lr0.0003_clip0.2_ent0.01_ep4_bs16_cl32_gamma0.999_lam0.95_seed1_H4320_Q3e+06_pov0.1_fee0/best.weights.h5,98
DOGE,doge_q1e+06,1000000.0,4320,3500.0,0.1,buy,DOGE_PPO_1,2026-01-16_steps_5s.parquet,/Users/jackfletcher/Desktop/FYP_Data/Replay_5s_DOGE/January/2026-01-16_steps_5s.parquet,7709,494,-5.952016128632476e-05,1000000.0000000006,0.13897238061388287,0.139015,8.274195221218458,8.188203263881819e-13,1.0000000000000007,1.0,0.0,0.5952016128632491,DOGE_S2B1_lr0.0003_clip0.2_ent0.01_ep4_bs16_cl32_gamma0.999_lam0.95_seed1_H4320_Q3e+06_pov0.1_fee0,checkpoints/DOGE/DOGE_S2B1_lr0.0003_clip0.2_ent0.01_ep4_bs16_cl32_gamma0.999_lam0.95_seed1_H4320_Q3e+06_pov0.1_fee0/best.weights.h5,99
DOGE,doge_q1e+06,1000000.0,4320,3500.0,0.1,buy,DOGE_PPO_2,2026-01-21_steps_5s.parquet,/Users/jackfletcher/Desktop/FYP_Data/Replay_5s_DOGE/January/2026-01-21_steps_5s.parquet,4407,483,-6.0616794457833996e-05,999999.9999999994,0.125653751633168,0.12574000000000002,7.621955735128098,5.125504406638633e-13,0.9999999999999994,1.0,0.0,0.606167944578344,DOGE_S2B2_lr0.0003_clip0.2_ent0.005_ep4_bs16_cl32_gamma0.999_lam0.95_seed1_H4320_Q3e+06_pov0.1_fee0,checkpoints/DOGE/DOGE_S2B2_lr0.0003_clip0.2_ent0.005_ep4_bs16_cl32_gamma0.999_lam0.95_seed1_H4320_Q3e+06_pov0.1_fee0/best.weights.h5,0
DOGE,doge_q1e+06,1000000.0,4320,3500.0,0.1,buy,DOGE_PPO_2,2026-01-08_steps_5s.parquet,/Users/jackfletcher/Desktop/FYP_Data/Replay_5s_DOGE/January/2026-01-08_steps_5s.parquet,10297,781,-0.00010481737086204578,999999.9999999988,0.1394757622634005,0.13966,14.638794014593328,7.379251608234113e-13,0.9999999999999989,1.0,0.0,1.0481737086204588,DOGE_S2B2_lr0.0003_clip0.2_ent0.005_ep4_bs16_cl32_gamma0.999_lam0.95_seed1_H4320_Q3e+06_pov0.1_fee0,checkpoints/DOGE/DOGE_S2B2_lr0.0003_clip0.2_ent0.005_ep4_bs16_cl32_gamma0.999_lam0.95_seed1_H4320_Q3e+06_pov0.1_fee0/best.weights.h5,1
DOGE,doge_q1e+06,1000000.0,4320,3500.0,0.1,buy,DOGE_PPO_2,2026-01-18_steps_5s.parquet,/Users/jackfletcher/Desktop/FYP_Data/Replay_5s_DOGE/January/2026-01-18_steps_5s.parquet,856,455,-9.071584275692174e-05,999999.9999999992,0.13742530629633753,0.137355,12.460274581876988,7.674612634434339e-13,0.9999999999999992,1.0,0.0,0.9071584275692176,DOGE_S2B2_lr0.0003_clip0.2_ent0.005_ep4_bs16_cl32_gamma0.999_lam0.95_seed1_H4320_Q3e+06_pov0.1_fee0,checkpoints/DOGE/DOGE_S2B2_lr0.0003_clip0.2_ent0.005_ep4_bs16_cl32_gamma0.999_lam0.95_seed1_H4320_Q3e+06_pov0.1_fee0/best.weights.h5,2
DOGE,doge_q1e+06,1000000.0,4320,3500.0,0.1,buy,DOGE_PPO_2,2026-01-10_steps_5s.parquet,/Users/jackfletcher/Desktop/FYP_Data/Replay_5s_DOGE/January/2026-01-10_steps_5s.parquet,3263,448,-8.377330130654932e-05,1000000.0000000001,0.14005186654939453,0.139875,11.71779052025356,6.844895031732263e-13,1.0000000000000002,1.0,0.0,0.8377330130654914,DOGE_S2B2_lr0.0003_clip0.2_ent0.005_ep4_bs16_cl32_gamma0.999_lam0.95_seed1_H4320_Q3e+06_pov0.1_fee0,checkpoints/DOGE/DOGE_S2B2_lr0.0003_clip0.2_ent0.005_ep4_bs16_cl32_gamma0.999_lam0.95_seed1_H4320_Q3e+06_pov0.1_fee0/best.weights.h5,3
DOGE,doge_q1e+06,1000000.0,4320,3500.0,0.1,buy,DOGE_PPO_2,2026-01-28_steps_5s.parquet,/Users/jackfletcher/Desktop/FYP_Data/Replay_5s_DOGE/January/2026-01-28_steps_5s.parquet,9699,586,-8.397642032679741e-05,999999.999999999,0.1262017647019782,0.12632,10.607901415681098,9.511099423884734e-13,0.999999999999999,1.0,0.0,0.8397642032679781,DOGE_S2B2_lr0.0003_clip0.2_ent0.005_ep4_bs16_cl32_gamma0.999_lam0.95_seed1_H4320_Q3e+06_pov0.1_fee0,checkpoints/DOGE/DOGE_S2B2_lr0.0003_clip0.2_ent0.005_ep4_bs16_cl32_gamma0.999_lam0.95_seed1_H4320_Q3e+06_pov0.1_fee0/best.weights.h5,4
DOGE,doge_q1e+06,1000000.0,4320,3500.0,0.1,buy,DOGE_PPO_2,2026-01-12_steps_5s.parquet,/Users/jackfletcher/Desktop/FYP_Data/Replay_5s_DOGE/January/2026-01-12_steps_5s.parquet,5349,623,-5.264435742491907e-05,1000000.000000001,0.13843837908508078,0.13925500000000002,7.3309899932071145,7.905161469612795e-13,1.000000000000001,1.0,0.0,0.5264435742491913,DOGE_S2B2_lr0.0003_clip0.2_ent0.005_ep4_bs16_cl32_gamma0.999_lam0.95_seed1_H4320_Q3e+06_pov0.1_fee0,checkpoints/DOGE/DOGE_S2B2_lr0.0003_clip0.2_ent0.005_ep4_bs16_cl32_gamma0.999_lam0.95_seed1_H4320_Q3e+06_pov0.1_fee0/best.weights.h5,5
DOGE,doge_q1e+06,1000000.0,4320,3500.0,0.1,buy,DOGE_PPO_2,2026-01-20_steps_5s.parquet,/Users/jackfletcher/Desktop/FYP_Data/Replay_5s_DOGE/January/2026-01-20_steps_5s.parquet,9376,766,-7.641116553569866e-05,1000000.0,0.12512746555086857,0.12578,9.61099640108018,7.415890706450277e-13,1.0,1.0,0.0,0.7641116553569869,DOGE_S2B2_lr0.0003_clip0.2_ent0.005_ep4_bs16_cl32_gamma0.999_lam0.95_seed1_H4320_Q3e+06_pov0.1_fee0,checkpoints/DOGE/DOGE_S2B2_lr0.0003_clip0.2_ent0.005_ep4_bs16_cl32_gamma0.999_lam0.95_seed1_H4320_Q3e+06_pov0.1_fee0/best.weights.h5,6
DOGE,doge_q1e+06,1000000.0,4320,3500.0,0.1,buy,DOGE_PPO_2,2026-01-27_steps_5s.parquet,/Users/jackfletcher/Desktop/FYP_Data/Replay_5s_DOGE/January/2026-01-27_steps_5s.parquet,668,453,-9.731187204303673e-05,1000000.0000000009,0.12215261904843502,0.122285,11.899782272782769,6.843640028140819e-13,1.0000000000000009,1.0,0.0,0.9731187204303692,DOGE_S2B2_lr0.0003_clip0.2_ent0.005_ep4_bs16_cl32_gamma0.999_lam0.95_seed1_H4320_Q3e+06_pov0.1_fee0,checkpoints/DOGE/DOGE_S2B2_lr0.0003_clip0.2_ent0.005_ep4_bs16_cl32_gamma0.999_lam0.95_seed1_H4320_Q3e+06_pov0.1_fee0/best.weights.h5,7
DOGE,doge_q1e+06,1000000.0,4320,3500.0,0.1,buy,DOGE_PPO_2,2026-01-11_steps_5s.parquet,/Users/jackfletcher/Desktop/FYP_Data/Replay_5s_DOGE/January/2026-01-11_steps_5s.parquet,10543,557,-0.00012162299761080269,999999.9999999993,0.14053406855879894,0.140595,17.099585349090805,7.528542371613444e-13,0.9999999999999993,1.0,0.0,1.2162299761080269,DOGE_S2B2_lr0.0003_clip0.2_ent0.005_ep4_bs16_cl32_gamma0.999_lam0.95_seed1_H4320_Q3e+06_pov0.1_fee0,checkpoints/DOGE/DOGE_S2B2_lr0.0003_clip0.2_ent0.005_ep4_bs16_cl32_gamma0.999_lam0.95_seed1_H4320_Q3e+06_pov0.1_fee0/best.weights.h5,8
DOGE,doge_q1e+06,1000000.0,4320,3500.0,0.1,buy,DOGE_PPO_2,2026-01-19_steps_5s.parquet,/Users/jackfletcher/Desktop/FYP_Data/Replay_5s_DOGE/January/2026-01-19_steps_5s.parquet,4001,578,-6.710393013082673e-05,999999.9999999995,0.12713930296866585,0.127295,8.54199478600356,9.906477834682251e-13,0.9999999999999996,1.0,0.0,0.6710393013082651,DOGE_S2B2_lr0.0003_clip0.2_ent0.005_ep4_bs16_cl32_gamma0.999_lam0.95_seed1_H4320_Q3e+06_pov0.1_fee0,checkpoints/DOGE/DOGE_S2B2_lr0.0003_clip0.2_ent0.005_ep4_bs16_cl32_gamma0.999_lam0.95_seed1_H4320_Q3e+06_pov0.1_fee0/best.weights.h5,9
DOGE,doge_q1e+06,1000000.0,4320,3500.0,0.1,buy,DOGE_PPO_2,2026-01-26_steps_5s.parquet,/Users/jackfletcher/Desktop/FYP_Data/Replay_5s_DOGE/January/2026-01-26_steps_5s.parquet,2653,558,-9.188413668624066e-05,999999.9999999998,0.12154193004038263,0.121665,11.179083489931472,6.200913987557347e-13,0.9999999999999998,1.0,0.0,0.9188413668624068,DOGE_S2B2_lr0.0003_clip0.2_ent0.005_ep4_bs16_cl32_gamma0.999_lam0.95_seed1_H4320_Q3e+06_pov0.1_fee0,checkpoints/DOGE/DOGE_S2B2_lr0.0003_clip0.2_ent0.005_ep4_bs16_cl32_gamma0.999_lam0.95_seed1_H4320_Q3e+06_pov0.1_fee0/best.weights.h5,10
DOGE,doge_q1e+06,1000000.0,4320,3500.0,0.1,buy,DOGE_PPO_2,2026-01-16_steps_5s.parquet,/Users/jackfletcher/Desktop/FYP_Data/Replay_5s_DOGE/January/2026-01-16_steps_5s.parquet,12663,794,-8.464578421942395e-05,1000000.0000000008,0.1370231135539334,0.13656000000000001,11.559228293004532,6.544958909991529e-13,1.0000000000000009,1.0,0.0,0.8464578421942391,DOGE_S2B2_lr0.0003_clip0.2_ent0.005_ep4_bs16_cl32_gamma0.999_lam0.95_seed1_H4320_Q3e+06_pov0.1_fee0,checkpoints/DOGE/DOGE_S2B2_lr0.0003_clip0.2_ent0.005_ep4_bs16_cl32_gamma0.999_lam0.95_seed1_H4320_Q3e+06_pov0.1_fee0/best.weights.h5,11
DOGE,doge_q1e+06,1000000.0,4320,3500.0,0.1,buy,DOGE_PPO_2,2026-01-22_steps_5s.parquet,/Users/jackfletcher/Desktop/FYP_Data/Replay_5s_DOGE/January/2026-01-22_steps_5s.parquet,10332,642,-0.00010580193180394874,999999.9999999998,0.12465801225179743,0.12526500000000002,13.25327898742163,7.440256338706163e-13,0.9999999999999998,1.0,0.0,1.0580193180394866,DOGE_S2B2_lr0.0003_clip0.2_ent0.005_ep4_bs16_cl32_gamma0.999_lam0.95_seed1_H4320_Q3e+06_pov0.1_fee0,checkpoints/DOGE/DOGE_S2B2_lr0.0003_clip0.2_ent0.005_ep4_bs16_cl32_gamma0.999_lam0.95_seed1_H4320_Q3e+06_pov0.1_fee0/best.weights.h5,12
DOGE,doge_q1e+06,1000000.0,4320,3500.0,0.1,buy,DOGE_PPO_2,2026-01-09_steps_5s.parquet,/Users/jackfletcher/Desktop/FYP_Data/Replay_5s_DOGE/January/2026-01-09_steps_5s.parquet,12589,660,-0.00012169706909195942,999999.9999999998,0.142041404611695,0.141815,17.258469853276228,8.45654956632402e-13,0.9999999999999998,1.0,0.0,1.2169706909195943,DOGE_S2B2_lr0.0003_clip0.2_ent0.005_ep4_bs16_cl32_gamma0.999_lam0.95_seed1_H4320_Q3e+06_pov0.1_fee0,checkpoints/DOGE/DOGE_S2B2_lr0.0003_clip0.2_ent0.005_ep4_bs16_cl32_gamma0.999_lam0.95_seed1_H4320_Q3e+06_pov0.1_fee0/best.weights.h5,13
DOGE,doge_q1e+06,1000000.0,4320,3500.0,0.1,buy,DOGE_PPO_2,2026-01-15_steps_5s.parquet,/Users/jackfletcher/Desktop/FYP_Data/Replay_5s_DOGE/January/2026-01-15_steps_5s.parquet,50,549,-0.00012294844592379282,1000000.0000000007,0.14676573907998336,0.146865,18.056823510597837,6.979913704488074e-13,1.0000000000000007,1.0,0.0,1.2294844592379286,DOGE_S2B2_lr0.0003_clip0.2_ent0.005_ep4_bs16_cl32_gamma0.999_lam0.95_seed1_H4320_Q3e+06_pov0.1_fee0,checkpoints/DOGE/DOGE_S2B2_lr0.0003_clip0.2_ent0.005_ep4_bs16_cl32_gamma0.999_lam0.95_seed1_H4320_Q3e+06_pov0.1_fee0/best.weights.h5,14
DOGE,doge_q1e+06,1000000.0,4320,3500.0,0.1,buy,DOGE_PPO_2,2026-01-14_steps_5s.parquet,/Users/jackfletcher/Desktop/FYP_Data/Replay_5s_DOGE/January/2026-01-14_steps_5s.parquet,5868,574,-0.00010118955207803377,999999.9999999999,0.14832857459731746,0.14849,15.025636588067274,6.16574006876354e-13,0.9999999999999999,1.0,0.0,1.0118955207803404,DOGE_S2B2_lr0.0003_clip0.2_ent0.005_ep4_bs16_cl32_gamma0.999_lam0.95_seed1_H4320_Q3e+06_pov0.1_fee0,checkpoints/DOGE/DOGE_S2B2_lr0.0003_clip0.2_ent0.005_ep4_bs16_cl32_gamma0.999_lam0.95_seed1_H4320_Q3e+06_pov0.1_fee0/best.weights.h5,15
DOGE,doge_q1e+06,1000000.0,4320,3500.0,0.1,buy,DOGE_PPO_2,2026-01-27_steps_5s.parquet,/Users/jackfletcher/Desktop/FYP_Data/Replay_5s_DOGE/January/2026-01-27_steps_5s.parquet,8646,445,-7.47954693944905e-05,1000000.0000000005,0.12253452877416142,0.122385,9.153843521844717,5.171000740184495e-13,1.0000000000000004,1.0,0.0,0.7479546939449048,DOGE_S2B2_lr0.0003_clip0.2_ent0.005_ep4_bs16_cl32_gamma0.999_lam0.95_seed1_H4320_Q3e+06_pov0.1_fee0,checkpoints/DOGE/DOGE_S2B2_lr0.0003_clip0.2_ent0.005_ep4_bs16_cl32_gamma0.999_lam0.95_seed1_H4320_Q3e+06_pov0.1_fee0/best.weights.h5,16
DOGE,doge_q1e+06,1000000.0,4320,3500.0,0.1,buy,DOGE_PPO_2,2026-01-29_steps_5s.parquet,/Users/jackfletcher/Desktop/FYP_Data/Replay_5s_DOGE/January/2026-01-29_steps_5s.parquet,3272,459,-9.202082039708341e-05,999999.9999999997,0.12197931446407308,0.121765,11.20491519565086,7.37669765060791e-13,0.9999999999999997,1.0,0.0,0.920208203970834,DOGE_S2B2_lr0.0003_clip0.2_ent0.005_ep4_bs16_cl32_gamma0.999_lam0.95_seed1_H4320_Q3e+06_pov0.1_fee0,checkpoints/DOGE/DOGE_S2B2_lr0.0003_clip0.2_ent0.005_ep4_bs16_cl32_gamma0.999_lam0.95_seed1_H4320_Q3e+06_pov0.1_fee0/best.weights.h5,17
DOGE,doge_q1e+06,1000000.0,4320,3500.0,0.1,buy,DOGE_PPO_2,2026-01-31_steps_5s.parquet,/Users/jackfletcher/Desktop/FYP_Data/Replay_5s_DOGE/January/2026-01-31_steps_5s.parquet,12628,570,-0.00015053147888812322,999999.9999999986,0.10194372520148681,0.102165,15.379048540605078,7.361896337772484e-13,0.9999999999999986,1.0,0.0,1.5053147888812293,DOGE_S2B2_lr0.0003_clip0.2_ent0.005_ep4_bs16_cl32_gamma0.999_lam0.95_seed1_H4320_Q3e+06_pov0.1_fee0,checkpoints/DOGE/DOGE_S2B2_lr0.0003_clip0.2_ent0.005_ep4_bs16_cl32_gamma0.999_lam0.95_seed1_H4320_Q3e+06_pov0.1_fee0/best.weights.h5,18
DOGE,doge_q1e+06,1000000.0,4320,3500.0,0.1,buy,DOGE_PPO_2,2026-01-17_steps_5s.parquet,/Users/jackfletcher/Desktop/FYP_Data/Replay_5s_DOGE/January/2026-01-17_steps_5s.parquet,5391,450,-6.227690001636237e-05,999999.9999999998,0.1373756797183027,0.137405,8.557157446748297,7.776458474264466e-13,0.9999999999999998,1.0,0.0,0.6227690001636256,DOGE_S2B2_lr0.0003_clip0.2_ent0.005_ep4_bs16_cl32_gamma0.999_lam0.95_seed1_H4320_Q3e+06_pov0.1_fee0,checkpoints/DOGE/DOGE_S2B2_lr0.0003_clip0.2_ent0.005_ep4_bs16_cl32_gamma0.999_lam0.95_seed1_H4320_Q3e+06_pov0.1_fee0/best.weights.h5,19
DOGE,doge_q1e+06,1000000.0,4320,3500.0,0.1,buy,DOGE_PPO_2,2026-01-19_steps_5s.parquet,/Users/jackfletcher/Desktop/FYP_Data/Replay_5s_DOGE/January/2026-01-19_steps_5s.parquet,12209,564,-0.00010735759634283382,999999.9999999988,0.12908574087086375,0.12925,13.87596932731131,7.974525787594929e-13,0.9999999999999989,1.0,0.0,1.0735759634283413,DOGE_S2B2_lr0.0003_clip0.2_ent0.005_ep4_bs16_cl32_gamma0.999_lam0.95_seed1_H4320_Q3e+06_pov0.1_fee0,checkpoints/DOGE/DOGE_S2B2_lr0.0003_clip0.2_ent0.005_ep4_bs16_cl32_gamma0.999_lam0.95_seed1_H4320_Q3e+06_pov0.1_fee0/best.weights.h5,20
DOGE,doge_q1e+06,1000000.0,4320,3500.0,0.1,buy,DOGE_PPO_2,2026-01-12_steps_5s.parquet,/Users/jackfletcher/Desktop/FYP_Data/Replay_5s_DOGE/January/2026-01-12_steps_5s.parquet,7354,574,-8.111020402867647e-05,999999.9999999995,0.13673270223147674,0.136895,11.103581380505679,8.45396330925601e-13,0.9999999999999996,1.0,0.0,0.8111020402867656,DOGE_S2B2_lr0.0003_clip0.2_ent0.005_ep4_bs16_cl32_gamma0.999_lam0.95_seed1_H4320_Q3e+06_pov0.1_fee0,checkpoints/DOGE/DOGE_S2B2_lr0.0003_clip0.2_ent0.005_ep4_bs16_cl32_gamma0.999_lam0.95_seed1_H4320_Q3e+06_pov0.1_fee0/best.weights.h5,21
DOGE,doge_q1e+06,1000000.0,4320,3500.0,0.1,buy,DOGE_PPO_2,2026-01-30_steps_5s.parquet,/Users/jackfletcher/Desktop/FYP_Data/Replay_5s_DOGE/January/2026-01-30_steps_5s.parquet,11425,676,-0.00011007453122597971,1000000.0000000003,0.11622237265397904,0.11591499999999999,12.759289287059445,6.862910974717396e-13,1.0000000000000004,1.0,0.0,1.1007453122597979,DOGE_S2B2_lr0.0003_clip0.2_ent0.005_ep4_bs16_cl32_gamma0.999_lam0.95_seed1_H4320_Q3e+06_pov0.1_fee0,checkpoints/DOGE/DOGE_S2B2_lr0.0003_clip0.2_ent0.005_ep4_bs16_cl32_gamma0.999_lam0.95_seed1_H4320_Q3e+06_pov0.1_fee0/best.weights.h5,22
DOGE,doge_q1e+06,1000000.0,4320,3500.0,0.1,buy,DOGE_PPO_2,2026-01-11_steps_5s.parquet,/Users/jackfletcher/Desktop/FYP_Data/Replay_5s_DOGE/January/2026-01-11_steps_5s.parquet,12399,514,-7.995348115618474e-05,1000000.0000000006,0.1384458814086885,0.138905,11.105938299999902,9.749552540600624e-13,1.0000000000000007,1.0,0.0,0.7995348115618518,DOGE_S2B2_lr0.0003_clip0.2_ent0.005_ep4_bs16_cl32_gamma0.999_lam0.95_seed1_H4320_Q3e+06_pov0.1_fee0,checkpoints/DOGE/DOGE_S2B2_lr0.0003_clip0.2_ent0.005_ep4_bs16_cl32_gamma0.999_lam0.95_seed1_H4320_Q3e+06_pov0.1_fee0/best.weights.h5,23
DOGE,doge_q1e+06,1000000.0,4320,3500.0,0.1,buy,DOGE_PPO_2,2026-01-09_steps_5s.parquet,/Users/jackfletcher/Desktop/FYP_Data/Replay_5s_DOGE/January/2026-01-09_steps_5s.parquet,8384,529,-5.8124893967340375e-05,999999.9999999998,0.140339130349276,0.14066499999999998,8.176138209915948,6.411379821427526e-13,0.9999999999999998,1.0,0.0,0.5812489396734049,DOGE_S2B2_lr0.0003_clip0.2_ent0.005_ep4_bs16_cl32_gamma0.999_lam0.95_seed1_H4320_Q3e+06_pov0.1_fee0,checkpoints/DOGE/DOGE_S2B2_lr0.0003_clip0.2_ent0.005_ep4_bs16_cl32_gamma0.999_lam0.95_seed1_H4320_Q3e+06_pov0.1_fee0/best.weights.h5,24
DOGE,doge_q1e+06,1000000.0,4320,3500.0,0.1,buy,DOGE_PPO_2,2026-01-23_steps_5s.parquet,/Users/jackfletcher/Desktop/FYP_Data/Replay_5s_DOGE/January/2026-01-23_steps_5s.parquet,8755,408,-9.878050930426307e-05,1000000.0000000003,0.12514433563231347,0.12532,12.379173426010272,5.783163575160298e-13,1.0000000000000004,1.0,0.0,0.9878050930426328,DOGE_S2B2_lr0.0003_clip0.2_ent0.005_ep4_bs16_cl32_gamma0.999_lam0.95_seed1_H4320_Q3e+06_pov0.1_fee0,checkpoints/DOGE/DOGE_S2B2_lr0.0003_clip0.2_ent0.005_ep4_bs16_cl32_gamma0.999_lam0.95_seed1_H4320_Q3e+06_pov0.1_fee0/best.weights.h5,25
DOGE,doge_q1e+06,1000000.0,4320,3500.0,0.1,buy,DOGE_PPO_2,2026-01-16_steps_5s.parquet,/Users/jackfletcher/Desktop/FYP_Data/Replay_5s_DOGE/January/2026-01-16_steps_5s.parquet,7641,502,-6.002038572718512e-05,1000000.0000000003,0.1390675643040656,0.13908500000000001,8.347935348865557,8.001529565704991e-13,1.0000000000000004,1.0,0.0,0.6002038572718522,DOGE_S2B2_lr0.0003_clip0.2_ent0.005_ep4_bs16_cl32_gamma0.999_lam0.95_seed1_H4320_Q3e+06_pov0.1_fee0,checkpoints/DOGE/DOGE_S2B2_lr0.0003_clip0.2_ent0.005_ep4_bs16_cl32_gamma0.999_lam0.95_seed1_H4320_Q3e+06_pov0.1_fee0/best.weights.h5,26
DOGE,doge_q1e+06,1000000.0,4320,3500.0,0.1,buy,DOGE_PPO_2,2026-01-13_steps_5s.parquet,/Users/jackfletcher/Desktop/FYP_Data/Replay_5s_DOGE/January/2026-01-13_steps_5s.parquet,8316,580,-5.536841879324122e-05,1000000.0000000007,0.13907981126064145,0.13916499999999998,7.705346001361398,7.336557675952227e-13,1.0000000000000007,1.0,0.0,0.5536841879324111,DOGE_S2B2_lr0.0003_clip0.2_ent0.005_ep4_bs16_cl32_gamma0.999_lam0.95_seed1_H4320_Q3e+06_pov0.1_fee0,checkpoints/DOGE/DOGE_S2B2_lr0.0003_clip0.2_ent0.005_ep4_bs16_cl32_gamma0.999_lam0.95_seed1_H4320_Q3e+06_pov0.1_fee0/best.weights.h5,27
DOGE,doge_q1e+06,1000000.0,4320,3500.0,0.1,buy,DOGE_PPO_2,2026-01-12_steps_5s.parquet,/Users/jackfletcher/Desktop/FYP_Data/Replay_5s_DOGE/January/2026-01-12_steps_5s.parquet,11136,835,-0.00011057936276520392,1000000.0,0.1386666025905475,0.137915,15.250552815763081,9.710229298609763e-13,1.0,1.0,0.0,1.105793627652038,DOGE_S2B2_lr0.0003_clip0.2_ent0.005_ep4_bs16_cl32_gamma0.999_lam0.95_seed1_H4320_Q3e+06_pov0.1_fee0,checkpoints/DOGE/DOGE_S2B2_lr0.0003_clip0.2_ent0.005_ep4_bs16_cl32_gamma0.999_lam0.95_seed1_H4320_Q3e+06_pov0.1_fee0/best.weights.h5,28
DOGE,doge_q1e+06,1000000.0,4320,3500.0,0.1,buy,DOGE_PPO_2,2026-01-30_steps_5s.parquet,/Users/jackfletcher/Desktop/FYP_Data/Replay_5s_DOGE/January/2026-01-30_steps_5s.parquet,9641,545,-0.00010760731331805937,1000000.0000000014,0.11458848068228614,0.1147,12.342558837581425,9.187558925916865e-13,1.0000000000000013,1.0,0.0,1.076073133180595,DOGE_S2B2_lr0.0003_clip0.2_ent0.005_ep4_bs16_cl32_gamma0.999_lam0.95_seed1_H4320_Q3e+06_pov0.1_fee0,checkpoints/DOGE/DOGE_S2B2_lr0.0003_clip0.2_ent0.005_ep4_bs16_cl32_gamma0.999_lam0.95_seed1_H4320_Q3e+06_pov0.1_fee0/best.weights.h5,29
DOGE,doge_q1e+06,1000000.0,4320,3500.0,0.1,buy,DOGE_PPO_2,2026-01-27_steps_5s.parquet,/Users/jackfletcher/Desktop/FYP_Data/Replay_5s_DOGE/January/2026-01-27_steps_5s.parquet,9307,457,-7.899311603890779e-05,999999.9999999998,0.12208773436435262,0.12218499999999999,9.651773883213943,5.613402928107454e-13,0.9999999999999998,1.0,0.0,0.7899311603890776,DOGE_S2B2_lr0.0003_clip0.2_ent0.005_ep4_bs16_cl32_gamma0.999_lam0.95_seed1_H4320_Q3e+06_pov0.1_fee0,checkpoints/DOGE/DOGE_S2B2_lr0.0003_clip0.2_ent0.005_ep4_bs16_cl32_gamma0.999_lam0.95_seed1_H4320_Q3e+06_pov0.1_fee0/best.weights.h5,30
DOGE,doge_q1e+06,1000000.0,4320,3500.0,0.1,buy,DOGE_PPO_2,2026-01-13_steps_5s.parquet,/Users/jackfletcher/Desktop/FYP_Data/Replay_5s_DOGE/January/2026-01-13_steps_5s.parquet,10157,734,-0.00011703241167808287,1000000.0000000007,0.14058765794665523,0.13938499999999998,16.3125627017496,6.783488043489296e-13,1.0000000000000007,1.0,0.0,1.1703241167808303,DOGE_S2B2_lr0.0003_clip0.2_ent0.005_ep4_bs16_cl32_gamma0.999_lam0.95_seed1_H4320_Q3e+06_pov0.1_fee0,checkpoints/DOGE/DOGE_S2B2_lr0.0003_clip0.2_ent0.005_ep4_bs16_cl32_gamma0.999_lam0.95_seed1_H4320_Q3e+06_pov0.1_fee0/best.weights.h5,31
DOGE,doge_q1e+06,1000000.0,4320,3500.0,0.1,buy,DOGE_PPO_2,2026-01-24_steps_5s.parquet,/Users/jackfletcher/Desktop/FYP_Data/Replay_5s_DOGE/January/2026-01-24_steps_5s.parquet,9622,401,-5.921756571918313e-05,999999.9999999998,0.1244124923319579,0.124395,7.366369087637787,7.292679291694798e-13,0.9999999999999998,1.0,0.0,0.5921756571918315,DOGE_S2B2_lr0.0003_clip0.2_ent0.005_ep4_bs16_cl32_gamma0.999_lam0.95_seed1_H4320_Q3e+06_pov0.1_fee0,checkpoints/DOGE/DOGE_S2B2_lr0.0003_clip0.2_ent0.005_ep4_bs16_cl32_gamma0.999_lam0.95_seed1_H4320_Q3e+06_pov0.1_fee0/best.weights.h5,32
DOGE,doge_q1e+06,1000000.0,4320,3500.0,0.1,buy,DOGE_PPO_2,2026-01-31_steps_5s.parquet,/Users/jackfletcher/Desktop/FYP_Data/Replay_5s_DOGE/January/2026-01-31_steps_5s.parquet,10664,603,-0.00013530929946462615,999999.9999999995,0.107330548502927,0.106965,14.47335921723376,6.016083315296061e-13,0.9999999999999996,1.0,0.0,1.3530929946462638,DOGE_S2B2_lr0.0003_clip0.2_ent0.005_ep4_bs16_cl32_gamma0.999_lam0.95_seed1_H4320_Q3e+06_pov0.1_fee0,checkpoints/DOGE/DOGE_S2B2_lr0.0003_clip0.2_ent0.005_ep4_bs16_cl32_gamma0.999_lam0.95_seed1_H4320_Q3e+06_pov0.1_fee0/best.weights.h5,33
DOGE,doge_q1e+06,1000000.0,4320,3500.0,0.1,buy,DOGE_PPO_2,2026-01-24_steps_5s.parquet,/Users/jackfletcher/Desktop/FYP_Data/Replay_5s_DOGE/January/2026-01-24_steps_5s.parquet,7706,420,-6.162538233051247e-05,1000000.0000000001,0.12472509784531896,0.12456500000000001,7.676365750000311,9.913688518893522e-13,1.0000000000000002,1.0,0.0,0.6162538233051267,DOGE_S2B2_lr0.0003_clip0.2_ent0.005_ep4_bs16_cl32_gamma0.999_lam0.95_seed1_H4320_Q3e+06_pov0.1_fee0,checkpoints/DOGE/DOGE_S2B2_lr0.0003_clip0.2_ent0.005_ep4_bs16_cl32_gamma0.999_lam0.95_seed1_H4320_Q3e+06_pov0.1_fee0/best.weights.h5,34
DOGE,doge_q1e+06,1000000.0,4320,3500.0,0.1,buy,DOGE_PPO_2,2026-01-11_steps_5s.parquet,/Users/jackfletcher/Desktop/FYP_Data/Replay_5s_DOGE/January/2026-01-11_steps_5s.parquet,12426,520,-7.840831692451692e-05,1000000.0000000002,0.13841904069835623,0.13864500000000002,10.870921099999677,6.067103237236562e-13,1.0000000000000002,1.0,0.0,0.7840831692451711,DOGE_S2B2_lr0.0003_clip0.2_ent0.005_ep4_bs16_cl32_gamma0.999_lam0.95_seed1_H4320_Q3e+06_pov0.1_fee0,checkpoints/DOGE/DOGE_S2B2_lr0.0003_clip0.2_ent0.005_ep4_bs16_cl32_gamma0.999_lam0.95_seed1_H4320_Q3e+06_pov0.1_fee0/best.weights.h5,35
DOGE,doge_q1e+06,1000000.0,4320,3500.0,0.1,buy,DOGE_PPO_2,2026-01-21_steps_5s.parquet,/Users/jackfletcher/Desktop/FYP_Data/Replay_5s_DOGE/January/2026-01-21_steps_5s.parquet,784,573,-7.996575220704822e-05,999999.9999999986,0.12549212978891858,0.12526500000000002,10.016909950215897,4.928328100512871e-13,0.9999999999999986,1.0,0.0,0.7996575220704824,DOGE_S2B2_lr0.0003_clip0.2_ent0.005_ep4_bs16_cl32_gamma0.999_lam0.95_seed1_H4320_Q3e+06_pov0.1_fee0,checkpoints/DOGE/DOGE_S2B2_lr0.0003_clip0.2_ent0.005_ep4_bs16_cl32_gamma0.999_lam0.95_seed1_H4320_Q3e+06_pov0.1_fee0/best.weights.h5,36
DOGE,doge_q1e+06,1000000.0,4320,3500.0,0.1,buy,DOGE_PPO_2,2026-01-10_steps_5s.parquet,/Users/jackfletcher/Desktop/FYP_Data/Replay_5s_DOGE/January/2026-01-10_steps_5s.parquet,10952,463,-6.219891430048752e-05,999999.9999999987,0.14001771789234044,0.140175,8.718732812070835,5.360754242749074e-13,0.9999999999999987,1.0,0.0,0.621989143004875,DOGE_S2B2_lr0.0003_clip0.2_ent0.005_ep4_bs16_cl32_gamma0.999_lam0.95_seed1_H4320_Q3e+06_pov0.1_fee0,checkpoints/DOGE/DOGE_S2B2_lr0.0003_clip0.2_ent0.005_ep4_bs16_cl32_gamma0.999_lam0.95_seed1_H4320_Q3e+06_pov0.1_fee0/best.weights.h5,37
DOGE,doge_q1e+06,1000000.0,4320,3500.0,0.1,buy,DOGE_PPO_2,2026-01-28_steps_5s.parquet,/Users/jackfletcher/Desktop/FYP_Data/Replay_5s_DOGE/January/2026-01-28_steps_5s.parquet,5354,563,-9.087376886922597e-05,999999.9999999998,0.12556375960719698,0.12576500000000002,11.428739541838242,5.34540388932754e-13,0.9999999999999998,1.0,0.0,0.9087376886922627,DOGE_S2B2_lr0.0003_clip0.2_ent0.005_ep4_bs16_cl32_gamma0.999_lam0.95_seed1_H4320_Q3e+06_pov0.1_fee0,checkpoints/DOGE/DOGE_S2B2_lr0.0003_clip0.2_ent0.005_ep4_bs16_cl32_gamma0.999_lam0.95_seed1_H4320_Q3e+06_pov0.1_fee0/best.weights.h5,38
DOGE,doge_q1e+06,1000000.0,4320,3500.0,0.1,buy,DOGE_PPO_2,2026-01-23_steps_5s.parquet,/Users/jackfletcher/Desktop/FYP_Data/Replay_5s_DOGE/January/2026-01-23_steps_5s.parquet,7151,522,-9.099740471925908e-05,999999.9999999997,0.12500092973835464,0.12485,11.36102597919948,7.859910700573924e-13,0.9999999999999997,1.0,0.0,0.9099740471925896,DOGE_S2B2_lr0.0003_clip0.2_ent0.005_ep4_bs16_cl32_gamma0.999_lam0.95_seed1_H4320_Q3e+06_pov0.1_fee0,checkpoints/DOGE/DOGE_S2B2_lr0.0003_clip0.2_ent0.005_ep4_bs16_cl32_gamma0.999_lam0.95_seed1_H4320_Q3e+06_pov0.1_fee0/best.weights.h5,39
DOGE,doge_q1e+06,1000000.0,4320,3500.0,0.1,buy,DOGE_PPO_2,2026-01-30_steps_5s.parquet,/Users/jackfletcher/Desktop/FYP_Data/Replay_5s_DOGE/January/2026-01-30_steps_5s.parquet,1186,489,-0.00015423227699851356,999999.9999999994,0.11481167729228378,0.116585,17.98117001387165,8.962163976948514e-13,0.9999999999999994,1.0,0.0,1.5423227699851312,DOGE_S2B2_lr0.0003_clip0.2_ent0.005_ep4_bs16_cl32_gamma0.999_lam0.95_seed1_H4320_Q3e+06_pov0.1_fee0,checkpoints/DOGE/DOGE_S2B2_lr0.0003_clip0.2_ent0.005_ep4_bs16_cl32_gamma0.999_lam0.95_seed1_H4320_Q3e+06_pov0.1_fee0/best.weights.h5,40
DOGE,doge_q1e+06,1000000.0,4320,3500.0,0.1,buy,DOGE_PPO_2,2026-01-25_steps_5s.parquet,/Users/jackfletcher/Desktop/FYP_Data/Replay_5s_DOGE/January/2026-01-25_steps_5s.parquet,5846,409,-8.12001348930175e-05,1000000.0000000001,0.12300295462962277,0.123045,9.991270597911376,8.492302979469095e-13,1.0000000000000002,1.0,0.0,0.8120013489301781,DOGE_S2B2_lr0.0003_clip0.2_ent0.005_ep4_bs16_cl32_gamma0.999_lam0.95_seed1_H4320_Q3e+06_pov0.1_fee0,checkpoints/DOGE/DOGE_S2B2_lr0.0003_clip0.2_ent0.005_ep4_bs16_cl32_gamma0.999_lam0.95_seed1_H4320_Q3e+06_pov0.1_fee0/best.weights.h5,41
DOGE,doge_q1e+06,1000000.0,4320,3500.0,0.1,buy,DOGE_PPO_2,2026-01-20_steps_5s.parquet,/Users/jackfletcher/Desktop/FYP_Data/Replay_5s_DOGE/January/2026-01-20_steps_5s.parquet,7224,639,-7.518125239230357e-05,1000000.0,0.12573388116438924,0.125755,9.454418394594143,7.901673314893562e-13,1.0,1.0,0.0,0.7518125239230363,DOGE_S2B2_lr0.0003_clip0.2_ent0.005_ep4_bs16_cl32_gamma0.999_lam0.95_seed1_H4320_Q3e+06_pov0.1_fee0,checkpoints/DOGE/DOGE_S2B2_lr0.0003_clip0.2_ent0.005_ep4_bs16_cl32_gamma0.999_lam0.95_seed1_H4320_Q3e+06_pov0.1_fee0/best.weights.h5,42
DOGE,doge_q1e+06,1000000.0,4320,3500.0,0.1,buy,DOGE_PPO_2,2026-01-29_steps_5s.parquet,/Users/jackfletcher/Desktop/FYP_Data/Replay_5s_DOGE/January/2026-01-29_steps_5s.parquet,3837,439,-7.333098346094841e-05,999999.9999999997,0.1220390710567626,0.121935,8.941613468310752,8.769050993612972e-13,0.9999999999999997,1.0,0.0,0.7333098346094847,DOGE_S2B2_lr0.0003_clip0.2_ent0.005_ep4_bs16_cl32_gamma0.999_lam0.95_seed1_H4320_Q3e+06_pov0.1_fee0,checkpoints/DOGE/DOGE_S2B2_lr0.0003_clip0.2_ent0.005_ep4_bs16_cl32_gamma0.999_lam0.95_seed1_H4320_Q3e+06_pov0.1_fee0/best.weights.h5,43
DOGE,doge_q1e+06,1000000.0,4320,3500.0,0.1,buy,DOGE_PPO_2,2026-01-18_steps_5s.parquet,/Users/jackfletcher/Desktop/FYP_Data/Replay_5s_DOGE/January/2026-01-18_steps_5s.parquet,5015,456,-6.80023279234836e-05,1000000.000000001,0.13708551133720445,0.137305,9.337059635533919,6.767928005060081e-13,1.000000000000001,1.0,0.0,0.6800232792348363,DOGE_S2B2_lr0.0003_clip0.2_ent0.005_ep4_bs16_cl32_gamma0.999_lam0.95_seed1_H4320_Q3e+06_pov0.1_fee0,checkpoints/DOGE/DOGE_S2B2_lr0.0003_clip0.2_ent0.005_ep4_bs16_cl32_gamma0.999_lam0.95_seed1_H4320_Q3e+06_pov0.1_fee0/best.weights.h5,44
DOGE,doge_q1e+06,1000000.0,4320,3500.0,0.1,buy,DOGE_PPO_2,2026-01-13_steps_5s.parquet,/Users/jackfletcher/Desktop/FYP_Data/Replay_5s_DOGE/January/2026-01-13_steps_5s.parquet,10811,934,-0.00010864312317705216,1000000.0000000003,0.1412358642980213,0.140705,15.286630646627128,9.531708396898716e-13,1.0000000000000004,1.0,0.0,1.0864312317705218,DOGE_S2B2_lr0.0003_clip0.2_ent0.005_ep4_bs16_cl32_gamma0.999_lam0.95_seed1_H4320_Q3e+06_pov0.1_fee0,checkpoints/DOGE/DOGE_S2B2_lr0.0003_clip0.2_ent0.005_ep4_bs16_cl32_gamma0.999_lam0.95_seed1_H4320_Q3e+06_pov0.1_fee0/best.weights.h5,45
DOGE,doge_q1e+06,1000000.0,4320,3500.0,0.1,buy,DOGE_PPO_2,2026-01-13_steps_5s.parquet,/Users/jackfletcher/Desktop/FYP_Data/Replay_5s_DOGE/January/2026-01-13_steps_5s.parquet,6763,791,-7.581696513736088e-05,1000000.0000000014,0.1398032193103346,0.13967000000000002,10.589355520735209,5.881635872568628e-13,1.0000000000000013,1.0,0.0,0.7581696513736097,DOGE_S2B2_lr0.0003_clip0.2_ent0.005_ep4_bs16_cl32_gamma0.999_lam0.95_seed1_H4320_Q3e+06_pov0.1_fee0,checkpoints/DOGE/DOGE_S2B2_lr0.0003_clip0.2_ent0.005_ep4_bs16_cl32_gamma0.999_lam0.95_seed1_H4320_Q3e+06_pov0.1_fee0/best.weights.h5,46
DOGE,doge_q1e+06,1000000.0,4320,3500.0,0.1,buy,DOGE_PPO_2,2026-01-20_steps_5s.parquet,/Users/jackfletcher/Desktop/FYP_Data/Replay_5s_DOGE/January/2026-01-20_steps_5s.parquet,1387,530,-5.460851740930027e-05,1000000.0,0.12842123804865022,0.12886,7.036853553362439,5.296987986944187e-13,1.0,1.0,0.0,0.5460851740930033,DOGE_S2B2_lr0.0003_clip0.2_ent0.005_ep4_bs16_cl32_gamma0.999_lam0.95_seed1_H4320_Q3e+06_pov0.1_fee0,checkpoints/DOGE/DOGE_S2B2_lr0.0003_clip0.2_ent0.005_ep4_bs16_cl32_gamma0.999_lam0.95_seed1_H4320_Q3e+06_pov0.1_fee0/best.weights.h5,47
DOGE,doge_q1e+06,1000000.0,4320,3500.0,0.1,buy,DOGE_PPO_2,2026-01-27_steps_5s.parquet,/Users/jackfletcher/Desktop/FYP_Data/Replay_5s_DOGE/January/2026-01-27_steps_5s.parquet,5234,491,-6.095342856357036e-05,999999.9999999998,0.12236729979546489,0.122425,7.462223491895106,6.29647973291381e-13,0.9999999999999998,1.0,0.0,0.609534285635704,DOGE_S2B2_lr0.0003_clip0.2_ent0.005_ep4_bs16_cl32_gamma0.999_lam0.95_seed1_H4320_Q3e+06_pov0.1_fee0,checkpoints/DOGE/DOGE_S2B2_lr0.0003_clip0.2_ent0.005_ep4_bs16_cl32_gamma0.999_lam0.95_seed1_H4320_Q3e+06_pov0.1_fee0/best.weights.h5,48
DOGE,doge_q1e+06,1000000.0,4320,3500.0,0.1,buy,DOGE_PPO_2,2026-01-27_steps_5s.parquet,/Users/jackfletcher/Desktop/FYP_Data/Replay_5s_DOGE/January/2026-01-27_steps_5s.parquet,6561,465,-7.768977445414256e-05,999999.9999999997,0.12200036547495026,0.122055,9.482425421000395,9.824280584075887e-13,0.9999999999999997,1.0,0.0,0.7768977445414276,DOGE_S2B2_lr0.0003_clip0.2_ent0.005_ep4_bs16_cl32_gamma0.999_lam0.95_seed1_H4320_Q3e+06_pov0.1_fee0,checkpoints/DOGE/DOGE_S2B2_lr0.0003_clip0.2_ent0.005_ep4_bs16_cl32_gamma0.999_lam0.95_seed1_H4320_Q3e+06_pov0.1_fee0/best.weights.h5,49
DOGE,doge_q1e+06,1000000.0,4320,3500.0,0.1,buy,DOGE_PPO_2,2026-01-08_steps_5s.parquet,/Users/jackfletcher/Desktop/FYP_Data/Replay_5s_DOGE/January/2026-01-08_steps_5s.parquet,1101,616,-8.03958324624507e-05,1000000.0000000005,0.1473782416636452,0.14741500000000002,11.851551642452147,6.92981242885426e-13,1.0000000000000004,1.0,0.0,0.8039583246245052,DOGE_S2B2_lr0.0003_clip0.2_ent0.005_ep4_bs16_cl32_gamma0.999_lam0.95_seed1_H4320_Q3e+06_pov0.1_fee0,checkpoints/DOGE/DOGE_S2B2_lr0.0003_clip0.2_ent0.005_ep4_bs16_cl32_gamma0.999_lam0.95_seed1_H4320_Q3e+06_pov0.1_fee0/best.weights.h5,50
DOGE,doge_q1e+06,1000000.0,4320,3500.0,0.1,buy,DOGE_PPO_2,2026-01-17_steps_5s.parquet,/Users/jackfletcher/Desktop/FYP_Data/Replay_5s_DOGE/January/2026-01-17_steps_5s.parquet,8102,468,-6.379048565991476e-05,999999.9999999995,0.13775504951232367,0.13764500000000002,8.78044139865898,5.975094355813606e-13,0.9999999999999996,1.0,0.0,0.6379048565991483,DOGE_S2B2_lr0.0003_clip0.2_ent0.005_ep4_bs16_cl32_gamma0.999_lam0.95_seed1_H4320_Q3e+06_pov0.1_fee0,checkpoints/DOGE/DOGE_S2B2_lr0.0003_clip0.2_ent0.005_ep4_bs16_cl32_gamma0.999_lam0.95_seed1_H4320_Q3e+06_pov0.1_fee0/best.weights.h5,51
DOGE,doge_q1e+06,1000000.0,4320,3500.0,0.1,buy,DOGE_PPO_2,2026-01-26_steps_5s.parquet,/Users/jackfletcher/Desktop/FYP_Data/Replay_5s_DOGE/January/2026-01-26_steps_5s.parquet,12495,602,-7.688064623222842e-05,1000000.0000000003,0.12215455259887961,0.122055,9.383667275874654,5.360914754044935e-13,1.0000000000000004,1.0,0.0,0.7688064623222853,DOGE_S2B2_lr0.0003_clip0.2_ent0.005_ep4_bs16_cl32_gamma0.999_lam0.95_seed1_H4320_Q3e+06_pov0.1_fee0,checkpoints/DOGE/DOGE_S2B2_lr0.0003_clip0.2_ent0.005_ep4_bs16_cl32_gamma0.999_lam0.95_seed1_H4320_Q3e+06_pov0.1_fee0/best.weights.h5,52
DOGE,doge_q1e+06,1000000.0,4320,3500.0,0.1,buy,DOGE_PPO_2,2026-01-08_steps_5s.parquet,/Users/jackfletcher/Desktop/FYP_Data/Replay_5s_DOGE/January/2026-01-08_steps_5s.parquet,7720,634,-8.14718743444252e-05,999999.9999999987,0.14199997436911524,0.14238,11.599965469159267,9.403034297630739e-13,0.9999999999999987,1.0,0.0,0.8147187434442525,DOGE_S2B2_lr0.0003_clip0.2_ent0.005_ep4_bs16_cl32_gamma0.999_lam0.95_seed1_H4320_Q3e+06_pov0.1_fee0,checkpoints/DOGE/DOGE_S2B2_lr0.0003_clip0.2_ent0.005_ep4_bs16_cl32_gamma0.999_lam0.95_seed1_H4320_Q3e+06_pov0.1_fee0/best.weights.h5,53
DOGE,doge_q1e+06,1000000.0,4320,3500.0,0.1,buy,DOGE_PPO_2,2026-01-27_steps_5s.parquet,/Users/jackfletcher/Desktop/FYP_Data/Replay_5s_DOGE/January/2026-01-27_steps_5s.parquet,10923,600,-0.00011764017408780116,1000000.0000000009,0.12214398462933045,0.12231500000000001,14.389157893549374,9.244033471154113e-13,1.0000000000000009,1.0,0.0,1.1764017408780096,DOGE_S2B2_lr0.0003_clip0.2_ent0.005_ep4_bs16_cl32_gamma0.999_lam0.95_seed1_H4320_Q3e+06_pov0.1_fee0,checkpoints/DOGE/DOGE_S2B2_lr0.0003_clip0.2_ent0.005_ep4_bs16_cl32_gamma0.999_lam0.95_seed1_H4320_Q3e+06_pov0.1_fee0/best.weights.h5,54
DOGE,doge_q1e+06,1000000.0,4320,3500.0,0.1,buy,DOGE_PPO_2,2026-01-16_steps_5s.parquet,/Users/jackfletcher/Desktop/FYP_Data/Replay_5s_DOGE/January/2026-01-16_steps_5s.parquet,8118,490,-6.015519354054574e-05,999999.9999999993,0.13808234427495336,0.13833499999999999,8.321568698431426,7.40141279725609e-13,0.9999999999999993,1.0,0.0,0.6015519354054597,DOGE_S2B2_lr0.0003_clip0.2_ent0.005_ep4_bs16_cl32_gamma0.999_lam0.95_seed1_H4320_Q3e+06_pov0.1_fee0,checkpoints/DOGE/DOGE_S2B2_lr0.0003_clip0.2_ent0.005_ep4_bs16_cl32_gamma0.999_lam0.95_seed1_H4320_Q3e+06_pov0.1_fee0/best.weights.h5,55
DOGE,doge_q1e+06,1000000.0,4320,3500.0,0.1,buy,DOGE_PPO_2,2026-01-24_steps_5s.parquet,/Users/jackfletcher/Desktop/FYP_Data/Replay_5s_DOGE/January/2026-01-24_steps_5s.parquet,12563,419,-8.11379839679059e-05,999999.9999999993,0.12407218132457791,0.124085,10.06800674065758,6.514257703131848e-13,0.9999999999999993,1.0,0.0,0.8113798396790571,DOGE_S2B2_lr0.0003_clip0.2_ent0.005_ep4_bs16_cl32_gamma0.999_lam0.95_seed1_H4320_Q3e+06_pov0.1_fee0,checkpoints/DOGE/DOGE_S2B2_lr0.0003_clip0.2_ent0.005_ep4_bs16_cl32_gamma0.999_lam0.95_seed1_H4320_Q3e+06_pov0.1_fee0/best.weights.h5,56
DOGE,doge_q1e+06,1000000.0,4320,3500.0,0.1,buy,DOGE_PPO_2,2026-01-24_steps_5s.parquet,/Users/jackfletcher/Desktop/FYP_Data/Replay_5s_DOGE/January/2026-01-24_steps_5s.parquet,12422,412,-0.00011266346115098891,1000000.0000000001,0.1240940398653202,0.12401999999999999,13.972522451945592,7.677086038139127e-13,1.0000000000000002,1.0,0.0,1.126634611509885,DOGE_S2B2_lr0.0003_clip0.2_ent0.005_ep4_bs16_cl32_gamma0.999_lam0.95_seed1_H4320_Q3e+06_pov0.1_fee0,checkpoints/DOGE/DOGE_S2B2_lr0.0003_clip0.2_ent0.005_ep4_bs16_cl32_gamma0.999_lam0.95_seed1_H4320_Q3e+06_pov0.1_fee0/best.weights.h5,57
DOGE,doge_q1e+06,1000000.0,4320,3500.0,0.1,buy,DOGE_PPO_2,2026-01-11_steps_5s.parquet,/Users/jackfletcher/Desktop/FYP_Data/Replay_5s_DOGE/January/2026-01-11_steps_5s.parquet,2936,482,-5.748296123272867e-05,1000000.0000000001,0.13899121475039122,0.139045,7.992718344604787,7.164106889160247e-13,1.0000000000000002,1.0,0.0,0.5748296123272888,DOGE_S2B2_lr0.0003_clip0.2_ent0.005_ep4_bs16_cl32_gamma0.999_lam0.95_seed1_H4320_Q3e+06_pov0.1_fee0,checkpoints/DOGE/DOGE_S2B2_lr0.0003_clip0.2_ent0.005_ep4_bs16_cl32_gamma0.999_lam0.95_seed1_H4320_Q3e+06_pov0.1_fee0/best.weights.h5,58
DOGE,doge_q1e+06,1000000.0,4320,3500.0,0.1,buy,DOGE_PPO_2,2026-01-17_steps_5s.parquet,/Users/jackfletcher/Desktop/FYP_Data/Replay_5s_DOGE/January/2026-01-17_steps_5s.parquet,5974,481,-5.899967821548357e-05,1000000.0000000006,0.13751781997576024,0.137465,8.110390765891506,5.249364308768909e-13,1.0000000000000007,1.0,0.0,0.5899967821548397,DOGE_S2B2_lr0.0003_clip0.2_ent0.005_ep4_bs16_cl32_gamma0.999_lam0.95_seed1_H4320_Q3e+06_pov0.1_fee0,checkpoints/DOGE/DOGE_S2B2_lr0.0003_clip0.2_ent0.005_ep4_bs16_cl32_gamma0.999_lam0.95_seed1_H4320_Q3e+06_pov0.1_fee0/best.weights.h5,59
DOGE,doge_q1e+06,1000000.0,4320,3500.0,0.1,buy,DOGE_PPO_2,2026-01-11_steps_5s.parquet,/Users/jackfletcher/Desktop/FYP_Data/Replay_5s_DOGE/January/2026-01-11_steps_5s.parquet,5823,485,-5.669664222349066e-05,1000000.0000000003,0.1399349663274568,0.139835,7.9281749653218165,6.588688608591082e-13,1.0000000000000004,1.0,0.0,0.5669664222349067,DOGE_S2B2_lr0.0003_clip0.2_ent0.005_ep4_bs16_cl32_gamma0.999_lam0.95_seed1_H4320_Q3e+06_pov0.1_fee0,checkpoints/DOGE/DOGE_S2B2_lr0.0003_clip0.2_ent0.005_ep4_bs16_cl32_gamma0.999_lam0.95_seed1_H4320_Q3e+06_pov0.1_fee0/best.weights.h5,60
DOGE,doge_q1e+06,1000000.0,4320,3500.0,0.1,buy,DOGE_PPO_2,2026-01-28_steps_5s.parquet,/Users/jackfletcher/Desktop/FYP_Data/Replay_5s_DOGE/January/2026-01-28_steps_5s.parquet,3536,476,-6.619142333697595e-05,999999.9999999998,0.1245007967068886,0.124265,8.225277220969335,5.313642381643949e-13,0.9999999999999998,1.0,0.0,0.6619142333697611,DOGE_S2B2_lr0.0003_clip0.2_ent0.005_ep4_bs16_cl32_gamma0.999_lam0.95_seed1_H4320_Q3e+06_pov0.1_fee0,checkpoints/DOGE/DOGE_S2B2_lr0.0003_clip0.2_ent0.005_ep4_bs16_cl32_gamma0.999_lam0.95_seed1_H4320_Q3e+06_pov0.1_fee0/best.weights.h5,61
DOGE,doge_q1e+06,1000000.0,4320,3500.0,0.1,buy,DOGE_PPO_2,2026-01-25_steps_5s.parquet,/Users/jackfletcher/Desktop/FYP_Data/Replay_5s_DOGE/January/2026-01-25_steps_5s.parquet,3135,394,-9.95043697001557e-05,1000000.0000000002,0.12343028330902721,0.12323500000000001,12.26242099999865,8.503120263132113e-13,1.0000000000000002,1.0,0.0,0.9950436970015538,DOGE_S2B2_lr0.0003_clip0.2_ent0.005_ep4_bs16_cl32_gamma0.999_lam0.95_seed1_H4320_Q3e+06_pov0.1_fee0,checkpoints/DOGE/DOGE_S2B2_lr0.0003_clip0.2_ent0.005_ep4_bs16_cl32_gamma0.999_lam0.95_seed1_H4320_Q3e+06_pov0.1_fee0/best.weights.h5,62
DOGE,doge_q1e+06,1000000.0,4320,3500.0,0.1,buy,DOGE_PPO_2,2026-01-11_steps_5s.parquet,/Users/jackfletcher/Desktop/FYP_Data/Replay_5s_DOGE/January/2026-01-11_steps_5s.parquet,4990,465,-5.54237703568447e-05,1000000.0000000002,0.13963893937744148,0.139695,7.742423599999451,9.900141330513442e-13,1.0000000000000002,1.0,0.0,0.5542377035684491,DOGE_S2B2_lr0.0003_clip0.2_ent0.005_ep4_bs16_cl32_gamma0.999_lam0.95_seed1_H4320_Q3e+06_pov0.1_fee0,checkpoints/DOGE/DOGE_S2B2_lr0.0003_clip0.2_ent0.005_ep4_bs16_cl32_gamma0.999_lam0.95_seed1_H4320_Q3e+06_pov0.1_fee0/best.weights.h5,63
DOGE,doge_q1e+06,1000000.0,4320,3500.0,0.1,buy,DOGE_PPO_2,2026-01-24_steps_5s.parquet,/Users/jackfletcher/Desktop/FYP_Data/Replay_5s_DOGE/January/2026-01-24_steps_5s.parquet,6057,423,-7.720056121875306e-05,1000000.0000000006,0.12452624442912823,0.124395,9.60336381280678,9.547103569785148e-13,1.0000000000000007,1.0,0.0,0.77200561218753,DOGE_S2B2_lr0.0003_clip0.2_ent0.005_ep4_bs16_cl32_gamma0.999_lam0.95_seed1_H4320_Q3e+06_pov0.1_fee0,checkpoints/DOGE/DOGE_S2B2_lr0.0003_clip0.2_ent0.005_ep4_bs16_cl32_gamma0.999_lam0.95_seed1_H4320_Q3e+06_pov0.1_fee0/best.weights.h5,64
DOGE,doge_q1e+06,1000000.0,4320,3500.0,0.1,buy,DOGE_PPO_2,2026-01-23_steps_5s.parquet,/Users/jackfletcher/Desktop/FYP_Data/Replay_5s_DOGE/January/2026-01-23_steps_5s.parquet,9838,477,-8.605182803990885e-05,999999.9999999995,0.12458142231063948,0.12461,10.72291829205303,8.946955717416866e-13,0.9999999999999996,1.0,0.0,0.8605182803990876,DOGE_S2B2_lr0.0003_clip0.2_ent0.005_ep4_bs16_cl32_gamma0.999_lam0.95_seed1_H4320_Q3e+06_pov0.1_fee0,checkpoints/DOGE/DOGE_S2B2_lr0.0003_clip0.2_ent0.005_ep4_bs16_cl32_gamma0.999_lam0.95_seed1_H4320_Q3e+06_pov0.1_fee0/best.weights.h5,65
DOGE,doge_q1e+06,1000000.0,4320,3500.0,0.1,buy,DOGE_PPO_2,2026-01-15_steps_5s.parquet,/Users/jackfletcher/Desktop/FYP_Data/Replay_5s_DOGE/January/2026-01-15_steps_5s.parquet,3683,630,-8.205821044857268e-05,999999.9999999998,0.14355883123761107,0.14350000000000002,11.775353199370201,7.800432850141366e-13,0.9999999999999998,1.0,0.0,0.8205821044857281,DOGE_S2B2_lr0.0003_clip0.2_ent0.005_ep4_bs16_cl32_gamma0.999_lam0.95_seed1_H4320_Q3e+06_pov0.1_fee0,checkpoints/DOGE/DOGE_S2B2_lr0.0003_clip0.2_ent0.005_ep4_bs16_cl32_gamma0.999_lam0.95_seed1_H4320_Q3e+06_pov0.1_fee0/best.weights.h5,66
DOGE,doge_q1e+06,1000000.0,4320,3500.0,0.1,buy,DOGE_PPO_2,2026-01-25_steps_5s.parquet,/Users/jackfletcher/Desktop/FYP_Data/Replay_5s_DOGE/January/2026-01-25_steps_5s.parquet,2831,403,-7.561356290308257e-05,999999.9999999999,0.12333016919415163,0.12323500000000001,9.318237424361374,7.027557442578476e-13,0.9999999999999999,1.0,0.0,0.7561356290308251,DOGE_S2B2_lr0.0003_clip0.2_ent0.005_ep4_bs16_cl32_gamma0.999_lam0.95_seed1_H4320_Q3e+06_pov0.1_fee0,checkpoints/DOGE/DOGE_S2B2_lr0.0003_clip0.2_ent0.005_ep4_bs16_cl32_gamma0.999_lam0.95_seed1_H4320_Q3e+06_pov0.1_fee0/best.weights.h5,67
DOGE,doge_q1e+06,1000000.0,4320,3500.0,0.1,buy,DOGE_PPO_2,2026-01-25_steps_5s.parquet,/Users/jackfletcher/Desktop/FYP_Data/Replay_5s_DOGE/January/2026-01-25_steps_5s.parquet,7916,470,-6.71491206472834e-05,1000000.0000000001,0.12341449875844823,0.12348500000000001,8.291909163129803,8.541210613804432e-13,1.0000000000000002,1.0,0.0,0.671491206472835,DOGE_S2B2_lr0.0003_clip0.2_ent0.005_ep4_bs16_cl32_gamma0.999_lam0.95_seed1_H4320_Q3e+06_pov0.1_fee0,checkpoints/DOGE/DOGE_S2B2_lr0.0003_clip0.2_ent0.005_ep4_bs16_cl32_gamma0.999_lam0.95_seed1_H4320_Q3e+06_pov0.1_fee0/best.weights.h5,68
DOGE,doge_q1e+06,1000000.0,4320,3500.0,0.1,buy,DOGE_PPO_2,2026-01-09_steps_5s.parquet,/Users/jackfletcher/Desktop/FYP_Data/Replay_5s_DOGE/January/2026-01-09_steps_5s.parquet,12287,712,-0.00011179207475437041,999999.9999999992,0.1421866680453493,0.143355,16.025952876412795,5.277475993788602e-13,0.9999999999999992,1.0,0.0,1.1179207475437059,DOGE_S2B2_lr0.0003_clip0.2_ent0.005_ep4_bs16_cl32_gamma0.999_lam0.95_seed1_H4320_Q3e+06_pov0.1_fee0,checkpoints/DOGE/DOGE_S2B2_lr0.0003_clip0.2_ent0.005_ep4_bs16_cl32_gamma0.999_lam0.95_seed1_H4320_Q3e+06_pov0.1_fee0/best.weights.h5,69
DOGE,doge_q1e+06,1000000.0,4320,3500.0,0.1,buy,DOGE_PPO_2,2026-01-16_steps_5s.parquet,/Users/jackfletcher/Desktop/FYP_Data/Replay_5s_DOGE/January/2026-01-16_steps_5s.parquet,3063,541,-7.934892764485636e-05,999999.999999999,0.13931333047143335,0.13947500000000002,11.067191683266357,8.05008407210836e-13,0.999999999999999,1.0,0.0,0.7934892764485646,DOGE_S2B2_lr0.0003_clip0.2_ent0.005_ep4_bs16_cl32_gamma0.999_lam0.95_seed1_H4320_Q3e+06_pov0.1_fee0,checkpoints/DOGE/DOGE_S2B2_lr0.0003_clip0.2_ent0.005_ep4_bs16_cl32_gamma0.999_lam0.95_seed1_H4320_Q3e+06_pov0.1_fee0/best.weights.h5,70
DOGE,doge_q1e+06,1000000.0,4320,3500.0,0.1,buy,DOGE_PPO_2,2026-01-13_steps_5s.parquet,/Users/jackfletcher/Desktop/FYP_Data/Replay_5s_DOGE/January/2026-01-13_steps_5s.parquet,5509,613,-6.106794299353501e-05,999999.9999999998,0.1388280880871546,0.138515,8.458826123749532,9.430470558109798e-13,0.9999999999999998,1.0,0.0,0.6106794299353523,DOGE_S2B2_lr0.0003_clip0.2_ent0.005_ep4_bs16_cl32_gamma0.999_lam0.95_seed1_H4320_Q3e+06_pov0.1_fee0,checkpoints/DOGE/DOGE_S2B2_lr0.0003_clip0.2_ent0.005_ep4_bs16_cl32_gamma0.999_lam0.95_seed1_H4320_Q3e+06_pov0.1_fee0/best.weights.h5,71
DOGE,doge_q1e+06,1000000.0,4320,3500.0,0.1,buy,DOGE_PPO_2,2026-01-16_steps_5s.parquet,/Users/jackfletcher/Desktop/FYP_Data/Replay_5s_DOGE/January/2026-01-16_steps_5s.parquet,11203,565,-8.657341269870778e-05,1000000.0000000009,0.13590515904464556,0.135525,11.732861755992392,8.845243938322299e-13,1.0000000000000009,1.0,0.0,0.8657341269870793,DOGE_S2B2_lr0.0003_clip0.2_ent0.005_ep4_bs16_cl32_gamma0.999_lam0.95_seed1_H4320_Q3e+06_pov0.1_fee0,checkpoints/DOGE/DOGE_S2B2_lr0.0003_clip0.2_ent0.005_ep4_bs16_cl32_gamma0.999_lam0.95_seed1_H4320_Q3e+06_pov0.1_fee0/best.weights.h5,72
DOGE,doge_q1e+06,1000000.0,4320,3500.0,0.1,buy,DOGE_PPO_2,2026-01-31_steps_5s.parquet,/Users/jackfletcher/Desktop/FYP_Data/Replay_5s_DOGE/January/2026-01-31_steps_5s.parquet,1325,507,-9.382230153223325e-05,999999.9999999993,0.11532984565593343,0.11557,10.843043388080183,7.682283805729724e-13,0.9999999999999993,1.0,0.0,0.9382230153223312,DOGE_S2B2_lr0.0003_clip0.2_ent0.005_ep4_bs16_cl32_gamma0.999_lam0.95_seed1_H4320_Q3e+06_pov0.1_fee0,checkpoints/DOGE/DOGE_S2B2_lr0.0003_clip0.2_ent0.005_ep4_bs16_cl32_gamma0.999_lam0.95_seed1_H4320_Q3e+06_pov0.1_fee0/best.weights.h5,73
DOGE,doge_q1e+06,1000000.0,4320,3500.0,0.1,buy,DOGE_PPO_2,2026-01-30_steps_5s.parquet,/Users/jackfletcher/Desktop/FYP_Data/Replay_5s_DOGE/January/2026-01-30_steps_5s.parquet,11746,666,-0.00011064478818631651,999999.9999999998,0.11629257406572074,0.116235,12.860796954836527,8.790422405727775e-13,0.9999999999999998,1.0,0.0,1.1064478818631673,DOGE_S2B2_lr0.0003_clip0.2_ent0.005_ep4_bs16_cl32_gamma0.999_lam0.95_seed1_H4320_Q3e+06_pov0.1_fee0,checkpoints/DOGE/DOGE_S2B2_lr0.0003_clip0.2_ent0.005_ep4_bs16_cl32_gamma0.999_lam0.95_seed1_H4320_Q3e+06_pov0.1_fee0/best.weights.h5,74
DOGE,doge_q1e+06,1000000.0,4320,3500.0,0.1,buy,DOGE_PPO_2,2026-01-10_steps_5s.parquet,/Users/jackfletcher/Desktop/FYP_Data/Replay_5s_DOGE/January/2026-01-10_steps_5s.parquet,8717,442,-5.608544831770601e-05,999999.9999999994,0.14010758414361785,0.140135,7.859534300001742,9.653772629382974e-13,0.9999999999999994,1.0,0.0,0.5608544831770608,DOGE_S2B2_lr0.0003_clip0.2_ent0.005_ep4_bs16_cl32_gamma0.999_lam0.95_seed1_H4320_Q3e+06_pov0.1_fee0,checkpoints/DOGE/DOGE_S2B2_lr0.0003_clip0.2_ent0.005_ep4_bs16_cl32_gamma0.999_lam0.95_seed1_H4320_Q3e+06_pov0.1_fee0/best.weights.h5,75
DOGE,doge_q1e+06,1000000.0,4320,3500.0,0.1,buy,DOGE_PPO_2,2026-01-27_steps_5s.parquet,/Users/jackfletcher/Desktop/FYP_Data/Replay_5s_DOGE/January/2026-01-27_steps_5s.parquet,5591,535,-6.887375625071716e-05,1000000.0000000008,0.12229716162554596,0.122365,8.427737183619042,6.625995866818115e-13,1.0000000000000009,1.0,0.0,0.6887375625071745,DOGE_S2B2_lr0.0003_clip0.2_ent0.005_ep4_bs16_cl32_gamma0.999_lam0.95_seed1_H4320_Q3e+06_pov0.1_fee0,checkpoints/DOGE/DOGE_S2B2_lr0.0003_clip0.2_ent0.005_ep4_bs16_cl32_gamma0.999_lam0.95_seed1_H4320_Q3e+06_pov0.1_fee0/best.weights.h5,76
DOGE,doge_q1e+06,1000000.0,4320,3500.0,0.1,buy,DOGE_PPO_2,2026-01-24_steps_5s.parquet,/Users/jackfletcher/Desktop/FYP_Data/Replay_5s_DOGE/January/2026-01-24_steps_5s.parquet,12313,420,-0.0001293893528695238,1000000.0,0.12404033721771279,0.123835,16.022930512597476,6.0754883905505e-13,1.0,1.0,0.0,1.2938935286952378,DOGE_S2B2_lr0.0003_clip0.2_ent0.005_ep4_bs16_cl32_gamma0.999_lam0.95_seed1_H4320_Q3e+06_pov0.1_fee0,checkpoints/DOGE/DOGE_S2B2_lr0.0003_clip0.2_ent0.005_ep4_bs16_cl32_gamma0.999_lam0.95_seed1_H4320_Q3e+06_pov0.1_fee0/best.weights.h5,77
DOGE,doge_q1e+06,1000000.0,4320,3500.0,0.1,buy,DOGE_PPO_2,2026-01-18_steps_5s.parquet,/Users/jackfletcher/Desktop/FYP_Data/Replay_5s_DOGE/January/2026-01-18_steps_5s.parquet,8026,494,-8.769850799592195e-05,999999.9999999997,0.1372425290158321,0.13713999999999998,12.02697338656072,9.010150834611286e-13,0.9999999999999997,1.0,0.0,0.8769850799592185,DOGE_S2B2_lr0.0003_clip0.2_ent0.005_ep4_bs16_cl32_gamma0.999_lam0.95_seed1_H4320_Q3e+06_pov0.1_fee0,checkpoints/DOGE/DOGE_S2B2_lr0.0003_clip0.2_ent0.005_ep4_bs16_cl32_gamma0.999_lam0.95_seed1_H4320_Q3e+06_pov0.1_fee0/best.weights.h5,78
DOGE,doge_q1e+06,1000000.0,4320,3500.0,0.1,buy,DOGE_PPO_2,2026-01-08_steps_5s.parquet,/Users/jackfletcher/Desktop/FYP_Data/Replay_5s_DOGE/January/2026-01-08_steps_5s.parquet,11235,908,-9.228075336179479e-05,999999.9999999994,0.1413865155893022,0.140945,13.006510782578188,8.90198587090954e-13,0.9999999999999994,1.0,0.0,0.9228075336179493,DOGE_S2B2_lr0.0003_clip0.2_ent0.005_ep4_bs16_cl32_gamma0.999_lam0.95_seed1_H4320_Q3e+06_pov0.1_fee0,checkpoints/DOGE/DOGE_S2B2_lr0.0003_clip0.2_ent0.005_ep4_bs16_cl32_gamma0.999_lam0.95_seed1_H4320_Q3e+06_pov0.1_fee0/best.weights.h5,79
DOGE,doge_q1e+06,1000000.0,4320,3500.0,0.1,buy,DOGE_PPO_2,2026-01-24_steps_5s.parquet,/Users/jackfletcher/Desktop/FYP_Data/Replay_5s_DOGE/January/2026-01-24_steps_5s.parquet,11398,481,-9.13274748015767e-05,1000000.0,0.12349611881856716,0.12373500000000001,11.300405094573087,5.635852041009734e-13,1.0,1.0,0.0,0.9132747480157664,DOGE_S2B2_lr0.0003_clip0.2_ent0.005_ep4_bs16_cl32_gamma0.999_lam0.95_seed1_H4320_Q3e+06_pov0.1_fee0,checkpoints/DOGE/DOGE_S2B2_lr0.0003_clip0.2_ent0.005_ep4_bs16_cl32_gamma0.999_lam0.95_seed1_H4320_Q3e+06_pov0.1_fee0/best.weights.h5,80
DOGE,doge_q1e+06,1000000.0,4320,3500.0,0.1,buy,DOGE_PPO_2,2026-01-20_steps_5s.parquet,/Users/jackfletcher/Desktop/FYP_Data/Replay_5s_DOGE/January/2026-01-20_steps_5s.parquet,2184,497,-8.418298120661952e-05,999999.9999999997,0.12820903732426,0.128445,10.812883021084302,6.024259650110434e-13,0.9999999999999997,1.0,0.0,0.8418298120661997,DOGE_S2B2_lr0.0003_clip0.2_ent0.005_ep4_bs16_cl32_gamma0.999_lam0.95_seed1_H4320_Q3e+06_pov0.1_fee0,checkpoints/DOGE/DOGE_S2B2_lr0.0003_clip0.2_ent0.005_ep4_bs16_cl32_gamma0.999_lam0.95_seed1_H4320_Q3e+06_pov0.1_fee0/best.weights.h5,81
DOGE,doge_q1e+06,1000000.0,4320,3500.0,0.1,buy,DOGE_PPO_2,2026-01-20_steps_5s.parquet,/Users/jackfletcher/Desktop/FYP_Data/Replay_5s_DOGE/January/2026-01-20_steps_5s.parquet,5626,776,-9.476058718395998e-05,1000000.0000000001,0.12629271273650555,0.127055,12.03980640465804,5.167054107050688e-13,1.0000000000000002,1.0,0.0,0.9476058718396002,DOGE_S2B2_lr0.0003_clip0.2_ent0.005_ep4_bs16_cl32_gamma0.999_lam0.95_seed1_H4320_Q3e+06_pov0.1_fee0,checkpoints/DOGE/DOGE_S2B2_lr0.0003_clip0.2_ent0.005_ep4_bs16_cl32_gamma0.999_lam0.95_seed1_H4320_Q3e+06_pov0.1_fee0/best.weights.h5,82
DOGE,doge_q1e+06,1000000.0,4320,3500.0,0.1,buy,DOGE_PPO_2,2026-01-24_steps_5s.parquet,/Users/jackfletcher/Desktop/FYP_Data/Replay_5s_DOGE/January/2026-01-24_steps_5s.parquet,2742,384,-0.00012937720257659923,999999.9999999997,0.12456467946645473,0.124525,16.11069615085099,6.723466049281579e-13,0.9999999999999997,1.0,0.0,1.29377202576599,DOGE_S2B2_lr0.0003_clip0.2_ent0.005_ep4_bs16_cl32_gamma0.999_lam0.95_seed1_H4320_Q3e+06_pov0.1_fee0,checkpoints/DOGE/DOGE_S2B2_lr0.0003_clip0.2_ent0.005_ep4_bs16_cl32_gamma0.999_lam0.95_seed1_H4320_Q3e+06_pov0.1_fee0/best.weights.h5,83
DOGE,doge_q1e+06,1000000.0,4320,3500.0,0.1,buy,DOGE_PPO_2,2026-01-10_steps_5s.parquet,/Users/jackfletcher/Desktop/FYP_Data/Replay_5s_DOGE/January/2026-01-10_steps_5s.parquet,7687,471,-6.967103024488977e-05,1000000.0000000005,0.1403111861623733,0.140355,9.778677450021528,8.9720731685343e-13,1.0000000000000004,1.0,0.0,0.6967103024488994,DOGE_S2B2_lr0.0003_clip0.2_ent0.005_ep4_bs16_cl32_gamma0.999_lam0.95_seed1_H4320_Q3e+06_pov0.1_fee0,checkpoints/DOGE/DOGE_S2B2_lr0.0003_clip0.2_ent0.005_ep4_bs16_cl32_gamma0.999_lam0.95_seed1_H4320_Q3e+06_pov0.1_fee0/best.weights.h5,84
DOGE,doge_q1e+06,1000000.0,4320,3500.0,0.1,buy,DOGE_PPO_2,2026-01-14_steps_5s.parquet,/Users/jackfletcher/Desktop/FYP_Data/Replay_5s_DOGE/January/2026-01-14_steps_5s.parquet,3571,629,-8.547820213869146e-05,1000000.000000001,0.14805532353047826,0.14854499999999998,12.697359536691916,9.025752150872628e-13,1.000000000000001,1.0,0.0,0.8547820213869144,DOGE_S2B2_lr0.0003_clip0.2_ent0.005_ep4_bs16_cl32_gamma0.999_lam0.95_seed1_H4320_Q3e+06_pov0.1_fee0,checkpoints/DOGE/DOGE_S2B2_lr0.0003_clip0.2_ent0.005_ep4_bs16_cl32_gamma0.999_lam0.95_seed1_H4320_Q3e+06_pov0.1_fee0/best.weights.h5,85
DOGE,doge_q1e+06,1000000.0,4320,3500.0,0.1,buy,DOGE_PPO_2,2026-01-23_steps_5s.parquet,/Users/jackfletcher/Desktop/FYP_Data/Replay_5s_DOGE/January/2026-01-23_steps_5s.parquet,7741,466,-8.315189935994621e-05,999999.9999999998,0.12515990404095784,0.12502000000000002,10.395650457980478,6.63751505063116e-13,0.9999999999999998,1.0,0.0,0.8315189935994622,DOGE_S2B2_lr0.0003_clip0.2_ent0.005_ep4_bs16_cl32_gamma0.999_lam0.95_seed1_H4320_Q3e+06_pov0.1_fee0,checkpoints/DOGE/DOGE_S2B2_lr0.0003_clip0.2_ent0.005_ep4_bs16_cl32_gamma0.999_lam0.95_seed1_H4320_Q3e+06_pov0.1_fee0/best.weights.h5,86
DOGE,doge_q1e+06,1000000.0,4320,3500.0,0.1,buy,DOGE_PPO_2,2026-01-11_steps_5s.parquet,/Users/jackfletcher/Desktop/FYP_Data/Replay_5s_DOGE/January/2026-01-11_steps_5s.parquet,11413,569,-7.966149383985087e-05,999999.9999999997,0.13841807684023427,0.13772,10.970980931624283,9.870615153147558e-13,0.9999999999999997,1.0,0.0,0.7966149383985102,DOGE_S2B2_lr0.0003_clip0.2_ent0.005_ep4_bs16_cl32_gamma0.999_lam0.95_seed1_H4320_Q3e+06_pov0.1_fee0,checkpoints/DOGE/DOGE_S2B2_lr0.0003_clip0.2_ent0.005_ep4_bs16_cl32_gamma0.999_lam0.95_seed1_H4320_Q3e+06_pov0.1_fee0/best.weights.h5,87
DOGE,doge_q1e+06,1000000.0,4320,3500.0,0.1,buy,DOGE_PPO_2,2026-01-12_steps_5s.parquet,/Users/jackfletcher/Desktop/FYP_Data/Replay_5s_DOGE/January/2026-01-12_steps_5s.parquet,292,717,-0.00011170515597147353,1000000.0000000007,0.13816048137304307,0.138325,15.451615699754063,7.009483801309678e-13,1.0000000000000007,1.0,0.0,1.1170515597147344,DOGE_S2B2_lr0.0003_clip0.2_ent0.005_ep4_bs16_cl32_gamma0.999_lam0.95_seed1_H4320_Q3e+06_pov0.1_fee0,checkpoints/DOGE/DOGE_S2B2_lr0.0003_clip0.2_ent0.005_ep4_bs16_cl32_gamma0.999_lam0.95_seed1_H4320_Q3e+06_pov0.1_fee0/best.weights.h5,88
DOGE,doge_q1e+06,1000000.0,4320,3500.0,0.1,buy,DOGE_PPO_2,2026-01-11_steps_5s.parquet,/Users/jackfletcher/Desktop/FYP_Data/Replay_5s_DOGE/January/2026-01-11_steps_5s.parquet,2194,540,-6.598565159022001e-05,1000000.0000000003,0.13904689277666654,0.139035,9.174315068846257,9.87419600154854e-13,1.0000000000000004,1.0,0.0,0.6598565159022014,DOGE_S2B2_lr0.0003_clip0.2_ent0.005_ep4_bs16_cl32_gamma0.999_lam0.95_seed1_H4320_Q3e+06_pov0.1_fee0,checkpoints/DOGE/DOGE_S2B2_lr0.0003_clip0.2_ent0.005_ep4_bs16_cl32_gamma0.999_lam0.95_seed1_H4320_Q3e+06_pov0.1_fee0/best.weights.h5,89
DOGE,doge_q1e+06,1000000.0,4320,3500.0,0.1,buy,DOGE_PPO_2,2026-01-10_steps_5s.parquet,/Users/jackfletcher/Desktop/FYP_Data/Replay_5s_DOGE/January/2026-01-10_steps_5s.parquet,3710,448,-8.023158513413801e-05,999999.9999999999,0.14023707103119518,0.140305,11.256892552245228,4.4523051328377454e-13,0.9999999999999999,1.0,0.0,0.8023158513413797,DOGE_S2B2_lr0.0003_clip0.2_ent0.005_ep4_bs16_cl32_gamma0.999_lam0.95_seed1_H4320_Q3e+06_pov0.1_fee0,checkpoints/DOGE/DOGE_S2B2_lr0.0003_clip0.2_ent0.005_ep4_bs16_cl32_gamma0.999_lam0.95_seed1_H4320_Q3e+06_pov0.1_fee0/best.weights.h5,90
DOGE,doge_q1e+06,1000000.0,4320,3500.0,0.1,buy,DOGE_PPO_2,2026-01-08_steps_5s.parquet,/Users/jackfletcher/Desktop/FYP_Data/Replay_5s_DOGE/January/2026-01-08_steps_5s.parquet,1642,753,-7.491458638977777e-05,999999.9999999984,0.14624519764164837,0.14749,11.04915234662837,7.215797276048102e-13,0.9999999999999983,1.0,0.0,0.7491458638977809,DOGE_S2B2_lr0.0003_clip0.2_ent0.005_ep4_bs16_cl32_gamma0.999_lam0.95_seed1_H4320_Q3e+06_pov0.1_fee0,checkpoints/DOGE/DOGE_S2B2_lr0.0003_clip0.2_ent0.005_ep4_bs16_cl32_gamma0.999_lam0.95_seed1_H4320_Q3e+06_pov0.1_fee0/best.weights.h5,91
DOGE,doge_q1e+06,1000000.0,4320,3500.0,0.1,buy,DOGE_PPO_2,2026-01-29_steps_5s.parquet,/Users/jackfletcher/Desktop/FYP_Data/Replay_5s_DOGE/January/2026-01-29_steps_5s.parquet,237,488,-8.906150115439184e-05,1000000.0000000001,0.12445641768619572,0.12454499999999999,11.092164661273747,6.900508461573672e-13,1.0000000000000002,1.0,0.0,0.8906150115439198,DOGE_S2B2_lr0.0003_clip0.2_ent0.005_ep4_bs16_cl32_gamma0.999_lam0.95_seed1_H4320_Q3e+06_pov0.1_fee0,checkpoints/DOGE/DOGE_S2B2_lr0.0003_clip0.2_ent0.005_ep4_bs16_cl32_gamma0.999_lam0.95_seed1_H4320_Q3e+06_pov0.1_fee0/best.weights.h5,92
DOGE,doge_q1e+06,1000000.0,4320,3500.0,0.1,buy,DOGE_PPO_2,2026-01-28_steps_5s.parquet,/Users/jackfletcher/Desktop/FYP_Data/Replay_5s_DOGE/January/2026-01-28_steps_5s.parquet,9050,516,-9.169611385537505e-05,1000000.0000000001,0.12639366951337416,0.12625,11.576634374241115,9.534401397052426e-13,1.0000000000000002,1.0,0.0,0.9169611385537516,DOGE_S2B2_lr0.0003_clip0.2_ent0.005_ep4_bs16_cl32_gamma0.999_lam0.95_seed1_H4320_Q3e+06_pov0.1_fee0,checkpoints/DOGE/DOGE_S2B2_lr0.0003_clip0.2_ent0.005_ep4_bs16_cl32_gamma0.999_lam0.95_seed1_H4320_Q3e+06_pov0.1_fee0/best.weights.h5,93
DOGE,doge_q1e+06,1000000.0,4320,3500.0,0.1,buy,DOGE_PPO_2,2026-01-13_steps_5s.parquet,/Users/jackfletcher/Desktop/FYP_Data/Replay_5s_DOGE/January/2026-01-13_steps_5s.parquet,3904,602,-0.00012411068297339586,999999.9999999993,0.1389773540329791,0.139225,17.279309836971052,7.044151065643082e-13,0.9999999999999993,1.0,0.0,1.2411068297339596,DOGE_S2B2_lr0.0003_clip0.2_ent0.005_ep4_bs16_cl32_gamma0.999_lam0.95_seed1_H4320_Q3e+06_pov0.1_fee0,checkpoints/DOGE/DOGE_S2B2_lr0.0003_clip0.2_ent0.005_ep4_bs16_cl32_gamma0.999_lam0.95_seed1_H4320_Q3e+06_pov0.1_fee0/best.weights.h5,94
DOGE,doge_q1e+06,1000000.0,4320,3500.0,0.1,buy,DOGE_PPO_2,2026-01-19_steps_5s.parquet,/Users/jackfletcher/Desktop/FYP_Data/Replay_5s_DOGE/January/2026-01-19_steps_5s.parquet,8209,489,-5.897055465425927e-05,999999.9999999999,0.1279245694299834,0.12789,7.541744234733245,8.195625330728578e-13,0.9999999999999999,1.0,0.0,0.5897055465425948,DOGE_S2B2_lr0.0003_clip0.2_ent0.005_ep4_bs16_cl32_gamma0.999_lam0.95_seed1_H4320_Q3e+06_pov0.1_fee0,checkpoints/DOGE/DOGE_S2B2_lr0.0003_clip0.2_ent0.005_ep4_bs16_cl32_gamma0.999_lam0.95_seed1_H4320_Q3e+06_pov0.1_fee0/best.weights.h5,95
DOGE,doge_q1e+06,1000000.0,4320,3500.0,0.1,buy,DOGE_PPO_2,2026-01-14_steps_5s.parquet,/Users/jackfletcher/Desktop/FYP_Data/Replay_5s_DOGE/January/2026-01-14_steps_5s.parquet,9841,728,-9.73198859522829e-05,1000000.0000000003,0.14632952285948353,0.146295,14.237412715389228,8.931879903586843e-13,1.0000000000000004,1.0,0.0,0.973198859522829,DOGE_S2B2_lr0.0003_clip0.2_ent0.005_ep4_bs16_cl32_gamma0.999_lam0.95_seed1_H4320_Q3e+06_pov0.1_fee0,checkpoints/DOGE/DOGE_S2B2_lr0.0003_clip0.2_ent0.005_ep4_bs16_cl32_gamma0.999_lam0.95_seed1_H4320_Q3e+06_pov0.1_fee0/best.weights.h5,96
DOGE,doge_q1e+06,1000000.0,4320,3500.0,0.1,buy,DOGE_PPO_2,2026-01-29_steps_5s.parquet,/Users/jackfletcher/Desktop/FYP_Data/Replay_5s_DOGE/January/2026-01-29_steps_5s.parquet,6579,481,-5.434136525915525e-05,999999.9999999995,0.12176232875111698,0.12184500000000001,6.621223650001794,6.677839950542055e-13,0.9999999999999996,1.0,0.0,0.5434136525915543,DOGE_S2B2_lr0.0003_clip0.2_ent0.005_ep4_bs16_cl32_gamma0.999_lam0.95_seed1_H4320_Q3e+06_pov0.1_fee0,checkpoints/DOGE/DOGE_S2B2_lr0.0003_clip0.2_ent0.005_ep4_bs16_cl32_gamma0.999_lam0.95_seed1_H4320_Q3e+06_pov0.1_fee0/best.weights.h5,97
DOGE,doge_q1e+06,1000000.0,4320,3500.0,0.1,buy,DOGE_PPO_2,2026-01-09_steps_5s.parquet,/Users/jackfletcher/Desktop/FYP_Data/Replay_5s_DOGE/January/2026-01-09_steps_5s.parquet,11428,764,-0.00010515256679737642,999999.9999999987,0.14306960086429826,0.14171,14.901170240856228,9.61828381120836e-13,0.9999999999999987,1.0,0.0,1.0515256679737652,DOGE_S2B2_lr0.0003_clip0.2_ent0.005_ep4_bs16_cl32_gamma0.999_lam0.95_seed1_H4320_Q3e+06_pov0.1_fee0,checkpoints/DOGE/DOGE_S2B2_lr0.0003_clip0.2_ent0.005_ep4_bs16_cl32_gamma0.999_lam0.95_seed1_H4320_Q3e+06_pov0.1_fee0/best.weights.h5,98
DOGE,doge_q1e+06,1000000.0,4320,3500.0,0.1,buy,DOGE_PPO_2,2026-01-16_steps_5s.parquet,/Users/jackfletcher/Desktop/FYP_Data/Replay_5s_DOGE/January/2026-01-16_steps_5s.parquet,7709,488,-5.951765212893265e-05,1000000.0000000007,0.13897234087991495,0.139015,8.273846410703586,9.844777953137282e-13,1.0000000000000007,1.0,0.0,0.5951765212893275,DOGE_S2B2_lr0.0003_clip0.2_ent0.005_ep4_bs16_cl32_gamma0.999_lam0.95_seed1_H4320_Q3e+06_pov0.1_fee0,checkpoints/DOGE/DOGE_S2B2_lr0.0003_clip0.2_ent0.005_ep4_bs16_cl32_gamma0.999_lam0.95_seed1_H4320_Q3e+06_pov0.1_fee0/best.weights.h5,99
DOGE,doge_q1e+06,1000000.0,4320,3500.0,0.1,buy,DOGE_PPO_3,2026-01-21_steps_5s.parquet,/Users/jackfletcher/Desktop/FYP_Data/Replay_5s_DOGE/January/2026-01-21_steps_5s.parquet,4407,485,-6.061081219709616e-05,999999.9999999995,0.12565375160724726,0.12574000000000002,7.621203525662926,9.71481165760463e-13,0.9999999999999996,1.0,0.0,0.6061081219709659,DOGE_S2B1_lr0.0003_clip0.2_ent0.01_ep4_bs16_cl32_gamma0.99_lam0.9_seed1_H4320_Q3e+06_pov0.1_fee0,checkpoints/DOGE/DOGE_S2B1_lr0.0003_clip0.2_ent0.01_ep4_bs16_cl32_gamma0.99_lam0.9_seed1_H4320_Q3e+06_pov0.1_fee0/best.weights.h5,0
DOGE,doge_q1e+06,1000000.0,4320,3500.0,0.1,buy,DOGE_PPO_3,2026-01-08_steps_5s.parquet,/Users/jackfletcher/Desktop/FYP_Data/Replay_5s_DOGE/January/2026-01-08_steps_5s.parquet,10297,778,-0.00010484454914086146,999999.999999999,0.13947571486413735,0.13966,14.642589733012722,6.764022731151819e-13,0.999999999999999,1.0,0.0,1.0484454914086154,DOGE_S2B1_lr0.0003_clip0.2_ent0.01_ep4_bs16_cl32_gamma0.99_lam0.9_seed1_H4320_Q3e+06_pov0.1_fee0,checkpoints/DOGE/DOGE_S2B1_lr0.0003_clip0.2_ent0.01_ep4_bs16_cl32_gamma0.99_lam0.9_seed1_H4320_Q3e+06_pov0.1_fee0/best.weights.h5,1
DOGE,doge_q1e+06,1000000.0,4320,3500.0,0.1,buy,DOGE_PPO_3,2026-01-18_steps_5s.parquet,/Users/jackfletcher/Desktop/FYP_Data/Replay_5s_DOGE/January/2026-01-18_steps_5s.parquet,856,459,-9.071669091529406e-05,999999.9999999997,0.13742530319170787,0.137355,12.460391080670222,9.046286956989094e-13,0.9999999999999997,1.0,0.0,0.9071669091529411,DOGE_S2B1_lr0.0003_clip0.2_ent0.01_ep4_bs16_cl32_gamma0.99_lam0.9_seed1_H4320_Q3e+06_pov0.1_fee0,checkpoints/DOGE/DOGE_S2B1_lr0.0003_clip0.2_ent0.01_ep4_bs16_cl32_gamma0.99_lam0.9_seed1_H4320_Q3e+06_pov0.1_fee0/best.weights.h5,2
DOGE,doge_q1e+06,1000000.0,4320,3500.0,0.1,buy,DOGE_PPO_3,2026-01-10_steps_5s.parquet,/Users/jackfletcher/Desktop/FYP_Data/Replay_5s_DOGE/January/2026-01-10_steps_5s.parquet,3263,451,-8.375492168695705e-05,999999.9999999997,0.1400518594303348,0.139875,11.715219670963114,9.10502601697001e-13,0.9999999999999997,1.0,0.0,0.8375492168695703,DOGE_S2B1_lr0.0003_clip0.2_ent0.01_ep4_bs16_cl32_gamma0.99_lam0.9_seed1_H4320_Q3e+06_pov0.1_fee0,checkpoints/DOGE/DOGE_S2B1_lr0.0003_clip0.2_ent0.01_ep4_bs16_cl32_gamma0.99_lam0.9_seed1_H4320_Q3e+06_pov0.1_fee0/best.weights.h5,3
DOGE,doge_q1e+06,1000000.0,4320,3500.0,0.1,buy,DOGE_PPO_3,2026-01-28_steps_5s.parquet,/Users/jackfletcher/Desktop/FYP_Data/Replay_5s_DOGE/January/2026-01-28_steps_5s.parquet,9699,585,-8.396138794306258e-05,999999.9999999991,0.1262017625748154,0.12632,10.60600252496771,8.344425740213913e-13,0.9999999999999991,1.0,0.0,0.8396138794306295,DOGE_S2B1_lr0.0003_clip0.2_ent0.01_ep4_bs16_cl32_gamma0.99_lam0.9_seed1_H4320_Q3e+06_pov0.1_fee0,checkpoints/DOGE/DOGE_S2B1_lr0.0003_clip0.2_ent0.01_ep4_bs16_cl32_gamma0.99_lam0.9_seed1_H4320_Q3e+06_pov0.1_fee0/best.weights.h5,4
DOGE,doge_q1e+06,1000000.0,4320,3500.0,0.1,buy,DOGE_PPO_3,2026-01-12_steps_5s.parquet,/Users/jackfletcher/Desktop/FYP_Data/Replay_5s_DOGE/January/2026-01-12_steps_5s.parquet,5349,621,-5.264510306032644e-05,1000000.0000000002,0.13843838210280868,0.13925500000000002,7.33109382666577,9.125414177555644e-13,1.0000000000000002,1.0,0.0,0.5264510306032651,DOGE_S2B1_lr0.0003_clip0.2_ent0.01_ep4_bs16_cl32_gamma0.99_lam0.9_seed1_H4320_Q3e+06_pov0.1_fee0,checkpoints/DOGE/DOGE_S2B1_lr0.0003_clip0.2_ent0.01_ep4_bs16_cl32_gamma0.99_lam0.9_seed1_H4320_Q3e+06_pov0.1_fee0/best.weights.h5,5
DOGE,doge_q1e+06,1000000.0,4320,3500.0,0.1,buy,DOGE_PPO_3,2026-01-20_steps_5s.parquet,/Users/jackfletcher/Desktop/FYP_Data/Replay_5s_DOGE/January/2026-01-20_steps_5s.parquet,9376,760,-7.641013242908469e-05,999999.9999999997,0.12512746578391193,0.12578,9.610866456930287,6.936874290877032e-13,0.9999999999999997,1.0,0.0,0.7641013242908481,DOGE_S2B1_lr0.0003_clip0.2_ent0.01_ep4_bs16_cl32_gamma0.99_lam0.9_seed1_H4320_Q3e+06_pov0.1_fee0,checkpoints/DOGE/DOGE_S2B1_lr0.0003_clip0.2_ent0.01_ep4_bs16_cl32_gamma0.99_lam0.9_seed1_H4320_Q3e+06_pov0.1_fee0/best.weights.h5,6
DOGE,doge_q1e+06,1000000.0,4320,3500.0,0.1,buy,DOGE_PPO_3,2026-01-27_steps_5s.parquet,/Users/jackfletcher/Desktop/FYP_Data/Replay_5s_DOGE/January/2026-01-27_steps_5s.parquet,668,457,-9.730996696339988e-05,1000000.0000000005,0.1221526142293642,0.122285,11.899549310119376,7.652247127154509e-13,1.0000000000000004,1.0,0.0,0.9730996696340005,DOGE_S2B1_lr0.0003_clip0.2_ent0.01_ep4_bs16_cl32_gamma0.99_lam0.9_seed1_H4320_Q3e+06_pov0.1_fee0,checkpoints/DOGE/DOGE_S2B1_lr0.0003_clip0.2_ent0.01_ep4_bs16_cl32_gamma0.99_lam0.9_seed1_H4320_Q3e+06_pov0.1_fee0/best.weights.h5,7
DOGE,doge_q1e+06,1000000.0,4320,3500.0,0.1,buy,DOGE_PPO_3,2026-01-11_steps_5s.parquet,/Users/jackfletcher/Desktop/FYP_Data/Replay_5s_DOGE/January/2026-01-11_steps_5s.parquet,10543,558,-0.00012162003562977054,999999.9999999993,0.1405340642841846,0.140595,17.0991689093676,6.886628791192166e-13,0.9999999999999993,1.0,0.0,1.2162003562977062,DOGE_S2B1_lr0.0003_clip0.2_ent0.01_ep4_bs16_cl32_gamma0.99_lam0.9_seed1_H4320_Q3e+06_pov0.1_fee0,checkpoints/DOGE/DOGE_S2B1_lr0.0003_clip0.2_ent0.01_ep4_bs16_cl32_gamma0.99_lam0.9_seed1_H4320_Q3e+06_pov0.1_fee0/best.weights.h5,8
DOGE,doge_q1e+06,1000000.0,4320,3500.0,0.1,buy,DOGE_PPO_3,2026-01-19_steps_5s.parquet,/Users/jackfletcher/Desktop/FYP_Data/Replay_5s_DOGE/January/2026-01-19_steps_5s.parquet,4001,576,-6.710278222756615e-05,999999.9999999995,0.1271393464739051,0.127295,8.541848663658023,7.150876187007138e-13,0.9999999999999996,1.0,0.0,0.6710278222756608,DOGE_S2B1_lr0.0003_clip0.2_ent0.01_ep4_bs16_cl32_gamma0.99_lam0.9_seed1_H4320_Q3e+06_pov0.1_fee0,checkpoints/DOGE/DOGE_S2B1_lr0.0003_clip0.2_ent0.01_ep4_bs16_cl32_gamma0.99_lam0.9_seed1_H4320_Q3e+06_pov0.1_fee0/best.weights.h5,9
DOGE,doge_q1e+06,1000000.0,4320,3500.0,0.1,buy,DOGE_PPO_3,2026-01-26_steps_5s.parquet,/Users/jackfletcher/Desktop/FYP_Data/Replay_5s_DOGE/January/2026-01-26_steps_5s.parquet,2653,556,-9.188181016053173e-05,999999.9999999995,0.12154188558857958,0.121665,11.178800433181102,7.032226785921342e-13,0.9999999999999996,1.0,0.0,0.9188181016053181,DOGE_S2B1_lr0.0003_clip0.2_ent0.01_ep4_bs16_cl32_gamma0.99_lam0.9_seed1_H4320_Q3e+06_pov0.1_fee0,checkpoints/DOGE/DOGE_S2B1_lr0.0003_clip0.2_ent0.01_ep4_bs16_cl32_gamma0.99_lam0.9_seed1_H4320_Q3e+06_pov0.1_fee0/best.weights.h5,10
DOGE,doge_q1e+06,1000000.0,4320,3500.0,0.1,buy,DOGE_PPO_3,2026-01-16_steps_5s.parquet,/Users/jackfletcher/Desktop/FYP_Data/Replay_5s_DOGE/January/2026-01-16_steps_5s.parquet,12663,794,-8.464325096730204e-05,1000000.0000000007,0.13702312590050278,0.13656000000000001,11.558882352094756,9.32004226542196e-13,1.0000000000000007,1.0,0.0,0.8464325096730194,DOGE_S2B1_lr0.0003_clip0.2_ent0.01_ep4_bs16_cl32_gamma0.99_lam0.9_seed1_H4320_Q3e+06_pov0.1_fee0,checkpoints/DOGE/DOGE_S2B1_lr0.0003_clip0.2_ent0.01_ep4_bs16_cl32_gamma0.99_lam0.9_seed1_H4320_Q3e+06_pov0.1_fee0/best.weights.h5,11
DOGE,doge_q1e+06,1000000.0,4320,3500.0,0.1,buy,DOGE_PPO_3,2026-01-22_steps_5s.parquet,/Users/jackfletcher/Desktop/FYP_Data/Replay_5s_DOGE/January/2026-01-22_steps_5s.parquet,10332,641,-0.00010585832105767853,999999.9999999999,0.1246579954520443,0.12526500000000002,13.2603425872901,6.233065237396245e-13,0.9999999999999999,1.0,0.0,1.0585832105767852,DOGE_S2B1_lr0.0003_clip0.2_ent0.01_ep4_bs16_cl32_gamma0.99_lam0.9_seed1_H4320_Q3e+06_pov0.1_fee0,checkpoints/DOGE/DOGE_S2B1_lr0.0003_clip0.2_ent0.01_ep4_bs16_cl32_gamma0.99_lam0.9_seed1_H4320_Q3e+06_pov0.1_fee0/best.weights.h5,12
DOGE,doge_q1e+06,1000000.0,4320,3500.0,0.1,buy,DOGE_PPO_3,2026-01-09_steps_5s.parquet,/Users/jackfletcher/Desktop/FYP_Data/Replay_5s_DOGE/January/2026-01-09_steps_5s.parquet,12589,657,-0.0001217118166865364,999999.9999999997,0.14204140860485984,0.141815,17.26056128340116,7.671071441324443e-13,0.9999999999999997,1.0,0.0,1.217118166865364,DOGE_S2B1_lr0.0003_clip0.2_ent0.01_ep4_bs16_cl32_gamma0.99_lam0.9_seed1_H4320_Q3e+06_pov0.1_fee0,checkpoints/DOGE/DOGE_S2B1_lr0.0003_clip0.2_ent0.01_ep4_bs16_cl32_gamma0.99_lam0.9_seed1_H4320_Q3e+06_pov0.1_fee0/best.weights.h5,13
DOGE,doge_q1e+06,1000000.0,4320,3500.0,0.1,buy,DOGE_PPO_3,2026-01-15_steps_5s.parquet,/Users/jackfletcher/Desktop/FYP_Data/Replay_5s_DOGE/January/2026-01-15_steps_5s.parquet,50,547,-0.00012294295397218588,1000000.0000000005,0.14676573397426576,0.146865,18.056016935125097,6.701922495820531e-13,1.0000000000000004,1.0,0.0,1.22942953972186,DOGE_S2B1_lr0.0003_clip0.2_ent0.01_ep4_bs16_cl32_gamma0.99_lam0.9_seed1_H4320_Q3e+06_pov0.1_fee0,checkpoints/DOGE/DOGE_S2B1_lr0.0003_clip0.2_ent0.01_ep4_bs16_cl32_gamma0.99_lam0.9_seed1_H4320_Q3e+06_pov0.1_fee0/best.weights.h5,14
DOGE,doge_q1e+06,1000000.0,4320,3500.0,0.1,buy,DOGE_PPO_3,2026-01-14_steps_5s.parquet,/Users/jackfletcher/Desktop/FYP_Data/Replay_5s_DOGE/January/2026-01-14_steps_5s.parquet,5868,576,-0.00010120973446972424,999999.9999999999,0.1483285774194823,0.14849,15.028633471409382,7.655508588366718e-13,0.9999999999999999,1.0,0.0,1.0120973446972445,DOGE_S2B1_lr0.0003_clip0.2_ent0.01_ep4_bs16_cl32_gamma0.99_lam0.9_seed1_H4320_Q3e+06_pov0.1_fee0,checkpoints/DOGE/DOGE_S2B1_lr0.0003_clip0.2_ent0.01_ep4_bs16_cl32_gamma0.99_lam0.9_seed1_H4320_Q3e+06_pov0.1_fee0/best.weights.h5,15
DOGE,doge_q1e+06,1000000.0,4320,3500.0,0.1,buy,DOGE_PPO_3,2026-01-27_steps_5s.parquet,/Users/jackfletcher/Desktop/FYP_Data/Replay_5s_DOGE/January/2026-01-27_steps_5s.parquet,8646,452,-7.477646798897243e-05,1000000.0000000003,0.12253452349504781,0.122385,9.15151803483039,9.287605719789445e-13,1.0000000000000004,1.0,0.0,0.7477646798897243,DOGE_S2B1_lr0.0003_clip0.2_ent0.01_ep4_bs16_cl32_gamma0.99_lam0.9_seed1_H4320_Q3e+06_pov0.1_fee0,checkpoints/DOGE/DOGE_S2B1_lr0.0003_clip0.2_ent0.01_ep4_bs16_cl32_gamma0.99_lam0.9_seed1_H4320_Q3e+06_pov0.1_fee0/best.weights.h5,16
DOGE,doge_q1e+06,1000000.0,4320,3500.0,0.1,buy,DOGE_PPO_3,2026-01-29_steps_5s.parquet,/Users/jackfletcher/Desktop/FYP_Data/Replay_5s_DOGE/January/2026-01-29_steps_5s.parquet,3272,461,-9.201024452710593e-05,1000000.0000000002,0.12197930920165855,0.121765,11.203627424843061,6.69207759751971e-13,1.0000000000000002,1.0,0.0,0.9201024452710599,DOGE_S2B1_lr0.0003_clip0.2_ent0.01_ep4_bs16_cl32_gamma0.99_lam0.9_seed1_H4320_Q3e+06_pov0.1_fee0,checkpoints/DOGE/DOGE_S2B1_lr0.0003_clip0.2_ent0.01_ep4_bs16_cl32_gamma0.99_lam0.9_seed1_H4320_Q3e+06_pov0.1_fee0/best.weights.h5,17
DOGE,doge_q1e+06,1000000.0,4320,3500.0,0.1,buy,DOGE_PPO_3,2026-01-31_steps_5s.parquet,/Users/jackfletcher/Desktop/FYP_Data/Replay_5s_DOGE/January/2026-01-31_steps_5s.parquet,12628,573,-0.00015053297591558767,999999.9999999994,0.10194372530979756,0.102165,15.379201484415988,5.84753325989201e-13,0.9999999999999994,1.0,0.0,1.505329759155874,DOGE_S2B1_lr0.0003_clip0.2_ent0.01_ep4_bs16_cl32_gamma0.99_lam0.9_seed1_H4320_Q3e+06_pov0.1_fee0,checkpoints/DOGE/DOGE_S2B1_lr0.0003_clip0.2_ent0.01_ep4_bs16_cl32_gamma0.99_lam0.9_seed1_H4320_Q3e+06_pov0.1_fee0/best.weights.h5,18
DOGE,doge_q1e+06,1000000.0,4320,3500.0,0.1,buy,DOGE_PPO_3,2026-01-17_steps_5s.parquet,/Users/jackfletcher/Desktop/FYP_Data/Replay_5s_DOGE/January/2026-01-17_steps_5s.parquet,5391,453,-6.22774766839438e-05,1000000.0000000005,0.1373756827260078,0.137405,8.557236683757322,5.843529473803858e-13,1.0000000000000004,1.0,0.0,0.6227747668394398,DOGE_S2B1_lr0.0003_clip0.2_ent0.01_ep4_bs16_cl32_gamma0.99_lam0.9_seed1_H4320_Q3e+06_pov0.1_fee0,checkpoints/DOGE/DOGE_S2B1_lr0.0003_clip0.2_ent0.01_ep4_bs16_cl32_gamma0.99_lam0.9_seed1_H4320_Q3e+06_pov0.1_fee0/best.weights.h5,19
DOGE,doge_q1e+06,1000000.0,4320,3500.0,0.1,buy,DOGE_PPO_3,2026-01-19_steps_5s.parquet,/Users/jackfletcher/Desktop/FYP_Data/Replay_5s_DOGE/January/2026-01-19_steps_5s.parquet,12209,566,-0.00010735877139554187,999999.9999999987,0.12908574245400894,0.12925,13.876121202873836,6.90479648199256e-13,0.9999999999999987,1.0,0.0,1.0735877139554226,DOGE_S2B1_lr0.0003_clip0.2_ent0.01_ep4_bs16_cl32_gamma0.99_lam0.9_seed1_H4320_Q3e+06_pov0.1_fee0,checkpoints/DOGE/DOGE_S2B1_lr0.0003_clip0.2_ent0.01_ep4_bs16_cl32_gamma0.99_lam0.9_seed1_H4320_Q3e+06_pov0.1_fee0/best.weights.h5,20
DOGE,doge_q1e+06,1000000.0,4320,3500.0,0.1,buy,DOGE_PPO_3,2026-01-12_steps_5s.parquet,/Users/jackfletcher/Desktop/FYP_Data/Replay_5s_DOGE/January/2026-01-12_steps_5s.parquet,7354,573,-8.112050667533488e-05,999999.9999999995,0.13673270634838214,0.136895,11.104991761319983,8.691266806809063e-13,0.9999999999999996,1.0,0.0,0.8112050667533498,DOGE_S2B1_lr0.0003_clip0.2_ent0.01_ep4_bs16_cl32_gamma0.99_lam0.9_seed1_H4320_Q3e+06_pov0.1_fee0,checkpoints/DOGE/DOGE_S2B1_lr0.0003_clip0.2_ent0.01_ep4_bs16_cl32_gamma0.99_lam0.9_seed1_H4320_Q3e+06_pov0.1_fee0/best.weights.h5,21
DOGE,doge_q1e+06,1000000.0,4320,3500.0,0.1,buy,DOGE_PPO_3,2026-01-30_steps_5s.parquet,/Users/jackfletcher/Desktop/FYP_Data/Replay_5s_DOGE/January/2026-01-30_steps_5s.parquet,11425,677,-0.00011009692311848195,1000000.0000000001,0.11622237394413933,0.11591499999999999,12.76188484327885,8.49908734547161e-13,1.0000000000000002,1.0,0.0,1.100969231184821,DOGE_S2B1_lr0.0003_clip0.2_ent0.01_ep4_bs16_cl32_gamma0.99_lam0.9_seed1_H4320_Q3e+06_pov0.1_fee0,checkpoints/DOGE/DOGE_S2B1_lr0.0003_clip0.2_ent0.01_ep4_bs16_cl32_gamma0.99_lam0.9_seed1_H4320_Q3e+06_pov0.1_fee0/best.weights.h5,22
DOGE,doge_q1e+06,1000000.0,4320,3500.0,0.1,buy,DOGE_PPO_3,2026-01-11_steps_5s.parquet,/Users/jackfletcher/Desktop/FYP_Data/Replay_5s_DOGE/January/2026-01-11_steps_5s.parquet,12399,518,-7.995348115618472e-05,1000000.0000000005,0.1384458799313315,0.138905,11.105938299999908,6.300369083578084e-13,1.0000000000000004,1.0,0.0,0.7995348115618521,DOGE_S2B1_lr0.0003_clip0.2_ent0.01_ep4_bs16_cl32_gamma0.99_lam0.9_seed1_H4320_Q3e+06_pov0.1_fee0,checkpoints/DOGE/DOGE_S2B1_lr0.0003_clip0.2_ent0.01_ep4_bs16_cl32_gamma0.99_lam0.9_seed1_H4320_Q3e+06_pov0.1_fee0/best.weights.h5,23
DOGE,doge_q1e+06,1000000.0,4320,3500.0,0.1,buy,DOGE_PPO_3,2026-01-09_steps_5s.parquet,/Users/jackfletcher/Desktop/FYP_Data/Replay_5s_DOGE/January/2026-01-09_steps_5s.parquet,8384,529,-5.813560121458689e-05,1000000.0000000001,0.1403391335521536,0.14066499999999998,8.177644344849881,5.951067972880988e-13,1.0000000000000002,1.0,0.0,0.5813560121458702,DOGE_S2B1_lr0.0003_clip0.2_ent0.01_ep4_bs16_cl32_gamma0.99_lam0.9_seed1_H4320_Q3e+06_pov0.1_fee0,checkpoints/DOGE/DOGE_S2B1_lr0.0003_clip0.2_ent0.01_ep4_bs16_cl32_gamma0.99_lam0.9_seed1_H4320_Q3e+06_pov0.1_fee0/best.weights.h5,24
DOGE,doge_q1e+06,1000000.0,4320,3500.0,0.1,buy,DOGE_PPO_3,2026-01-23_steps_5s.parquet,/Users/jackfletcher/Desktop/FYP_Data/Replay_5s_DOGE/January/2026-01-23_steps_5s.parquet,8755,417,-9.875762756333899e-05,1000000.0,0.1251443337786061,0.12532,12.376305886237667,8.53063050976448e-13,1.0,1.0,0.0,0.987576275633392,DOGE_S2B1_lr0.0003_clip0.2_ent0.01_ep4_bs16_cl32_gamma0.99_lam0.9_seed1_H4320_Q3e+06_pov0.1_fee0,checkpoints/DOGE/DOGE_S2B1_lr0.0003_clip0.2_ent0.01_ep4_bs16_cl32_gamma0.99_lam0.9_seed1_H4320_Q3e+06_pov0.1_fee0/best.weights.h5,25
DOGE,doge_q1e+06,1000000.0,4320,3500.0,0.1,buy,DOGE_PPO_3,2026-01-16_steps_5s.parquet,/Users/jackfletcher/Desktop/FYP_Data/Replay_5s_DOGE/January/2026-01-16_steps_5s.parquet,7641,498,-6.002009271944047e-05,1000000.0,0.13906759846515215,0.13908500000000001,8.347894595883401,8.205450514308343e-13,1.0,1.0,0.0,0.6002009271944063,DOGE_S2B1_lr0.0003_clip0.2_ent0.01_ep4_bs16_cl32_gamma0.99_lam0.9_seed1_H4320_Q3e+06_pov0.1_fee0,checkpoints/DOGE/DOGE_S2B1_lr0.0003_clip0.2_ent0.01_ep4_bs16_cl32_gamma0.99_lam0.9_seed1_H4320_Q3e+06_pov0.1_fee0/best.weights.h5,26
DOGE,doge_q1e+06,1000000.0,4320,3500.0,0.1,buy,DOGE_PPO_3,2026-01-13_steps_5s.parquet,/Users/jackfletcher/Desktop/FYP_Data/Replay_5s_DOGE/January/2026-01-13_steps_5s.parquet,8316,579,-5.537869661863677e-05,1000000.0000000001,0.1390797963063741,0.13916499999999998,7.706776314932567,8.457318898895702e-13,1.0000000000000002,1.0,0.0,0.5537869661863664,DOGE_S2B1_lr0.0003_clip0.2_ent0.01_ep4_bs16_cl32_gamma0.99_lam0.9_seed1_H4320_Q3e+06_pov0.1_fee0,checkpoints/DOGE/DOGE_S2B1_lr0.0003_clip0.2_ent0.01_ep4_bs16_cl32_gamma0.99_lam0.9_seed1_H4320_Q3e+06_pov0.1_fee0/best.weights.h5,27
DOGE,doge_q1e+06,1000000.0,4320,3500.0,0.1,buy,DOGE_PPO_3,2026-01-12_steps_5s.parquet,/Users/jackfletcher/Desktop/FYP_Data/Replay_5s_DOGE/January/2026-01-12_steps_5s.parquet,11136,831,-0.00011061739447771116,999999.9999999999,0.1386666207515803,0.137915,15.255797959393515,5.870336448581646e-13,0.9999999999999999,1.0,0.0,1.1061739447771102,DOGE_S2B1_lr0.0003_clip0.2_ent0.01_ep4_bs16_cl32_gamma0.99_lam0.9_seed1_H4320_Q3e+06_pov0.1_fee0,checkpoints/DOGE/DOGE_S2B1_lr0.0003_clip0.2_ent0.01_ep4_bs16_cl32_gamma0.99_lam0.9_seed1_H4320_Q3e+06_pov0.1_fee0/best.weights.h5,28
DOGE,doge_q1e+06,1000000.0,4320,3500.0,0.1,buy,DOGE_PPO_3,2026-01-30_steps_5s.parquet,/Users/jackfletcher/Desktop/FYP_Data/Replay_5s_DOGE/January/2026-01-30_steps_5s.parquet,9641,541,-0.00010761523369389821,1000000.0000000016,0.11458846778271081,0.1147,12.343467304690142,9.38600977636172e-13,1.0000000000000016,1.0,0.0,1.0761523369389836,DOGE_S2B1_lr0.0003_clip0.2_ent0.01_ep4_bs16_cl32_gamma0.99_lam0.9_seed1_H4320_Q3e+06_pov0.1_fee0,checkpoints/DOGE/DOGE_S2B1_lr0.0003_clip0.2_ent0.01_ep4_bs16_cl32_gamma0.99_lam0.9_seed1_H4320_Q3e+06_pov0.1_fee0/best.weights.h5,29
DOGE,doge_q1e+06,1000000.0,4320,3500.0,0.1,buy,DOGE_PPO_3,2026-01-27_steps_5s.parquet,/Users/jackfletcher/Desktop/FYP_Data/Replay_5s_DOGE/January/2026-01-27_steps_5s.parquet,9307,461,-7.900275653170168e-05,1000000.0000000003,0.12208773540492437,0.12218499999999999,9.652951806825959,8.63077594765143e-13,1.0000000000000004,1.0,0.0,0.7900275653170159,DOGE_S2B1_lr0.0003_clip0.2_ent0.01_ep4_bs16_cl32_gamma0.99_lam0.9_seed1_H4320_Q3e+06_pov0.1_fee0,checkpoints/DOGE/DOGE_S2B1_lr0.0003_clip0.2_ent0.01_ep4_bs16_cl32_gamma0.99_lam0.9_seed1_H4320_Q3e+06_pov0.1_fee0/best.weights.h5,30
DOGE,doge_q1e+06,1000000.0,4320,3500.0,0.1,buy,DOGE_PPO_3,2026-01-13_steps_5s.parquet,/Users/jackfletcher/Desktop/FYP_Data/Replay_5s_DOGE/January/2026-01-13_steps_5s.parquet,10157,737,-0.00011703353767206826,1000000.0000000007,0.14058767956577517,0.13938499999999998,16.312719648421258,7.008074968103599e-13,1.0000000000000007,1.0,0.0,1.1703353767206846,DOGE_S2B1_lr0.0003_clip0.2_ent0.01_ep4_bs16_cl32_gamma0.99_lam0.9_seed1_H4320_Q3e+06_pov0.1_fee0,checkpoints/DOGE/DOGE_S2B1_lr0.0003_clip0.2_ent0.01_ep4_bs16_cl32_gamma0.99_lam0.9_seed1_H4320_Q3e+06_pov0.1_fee0/best.weights.h5,31
DOGE,doge_q1e+06,1000000.0,4320,3500.0,0.1,buy,DOGE_PPO_3,2026-01-24_steps_5s.parquet,/Users/jackfletcher/Desktop/FYP_Data/Replay_5s_DOGE/January/2026-01-24_steps_5s.parquet,9622,405,-5.92245798938358e-05,999999.9999999992,0.12441249326343803,0.124395,7.3672416158937075,8.597744164833495e-13,0.9999999999999992,1.0,0.0,0.5922457989383583,DOGE_S2B1_lr0.0003_clip0.2_ent0.01_ep4_bs16_cl32_gamma0.99_lam0.9_seed1_H4320_Q3e+06_pov0.1_fee0,checkpoints/DOGE/DOGE_S2B1_lr0.0003_clip0.2_ent0.01_ep4_bs16_cl32_gamma0.99_lam0.9_seed1_H4320_Q3e+06_pov0.1_fee0/best.weights.h5,32
DOGE,doge_q1e+06,1000000.0,4320,3500.0,0.1,buy,DOGE_PPO_3,2026-01-31_steps_5s.parquet,/Users/jackfletcher/Desktop/FYP_Data/Replay_5s_DOGE/January/2026-01-31_steps_5s.parquet,10664,604,-0.00013529248495053293,999999.9999999999,0.10733045790124535,0.106965,14.471560652733768,8.36509468096016e-13,0.9999999999999999,1.0,0.0,1.3529248495053305,DOGE_S2B1_lr0.0003_clip0.2_ent0.01_ep4_bs16_cl32_gamma0.99_lam0.9_seed1_H4320_Q3e+06_pov0.1_fee0,checkpoints/DOGE/DOGE_S2B1_lr0.0003_clip0.2_ent0.01_ep4_bs16_cl32_gamma0.99_lam0.9_seed1_H4320_Q3e+06_pov0.1_fee0/best.weights.h5,33
DOGE,doge_q1e+06,1000000.0,4320,3500.0,0.1,buy,DOGE_PPO_3,2026-01-24_steps_5s.parquet,/Users/jackfletcher/Desktop/FYP_Data/Replay_5s_DOGE/January/2026-01-24_steps_5s.parquet,7706,430,-6.161844748432789e-05,1000000.0,0.12472510056803097,0.12456500000000001,7.6755019108853215,6.549360788037019e-13,1.0,1.0,0.0,0.6161844748432803,DOGE_S2B1_lr0.0003_clip0.2_ent0.01_ep4_bs16_cl32_gamma0.99_lam0.9_seed1_H4320_Q3e+06_pov0.1_fee0,checkpoints/DOGE/DOGE_S2B1_lr0.0003_clip0.2_ent0.01_ep4_bs16_cl32_gamma0.99_lam0.9_seed1_H4320_Q3e+06_pov0.1_fee0/best.weights.h5,34
DOGE,doge_q1e+06,1000000.0,4320,3500.0,0.1,buy,DOGE_PPO_3,2026-01-11_steps_5s.parquet,/Users/jackfletcher/Desktop/FYP_Data/Replay_5s_DOGE/January/2026-01-11_steps_5s.parquet,12426,524,-7.840831692451694e-05,1000000.0000000003,0.1384190488962502,0.13864500000000002,10.87092109999967,9.426582702269503e-13,1.0000000000000004,1.0,0.0,0.7840831692451705,DOGE_S2B1_lr0.0003_clip0.2_ent0.01_ep4_bs16_cl32_gamma0.99_lam0.9_seed1_H4320_Q3e+06_pov0.1_fee0,checkpoints/DOGE/DOGE_S2B1_lr0.0003_clip0.2_ent0.01_ep4_bs16_cl32_gamma0.99_lam0.9_seed1_H4320_Q3e+06_pov0.1_fee0/best.weights.h5,35
DOGE,doge_q1e+06,1000000.0,4320,3500.0,0.1,buy,DOGE_PPO_3,2026-01-21_steps_5s.parquet,/Users/jackfletcher/Desktop/FYP_Data/Replay_5s_DOGE/January/2026-01-21_steps_5s.parquet,784,576,-7.996779080690739e-05,999999.9999999986,0.12549212630395207,0.12526500000000002,10.017165315427254,6.308334017699914e-13,0.9999999999999986,1.0,0.0,0.7996779080690738,DOGE_S2B1_lr0.0003_clip0.2_ent0.01_ep4_bs16_cl32_gamma0.99_lam0.9_seed1_H4320_Q3e+06_pov0.1_fee0,checkpoints/DOGE/DOGE_S2B1_lr0.0003_clip0.2_ent0.01_ep4_bs16_cl32_gamma0.99_lam0.9_seed1_H4320_Q3e+06_pov0.1_fee0/best.weights.h5,36
DOGE,doge_q1e+06,1000000.0,4320,3500.0,0.1,buy,DOGE_PPO_3,2026-01-10_steps_5s.parquet,/Users/jackfletcher/Desktop/FYP_Data/Replay_5s_DOGE/January/2026-01-10_steps_5s.parquet,10952,469,-6.220439449095092e-05,999999.9999999994,0.14001771783267689,0.140175,8.719500997769048,7.878178426537595e-13,0.9999999999999994,1.0,0.0,0.6220439449095094,DOGE_S2B1_lr0.0003_clip0.2_ent0.01_ep4_bs16_cl32_gamma0.99_lam0.9_seed1_H4320_Q3e+06_pov0.1_fee0,checkpoints/DOGE/DOGE_S2B1_lr0.0003_clip0.2_ent0.01_ep4_bs16_cl32_gamma0.99_lam0.9_seed1_H4320_Q3e+06_pov0.1_fee0/best.weights.h5,37
DOGE,doge_q1e+06,1000000.0,4320,3500.0,0.1,buy,DOGE_PPO_3,2026-01-28_steps_5s.parquet,/Users/jackfletcher/Desktop/FYP_Data/Replay_5s_DOGE/January/2026-01-28_steps_5s.parquet,5354,564,-9.083824006414815e-05,999999.9999999994,0.12556376617967901,0.12576500000000002,11.42427126166763,8.735141260825613e-13,0.9999999999999994,1.0,0.0,0.9083824006414845,DOGE_S2B1_lr0.0003_clip0.2_ent0.01_ep4_bs16_cl32_gamma0.99_lam0.9_seed1_H4320_Q3e+06_pov0.1_fee0,checkpoints/DOGE/DOGE_S2B1_lr0.0003_clip0.2_ent0.01_ep4_bs16_cl32_gamma0.99_lam0.9_seed1_H4320_Q3e+06_pov0.1_fee0/best.weights.h5,38
DOGE,doge_q1e+06,1000000.0,4320,3500.0,0.1,buy,DOGE_PPO_3,2026-01-23_steps_5s.parquet,/Users/jackfletcher/Desktop/FYP_Data/Replay_5s_DOGE/January/2026-01-23_steps_5s.parquet,7151,531,-9.099444793040143e-05,999999.9999999997,0.12500093907634333,0.12485,11.3606568241106,8.063754352006749e-13,0.9999999999999997,1.0,0.0,0.9099444793040129,DOGE_S2B1_lr0.0003_clip0.2_ent0.01_ep4_bs16_cl32_gamma0.99_lam0.9_seed1_H4320_Q3e+06_pov0.1_fee0,checkpoints/DOGE/DOGE_S2B1_lr0.0003_clip0.2_ent0.01_ep4_bs16_cl32_gamma0.99_lam0.9_seed1_H4320_Q3e+06_pov0.1_fee0/best.weights.h5,39
DOGE,doge_q1e+06,1000000.0,4320,3500.0,0.1,buy,DOGE_PPO_3,2026-01-30_steps_5s.parquet,/Users/jackfletcher/Desktop/FYP_Data/Replay_5s_DOGE/January/2026-01-30_steps_5s.parquet,1186,489,-0.00015422015874235566,999999.9999999993,0.11481167050624519,0.116585,17.979757206977496,7.029019125578584e-13,0.9999999999999993,1.0,0.0,1.5422015874235533,DOGE_S2B1_lr0.0003_clip0.2_ent0.01_ep4_bs16_cl32_gamma0.99_lam0.9_seed1_H4320_Q3e+06_pov0.1_fee0,checkpoints/DOGE/DOGE_S2B1_lr0.0003_clip0.2_ent0.01_ep4_bs16_cl32_gamma0.99_lam0.9_seed1_H4320_Q3e+06_pov0.1_fee0/best.weights.h5,40
DOGE,doge_q1e+06,1000000.0,4320,3500.0,0.1,buy,DOGE_PPO_3,2026-01-25_steps_5s.parquet,/Users/jackfletcher/Desktop/FYP_Data/Replay_5s_DOGE/January/2026-01-25_steps_5s.parquet,5846,415,-8.120025266356514e-05,1000000.0000000006,0.12300295497079379,0.123045,9.991285088988406,8.148613567229336e-13,1.0000000000000007,1.0,0.0,0.8120025266356541,DOGE_S2B1_lr0.0003_clip0.2_ent0.01_ep4_bs16_cl32_gamma0.99_lam0.9_seed1_H4320_Q3e+06_pov0.1_fee0,checkpoints/DOGE/DOGE_S2B1_lr0.0003_clip0.2_ent0.01_ep4_bs16_cl32_gamma0.99_lam0.9_seed1_H4320_Q3e+06_pov0.1_fee0/best.weights.h5,41
DOGE,doge_q1e+06,1000000.0,4320,3500.0,0.1,buy,DOGE_PPO_3,2026-01-20_steps_5s.parquet,/Users/jackfletcher/Desktop/FYP_Data/Replay_5s_DOGE/January/2026-01-20_steps_5s.parquet,7224,642,-7.517623791754259e-05,1000000.0,0.12573388456271023,0.125755,9.453787799320576,5.897486591440912e-13,1.0,1.0,0.0,0.7517623791754265,DOGE_S2B1_lr0.0003_clip0.2_ent0.01_ep4_bs16_cl32_gamma0.99_lam0.9_seed1_H4320_Q3e+06_pov0.1_fee0,checkpoints/DOGE/DOGE_S2B1_lr0.0003_clip0.2_ent0.01_ep4_bs16_cl32_gamma0.99_lam0.9_seed1_H4320_Q3e+06_pov0.1_fee0/best.weights.h5,42
DOGE,doge_q1e+06,1000000.0,4320,3500.0,0.1,buy,DOGE_PPO_3,2026-01-29_steps_5s.parquet,/Users/jackfletcher/Desktop/FYP_Data/Replay_5s_DOGE/January/2026-01-29_steps_5s.parquet,3837,444,-7.332246782383199e-05,999999.9999999991,0.12203908007523362,0.121935,8.940575114098964,5.628508918691744e-13,0.9999999999999991,1.0,0.0,0.7332246782383207,DOGE_S2B1_lr0.0003_clip0.2_ent0.01_ep4_bs16_cl32_gamma0.99_lam0.9_seed1_H4320_Q3e+06_pov0.1_fee0,checkpoints/DOGE/DOGE_S2B1_lr0.0003_clip0.2_ent0.01_ep4_bs16_cl32_gamma0.99_lam0.9_seed1_H4320_Q3e+06_pov0.1_fee0/best.weights.h5,43
DOGE,doge_q1e+06,1000000.0,4320,3500.0,0.1,buy,DOGE_PPO_3,2026-01-18_steps_5s.parquet,/Users/jackfletcher/Desktop/FYP_Data/Replay_5s_DOGE/January/2026-01-18_steps_5s.parquet,5015,458,-6.800241983798186e-05,1000000.0000000006,0.13708550851634926,0.137305,9.337072255854098,6.990886149036773e-13,1.0000000000000007,1.0,0.0,0.6800241983798184,DOGE_S2B1_lr0.0003_clip0.2_ent0.01_ep4_bs16_cl32_gamma0.99_lam0.9_seed1_H4320_Q3e+06_pov0.1_fee0,checkpoints/DOGE/DOGE_S2B1_lr0.0003_clip0.2_ent0.01_ep4_bs16_cl32_gamma0.99_lam0.9_seed1_H4320_Q3e+06_pov0.1_fee0/best.weights.h5,44
DOGE,doge_q1e+06,1000000.0,4320,3500.0,0.1,buy,DOGE_PPO_3,2026-01-13_steps_5s.parquet,/Users/jackfletcher/Desktop/FYP_Data/Replay_5s_DOGE/January/2026-01-13_steps_5s.parquet,10811,932,-0.00010864160874818187,1000000.0000000006,0.141235881690738,0.140705,15.286417558912932,5.884717245349188e-13,1.0000000000000007,1.0,0.0,1.086416087481819,DOGE_S2B1_lr0.0003_clip0.2_ent0.01_ep4_bs16_cl32_gamma0.99_lam0.9_seed1_H4320_Q3e+06_pov0.1_fee0,checkpoints/DOGE/DOGE_S2B1_lr0.0003_clip0.2_ent0.01_ep4_bs16_cl32_gamma0.99_lam0.9_seed1_H4320_Q3e+06_pov0.1_fee0/best.weights.h5,45
DOGE,doge_q1e+06,1000000.0,4320,3500.0,0.1,buy,DOGE_PPO_3,2026-01-13_steps_5s.parquet,/Users/jackfletcher/Desktop/FYP_Data/Replay_5s_DOGE/January/2026-01-13_steps_5s.parquet,6763,789,-7.581688337129749e-05,1000000.0000000012,0.13980321604078436,0.13967000000000002,10.589344100469116,6.351339352698581e-13,1.000000000000001,1.0,0.0,0.7581688337129745,DOGE_S2B1_lr0.0003_clip0.2_ent0.01_ep4_bs16_cl32_gamma0.99_lam0.9_seed1_H4320_Q3e+06_pov0.1_fee0,checkpoints/DOGE/DOGE_S2B1_lr0.0003_clip0.2_ent0.01_ep4_bs16_cl32_gamma0.99_lam0.9_seed1_H4320_Q3e+06_pov0.1_fee0/best.weights.h5,46
DOGE,doge_q1e+06,1000000.0,4320,3500.0,0.1,buy,DOGE_PPO_3,2026-01-20_steps_5s.parquet,/Users/jackfletcher/Desktop/FYP_Data/Replay_5s_DOGE/January/2026-01-20_steps_5s.parquet,1387,529,-5.461252121644959e-05,999999.9999999998,0.12842122803288097,0.12886,7.037369483951705,8.207472985104834e-13,0.9999999999999998,1.0,0.0,0.5461252121644967,DOGE_S2B1_lr0.0003_clip0.2_ent0.01_ep4_bs16_cl32_gamma0.99_lam0.9_seed1_H4320_Q3e+06_pov0.1_fee0,checkpoints/DOGE/DOGE_S2B1_lr0.0003_clip0.2_ent0.01_ep4_bs16_cl32_gamma0.99_lam0.9_seed1_H4320_Q3e+06_pov0.1_fee0/best.weights.h5,47
DOGE,doge_q1e+06,1000000.0,4320,3500.0,0.1,buy,DOGE_PPO_3,2026-01-27_steps_5s.parquet,/Users/jackfletcher/Desktop/FYP_Data/Replay_5s_DOGE/January/2026-01-27_steps_5s.parquet,5234,496,-6.093636356656955e-05,999999.9999999995,0.12236729348360513,0.122425,7.46013430963728,6.555090036051903e-13,0.9999999999999996,1.0,0.0,0.6093636356656957,DOGE_S2B1_lr0.0003_clip0.2_ent0.01_ep4_bs16_cl32_gamma0.99_lam0.9_seed1_H4320_Q3e+06_pov0.1_fee0,checkpoints/DOGE/DOGE_S2B1_lr0.0003_clip0.2_ent0.01_ep4_bs16_cl32_gamma0.99_lam0.9_seed1_H4320_Q3e+06_pov0.1_fee0/best.weights.h5,48
DOGE,doge_q1e+06,1000000.0,4320,3500.0,0.1,buy,DOGE_PPO_3,2026-01-27_steps_5s.parquet,/Users/jackfletcher/Desktop/FYP_Data/Replay_5s_DOGE/January/2026-01-27_steps_5s.parquet,6561,471,-7.768984599582233e-05,999999.9999999993,0.12200036556927721,0.122055,9.482434153020122,8.179039875661722e-13,0.9999999999999993,1.0,0.0,0.7768984599582256,DOGE_S2B1_lr0.0003_clip0.2_ent0.01_ep4_bs16_cl32_gamma0.99_lam0.9_seed1_H4320_Q3e+06_pov0.1_fee0,checkpoints/DOGE/DOGE_S2B1_lr0.0003_clip0.2_ent0.01_ep4_bs16_cl32_gamma0.99_lam0.9_seed1_H4320_Q3e+06_pov0.1_fee0/best.weights.h5,49
DOGE,doge_q1e+06,1000000.0,4320,3500.0,0.1,buy,DOGE_PPO_3,2026-01-08_steps_5s.parquet,/Users/jackfletcher/Desktop/FYP_Data/Replay_5s_DOGE/January/2026-01-08_steps_5s.parquet,1101,611,-8.040112231453361e-05,1000000.0000000012,0.1473782458429929,0.14741500000000002,11.852331445996965,8.855378390981002e-13,1.000000000000001,1.0,0.0,0.8040112231453355,DOGE_S2B1_lr0.0003_clip0.2_ent0.01_ep4_bs16_cl32_gamma0.99_lam0.9_seed1_H4320_Q3e+06_pov0.1_fee0,checkpoints/DOGE/DOGE_S2B1_lr0.0003_clip0.2_ent0.01_ep4_bs16_cl32_gamma0.99_lam0.9_seed1_H4320_Q3e+06_pov0.1_fee0/best.weights.h5,50
DOGE,doge_q1e+06,1000000.0,4320,3500.0,0.1,buy,DOGE_PPO_3,2026-01-17_steps_5s.parquet,/Users/jackfletcher/Desktop/FYP_Data/Replay_5s_DOGE/January/2026-01-17_steps_5s.parquet,8102,472,-6.377425605526144e-05,999999.9999999999,0.13775505617302086,0.13764500000000002,8.77820747472647,9.414963918624487e-13,0.9999999999999999,1.0,0.0,0.6377425605526149,DOGE_S2B1_lr0.0003_clip0.2_ent0.01_ep4_bs16_cl32_gamma0.99_lam0.9_seed1_H4320_Q3e+06_pov0.1_fee0,checkpoints/DOGE/DOGE_S2B1_lr0.0003_clip0.2_ent0.01_ep4_bs16_cl32_gamma0.99_lam0.9_seed1_H4320_Q3e+06_pov0.1_fee0/best.weights.h5,51
DOGE,doge_q1e+06,1000000.0,4320,3500.0,0.1,buy,DOGE_PPO_3,2026-01-26_steps_5s.parquet,/Users/jackfletcher/Desktop/FYP_Data/Replay_5s_DOGE/January/2026-01-26_steps_5s.parquet,12495,605,-7.685503212044919e-05,1000000.0000000003,0.12215454250189887,0.122055,9.380540945461433,6.06081940739953e-13,1.0000000000000004,1.0,0.0,0.7685503212044925,DOGE_S2B1_lr0.0003_clip0.2_ent0.01_ep4_bs16_cl32_gamma0.99_lam0.9_seed1_H4320_Q3e+06_pov0.1_fee0,checkpoints/DOGE/DOGE_S2B1_lr0.0003_clip0.2_ent0.01_ep4_bs16_cl32_gamma0.99_lam0.9_seed1_H4320_Q3e+06_pov0.1_fee0/best.weights.h5,52
DOGE,doge_q1e+06,1000000.0,4320,3500.0,0.1,buy,DOGE_PPO_3,2026-01-08_steps_5s.parquet,/Users/jackfletcher/Desktop/FYP_Data/Replay_5s_DOGE/January/2026-01-08_steps_5s.parquet,7720,634,-8.147147011029269e-05,999999.9999999986,0.14199997880756884,0.14238,11.599907914303472,7.15363433435202e-13,0.9999999999999986,1.0,0.0,0.8147147011029268,DOGE_S2B1_lr0.0003_clip0.2_ent0.01_ep4_bs16_cl32_gamma0.99_lam0.9_seed1_H4320_Q3e+06_pov0.1_fee0,checkpoints/DOGE/DOGE_S2B1_lr0.0003_clip0.2_ent0.01_ep4_bs16_cl32_gamma0.99_lam0.9_seed1_H4320_Q3e+06_pov0.1_fee0/best.weights.h5,53
DOGE,doge_q1e+06,1000000.0,4320,3500.0,0.1,buy,DOGE_PPO_3,2026-01-27_steps_5s.parquet,/Users/jackfletcher/Desktop/FYP_Data/Replay_5s_DOGE/January/2026-01-27_steps_5s.parquet,10923,598,-0.0001176409373979641,1000000.000000001,0.12214398677845406,0.12231500000000001,14.389251257831964,5.768897969617611e-13,1.000000000000001,1.0,0.0,1.1764093739796397,DOGE_S2B1_lr0.0003_clip0.2_ent0.01_ep4_bs16_cl32_gamma0.99_lam0.9_seed1_H4320_Q3e+06_pov0.1_fee0,checkpoints/DOGE/DOGE_S2B1_lr0.0003_clip0.2_ent0.01_ep4_bs16_cl32_gamma0.99_lam0.9_seed1_H4320_Q3e+06_pov0.1_fee0/best.weights.h5,54
DOGE,doge_q1e+06,1000000.0,4320,3500.0,0.1,buy,DOGE_PPO_3,2026-01-16_steps_5s.parquet,/Users/jackfletcher/Desktop/FYP_Data/Replay_5s_DOGE/January/2026-01-16_steps_5s.parquet,8118,491,-6.016864475297391e-05,999999.9999999998,0.13808234871815386,0.13833499999999999,8.323429471902676,9.179487042398829e-13,0.9999999999999998,1.0,0.0,0.6016864475297413,DOGE_S2B1_lr0.0003_clip0.2_ent0.01_ep4_bs16_cl32_gamma0.99_lam0.9_seed1_H4320_Q3e+06_pov0.1_fee0,checkpoints/DOGE/DOGE_S2B1_lr0.0003_clip0.2_ent0.01_ep4_bs16_cl32_gamma0.99_lam0.9_seed1_H4320_Q3e+06_pov0.1_fee0/best.weights.h5,55
DOGE,doge_q1e+06,1000000.0,4320,3500.0,0.1,buy,DOGE_PPO_3,2026-01-24_steps_5s.parquet,/Users/jackfletcher/Desktop/FYP_Data/Replay_5s_DOGE/January/2026-01-24_steps_5s.parquet,12563,426,-8.11457670597747e-05,999999.9999999999,0.12407218458528006,0.124085,10.068972505612127,7.829874972540358e-13,0.9999999999999999,1.0,0.0,0.8114576705977457,DOGE_S2B1_lr0.0003_clip0.2_ent0.01_ep4_bs16_cl32_gamma0.99_lam0.9_seed1_H4320_Q3e+06_pov0.1_fee0,checkpoints/DOGE/DOGE_S2B1_lr0.0003_clip0.2_ent0.01_ep4_bs16_cl32_gamma0.99_lam0.9_seed1_H4320_Q3e+06_pov0.1_fee0/best.weights.h5,56
DOGE,doge_q1e+06,1000000.0,4320,3500.0,0.1,buy,DOGE_PPO_3,2026-01-24_steps_5s.parquet,/Users/jackfletcher/Desktop/FYP_Data/Replay_5s_DOGE/January/2026-01-24_steps_5s.parquet,12422,418,-0.00011263475546669229,999999.9999999999,0.12409403203322948,0.12401999999999999,13.96896237297912,9.536560687458285e-13,0.9999999999999999,1.0,0.0,1.1263475546669184,DOGE_S2B1_lr0.0003_clip0.2_ent0.01_ep4_bs16_cl32_gamma0.99_lam0.9_seed1_H4320_Q3e+06_pov0.1_fee0,checkpoints/DOGE/DOGE_S2B1_lr0.0003_clip0.2_ent0.01_ep4_bs16_cl32_gamma0.99_lam0.9_seed1_H4320_Q3e+06_pov0.1_fee0/best.weights.h5,57
DOGE,doge_q1e+06,1000000.0,4320,3500.0,0.1,buy,DOGE_PPO_3,2026-01-11_steps_5s.parquet,/Users/jackfletcher/Desktop/FYP_Data/Replay_5s_DOGE/January/2026-01-11_steps_5s.parquet,2936,486,-5.748184858308043e-05,1000000.0000000002,0.13899122731309463,0.139045,7.9925636362344505,8.941698144988988e-13,1.0000000000000002,1.0,0.0,0.5748184858308066,DOGE_S2B1_lr0.0003_clip0.2_ent0.01_ep4_bs16_cl32_gamma0.99_lam0.9_seed1_H4320_Q3e+06_pov0.1_fee0,checkpoints/DOGE/DOGE_S2B1_lr0.0003_clip0.2_ent0.01_ep4_bs16_cl32_gamma0.99_lam0.9_seed1_H4320_Q3e+06_pov0.1_fee0/best.weights.h5,58
DOGE,doge_q1e+06,1000000.0,4320,3500.0,0.1,buy,DOGE_PPO_3,2026-01-17_steps_5s.parquet,/Users/jackfletcher/Desktop/FYP_Data/Replay_5s_DOGE/January/2026-01-17_steps_5s.parquet,5974,486,-5.899710687365664e-05,1000000.0000000002,0.1375178186817511,0.137465,8.110037296387269,6.205625602929381e-13,1.0000000000000002,1.0,0.0,0.5899710687365706,DOGE_S2B1_lr0.0003_clip0.2_ent0.01_ep4_bs16_cl32_gamma0.99_lam0.9_seed1_H4320_Q3e+06_pov0.1_fee0,checkpoints/DOGE/DOGE_S2B1_lr0.0003_clip0.2_ent0.01_ep4_bs16_cl32_gamma0.99_lam0.9_seed1_H4320_Q3e+06_pov0.1_fee0/best.weights.h5,59
DOGE,doge_q1e+06,1000000.0,4320,3500.0,0.1,buy,DOGE_PPO_3,2026-01-11_steps_5s.parquet,/Users/jackfletcher/Desktop/FYP_Data/Replay_5s_DOGE/January/2026-01-11_steps_5s.parquet,5823,484,-5.669709504987003e-05,1000000.0000000006,0.13993496539259134,0.139835,7.928238286298587,9.807925130261696e-13,1.0000000000000007,1.0,0.0,0.5669709504987012,DOGE_S2B1_lr0.0003_clip0.2_ent0.01_ep4_bs16_cl32_gamma0.99_lam0.9_seed1_H4320_Q3e+06_pov0.1_fee0,checkpoints/DOGE/DOGE_S2B1_lr0.0003_clip0.2_ent0.01_ep4_bs16_cl32_gamma0.99_lam0.9_seed1_H4320_Q3e+06_pov0.1_fee0/best.weights.h5,60
DOGE,doge_q1e+06,1000000.0,4320,3500.0,0.1,buy,DOGE_PPO_3,2026-01-28_steps_5s.parquet,/Users/jackfletcher/Desktop/FYP_Data/Replay_5s_DOGE/January/2026-01-28_steps_5s.parquet,3536,478,-6.616674600690412e-05,999999.9999999992,0.12450079689281836,0.124265,8.222210692547955,7.612225977593187e-13,0.9999999999999992,1.0,0.0,0.6616674600690424,DOGE_S2B1_lr0.0003_clip0.2_ent0.01_ep4_bs16_cl32_gamma0.99_lam0.9_seed1_H4320_Q3e+06_pov0.1_fee0,checkpoints/DOGE/DOGE_S2B1_lr0.0003_clip0.2_ent0.01_ep4_bs16_cl32_gamma0.99_lam0.9_seed1_H4320_Q3e+06_pov0.1_fee0/best.weights.h5,61
DOGE,doge_q1e+06,1000000.0,4320,3500.0,0.1,buy,DOGE_PPO_3,2026-01-25_steps_5s.parquet,/Users/jackfletcher/Desktop/FYP_Data/Replay_5s_DOGE/January/2026-01-25_steps_5s.parquet,3135,405,-9.950436970015599e-05,999999.9999999998,0.12343028365410788,0.12323500000000001,12.262420999998678,6.125293038485718e-13,0.9999999999999998,1.0,0.0,0.995043697001556,DOGE_S2B1_lr0.0003_clip0.2_ent0.01_ep4_bs16_cl32_gamma0.99_lam0.9_seed1_H4320_Q3e+06_pov0.1_fee0,checkpoints/DOGE/DOGE_S2B1_lr0.0003_clip0.2_ent0.01_ep4_bs16_cl32_gamma0.99_lam0.9_seed1_H4320_Q3e+06_pov0.1_fee0/best.weights.h5,62
DOGE,doge_q1e+06,1000000.0,4320,3500.0,0.1,buy,DOGE_PPO_3,2026-01-11_steps_5s.parquet,/Users/jackfletcher/Desktop/FYP_Data/Replay_5s_DOGE/January/2026-01-11_steps_5s.parquet,4990,473,-5.54237703568447e-05,1000000.0,0.13963893755625065,0.139695,7.74242359999945,5.875890324499964e-13,1.0,1.0,0.0,0.5542377035684491,DOGE_S2B1_lr0.0003_clip0.2_ent0.01_ep4_bs16_cl32_gamma0.99_lam0.9_seed1_H4320_Q3e+06_pov0.1_fee0,checkpoints/DOGE/DOGE_S2B1_lr0.0003_clip0.2_ent0.01_ep4_bs16_cl32_gamma0.99_lam0.9_seed1_H4320_Q3e+06_pov0.1_fee0/best.weights.h5,63
DOGE,doge_q1e+06,1000000.0,4320,3500.0,0.1,buy,DOGE_PPO_3,2026-01-24_steps_5s.parquet,/Users/jackfletcher/Desktop/FYP_Data/Replay_5s_DOGE/January/2026-01-24_steps_5s.parquet,6057,432,-7.719660206369149e-05,1000000.0000000001,0.12452624428446948,0.124395,9.602871313712889,7.268799745492142e-13,1.0000000000000002,1.0,0.0,0.7719660206369138,DOGE_S2B1_lr0.0003_clip0.2_ent0.01_ep4_bs16_cl32_gamma0.99_lam0.9_seed1_H4320_Q3e+06_pov0.1_fee0,checkpoints/DOGE/DOGE_S2B1_lr0.0003_clip0.2_ent0.01_ep4_bs16_cl32_gamma0.99_lam0.9_seed1_H4320_Q3e+06_pov0.1_fee0/best.weights.h5,64
DOGE,doge_q1e+06,1000000.0,4320,3500.0,0.1,buy,DOGE_PPO_3,2026-01-23_steps_5s.parquet,/Users/jackfletcher/Desktop/FYP_Data/Replay_5s_DOGE/January/2026-01-23_steps_5s.parquet,9838,479,-8.605277825894746e-05,1000000.0000000001,0.12458142083840767,0.12461,10.723036698847421,8.437623024721297e-13,1.0000000000000002,1.0,0.0,0.8605277825894728,DOGE_S2B1_lr0.0003_clip0.2_ent0.01_ep4_bs16_cl32_gamma0.99_lam0.9_seed1_H4320_Q3e+06_pov0.1_fee0,checkpoints/DOGE/DOGE_S2B1_lr0.0003_clip0.2_ent0.01_ep4_bs16_cl32_gamma0.99_lam0.9_seed1_H4320_Q3e+06_pov0.1_fee0/best.weights.h5,65
DOGE,doge_q1e+06,1000000.0,4320,3500.0,0.1,buy,DOGE_PPO_3,2026-01-15_steps_5s.parquet,/Users/jackfletcher/Desktop/FYP_Data/Replay_5s_DOGE/January/2026-01-15_steps_5s.parquet,3683,631,-8.205789065048051e-05,1000000.0000000005,0.14355883316312085,0.14350000000000002,11.775307308343974,6.00127981496869e-13,1.0000000000000004,1.0,0.0,0.8205789065048064,DOGE_S2B1_lr0.0003_clip0.2_ent0.01_ep4_bs16_cl32_gamma0.99_lam0.9_seed1_H4320_Q3e+06_pov0.1_fee0,checkpoints/DOGE/DOGE_S2B1_lr0.0003_clip0.2_ent0.01_ep4_bs16_cl32_gamma0.99_lam0.9_seed1_H4320_Q3e+06_pov0.1_fee0/best.weights.h5,66
DOGE,doge_q1e+06,1000000.0,4320,3500.0,0.1,buy,DOGE_PPO_3,2026-01-25_steps_5s.parquet,/Users/jackfletcher/Desktop/FYP_Data/Replay_5s_DOGE/January/2026-01-25_steps_5s.parquet,2831,413,-7.560628306125634e-05,999999.9999999998,0.12333016905346675,0.12323500000000001,9.317340293053912,5.886243648363169e-13,0.9999999999999998,1.0,0.0,0.7560628306125622,DOGE_S2B1_lr0.0003_clip0.2_ent0.01_ep4_bs16_cl32_gamma0.99_lam0.9_seed1_H4320_Q3e+06_pov0.1_fee0,checkpoints/DOGE/DOGE_S2B1_lr0.0003_clip0.2_ent0.01_ep4_bs16_cl32_gamma0.99_lam0.9_seed1_H4320_Q3e+06_pov0.1_fee0/best.weights.h5,67
DOGE,doge_q1e+06,1000000.0,4320,3500.0,0.1,buy,DOGE_PPO_3,2026-01-25_steps_5s.parquet,/Users/jackfletcher/Desktop/FYP_Data/Replay_5s_DOGE/January/2026-01-25_steps_5s.parquet,7916,476,-6.715038562274866e-05,1000000.0000000006,0.12341449915526358,0.12348500000000001,8.292065368625133,6.059632279795767e-13,1.0000000000000007,1.0,0.0,0.6715038562274878,DOGE_S2B1_lr0.0003_clip0.2_ent0.01_ep4_bs16_cl32_gamma0.99_lam0.9_seed1_H4320_Q3e+06_pov0.1_fee0,checkpoints/DOGE/DOGE_S2B1_lr0.0003_clip0.2_ent0.01_ep4_bs16_cl32_gamma0.99_lam0.9_seed1_H4320_Q3e+06_pov0.1_fee0/best.weights.h5,68
DOGE,doge_q1e+06,1000000.0,4320,3500.0,0.1,buy,DOGE_PPO_3,2026-01-09_steps_5s.parquet,/Users/jackfletcher/Desktop/FYP_Data/Replay_5s_DOGE/January/2026-01-09_steps_5s.parquet,12287,712,-0.0001117918844844407,999999.9999999993,0.14218666943049987,0.143355,16.02592560026703,8.367073992173745e-13,0.9999999999999993,1.0,0.0,1.1179188448444093,DOGE_S2B1_lr0.0003_clip0.2_ent0.01_ep4_bs16_cl32_gamma0.99_lam0.9_seed1_H4320_Q3e+06_pov0.1_fee0,checkpoints/DOGE/DOGE_S2B1_lr0.0003_clip0.2_ent0.01_ep4_bs16_cl32_gamma0.99_lam0.9_seed1_H4320_Q3e+06_pov0.1_fee0/best.weights.h5,69
DOGE,doge_q1e+06,1000000.0,4320,3500.0,0.1,buy,DOGE_PPO_3,2026-01-16_steps_5s.parquet,/Users/jackfletcher/Desktop/FYP_Data/Replay_5s_DOGE/January/2026-01-16_steps_5s.parquet,3063,542,-7.934878536962995e-05,999999.999999999,0.13931333005674967,0.13947500000000002,11.067171839429141,9.94345733976295e-13,0.999999999999999,1.0,0.0,0.7934878536962996,DOGE_S2B1_lr0.0003_clip0.2_ent0.01_ep4_bs16_cl32_gamma0.99_lam0.9_seed1_H4320_Q3e+06_pov0.1_fee0,checkpoints/DOGE/DOGE_S2B1_lr0.0003_clip0.2_ent0.01_ep4_bs16_cl32_gamma0.99_lam0.9_seed1_H4320_Q3e+06_pov0.1_fee0/best.weights.h5,70
DOGE,doge_q1e+06,1000000.0,4320,3500.0,0.1,buy,DOGE_PPO_3,2026-01-13_steps_5s.parquet,/Users/jackfletcher/Desktop/FYP_Data/Replay_5s_DOGE/January/2026-01-13_steps_5s.parquet,5509,611,-6.106794290564107e-05,1000000.0,0.13882808660681278,0.138515,8.458826111574899,6.446504682492424e-13,1.0,1.0,0.0,0.6106794290564126,DOGE_S2B1_lr0.0003_clip0.2_ent0.01_ep4_bs16_cl32_gamma0.99_lam0.9_seed1_H4320_Q3e+06_pov0.1_fee0,checkpoints/DOGE/DOGE_S2B1_lr0.0003_clip0.2_ent0.01_ep4_bs16_cl32_gamma0.99_lam0.9_seed1_H4320_Q3e+06_pov0.1_fee0/best.weights.h5,71
DOGE,doge_q1e+06,1000000.0,4320,3500.0,0.1,buy,DOGE_PPO_3,2026-01-16_steps_5s.parquet,/Users/jackfletcher/Desktop/FYP_Data/Replay_5s_DOGE/January/2026-01-16_steps_5s.parquet,11203,564,-8.658692272130293e-05,1000000.0000000008,0.13590515512176302,0.135525,11.734692701804606,9.601100992705027e-13,1.0000000000000009,1.0,0.0,0.8658692272130313,DOGE_S2B1_lr0.0003_clip0.2_ent0.01_ep4_bs16_cl32_gamma0.99_lam0.9_seed1_H4320_Q3e+06_pov0.1_fee0,checkpoints/DOGE/DOGE_S2B1_lr0.0003_clip0.2_ent0.01_ep4_bs16_cl32_gamma0.99_lam0.9_seed1_H4320_Q3e+06_pov0.1_fee0/best.weights.h5,72
DOGE,doge_q1e+06,1000000.0,4320,3500.0,0.1,buy,DOGE_PPO_3,2026-01-31_steps_5s.parquet,/Users/jackfletcher/Desktop/FYP_Data/Replay_5s_DOGE/January/2026-01-31_steps_5s.parquet,1325,509,-9.382069193363464e-05,999999.9999999991,0.11532984222509544,0.11557,10.842857366770142,9.022185622740421e-13,0.9999999999999991,1.0,0.0,0.9382069193363453,DOGE_S2B1_lr0.0003_clip0.2_ent0.01_ep4_bs16_cl32_gamma0.99_lam0.9_seed1_H4320_Q3e+06_pov0.1_fee0,checkpoints/DOGE/DOGE_S2B1_lr0.0003_clip0.2_ent0.01_ep4_bs16_cl32_gamma0.99_lam0.9_seed1_H4320_Q3e+06_pov0.1_fee0/best.weights.h5,73
DOGE,doge_q1e+06,1000000.0,4320,3500.0,0.1,buy,DOGE_PPO_3,2026-01-30_steps_5s.parquet,/Users/jackfletcher/Desktop/FYP_Data/Replay_5s_DOGE/January/2026-01-30_steps_5s.parquet,11746,665,-0.00011065316146233643,999999.9999999998,0.11629253915517096,0.116235,12.861770222574705,6.579909179385045e-13,0.9999999999999998,1.0,0.0,1.1065316146233668,DOGE_S2B1_lr0.0003_clip0.2_ent0.01_ep4_bs16_cl32_gamma0.99_lam0.9_seed1_H4320_Q3e+06_pov0.1_fee0,checkpoints/DOGE/DOGE_S2B1_lr0.0003_clip0.2_ent0.01_ep4_bs16_cl32_gamma0.99_lam0.9_seed1_H4320_Q3e+06_pov0.1_fee0/best.weights.h5,74
DOGE,doge_q1e+06,1000000.0,4320,3500.0,0.1,buy,DOGE_PPO_3,2026-01-10_steps_5s.parquet,/Users/jackfletcher/Desktop/FYP_Data/Replay_5s_DOGE/January/2026-01-10_steps_5s.parquet,8717,448,-5.6085448317705993e-05,999999.9999999999,0.14010758012613472,0.140135,7.859534300001742,8.002159904742536e-13,0.9999999999999999,1.0,0.0,0.5608544831770608,DOGE_S2B1_lr0.0003_clip0.2_ent0.01_ep4_bs16_cl32_gamma0.99_lam0.9_seed1_H4320_Q3e+06_pov0.1_fee0,checkpoints/DOGE/DOGE_S2B1_lr0.0003_clip0.2_ent0.01_ep4_bs16_cl32_gamma0.99_lam0.9_seed1_H4320_Q3e+06_pov0.1_fee0/best.weights.h5,75
DOGE,doge_q1e+06,1000000.0,4320,3500.0,0.1,buy,DOGE_PPO_3,2026-01-27_steps_5s.parquet,/Users/jackfletcher/Desktop/FYP_Data/Replay_5s_DOGE/January/2026-01-27_steps_5s.parquet,5591,540,-6.887366825641081e-05,1000000.0000000013,0.12229716135706235,0.122365,8.427726416195734,9.245764247160206e-13,1.0000000000000013,1.0,0.0,0.6887366825641101,DOGE_S2B1_lr0.0003_clip0.2_ent0.01_ep4_bs16_cl32_gamma0.99_lam0.9_seed1_H4320_Q3e+06_pov0.1_fee0,checkpoints/DOGE/DOGE_S2B1_lr0.0003_clip0.2_ent0.01_ep4_bs16_cl32_gamma0.99_lam0.9_seed1_H4320_Q3e+06_pov0.1_fee0/best.weights.h5,76
DOGE,doge_q1e+06,1000000.0,4320,3500.0,0.1,buy,DOGE_PPO_3,2026-01-24_steps_5s.parquet,/Users/jackfletcher/Desktop/FYP_Data/Replay_5s_DOGE/January/2026-01-24_steps_5s.parquet,12313,427,-0.00012938575159115868,1000000.0000000001,0.12404033750246742,0.123835,16.022484548291143,6.125048609768231e-13,1.0000000000000002,1.0,0.0,1.2938575159115873,DOGE_S2B1_lr0.0003_clip0.2_ent0.01_ep4_bs16_cl32_gamma0.99_lam0.9_seed1_H4320_Q3e+06_pov0.1_fee0,checkpoints/DOGE/DOGE_S2B1_lr0.0003_clip0.2_ent0.01_ep4_bs16_cl32_gamma0.99_lam0.9_seed1_H4320_Q3e+06_pov0.1_fee0/best.weights.h5,77
DOGE,doge_q1e+06,1000000.0,4320,3500.0,0.1,buy,DOGE_PPO_3,2026-01-18_steps_5s.parquet,/Users/jackfletcher/Desktop/FYP_Data/Replay_5s_DOGE/January/2026-01-18_steps_5s.parquet,8026,495,-8.769627874005305e-05,999999.9999999995,0.13724252390701097,0.13713999999999998,12.02666766641086,6.772072524755689e-13,0.9999999999999996,1.0,0.0,0.8769627874005296,DOGE_S2B1_lr0.0003_clip0.2_ent0.01_ep4_bs16_cl32_gamma0.99_lam0.9_seed1_H4320_Q3e+06_pov0.1_fee0,checkpoints/DOGE/DOGE_S2B1_lr0.0003_clip0.2_ent0.01_ep4_bs16_cl32_gamma0.99_lam0.9_seed1_H4320_Q3e+06_pov0.1_fee0/best.weights.h5,78
DOGE,doge_q1e+06,1000000.0,4320,3500.0,0.1,buy,DOGE_PPO_3,2026-01-08_steps_5s.parquet,/Users/jackfletcher/Desktop/FYP_Data/Replay_5s_DOGE/January/2026-01-08_steps_5s.parquet,11235,904,-9.227981923486991e-05,999999.9999999997,0.1413865083920271,0.140945,13.006379122058753,6.623463277831473e-13,0.9999999999999997,1.0,0.0,0.9227981923487001,DOGE_S2B1_lr0.0003_clip0.2_ent0.01_ep4_bs16_cl32_gamma0.99_lam0.9_seed1_H4320_Q3e+06_pov0.1_fee0,checkpoints/DOGE/DOGE_S2B1_lr0.0003_clip0.2_ent0.01_ep4_bs16_cl32_gamma0.99_lam0.9_seed1_H4320_Q3e+06_pov0.1_fee0/best.weights.h5,79
DOGE,doge_q1e+06,1000000.0,4320,3500.0,0.1,buy,DOGE_PPO_3,2026-01-24_steps_5s.parquet,/Users/jackfletcher/Desktop/FYP_Data/Replay_5s_DOGE/January/2026-01-24_steps_5s.parquet,11398,488,-9.135859422843786e-05,1000000.0000000002,0.12349611886114749,0.12373500000000001,11.30425565685576,7.181994758994298e-13,1.0000000000000002,1.0,0.0,0.9135859422843786,DOGE_S2B1_lr0.0003_clip0.2_ent0.01_ep4_bs16_cl32_gamma0.99_lam0.9_seed1_H4320_Q3e+06_pov0.1_fee0,checkpoints/DOGE/DOGE_S2B1_lr0.0003_clip0.2_ent0.01_ep4_bs16_cl32_gamma0.99_lam0.9_seed1_H4320_Q3e+06_pov0.1_fee0/best.weights.h5,80
DOGE,doge_q1e+06,1000000.0,4320,3500.0,0.1,buy,DOGE_PPO_3,2026-01-20_steps_5s.parquet,/Users/jackfletcher/Desktop/FYP_Data/Replay_5s_DOGE/January/2026-01-20_steps_5s.parquet,2184,498,-8.421979989156752e-05,999999.9999999997,0.1282090398793561,0.128445,10.817612197072457,6.801648474472981e-13,0.9999999999999997,1.0,0.0,0.8421979989156804,DOGE_S2B1_lr0.0003_clip0.2_ent0.01_ep4_bs16_cl32_gamma0.99_lam0.9_seed1_H4320_Q3e+06_pov0.1_fee0,checkpoints/DOGE/DOGE_S2B1_lr0.0003_clip0.2_ent0.01_ep4_bs16_cl32_gamma0.99_lam0.9_seed1_H4320_Q3e+06_pov0.1_fee0/best.weights.h5,81
DOGE,doge_q1e+06,1000000.0,4320,3500.0,0.1,buy,DOGE_PPO_3,2026-01-20_steps_5s.parquet,/Users/jackfletcher/Desktop/FYP_Data/Replay_5s_DOGE/January/2026-01-20_steps_5s.parquet,5626,773,-9.476058688576267e-05,999999.9999999997,0.12629273140571284,0.127055,12.039806366770591,7.297884395930507e-13,0.9999999999999997,1.0,0.0,0.9476058688576279,DOGE_S2B1_lr0.0003_clip0.2_ent0.01_ep4_bs16_cl32_gamma0.99_lam0.9_seed1_H4320_Q3e+06_pov0.1_fee0,checkpoints/DOGE/DOGE_S2B1_lr0.0003_clip0.2_ent0.01_ep4_bs16_cl32_gamma0.99_lam0.9_seed1_H4320_Q3e+06_pov0.1_fee0/best.weights.h5,82
DOGE,doge_q1e+06,1000000.0,4320,3500.0,0.1,buy,DOGE_PPO_3,2026-01-24_steps_5s.parquet,/Users/jackfletcher/Desktop/FYP_Data/Replay_5s_DOGE/January/2026-01-24_steps_5s.parquet,2742,393,-0.00012934263587058439,999999.9999999997,0.12456467221037017,0.124525,16.106391731784502,6.872006362356556e-13,0.9999999999999997,1.0,0.0,1.2934263587058423,DOGE_S2B1_lr0.0003_clip0.2_ent0.01_ep4_bs16_cl32_gamma0.99_lam0.9_seed1_H4320_Q3e+06_pov0.1_fee0,checkpoints/DOGE/DOGE_S2B1_lr0.0003_clip0.2_ent0.01_ep4_bs16_cl32_gamma0.99_lam0.9_seed1_H4320_Q3e+06_pov0.1_fee0/best.weights.h5,83
DOGE,doge_q1e+06,1000000.0,4320,3500.0,0.1,buy,DOGE_PPO_3,2026-01-10_steps_5s.parquet,/Users/jackfletcher/Desktop/FYP_Data/Replay_5s_DOGE/January/2026-01-10_steps_5s.parquet,7687,477,-6.967103024562369e-05,1000000.0000000002,0.14031118668335987,0.140355,9.778677450124544,7.421097657594279e-13,1.0000000000000002,1.0,0.0,0.6967103024562391,DOGE_S2B1_lr0.0003_clip0.2_ent0.01_ep4_bs16_cl32_gamma0.99_lam0.9_seed1_H4320_Q3e+06_pov0.1_fee0,checkpoints/DOGE/DOGE_S2B1_lr0.0003_clip0.2_ent0.01_ep4_bs16_cl32_gamma0.99_lam0.9_seed1_H4320_Q3e+06_pov0.1_fee0/best.weights.h5,84
DOGE,doge_q1e+06,1000000.0,4320,3500.0,0.1,buy,DOGE_PPO_3,2026-01-14_steps_5s.parquet,/Users/jackfletcher/Desktop/FYP_Data/Replay_5s_DOGE/January/2026-01-14_steps_5s.parquet,3571,630,-8.547901379708225e-05,1000000.0000000005,0.14805533223627002,0.14854499999999998,12.697480104487589,6.058974517329292e-13,1.0000000000000004,1.0,0.0,0.854790137970823,DOGE_S2B1_lr0.0003_clip0.2_ent0.01_ep4_bs16_cl32_gamma0.99_lam0.9_seed1_H4320_Q3e+06_pov0.1_fee0,checkpoints/DOGE/DOGE_S2B1_lr0.0003_clip0.2_ent0.01_ep4_bs16_cl32_gamma0.99_lam0.9_seed1_H4320_Q3e+06_pov0.1_fee0/best.weights.h5,85
DOGE,doge_q1e+06,1000000.0,4320,3500.0,0.1,buy,DOGE_PPO_3,2026-01-23_steps_5s.parquet,/Users/jackfletcher/Desktop/FYP_Data/Replay_5s_DOGE/January/2026-01-23_steps_5s.parquet,7741,472,-8.314969310829283e-05,1000000.0000000002,0.12515989910642783,0.12502000000000002,10.395374632398765,9.41282810774791e-13,1.0000000000000002,1.0,0.0,0.8314969310829279,DOGE_S2B1_lr0.0003_clip0.2_ent0.01_ep4_bs16_cl32_gamma0.99_lam0.9_seed1_H4320_Q3e+06_pov0.1_fee0,checkpoints/DOGE/DOGE_S2B1_lr0.0003_clip0.2_ent0.01_ep4_bs16_cl32_gamma0.99_lam0.9_seed1_H4320_Q3e+06_pov0.1_fee0/best.weights.h5,86
DOGE,doge_q1e+06,1000000.0,4320,3500.0,0.1,buy,DOGE_PPO_3,2026-01-11_steps_5s.parquet,/Users/jackfletcher/Desktop/FYP_Data/Replay_5s_DOGE/January/2026-01-11_steps_5s.parquet,11413,570,-7.96249076792853e-05,999999.9999999995,0.1384180034473549,0.13772,10.965942285591188,9.334907060222908e-13,0.9999999999999996,1.0,0.0,0.7962490767928542,DOGE_S2B1_lr0.0003_clip0.2_ent0.01_ep4_bs16_cl32_gamma0.99_lam0.9_seed1_H4320_Q3e+06_pov0.1_fee0,checkpoints/DOGE/DOGE_S2B1_lr0.0003_clip0.2_ent0.01_ep4_bs16_cl32_gamma0.99_lam0.9_seed1_H4320_Q3e+06_pov0.1_fee0/best.weights.h5,87
DOGE,doge_q1e+06,1000000.0,4320,3500.0,0.1,buy,DOGE_PPO_3,2026-01-12_steps_5s.parquet,/Users/jackfletcher/Desktop/FYP_Data/Replay_5s_DOGE/January/2026-01-12_steps_5s.parquet,292,715,-0.00011172717022099445,1000000.0000000006,0.13816049380643877,0.138325,15.454660820819042,8.475146300646367e-13,1.0000000000000007,1.0,0.0,1.1172717022099434,DOGE_S2B1_lr0.0003_clip0.2_ent0.01_ep4_bs16_cl32_gamma0.99_lam0.9_seed1_H4320_Q3e+06_pov0.1_fee0,checkpoints/DOGE/DOGE_S2B1_lr0.0003_clip0.2_ent0.01_ep4_bs16_cl32_gamma0.99_lam0.9_seed1_H4320_Q3e+06_pov0.1_fee0/best.weights.h5,88
DOGE,doge_q1e+06,1000000.0,4320,3500.0,0.1,buy,DOGE_PPO_3,2026-01-11_steps_5s.parquet,/Users/jackfletcher/Desktop/FYP_Data/Replay_5s_DOGE/January/2026-01-11_steps_5s.parquet,2194,545,-6.597809701618157e-05,1000000.0000000007,0.13904689254450545,0.139035,9.17326471864483,7.822151445805682e-13,1.0000000000000007,1.0,0.0,0.6597809701618176,DOGE_S2B1_lr0.0003_clip0.2_ent0.01_ep4_bs16_cl32_gamma0.99_lam0.9_seed1_H4320_Q3e+06_pov0.1_fee0,checkpoints/DOGE/DOGE_S2B1_lr0.0003_clip0.2_ent0.01_ep4_bs16_cl32_gamma0.99_lam0.9_seed1_H4320_Q3e+06_pov0.1_fee0/best.weights.h5,89
DOGE,doge_q1e+06,1000000.0,4320,3500.0,0.1,buy,DOGE_PPO_3,2026-01-10_steps_5s.parquet,/Users/jackfletcher/Desktop/FYP_Data/Replay_5s_DOGE/January/2026-01-10_steps_5s.parquet,3710,451,-8.023663803855342e-05,999999.9999999997,0.14023706790082024,0.140305,11.257601499999225,8.135581505485801e-13,0.9999999999999997,1.0,0.0,0.8023663803855333,DOGE_S2B1_lr0.0003_clip0.2_ent0.01_ep4_bs16_cl32_gamma0.99_lam0.9_seed1_H4320_Q3e+06_pov0.1_fee0,checkpoints/DOGE/DOGE_S2B1_lr0.0003_clip0.2_ent0.01_ep4_bs16_cl32_gamma0.99_lam0.9_seed1_H4320_Q3e+06_pov0.1_fee0/best.weights.h5,90
DOGE,doge_q1e+06,1000000.0,4320,3500.0,0.1,buy,DOGE_PPO_3,2026-01-08_steps_5s.parquet,/Users/jackfletcher/Desktop/FYP_Data/Replay_5s_DOGE/January/2026-01-08_steps_5s.parquet,1642,756,-7.490974298919276e-05,999999.9999999986,0.1462452230209431,0.14749,11.048437993476083,7.944206176612649e-13,0.9999999999999986,1.0,0.0,0.7490974298919305,DOGE_S2B1_lr0.0003_clip0.2_ent0.01_ep4_bs16_cl32_gamma0.99_lam0.9_seed1_H4320_Q3e+06_pov0.1_fee0,checkpoints/DOGE/DOGE_S2B1_lr0.0003_clip0.2_ent0.01_ep4_bs16_cl32_gamma0.99_lam0.9_seed1_H4320_Q3e+06_pov0.1_fee0/best.weights.h5,91
DOGE,doge_q1e+06,1000000.0,4320,3500.0,0.1,buy,DOGE_PPO_3,2026-01-29_steps_5s.parquet,/Users/jackfletcher/Desktop/FYP_Data/Replay_5s_DOGE/January/2026-01-29_steps_5s.parquet,237,491,-8.904344420267037e-05,1000000.000000001,0.12445643042874799,0.12454499999999999,11.089915758221597,7.582077876836302e-13,1.000000000000001,1.0,0.0,0.8904344420267051,DOGE_S2B1_lr0.0003_clip0.2_ent0.01_ep4_bs16_cl32_gamma0.99_lam0.9_seed1_H4320_Q3e+06_pov0.1_fee0,checkpoints/DOGE/DOGE_S2B1_lr0.0003_clip0.2_ent0.01_ep4_bs16_cl32_gamma0.99_lam0.9_seed1_H4320_Q3e+06_pov0.1_fee0/best.weights.h5,92
DOGE,doge_q1e+06,1000000.0,4320,3500.0,0.1,buy,DOGE_PPO_3,2026-01-28_steps_5s.parquet,/Users/jackfletcher/Desktop/FYP_Data/Replay_5s_DOGE/January/2026-01-28_steps_5s.parquet,9050,516,-9.170539615162246e-05,1000000.0,0.12639365789399498,0.12625,11.577806264142351,7.324631694191102e-13,1.0,1.0,0.0,0.9170539615162259,DOGE_S2B1_lr0.0003_clip0.2_ent0.01_ep4_bs16_cl32_gamma0.99_lam0.9_seed1_H4320_Q3e+06_pov0.1_fee0,checkpoints/DOGE/DOGE_S2B1_lr0.0003_clip0.2_ent0.01_ep4_bs16_cl32_gamma0.99_lam0.9_seed1_H4320_Q3e+06_pov0.1_fee0/best.weights.h5,93
DOGE,doge_q1e+06,1000000.0,4320,3500.0,0.1,buy,DOGE_PPO_3,2026-01-13_steps_5s.parquet,/Users/jackfletcher/Desktop/FYP_Data/Replay_5s_DOGE/January/2026-01-13_steps_5s.parquet,3904,604,-0.00012410734718940609,999999.9999999995,0.13897735607995385,0.139225,17.278845412445065,5.49010617883378e-13,0.9999999999999996,1.0,0.0,1.241073471894061,DOGE_S2B1_lr0.0003_clip0.2_ent0.01_ep4_bs16_cl32_gamma0.99_lam0.9_seed1_H4320_Q3e+06_pov0.1_fee0,checkpoints/DOGE/DOGE_S2B1_lr0.0003_clip0.2_ent0.01_ep4_bs16_cl32_gamma0.99_lam0.9_seed1_H4320_Q3e+06_pov0.1_fee0/best.weights.h5,94
DOGE,doge_q1e+06,1000000.0,4320,3500.0,0.1,buy,DOGE_PPO_3,2026-01-19_steps_5s.parquet,/Users/jackfletcher/Desktop/FYP_Data/Replay_5s_DOGE/January/2026-01-19_steps_5s.parquet,8209,492,-5.8970665139789525e-05,999999.9999999998,0.1279245699186289,0.12789,7.541758364727713,9.307133764174627e-13,0.9999999999999998,1.0,0.0,0.5897066513978977,DOGE_S2B1_lr0.0003_clip0.2_ent0.01_ep4_bs16_cl32_gamma0.99_lam0.9_seed1_H4320_Q3e+06_pov0.1_fee0,checkpoints/DOGE/DOGE_S2B1_lr0.0003_clip0.2_ent0.01_ep4_bs16_cl32_gamma0.99_lam0.9_seed1_H4320_Q3e+06_pov0.1_fee0/best.weights.h5,95
DOGE,doge_q1e+06,1000000.0,4320,3500.0,0.1,buy,DOGE_PPO_3,2026-01-14_steps_5s.parquet,/Users/jackfletcher/Desktop/FYP_Data/Replay_5s_DOGE/January/2026-01-14_steps_5s.parquet,9841,726,-9.731993286268573e-05,1000000.0000000001,0.14632953683958586,0.146295,14.237419578146605,6.056193380788861e-13,1.0000000000000002,1.0,0.0,0.9731993286268571,DOGE_S2B1_lr0.0003_clip0.2_ent0.01_ep4_bs16_cl32_gamma0.99_lam0.9_seed1_H4320_Q3e+06_pov0.1_fee0,checkpoints/DOGE/DOGE_S2B1_lr0.0003_clip0.2_ent0.01_ep4_bs16_cl32_gamma0.99_lam0.9_seed1_H4320_Q3e+06_pov0.1_fee0/best.weights.h5,96
DOGE,doge_q1e+06,1000000.0,4320,3500.0,0.1,buy,DOGE_PPO_3,2026-01-29_steps_5s.parquet,/Users/jackfletcher/Desktop/FYP_Data/Replay_5s_DOGE/January/2026-01-29_steps_5s.parquet,6579,484,-5.4341365259155184e-05,1000000.0,0.12176232529572754,0.12184500000000001,6.621223650001794,8.028776785461496e-13,1.0,1.0,0.0,0.5434136525915543,DOGE_S2B1_lr0.0003_clip0.2_ent0.01_ep4_bs16_cl32_gamma0.99_lam0.9_seed1_H4320_Q3e+06_pov0.1_fee0,checkpoints/DOGE/DOGE_S2B1_lr0.0003_clip0.2_ent0.01_ep4_bs16_cl32_gamma0.99_lam0.9_seed1_H4320_Q3e+06_pov0.1_fee0/best.weights.h5,97
DOGE,doge_q1e+06,1000000.0,4320,3500.0,0.1,buy,DOGE_PPO_3,2026-01-09_steps_5s.parquet,/Users/jackfletcher/Desktop/FYP_Data/Replay_5s_DOGE/January/2026-01-09_steps_5s.parquet,11428,763,-0.00010514780329245086,999999.9999999997,0.14306959352605542,0.14171,14.900495204573241,6.620091935760258e-13,0.9999999999999997,1.0,0.0,1.0514780329245106,DOGE_S2B1_lr0.0003_clip0.2_ent0.01_ep4_bs16_cl32_gamma0.99_lam0.9_seed1_H4320_Q3e+06_pov0.1_fee0,checkpoints/DOGE/DOGE_S2B1_lr0.0003_clip0.2_ent0.01_ep4_bs16_cl32_gamma0.99_lam0.9_seed1_H4320_Q3e+06_pov0.1_fee0/best.weights.h5,98
DOGE,doge_q1e+06,1000000.0,4320,3500.0,0.1,buy,DOGE_PPO_3,2026-01-16_steps_5s.parquet,/Users/jackfletcher/Desktop/FYP_Data/Replay_5s_DOGE/January/2026-01-16_steps_5s.parquet,7709,485,-5.9521398936643494e-05,1000000.0000000002,0.13897233470870676,0.139015,8.274367273177504,7.142137411969126e-13,1.0000000000000002,1.0,0.0,0.5952139893664355,DOGE_S2B1_lr0.0003_clip0.2_ent0.01_ep4_bs16_cl32_gamma0.99_lam0.9_seed1_H4320_Q3e+06_pov0.1_fee0,checkpoints/DOGE/DOGE_S2B1_lr0.0003_clip0.2_ent0.01_ep4_bs16_cl32_gamma0.99_lam0.9_seed1_H4320_Q3e+06_pov0.1_fee0/best.weights.h5,99
