asset,scenario_name,target_qty,horizon_steps,max_child_qty,pov_cap,side,policy_name,day_name,day_path,start_idx,steps_used,episode_return,filled_total,exec_vwap,arrival_mid,cost_cash_vs_mid,remaining_qty,completion,completion_100pct,terminated_at_horizon,is_bps,run_name,ckpt,episode_id
DOGE,doge_q6e+06,6000000.0,4320,3500.0,0.1,buy,TWAP,2026-01-11_steps_5s.parquet,/Users/jackfletcher/Desktop/FYP_Data/Replay_5s_DOGE/January/2026-01-11_steps_5s.parquet,2088,4320,-6.814462655911274e-05,6000000.00000001,0.13950013935210237,0.139015,56.838751566690405,0.0,1.0000000000000018,1.0,1.0,0.6814462655911281,TWAP,,0
DOGE,doge_q6e+06,6000000.0,4320,3500.0,0.1,buy,TWAP,2026-01-30_steps_5s.parquet,/Users/jackfletcher/Desktop/FYP_Data/Replay_5s_DOGE/January/2026-01-30_steps_5s.parquet,5511,4320,-0.00013018997145558076,6000000.000000006,0.11436714457690152,0.113905,88.97573219188783,0.0,1.0000000000000009,1.0,1.0,1.3018997145558115,TWAP,,1
DOGE,doge_q6e+06,6000000.0,4320,3500.0,0.1,buy,TWAP,2026-01-31_steps_5s.parquet,/Users/jackfletcher/Desktop/FYP_Data/Replay_5s_DOGE/January/2026-01-31_steps_5s.parquet,11812,4320,-0.0001476799771069426,6000000.0000000065,0.10218955665415619,0.107925,95.63016917560081,0.0,1.000000000000001,1.0,1.0,1.476799771069428,TWAP,,2
DOGE,doge_q6e+06,6000000.0,4320,3500.0,0.1,buy,TWAP,2026-01-15_steps_5s.parquet,/Users/jackfletcher/Desktop/FYP_Data/Replay_5s_DOGE/January/2026-01-15_steps_5s.parquet,3234,4320,-9.93421298205257e-05,6000000.000000008,0.1438536023076887,0.14331,85.42032374747728,0.0,1.0000000000000013,1.0,1.0,0.9934212982052577,TWAP,,3
DOGE,doge_q6e+06,6000000.0,4320,3500.0,0.1,buy,TWAP,2026-01-17_steps_5s.parquet,/Users/jackfletcher/Desktop/FYP_Data/Replay_5s_DOGE/January/2026-01-17_steps_5s.parquet,10735,4320,-8.280963402957438e-05,5999999.999999985,0.13875703256169228,0.138485,68.80735301151375,0.0,0.9999999999999976,1.0,1.0,0.8280963402957451,TWAP,,4
DOGE,doge_q6e+06,6000000.0,4320,3500.0,0.1,buy,TWAP,2026-01-31_steps_5s.parquet,/Users/jackfletcher/Desktop/FYP_Data/Replay_5s_DOGE/January/2026-01-31_steps_5s.parquet,11851,4320,-0.00014654301140544588,6000000.000000024,0.10215368116364641,0.10704,94.11578364503318,0.0,1.000000000000004,1.0,1.0,1.4654301140544528,TWAP,,5
DOGE,doge_q6e+06,6000000.0,4320,3500.0,0.1,buy,TWAP,2026-01-31_steps_5s.parquet,/Users/jackfletcher/Desktop/FYP_Data/Replay_5s_DOGE/January/2026-01-31_steps_5s.parquet,5721,4320,-0.00012401327312039793,5618588.200654669,0.1116297277618719,0.11273,83.8800976731748,381411.7993453066,0.9364313667757781,0.0,1.0,1.24013273120398,TWAP,,6
DOGE,doge_q6e+06,6000000.0,4320,3500.0,0.1,buy,TWAP,2026-01-18_steps_5s.parquet,/Users/jackfletcher/Desktop/FYP_Data/Replay_5s_DOGE/January/2026-01-18_steps_5s.parquet,6426,4320,-9.384509417562119e-05,6000000.000000034,0.1372528257683448,0.137485,77.41375663641142,0.0,1.0000000000000058,1.0,1.0,0.9384509417562088,TWAP,,7
DOGE,doge_q6e+06,6000000.0,4320,3500.0,0.1,buy,TWAP,2026-01-10_steps_5s.parquet,/Users/jackfletcher/Desktop/FYP_Data/Replay_5s_DOGE/January/2026-01-10_steps_5s.parquet,4690,4320,-5.423665884058042e-05,6000000.000000015,0.14009085058675647,0.13977499999999998,45.485573936652784,0.0,1.0000000000000024,1.0,1.0,0.5423665884058044,TWAP,,8
DOGE,doge_q6e+06,6000000.0,4320,3500.0,0.1,buy,TWAP,2026-01-24_steps_5s.parquet,/Users/jackfletcher/Desktop/FYP_Data/Replay_5s_DOGE/January/2026-01-24_steps_5s.parquet,3650,4320,-6.707634289429765e-05,5999999.999999996,0.1244748525319998,0.124515,50.1120650129009,0.0,0.9999999999999993,1.0,1.0,0.6707634289429774,TWAP,,9
DOGE,doge_q6e+06,6000000.0,4320,3500.0,0.1,buy,TWAP,2026-01-12_steps_5s.parquet,/Users/jackfletcher/Desktop/FYP_Data/Replay_5s_DOGE/January/2026-01-12_steps_5s.parquet,10556,4320,-0.00011386062214988562,5604943.576253265,0.13822600932794807,0.13726,93.7710539777598,395056.42374674603,0.9341572627088776,0.0,1.0,1.1386062214988564,TWAP,,10
DOGE,doge_q6e+06,6000000.0,4320,3500.0,0.1,buy,TWAP,2026-01-13_steps_5s.parquet,/Users/jackfletcher/Desktop/FYP_Data/Replay_5s_DOGE/January/2026-01-13_steps_5s.parquet,46,4320,-9.385330846007774e-05,5602231.727989633,0.13756635817985963,0.136665,76.95877440417914,397768.2720103536,0.9337052879982721,0.0,1.0,0.9385330846007773,TWAP,,11
DOGE,doge_q6e+06,6000000.0,4320,3500.0,0.1,buy,TWAP,2026-01-17_steps_5s.parquet,/Users/jackfletcher/Desktop/FYP_Data/Replay_5s_DOGE/January/2026-01-17_steps_5s.parquet,10958,4320,-8.21468283262978e-05,5999999.999999984,0.13875475776419438,0.138485,68.25662112460385,0.0,0.9999999999999973,1.0,1.0,0.8214682832629749,TWAP,,12
DOGE,doge_q6e+06,6000000.0,4320,3500.0,0.1,buy,TWAP,2026-01-31_steps_5s.parquet,/Users/jackfletcher/Desktop/FYP_Data/Replay_5s_DOGE/January/2026-01-31_steps_5s.parquet,5687,4320,-0.00013169459504280294,5676306.746795277,0.11164166892632922,0.11277000000000001,89.10719689786154,323693.2532046974,0.9460511244658795,0.0,1.0,1.3169459504280325,TWAP,,13
DOGE,doge_q6e+06,6000000.0,4320,3500.0,0.1,buy,TWAP,2026-01-23_steps_5s.parquet,/Users/jackfletcher/Desktop/FYP_Data/Replay_5s_DOGE/January/2026-01-23_steps_5s.parquet,8029,4320,-0.00013620086471830166,5963804.358018855,0.12475707678910918,0.125255,102.35903586174543,36195.64198113966,0.9939673930031424,0.0,1.0,1.362008647183019,TWAP,,14
DOGE,doge_q6e+06,6000000.0,4320,3500.0,0.1,buy,TWAP,2026-01-19_steps_5s.parquet,/Users/jackfletcher/Desktop/FYP_Data/Replay_5s_DOGE/January/2026-01-19_steps_5s.parquet,7264,4320,-9.810816212290896e-05,5965108.724373097,0.1280291746026056,0.127645,75.13809812507225,34891.2756268956,0.9941847873955161,0.0,1.0,0.981081621229089,TWAP,,15
DOGE,doge_q6e+06,6000000.0,4320,3500.0,0.1,buy,TWAP,2026-01-26_steps_5s.parquet,/Users/jackfletcher/Desktop/FYP_Data/Replay_5s_DOGE/January/2026-01-26_steps_5s.parquet,8199,4320,-0.00010487535378840617,5551106.340731396,0.12203839951277384,0.121365,76.36918387517984,448893.65926860285,0.9251843901218993,0.0,1.0,1.0487535378840664,TWAP,,16
DOGE,doge_q6e+06,6000000.0,4320,3500.0,0.1,buy,TWAP,2026-01-27_steps_5s.parquet,/Users/jackfletcher/Desktop/FYP_Data/Replay_5s_DOGE/January/2026-01-27_steps_5s.parquet,2567,4320,-7.429818621561149e-05,5999999.999999976,0.12243408126739788,0.12279999999999999,54.742903603662405,0.0,0.999999999999996,1.0,1.0,0.7429818621561131,TWAP,,17
DOGE,doge_q6e+06,6000000.0,4320,3500.0,0.1,buy,TWAP,2026-01-11_steps_5s.parquet,/Users/jackfletcher/Desktop/FYP_Data/Replay_5s_DOGE/January/2026-01-11_steps_5s.parquet,2597,4320,-6.417736325694543e-05,6000000.000000027,0.13964340319650836,0.139135,53.57590462053069,0.0,1.0000000000000044,1.0,1.0,0.6417736325694552,TWAP,,18
DOGE,doge_q6e+06,6000000.0,4320,3500.0,0.1,buy,TWAP,2026-01-18_steps_5s.parquet,/Users/jackfletcher/Desktop/FYP_Data/Replay_5s_DOGE/January/2026-01-18_steps_5s.parquet,7550,4320,-9.065381184427052e-05,5996890.170511447,0.13705953549180724,0.13716499999999998,74.60718060971615,3109.8294885490322,0.9994816950852411,0.0,1.0,0.9065381184427048,TWAP,,19
DOGE,doge_q6e+06,6000000.0,4320,3500.0,0.1,buy,TWAP,2026-01-31_steps_5s.parquet,/Users/jackfletcher/Desktop/FYP_Data/Replay_5s_DOGE/January/2026-01-31_steps_5s.parquet,10304,4320,-0.0001627467574725976,5999999.999999989,0.10366682901514206,0.109665,107.08573894939451,0.0,0.9999999999999981,1.0,1.0,1.6274675747259761,TWAP,,20
DOGE,doge_q6e+06,6000000.0,4320,3500.0,0.1,buy,TWAP,2026-01-15_steps_5s.parquet,/Users/jackfletcher/Desktop/FYP_Data/Replay_5s_DOGE/January/2026-01-15_steps_5s.parquet,5997,4320,-7.271876064090869e-05,5492400.504928856,0.14417715753764906,0.14371499999999998,62.70466011304931,507599.49507115723,0.9154000841548093,0.0,1.0,0.7271876064090889,TWAP,,21
DOGE,doge_q6e+06,6000000.0,4320,3500.0,0.1,buy,TWAP,2026-01-23_steps_5s.parquet,/Users/jackfletcher/Desktop/FYP_Data/Replay_5s_DOGE/January/2026-01-23_steps_5s.parquet,12680,4320,-0.00013589301172786385,6000000.000000006,0.12496653195922212,0.12775999999999998,104.17014707011097,0.0,1.0000000000000009,1.0,1.0,1.3589301172786343,TWAP,,22
DOGE,doge_q6e+06,6000000.0,4320,3500.0,0.1,buy,TWAP,2026-01-17_steps_5s.parquet,/Users/jackfletcher/Desktop/FYP_Data/Replay_5s_DOGE/January/2026-01-17_steps_5s.parquet,3060,4320,-5.520158039466945e-05,6000000.000000018,0.13748244750464556,0.13744499999999998,45.523087304072,0.0,1.0000000000000029,1.0,1.0,0.5520158039466939,TWAP,,23
DOGE,doge_q6e+06,6000000.0,4320,3500.0,0.1,buy,TWAP,2026-01-28_steps_5s.parquet,/Users/jackfletcher/Desktop/FYP_Data/Replay_5s_DOGE/January/2026-01-28_steps_5s.parquet,1933,4320,-9.761408782806713e-05,5882789.772802545,0.12512886198752018,0.12482,73.10514265619582,117210.22719743656,0.9804649621337574,0.0,1.0,0.9761408782806685,TWAP,,24
DOGE,doge_q6e+06,6000000.0,4320,3500.0,0.1,buy,TWAP,2026-01-26_steps_5s.parquet,/Users/jackfletcher/Desktop/FYP_Data/Replay_5s_DOGE/January/2026-01-26_steps_5s.parquet,7185,4320,-0.00010610791959046601,5824470.937669609,0.12177773181296983,0.120775,76.89110393123121,175529.06233039062,0.9707451562782681,0.0,1.0,1.0610791959046604,TWAP,,25
DOGE,doge_q6e+06,6000000.0,4320,3500.0,0.1,buy,TWAP,2026-01-17_steps_5s.parquet,/Users/jackfletcher/Desktop/FYP_Data/Replay_5s_DOGE/January/2026-01-17_steps_5s.parquet,9021,4320,-8.674976542516485e-05,5999999.999999986,0.13849674314146984,0.13783499999999999,71.74292350426566,0.0,0.9999999999999977,1.0,1.0,0.8674976542516496,TWAP,,26
DOGE,doge_q6e+06,6000000.0,4320,3500.0,0.1,buy,TWAP,2026-01-21_steps_5s.parquet,/Users/jackfletcher/Desktop/FYP_Data/Replay_5s_DOGE/January/2026-01-21_steps_5s.parquet,3651,4320,-7.993258111775034e-05,5999999.999999999,0.12485651611703695,0.125425,60.1532639201632,0.0,0.9999999999999999,1.0,1.0,0.7993258111775058,TWAP,,27
DOGE,doge_q6e+06,6000000.0,4320,3500.0,0.1,buy,TWAP,2026-01-14_steps_5s.parquet,/Users/jackfletcher/Desktop/FYP_Data/Replay_5s_DOGE/January/2026-01-14_steps_5s.parquet,3331,4320,-8.921967617625447e-05,5497597.961978397,0.14808449761293238,0.14896500000000001,79.74365436957493,502402.03802161186,0.9162663269963995,0.0,1.0,0.8921967617625496,TWAP,,28
DOGE,doge_q6e+06,6000000.0,4320,3500.0,0.1,buy,TWAP,2026-01-30_steps_5s.parquet,/Users/jackfletcher/Desktop/FYP_Data/Replay_5s_DOGE/January/2026-01-30_steps_5s.parquet,9235,4320,-0.00013346149286938523,5242385.2110739965,0.11576482150860405,0.11499999999999999,92.08843007987579,757614.7889259954,0.8737308685123327,0.0,1.0,1.334614928693852,TWAP,,29
DOGE,doge_q6e+06,6000000.0,4320,3500.0,0.1,buy,TWAP,2026-01-08_steps_5s.parquet,/Users/jackfletcher/Desktop/FYP_Data/Replay_5s_DOGE/January/2026-01-08_steps_5s.parquet,6519,4320,-7.319659951341971e-05,4823874.024589799,0.14059134237506662,0.143455,63.00250909918574,1176125.9754102165,0.8039790040982999,0.0,1.0,0.7319659951341969,TWAP,,30
DOGE,doge_q6e+06,6000000.0,4320,3500.0,0.1,buy,TWAP,2026-01-21_steps_5s.parquet,/Users/jackfletcher/Desktop/FYP_Data/Replay_5s_DOGE/January/2026-01-21_steps_5s.parquet,7846,4320,-0.00017109960775883005,6000000.0000000205,0.12384529182154935,0.124535,127.84733791347554,0.0,1.0000000000000033,1.0,1.0,1.7109960775883022,TWAP,,31
DOGE,doge_q6e+06,6000000.0,4320,3500.0,0.1,buy,TWAP,2026-01-23_steps_5s.parquet,/Users/jackfletcher/Desktop/FYP_Data/Replay_5s_DOGE/January/2026-01-23_steps_5s.parquet,11293,4320,-0.000135041641439456,5999999.99999999,0.12510440185715527,0.12389,100.3818537476057,0.0,0.9999999999999983,1.0,1.0,1.3504164143945665,TWAP,,32
DOGE,doge_q6e+06,6000000.0,4320,3500.0,0.1,buy,TWAP,2026-01-25_steps_5s.parquet,/Users/jackfletcher/Desktop/FYP_Data/Replay_5s_DOGE/January/2026-01-25_steps_5s.parquet,544,4320,-7.662225308007022e-05,6000000.000000017,0.12352910788220509,0.124085,57.046033640643174,0.0,1.0000000000000029,1.0,1.0,0.7662225308007035,TWAP,,33
DOGE,doge_q6e+06,6000000.0,4320,3500.0,0.1,buy,TWAP,2026-01-09_steps_5s.parquet,/Users/jackfletcher/Desktop/FYP_Data/Replay_5s_DOGE/January/2026-01-09_steps_5s.parquet,4606,4320,-7.742713561052643e-05,5782001.4022875475,0.14106376572267829,0.142765,66.32331009262109,217998.59771246498,0.9636669003812579,0.0,1.0,0.7742713561052672,TWAP,,34
DOGE,doge_q6e+06,6000000.0,4320,3500.0,0.1,buy,TWAP,2026-01-22_steps_5s.parquet,/Users/jackfletcher/Desktop/FYP_Data/Replay_5s_DOGE/January/2026-01-22_steps_5s.parquet,8537,4320,-0.00011898158983386745,6000000.00000001,0.1250709539853336,0.125865,89.85370682663859,0.0,1.0000000000000018,1.0,1.0,1.1898158983386775,TWAP,,35
DOGE,doge_q6e+06,6000000.0,4320,3500.0,0.1,buy,TWAP,2026-01-28_steps_5s.parquet,/Users/jackfletcher/Desktop/FYP_Data/Replay_5s_DOGE/January/2026-01-28_steps_5s.parquet,9967,4320,-0.0001016207559302444,5460684.597399709,0.12487975425075373,0.126395,77.06613267481927,539315.4026002935,0.9101140995666182,0.0,1.0,1.0162075593024418,TWAP,,36
DOGE,doge_q6e+06,6000000.0,4320,3500.0,0.1,buy,TWAP,2026-01-11_steps_5s.parquet,/Users/jackfletcher/Desktop/FYP_Data/Replay_5s_DOGE/January/2026-01-11_steps_5s.parquet,611,4320,-7.098757192526899e-05,5999999.999999994,0.13917783294701705,0.13905,59.22493125725225,0.0,0.9999999999999991,1.0,1.0,0.709875719252694,TWAP,,37
DOGE,doge_q6e+06,6000000.0,4320,3500.0,0.1,buy,TWAP,2026-01-18_steps_5s.parquet,/Users/jackfletcher/Desktop/FYP_Data/Replay_5s_DOGE/January/2026-01-18_steps_5s.parquet,6582,4320,-8.451380265710271e-05,6000000.000000005,0.1371943053724008,0.137295,69.61993521484155,0.0,1.0000000000000007,1.0,1.0,0.8451380265710278,TWAP,,38
DOGE,doge_q6e+06,6000000.0,4320,3500.0,0.1,buy,TWAP,2026-01-18_steps_5s.parquet,/Users/jackfletcher/Desktop/FYP_Data/Replay_5s_DOGE/January/2026-01-18_steps_5s.parquet,6715,4320,-8.868079382967369e-05,6000000.000000008,0.137168452132636,0.137295,73.05257753307035,0.0,1.0000000000000013,1.0,1.0,0.8868079382967375,TWAP,,39
DOGE,doge_q6e+06,6000000.0,4320,3500.0,0.1,buy,TWAP,2026-01-21_steps_5s.parquet,/Users/jackfletcher/Desktop/FYP_Data/Replay_5s_DOGE/January/2026-01-21_steps_5s.parquet,6646,4320,-0.00010934252461893435,5389093.313913781,0.12426117868895724,0.124275,81.53125348210848,610906.6860862449,0.8981822189856302,0.0,1.0,1.0934252461893446,TWAP,,40
DOGE,doge_q6e+06,6000000.0,4320,3500.0,0.1,buy,TWAP,2026-01-16_steps_5s.parquet,/Users/jackfletcher/Desktop/FYP_Data/Replay_5s_DOGE/January/2026-01-16_steps_5s.parquet,734,4320,-9.207535198064019e-05,5999999.999999986,0.1398361306530285,0.140125,77.41235217772325,0.0,0.9999999999999977,1.0,1.0,0.9207535198064021,TWAP,,41
DOGE,doge_q6e+06,6000000.0,4320,3500.0,0.1,buy,TWAP,2026-01-22_steps_5s.parquet,/Users/jackfletcher/Desktop/FYP_Data/Replay_5s_DOGE/January/2026-01-22_steps_5s.parquet,79,4320,-8.602211616642153e-05,5999999.999999995,0.12720930758597865,0.12682,65.45594863335354,0.0,0.9999999999999992,1.0,1.0,0.8602211616642164,TWAP,,42
DOGE,doge_q6e+06,6000000.0,4320,3500.0,0.1,buy,TWAP,2026-01-15_steps_5s.parquet,/Users/jackfletcher/Desktop/FYP_Data/Replay_5s_DOGE/January/2026-01-15_steps_5s.parquet,6780,4320,-8.783118544225674e-05,5311750.490440193,0.14387546585671993,0.14380500000000002,75.78338173514226,688249.509559816,0.8852917484066988,0.0,1.0,0.8783118544225659,TWAP,,43
DOGE,doge_q6e+06,6000000.0,4320,3500.0,0.1,buy,TWAP,2026-01-09_steps_5s.parquet,/Users/jackfletcher/Desktop/FYP_Data/Replay_5s_DOGE/January/2026-01-09_steps_5s.parquet,7203,4320,-7.924052802492881e-05,5039832.323586209,0.14058583587065993,0.14077499999999998,66.93051199625623,960167.6764138013,0.8399720539310348,0.0,1.0,0.7924052802492896,TWAP,,44
DOGE,doge_q6e+06,6000000.0,4320,3500.0,0.1,buy,TWAP,2026-01-28_steps_5s.parquet,/Users/jackfletcher/Desktop/FYP_Data/Replay_5s_DOGE/January/2026-01-28_steps_5s.parquet,10754,4320,-0.00011469493701399717,5705829.78692193,0.12496323403839037,0.12534499999999998,86.25862128011623,294170.21307809534,0.9509716311536549,0.0,1.0,1.1469493701399636,TWAP,,45
DOGE,doge_q6e+06,6000000.0,4320,3500.0,0.1,buy,TWAP,2026-01-20_steps_5s.parquet,/Users/jackfletcher/Desktop/FYP_Data/Replay_5s_DOGE/January/2026-01-20_steps_5s.parquet,2829,4320,-8.153190556279801e-05,5211867.707961966,0.1268170841577277,0.127965,62.59938177206071,788132.2920380272,0.868644617993661,0.0,1.0,0.8153190556279803,TWAP,,46
DOGE,doge_q6e+06,6000000.0,4320,3500.0,0.1,buy,TWAP,2026-01-13_steps_5s.parquet,/Users/jackfletcher/Desktop/FYP_Data/Replay_5s_DOGE/January/2026-01-13_steps_5s.parquet,3192,4320,-0.00011478779553149651,5809874.182700956,0.13920722052399792,0.137605,94.77224762466935,190125.81729905796,0.9683123637834927,0.0,1.0,1.1478779553149638,TWAP,,47
DOGE,doge_q6e+06,6000000.0,4320,3500.0,0.1,buy,TWAP,2026-01-20_steps_5s.parquet,/Users/jackfletcher/Desktop/FYP_Data/Replay_5s_DOGE/January/2026-01-20_steps_5s.parquet,3172,4320,-9.204657235664982e-05,5137276.215119042,0.12666083902274006,0.127815,70.5895958745911,862723.7848809883,0.8562127025198404,0.0,1.0,0.920465723566497,TWAP,,48
DOGE,doge_q6e+06,6000000.0,4320,3500.0,0.1,buy,TWAP,2026-01-25_steps_5s.parquet,/Users/jackfletcher/Desktop/FYP_Data/Replay_5s_DOGE/January/2026-01-25_steps_5s.parquet,11522,4320,-9.645957954047298e-05,5294325.328451216,0.11958587235848793,0.12223,70.74152644339212,705674.6715487865,0.8823875547418694,0.0,1.0,0.9645957954047304,TWAP,,49
DOGE,doge_q6e+06,6000000.0,4320,3500.0,0.1,buy,TWAP,2026-01-17_steps_5s.parquet,/Users/jackfletcher/Desktop/FYP_Data/Replay_5s_DOGE/January/2026-01-17_steps_5s.parquet,1894,4320,-5.773921459707037e-05,5999999.99999998,0.13749122267404307,0.13736500000000001,47.588083278759555,0.0,0.9999999999999968,1.0,1.0,0.5773921459707052,TWAP,,50
DOGE,doge_q6e+06,6000000.0,4320,3500.0,0.1,buy,TWAP,2026-01-09_steps_5s.parquet,/Users/jackfletcher/Desktop/FYP_Data/Replay_5s_DOGE/January/2026-01-09_steps_5s.parquet,5696,4320,-5.915608050499682e-05,5135643.157278683,0.14057978084865658,0.142415,50.548279230714755,864356.8427213486,0.8559405262131139,0.0,1.0,0.5915608050499683,TWAP,,51
DOGE,doge_q6e+06,6000000.0,4320,3500.0,0.1,buy,TWAP,2026-01-13_steps_5s.parquet,/Users/jackfletcher/Desktop/FYP_Data/Replay_5s_DOGE/January/2026-01-13_steps_5s.parquet,391,4320,-8.762495316045094e-05,5513930.183672265,0.13774686045248108,0.136975,72.0145677549169,486069.8163276927,0.9189883639453775,0.0,1.0,0.8762495316045128,TWAP,,52
DOGE,doge_q6e+06,6000000.0,4320,3500.0,0.1,buy,TWAP,2026-01-28_steps_5s.parquet,/Users/jackfletcher/Desktop/FYP_Data/Replay_5s_DOGE/January/2026-01-28_steps_5s.parquet,4778,4320,-0.00011798077508394031,5956954.641657951,0.12630176759697145,0.125085,88.54575150824812,43045.35834204394,0.9928257736096585,0.0,1.0,1.179807750839404,TWAP,,53
DOGE,doge_q6e+06,6000000.0,4320,3500.0,0.1,buy,TWAP,2026-01-13_steps_5s.parquet,/Users/jackfletcher/Desktop/FYP_Data/Replay_5s_DOGE/January/2026-01-13_steps_5s.parquet,6368,4320,-8.591658368148331e-05,5336715.770856428,0.13972354693808955,0.13978000000000002,72.05652040198646,663284.2291435683,0.8894526284760713,0.0,1.0,0.8591658368148334,TWAP,,54
DOGE,doge_q6e+06,6000000.0,4320,3500.0,0.1,buy,TWAP,2026-01-12_steps_5s.parquet,/Users/jackfletcher/Desktop/FYP_Data/Replay_5s_DOGE/January/2026-01-12_steps_5s.parquet,10389,4320,-0.00010069336509670671,5469880.289546438,0.13825455286643182,0.135745,82.01172507031453,530119.7104535698,0.9116467149244063,0.0,1.0,1.0069336509670648,TWAP,,55
DOGE,doge_q6e+06,6000000.0,4320,3500.0,0.1,buy,TWAP,2026-01-15_steps_5s.parquet,/Users/jackfletcher/Desktop/FYP_Data/Replay_5s_DOGE/January/2026-01-15_steps_5s.parquet,11996,4320,-8.749610756817671e-05,5763618.5122484965,0.14012902927330947,0.14138499999999998,74.22382301116005,236381.48775149952,0.9606030853747494,0.0,1.0,0.874961075681768,TWAP,,56
DOGE,doge_q6e+06,6000000.0,4320,3500.0,0.1,buy,TWAP,2026-01-11_steps_5s.parquet,/Users/jackfletcher/Desktop/FYP_Data/Replay_5s_DOGE/January/2026-01-11_steps_5s.parquet,48,4320,-6.375304030638145e-05,5839190.397637492,0.13914297153949143,0.139505,53.36320732765083,160809.6023624961,0.9731983996062487,0.0,1.0,0.6375304030638189,TWAP,,57
DOGE,doge_q6e+06,6000000.0,4320,3500.0,0.1,buy,TWAP,2026-01-11_steps_5s.parquet,/Users/jackfletcher/Desktop/FYP_Data/Replay_5s_DOGE/January/2026-01-11_steps_5s.parquet,10158,4320,-7.864781778412195e-05,5999999.999999986,0.13865292601563176,0.140625,66.35909625535308,0.0,0.9999999999999977,1.0,1.0,0.7864781778412218,TWAP,,58
DOGE,doge_q6e+06,6000000.0,4320,3500.0,0.1,buy,TWAP,2026-01-13_steps_5s.parquet,/Users/jackfletcher/Desktop/FYP_Data/Replay_5s_DOGE/January/2026-01-13_steps_5s.parquet,11186,4320,-0.0001065320215348026,5271678.061874275,0.1435708719674804,0.140425,89.75855474414784,728321.9381257273,0.8786130103123792,0.0,1.0,1.065320215348025,TWAP,,59
DOGE,doge_q6e+06,6000000.0,4320,3500.0,0.1,buy,TWAP,2026-01-19_steps_5s.parquet,/Users/jackfletcher/Desktop/FYP_Data/Replay_5s_DOGE/January/2026-01-19_steps_5s.parquet,833,4320,-7.401498459556674e-05,5721828.618554308,0.12705451896994707,0.126965,56.38387511505667,278171.3814456896,0.9536381030923847,0.0,1.0,0.7401498459556659,TWAP,,60
DOGE,doge_q6e+06,6000000.0,4320,3500.0,0.1,buy,TWAP,2026-01-21_steps_5s.parquet,/Users/jackfletcher/Desktop/FYP_Data/Replay_5s_DOGE/January/2026-01-21_steps_5s.parquet,7797,4320,-0.00016321173177940462,6000000.000000024,0.12394954645566356,0.124515,121.93385269507537,0.0,1.000000000000004,1.0,1.0,1.632117317794046,TWAP,,61
DOGE,doge_q6e+06,6000000.0,4320,3500.0,0.1,buy,TWAP,2026-01-29_steps_5s.parquet,/Users/jackfletcher/Desktop/FYP_Data/Replay_5s_DOGE/January/2026-01-29_steps_5s.parquet,10814,4320,-0.00011953517725685892,5826810.867544726,0.116152002700034,0.118315,84.85682698287177,173189.13245528023,0.9711351445907875,0.0,1.0,1.1953517725685918,TWAP,,62
DOGE,doge_q6e+06,6000000.0,4320,3500.0,0.1,buy,TWAP,2026-01-26_steps_5s.parquet,/Users/jackfletcher/Desktop/FYP_Data/Replay_5s_DOGE/January/2026-01-26_steps_5s.parquet,7231,4320,-0.0001136865305533484,5983018.701389929,0.12181491736481395,0.120895,82.46479866748236,16981.298610062455,0.9971697835649882,0.0,1.0,1.1368653055334843,TWAP,,63
DOGE,doge_q6e+06,6000000.0,4320,3500.0,0.1,buy,TWAP,2026-01-22_steps_5s.parquet,/Users/jackfletcher/Desktop/FYP_Data/Replay_5s_DOGE/January/2026-01-22_steps_5s.parquet,4293,4320,-8.59876322353255e-05,5956697.334517232,0.12644431521225385,0.126965,65.50451836054846,43302.66548277612,0.9927828890862054,0.0,1.0,0.859876322353253,TWAP,,64
DOGE,doge_q6e+06,6000000.0,4320,3500.0,0.1,buy,TWAP,2026-01-24_steps_5s.parquet,/Users/jackfletcher/Desktop/FYP_Data/Replay_5s_DOGE/January/2026-01-24_steps_5s.parquet,942,4320,-9.957085274197486e-05,5999999.99999998,0.1244850223147002,0.12443499999999999,74.34059436568587,0.0,0.9999999999999968,1.0,1.0,0.9957085274197491,TWAP,,65
DOGE,doge_q6e+06,6000000.0,4320,3500.0,0.1,buy,TWAP,2026-01-22_steps_5s.parquet,/Users/jackfletcher/Desktop/FYP_Data/Replay_5s_DOGE/January/2026-01-22_steps_5s.parquet,7671,4320,-9.096123465340912e-05,5455963.426811503,0.12521926081425852,0.1266,69.09415384272964,544036.573188486,0.9093272378019172,0.0,1.0,0.9096123465340922,TWAP,,66
DOGE,doge_q6e+06,6000000.0,4320,3500.0,0.1,buy,TWAP,2026-01-30_steps_5s.parquet,/Users/jackfletcher/Desktop/FYP_Data/Replay_5s_DOGE/January/2026-01-30_steps_5s.parquet,5565,4320,-0.00012867766896789844,5999999.999999999,0.11437782254663152,0.113995,88.01166524397323,0.0,0.9999999999999999,1.0,1.0,1.2867766896789803,TWAP,,67
DOGE,doge_q6e+06,6000000.0,4320,3500.0,0.1,buy,TWAP,2026-01-22_steps_5s.parquet,/Users/jackfletcher/Desktop/FYP_Data/Replay_5s_DOGE/January/2026-01-22_steps_5s.parquet,9414,4320,-0.00012058537283301534,5930759.660988145,0.12483911604752365,0.125695,90.94187062947525,69240.33901187865,0.9884599434980241,0.0,1.0,1.2058537283301543,TWAP,,68
DOGE,doge_q6e+06,6000000.0,4320,3500.0,0.1,buy,TWAP,2026-01-31_steps_5s.parquet,/Users/jackfletcher/Desktop/FYP_Data/Replay_5s_DOGE/January/2026-01-31_steps_5s.parquet,7077,4320,-0.0001565601953310768,5855839.734691697,0.10983351913068436,0.111875,105.09103111598537,144160.2653082707,0.9759732891152829,0.0,1.0,1.5656019533107692,TWAP,,69
DOGE,doge_q6e+06,6000000.0,4320,3500.0,0.1,buy,TWAP,2026-01-17_steps_5s.parquet,/Users/jackfletcher/Desktop/FYP_Data/Replay_5s_DOGE/January/2026-01-17_steps_5s.parquet,12396,4320,-8.862185098889408e-05,6000000.000000014,0.1385134556673202,0.13894499999999999,73.88137851391134,0.0,1.0000000000000022,1.0,1.0,0.8862185098889411,TWAP,,70
DOGE,doge_q6e+06,6000000.0,4320,3500.0,0.1,buy,TWAP,2026-01-27_steps_5s.parquet,/Users/jackfletcher/Desktop/FYP_Data/Replay_5s_DOGE/January/2026-01-27_steps_5s.parquet,237,4320,-7.851207105341247e-05,5999999.999999993,0.12270204980699549,0.122275,57.6003809283361,0.0,0.9999999999999988,1.0,1.0,0.7851207105341252,TWAP,,71
DOGE,doge_q6e+06,6000000.0,4320,3500.0,0.1,buy,TWAP,2026-01-10_steps_5s.parquet,/Users/jackfletcher/Desktop/FYP_Data/Replay_5s_DOGE/January/2026-01-10_steps_5s.parquet,1631,4320,-6.0762524548654335e-05,5894186.836544252,0.14014913577502366,0.140535,51.2355683246709,105813.16345573272,0.9823644727573754,0.0,1.0,0.6076252454865443,TWAP,,72
DOGE,doge_q6e+06,6000000.0,4320,3500.0,0.1,buy,TWAP,2026-01-31_steps_5s.parquet,/Users/jackfletcher/Desktop/FYP_Data/Replay_5s_DOGE/January/2026-01-31_steps_5s.parquet,7065,4320,-0.00014852711528152177,5840977.715873984,0.10984709047483102,0.111925,99.74338426730601,159022.284125973,0.9734962859789973,0.0,1.0,1.4852711528152187,TWAP,,73
DOGE,doge_q6e+06,6000000.0,4320,3500.0,0.1,buy,TWAP,2026-01-12_steps_5s.parquet,/Users/jackfletcher/Desktop/FYP_Data/Replay_5s_DOGE/January/2026-01-12_steps_5s.parquet,8529,4320,-8.78806948606161e-05,5054905.840219914,0.13758540149196713,0.136685,72.07183666213979,945094.1597800741,0.842484306703319,0.0,1.0,0.87880694860616,TWAP,,74
DOGE,doge_q6e+06,6000000.0,4320,3500.0,0.1,buy,TWAP,2026-01-12_steps_5s.parquet,/Users/jackfletcher/Desktop/FYP_Data/Replay_5s_DOGE/January/2026-01-12_steps_5s.parquet,2472,4320,-6.504269480881768e-05,5243808.530787769,0.139175726179745,0.141875,55.36759395600621,756191.4692122353,0.8739680884646281,0.0,1.0,0.6504269480881787,TWAP,,75
DOGE,doge_q6e+06,6000000.0,4320,3500.0,0.1,buy,TWAP,2026-01-09_steps_5s.parquet,/Users/jackfletcher/Desktop/FYP_Data/Replay_5s_DOGE/January/2026-01-09_steps_5s.parquet,11361,4320,-0.00010044517870996429,5578835.81332019,0.14074414917922456,0.142945,86.14881642417528,421164.1866798148,0.9298059688866983,0.0,1.0,1.0044517870996454,TWAP,,76
DOGE,doge_q6e+06,6000000.0,4320,3500.0,0.1,buy,TWAP,2026-01-20_steps_5s.parquet,/Users/jackfletcher/Desktop/FYP_Data/Replay_5s_DOGE/January/2026-01-20_steps_5s.parquet,12550,4320,-0.00012606031458607087,5760513.013054553,0.12382797823249285,0.123975,93.76996500484896,239486.98694546736,0.9600855021757589,0.0,1.0,1.2606031458607105,TWAP,,77
DOGE,doge_q6e+06,6000000.0,4320,3500.0,0.1,buy,TWAP,2026-01-24_steps_5s.parquet,/Users/jackfletcher/Desktop/FYP_Data/Replay_5s_DOGE/January/2026-01-24_steps_5s.parquet,4012,4320,-6.212437385599013e-05,5999999.999999996,0.12450649060186209,0.124485,46.401316076777746,0.0,0.9999999999999993,1.0,1.0,0.6212437385599034,TWAP,,78
DOGE,doge_q6e+06,6000000.0,4320,3500.0,0.1,buy,TWAP,2026-01-17_steps_5s.parquet,/Users/jackfletcher/Desktop/FYP_Data/Replay_5s_DOGE/January/2026-01-17_steps_5s.parquet,10802,4320,-8.526391453165216e-05,5999999.999999997,0.13876026540401723,0.138515,70.86198672811067,0.0,0.9999999999999996,1.0,1.0,0.8526391453165201,TWAP,,79
DOGE,doge_q6e+06,6000000.0,4320,3500.0,0.1,buy,TWAP,2026-01-28_steps_5s.parquet,/Users/jackfletcher/Desktop/FYP_Data/Replay_5s_DOGE/January/2026-01-28_steps_5s.parquet,1203,4320,-8.898076908014707e-05,5999999.999999985,0.1249908510719653,0.125055,66.76494046390654,0.0,0.9999999999999976,1.0,1.0,0.8898076908014678,TWAP,,80
DOGE,doge_q6e+06,6000000.0,4320,3500.0,0.1,buy,TWAP,2026-01-26_steps_5s.parquet,/Users/jackfletcher/Desktop/FYP_Data/Replay_5s_DOGE/January/2026-01-26_steps_5s.parquet,450,4320,-9.45334097259897e-05,5926402.487341199,0.12176351403185498,0.11997,68.04703898896182,73597.51265876187,0.9877337478901999,0.0,1.0,0.9453340972598957,TWAP,,81
DOGE,doge_q6e+06,6000000.0,4320,3500.0,0.1,buy,TWAP,2026-01-24_steps_5s.parquet,/Users/jackfletcher/Desktop/FYP_Data/Replay_5s_DOGE/January/2026-01-24_steps_5s.parquet,5934,4320,-5.940312790777942e-05,6000000.000000017,0.12453332246610244,0.124285,44.29750651211009,0.0,1.0000000000000029,1.0,1.0,0.5940312790777929,TWAP,,82
DOGE,doge_q6e+06,6000000.0,4320,3500.0,0.1,buy,TWAP,2026-01-21_steps_5s.parquet,/Users/jackfletcher/Desktop/FYP_Data/Replay_5s_DOGE/January/2026-01-21_steps_5s.parquet,287,4320,-9.829277676904763e-05,6000000.000000014,0.1256126302792421,0.123385,72.7671255698941,0.0,1.0000000000000022,1.0,1.0,0.9829277676904824,TWAP,,83
DOGE,doge_q6e+06,6000000.0,4320,3500.0,0.1,buy,TWAP,2026-01-31_steps_5s.parquet,/Users/jackfletcher/Desktop/FYP_Data/Replay_5s_DOGE/January/2026-01-31_steps_5s.parquet,5512,4320,-0.00013388541091427877,5768947.901386479,0.11169774583657507,0.11232500000000001,90.2320726856783,231052.098613491,0.9614913168977465,0.0,1.0,1.3388541091427897,TWAP,,84
DOGE,doge_q6e+06,6000000.0,4320,3500.0,0.1,buy,TWAP,2026-01-21_steps_5s.parquet,/Users/jackfletcher/Desktop/FYP_Data/Replay_5s_DOGE/January/2026-01-21_steps_5s.parquet,5889,4320,-8.995244043231965e-05,5351023.194819732,0.12380710280153116,0.124985,67.45623460460118,648976.805180275,0.891837199136622,0.0,1.0,0.8995244043232011,TWAP,,85
DOGE,doge_q6e+06,6000000.0,4320,3500.0,0.1,buy,TWAP,2026-01-30_steps_5s.parquet,/Users/jackfletcher/Desktop/FYP_Data/Replay_5s_DOGE/January/2026-01-30_steps_5s.parquet,429,4320,-0.00012489971509530175,5954163.196264444,0.11481004184158194,0.11702,87.6945879627132,45836.80373555189,0.9923605327107407,0.0,1.0,1.2489971509530164,TWAP,,86
DOGE,doge_q6e+06,6000000.0,4320,3500.0,0.1,buy,TWAP,2026-01-15_steps_5s.parquet,/Users/jackfletcher/Desktop/FYP_Data/Replay_5s_DOGE/January/2026-01-15_steps_5s.parquet,5847,4320,-7.75666408836514e-05,5626067.306019757,0.14415487085109546,0.144055,67.04317471496651,373932.69398025086,0.9376778843366261,0.0,1.0,0.7756664088365153,TWAP,,87
DOGE,doge_q6e+06,6000000.0,4320,3500.0,0.1,buy,TWAP,2026-01-22_steps_5s.parquet,/Users/jackfletcher/Desktop/FYP_Data/Replay_5s_DOGE/January/2026-01-22_steps_5s.parquet,10862,4320,-0.00011624437455779378,5999999.999999997,0.12454943381890152,0.12412000000000001,86.56951062068013,0.0,0.9999999999999996,1.0,1.0,1.1624437455779373,TWAP,,88
DOGE,doge_q6e+06,6000000.0,4320,3500.0,0.1,buy,TWAP,2026-01-13_steps_5s.parquet,/Users/jackfletcher/Desktop/FYP_Data/Replay_5s_DOGE/January/2026-01-13_steps_5s.parquet,1915,4320,-6.929028671425035e-05,5332064.911980733,0.1383885117691941,0.136785,56.867231209252566,667935.0880192313,0.8886774853301223,0.0,1.0,0.6929028671425056,TWAP,,89
DOGE,doge_q6e+06,6000000.0,4320,3500.0,0.1,buy,TWAP,2026-01-28_steps_5s.parquet,/Users/jackfletcher/Desktop/FYP_Data/Replay_5s_DOGE/January/2026-01-28_steps_5s.parquet,7121,4320,-8.608212747364073e-05,5249048.640023803,0.12594880323345548,0.12718000000000002,65.68754983258586,750951.3599761721,0.8748414400039672,0.0,1.0,0.8608212747364083,TWAP,,90
DOGE,doge_q6e+06,6000000.0,4320,3500.0,0.1,buy,TWAP,2026-01-10_steps_5s.parquet,/Users/jackfletcher/Desktop/FYP_Data/Replay_5s_DOGE/January/2026-01-10_steps_5s.parquet,5505,4320,-5.8933693746189936e-05,5999999.999999996,0.1400991417408656,0.140305,49.61215140635517,0.0,0.9999999999999993,1.0,1.0,0.5893369374619004,TWAP,,91
DOGE,doge_q6e+06,6000000.0,4320,3500.0,0.1,buy,TWAP,2026-01-25_steps_5s.parquet,/Users/jackfletcher/Desktop/FYP_Data/Replay_5s_DOGE/January/2026-01-25_steps_5s.parquet,11616,4320,-9.821457033469698e-05,5405797.862041187,0.11952157843269202,0.12139,71.53360015757372,594202.1379588285,0.9009663103401978,0.0,1.0,0.9821457033469769,TWAP,,92
DOGE,doge_q6e+06,6000000.0,4320,3500.0,0.1,buy,TWAP,2026-01-10_steps_5s.parquet,/Users/jackfletcher/Desktop/FYP_Data/Replay_5s_DOGE/January/2026-01-10_steps_5s.parquet,2493,4320,-5.651558925100683e-05,5857790.397991119,0.14004158976773934,0.140355,47.59347317595078,142209.60200888888,0.9762983996651865,0.0,1.0,0.565155892510073,TWAP,,93
DOGE,doge_q6e+06,6000000.0,4320,3500.0,0.1,buy,TWAP,2026-01-28_steps_5s.parquet,/Users/jackfletcher/Desktop/FYP_Data/Replay_5s_DOGE/January/2026-01-28_steps_5s.parquet,11648,4320,-0.00010249731822757497,5713348.421571139,0.12506975725006844,0.12454499999999999,76.59317099191996,286651.57842887216,0.9522247369285232,0.0,1.0,1.02497318227575,TWAP,,94
DOGE,doge_q6e+06,6000000.0,4320,3500.0,0.1,buy,TWAP,2026-01-15_steps_5s.parquet,/Users/jackfletcher/Desktop/FYP_Data/Replay_5s_DOGE/January/2026-01-15_steps_5s.parquet,11127,4320,-0.00011024100602738966,5764450.772284787,0.1403072898594378,0.141845,93.82281299973027,235549.2277152295,0.9607417953807978,0.0,1.0,1.1024100602738938,TWAP,,95
DOGE,doge_q6e+06,6000000.0,4320,3500.0,0.1,buy,TWAP,2026-01-16_steps_5s.parquet,/Users/jackfletcher/Desktop/FYP_Data/Replay_5s_DOGE/January/2026-01-16_steps_5s.parquet,8495,4320,-9.13192388770777e-05,5670006.345313158,0.13711513990230745,0.138065,75.64794429338252,329993.65468681674,0.945001057552193,0.0,1.0,0.9131923887707785,TWAP,,96
DOGE,doge_q6e+06,6000000.0,4320,3500.0,0.1,buy,TWAP,2026-01-30_steps_5s.parquet,/Users/jackfletcher/Desktop/FYP_Data/Replay_5s_DOGE/January/2026-01-30_steps_5s.parquet,1329,4320,-0.0001300675118252717,5612397.725399492,0.11444086843219062,0.11465,89.47344138460471,387602.2746005079,0.9353996208999154,0.0,1.0,1.3006751182527214,TWAP,,97
DOGE,doge_q6e+06,6000000.0,4320,3500.0,0.1,buy,TWAP,2026-01-28_steps_5s.parquet,/Users/jackfletcher/Desktop/FYP_Data/Replay_5s_DOGE/January/2026-01-28_steps_5s.parquet,1753,4320,-9.679670684506857e-05,5999999.999999972,0.12512337521682812,0.124855,72.51331699884634,0.0,0.9999999999999953,1.0,1.0,0.9679670684506874,TWAP,,98
DOGE,doge_q6e+06,6000000.0,4320,3500.0,0.1,buy,TWAP,2026-01-23_steps_5s.parquet,/Users/jackfletcher/Desktop/FYP_Data/Replay_5s_DOGE/January/2026-01-23_steps_5s.parquet,8152,4320,-0.00012239693384798566,5972718.534044428,0.12480588945781396,0.12526500000000002,91.99231151080757,27281.46595558361,0.9954530890074046,0.0,1.0,1.2239693384798567,TWAP,,99
DOGE,doge_q6e+06,6000000.0,4320,3500.0,0.1,buy,DOGE_PPO_1,2026-01-11_steps_5s.parquet,/Users/jackfletcher/Desktop/FYP_Data/Replay_5s_DOGE/January/2026-01-11_steps_5s.parquet,2088,2682,-6.61790279825935e-05,5999999.999999994,0.13917186983990332,0.139015,55.19926545000204,7.718858508757048e-13,0.9999999999999991,1.0,0.0,0.6617902798259425,DOGE_S2B1_lr0.0003_clip0.2_ent0.01_ep4_bs16_cl32_gamma0.999_lam0.95_seed1_H4320_Q3e+06_pov0.1_fee0,checkpoints/DOGE/DOGE_S2B1_lr0.0003_clip0.2_ent0.01_ep4_bs16_cl32_gamma0.999_lam0.95_seed1_H4320_Q3e+06_pov0.1_fee0/best.weights.h5,0
DOGE,doge_q6e+06,6000000.0,4320,3500.0,0.1,buy,DOGE_PPO_1,2026-01-30_steps_5s.parquet,/Users/jackfletcher/Desktop/FYP_Data/Replay_5s_DOGE/January/2026-01-30_steps_5s.parquet,5511,3151,-9.918049864877121e-05,6000000.000000003,0.1139892374893532,0.113905,67.78292819153039,7.771207695189748e-13,1.0000000000000004,1.0,0.0,0.9918049864877221,DOGE_S2B1_lr0.0003_clip0.2_ent0.01_ep4_bs16_cl32_gamma0.999_lam0.95_seed1_H4320_Q3e+06_pov0.1_fee0,checkpoints/DOGE/DOGE_S2B1_lr0.0003_clip0.2_ent0.01_ep4_bs16_cl32_gamma0.999_lam0.95_seed1_H4320_Q3e+06_pov0.1_fee0/best.weights.h5,1
DOGE,doge_q6e+06,6000000.0,4320,3500.0,0.1,buy,DOGE_PPO_1,2026-01-31_steps_5s.parquet,/Users/jackfletcher/Desktop/FYP_Data/Replay_5s_DOGE/January/2026-01-31_steps_5s.parquet,11812,2696,-0.00017570821082216754,5999999.999999997,0.10259877308576301,0.107925,113.77985191789485,7.602415270152613e-13,0.9999999999999996,1.0,0.0,1.7570821082216792,DOGE_S2B1_lr0.0003_clip0.2_ent0.01_ep4_bs16_cl32_gamma0.999_lam0.95_seed1_H4320_Q3e+06_pov0.1_fee0,checkpoints/DOGE/DOGE_S2B1_lr0.0003_clip0.2_ent0.01_ep4_bs16_cl32_gamma0.999_lam0.95_seed1_H4320_Q3e+06_pov0.1_fee0/best.weights.h5,2
DOGE,doge_q6e+06,6000000.0,4320,3500.0,0.1,buy,DOGE_PPO_1,2026-01-15_steps_5s.parquet,/Users/jackfletcher/Desktop/FYP_Data/Replay_5s_DOGE/January/2026-01-15_steps_5s.parquet,3234,3202,-6.182761230445877e-05,6000000.000000004,0.14359193661616665,0.14331,53.163090716113125,5.649087115111186e-13,1.0000000000000007,1.0,0.0,0.6182761230446018,DOGE_S2B1_lr0.0003_clip0.2_ent0.01_ep4_bs16_cl32_gamma0.999_lam0.95_seed1_H4320_Q3e+06_pov0.1_fee0,checkpoints/DOGE/DOGE_S2B1_lr0.0003_clip0.2_ent0.01_ep4_bs16_cl32_gamma0.999_lam0.95_seed1_H4320_Q3e+06_pov0.1_fee0/best.weights.h5,3
DOGE,doge_q6e+06,6000000.0,4320,3500.0,0.1,buy,DOGE_PPO_1,2026-01-17_steps_5s.parquet,/Users/jackfletcher/Desktop/FYP_Data/Replay_5s_DOGE/January/2026-01-17_steps_5s.parquet,10735,2818,-8.75291781675946e-05,6000000.000000001,0.13876960485292758,0.138485,72.72886943123538,9.218839619498683e-13,1.0000000000000002,1.0,0.0,0.8752917816759382,DOGE_S2B1_lr0.0003_clip0.2_ent0.01_ep4_bs16_cl32_gamma0.999_lam0.95_seed1_H4320_Q3e+06_pov0.1_fee0,checkpoints/DOGE/DOGE_S2B1_lr0.0003_clip0.2_ent0.01_ep4_bs16_cl32_gamma0.999_lam0.95_seed1_H4320_Q3e+06_pov0.1_fee0/best.weights.h5,4
DOGE,doge_q6e+06,6000000.0,4320,3500.0,0.1,buy,DOGE_PPO_1,2026-01-31_steps_5s.parquet,/Users/jackfletcher/Desktop/FYP_Data/Replay_5s_DOGE/January/2026-01-31_steps_5s.parquet,11851,2689,-0.00017618965797127736,6000000.000000001,0.10252467877672454,0.10704,113.15604593547299,8.061264060491708e-13,1.0000000000000002,1.0,0.0,1.7618965797127708,DOGE_S2B1_lr0.0003_clip0.2_ent0.01_ep4_bs16_cl32_gamma0.999_lam0.95_seed1_H4320_Q3e+06_pov0.1_fee0,checkpoints/DOGE/DOGE_S2B1_lr0.0003_clip0.2_ent0.01_ep4_bs16_cl32_gamma0.999_lam0.95_seed1_H4320_Q3e+06_pov0.1_fee0/best.weights.h5,5
DOGE,doge_q6e+06,6000000.0,4320,3500.0,0.1,buy,DOGE_PPO_1,2026-01-31_steps_5s.parquet,/Users/jackfletcher/Desktop/FYP_Data/Replay_5s_DOGE/January/2026-01-31_steps_5s.parquet,5721,2990,-0.00010541756726644936,6000000.0,0.11198501608911964,0.11273,71.30233414768112,7.909838089972749e-13,1.0,1.0,0.0,1.054175672664495,DOGE_S2B1_lr0.0003_clip0.2_ent0.01_ep4_bs16_cl32_gamma0.999_lam0.95_seed1_H4320_Q3e+06_pov0.1_fee0,checkpoints/DOGE/DOGE_S2B1_lr0.0003_clip0.2_ent0.01_ep4_bs16_cl32_gamma0.999_lam0.95_seed1_H4320_Q3e+06_pov0.1_fee0/best.weights.h5,6
DOGE,doge_q6e+06,6000000.0,4320,3500.0,0.1,buy,DOGE_PPO_1,2026-01-18_steps_5s.parquet,/Users/jackfletcher/Desktop/FYP_Data/Replay_5s_DOGE/January/2026-01-18_steps_5s.parquet,6426,2542,-8.458359362575071e-05,5999999.999999994,0.13729375892483858,0.137485,69.77385221781758,7.616696897601698e-13,0.9999999999999991,1.0,0.0,0.8458359362575018,DOGE_S2B1_lr0.0003_clip0.2_ent0.01_ep4_bs16_cl32_gamma0.999_lam0.95_seed1_H4320_Q3e+06_pov0.1_fee0,checkpoints/DOGE/DOGE_S2B1_lr0.0003_clip0.2_ent0.01_ep4_bs16_cl32_gamma0.999_lam0.95_seed1_H4320_Q3e+06_pov0.1_fee0/best.weights.h5,7
DOGE,doge_q6e+06,6000000.0,4320,3500.0,0.1,buy,DOGE_PPO_1,2026-01-10_steps_5s.parquet,/Users/jackfletcher/Desktop/FYP_Data/Replay_5s_DOGE/January/2026-01-10_steps_5s.parquet,4690,2663,-5.785725258723004e-05,6000000.000000009,0.14004617167222305,0.13977499999999998,48.52198488227997,9.587025350133743e-13,1.0000000000000016,1.0,0.0,0.5785725258722946,DOGE_S2B1_lr0.0003_clip0.2_ent0.01_ep4_bs16_cl32_gamma0.999_lam0.95_seed1_H4320_Q3e+06_pov0.1_fee0,checkpoints/DOGE/DOGE_S2B1_lr0.0003_clip0.2_ent0.01_ep4_bs16_cl32_gamma0.999_lam0.95_seed1_H4320_Q3e+06_pov0.1_fee0/best.weights.h5,8
DOGE,doge_q6e+06,6000000.0,4320,3500.0,0.1,buy,DOGE_PPO_1,2026-01-24_steps_5s.parquet,/Users/jackfletcher/Desktop/FYP_Data/Replay_5s_DOGE/January/2026-01-24_steps_5s.parquet,3650,2284,-8.092200119129e-05,5999999.999999998,0.12438708074747691,0.124515,60.45601787000152,6.847803610879702e-13,0.9999999999999997,1.0,0.0,0.809220011912909,DOGE_S2B1_lr0.0003_clip0.2_ent0.01_ep4_bs16_cl32_gamma0.999_lam0.95_seed1_H4320_Q3e+06_pov0.1_fee0,checkpoints/DOGE/DOGE_S2B1_lr0.0003_clip0.2_ent0.01_ep4_bs16_cl32_gamma0.999_lam0.95_seed1_H4320_Q3e+06_pov0.1_fee0/best.weights.h5,9
DOGE,doge_q6e+06,6000000.0,4320,3500.0,0.1,buy,DOGE_PPO_1,2026-01-12_steps_5s.parquet,/Users/jackfletcher/Desktop/FYP_Data/Replay_5s_DOGE/January/2026-01-12_steps_5s.parquet,10556,3750,-9.147001907966306e-05,5999999.999999993,0.13827197852838347,0.13726,75.33104891324712,9.51922583279738e-13,0.9999999999999988,1.0,0.0,0.9147001907966282,DOGE_S2B1_lr0.0003_clip0.2_ent0.01_ep4_bs16_cl32_gamma0.999_lam0.95_seed1_H4320_Q3e+06_pov0.1_fee0,checkpoints/DOGE/DOGE_S2B1_lr0.0003_clip0.2_ent0.01_ep4_bs16_cl32_gamma0.999_lam0.95_seed1_H4320_Q3e+06_pov0.1_fee0/best.weights.h5,10
DOGE,doge_q6e+06,6000000.0,4320,3500.0,0.1,buy,DOGE_PPO_1,2026-01-13_steps_5s.parquet,/Users/jackfletcher/Desktop/FYP_Data/Replay_5s_DOGE/January/2026-01-13_steps_5s.parquet,46,2740,-8.667769612542173e-05,6000000.000000003,0.1369151517620464,0.136665,71.0748440458848,6.066971235765586e-13,1.0000000000000004,1.0,0.0,0.8667769612542202,DOGE_S2B1_lr0.0003_clip0.2_ent0.01_ep4_bs16_cl32_gamma0.999_lam0.95_seed1_H4320_Q3e+06_pov0.1_fee0,checkpoints/DOGE/DOGE_S2B1_lr0.0003_clip0.2_ent0.01_ep4_bs16_cl32_gamma0.999_lam0.95_seed1_H4320_Q3e+06_pov0.1_fee0/best.weights.h5,11
DOGE,doge_q6e+06,6000000.0,4320,3500.0,0.1,buy,DOGE_PPO_1,2026-01-17_steps_5s.parquet,/Users/jackfletcher/Desktop/FYP_Data/Replay_5s_DOGE/January/2026-01-17_steps_5s.parquet,10958,2781,-8.865612303887112e-05,5999999.999999985,0.13878147056882198,0.138485,73.66525919422767,7.102967502221089e-13,0.9999999999999976,1.0,0.0,0.8865612303887024,DOGE_S2B1_lr0.0003_clip0.2_ent0.01_ep4_bs16_cl32_gamma0.999_lam0.95_seed1_H4320_Q3e+06_pov0.1_fee0,checkpoints/DOGE/DOGE_S2B1_lr0.0003_clip0.2_ent0.01_ep4_bs16_cl32_gamma0.999_lam0.95_seed1_H4320_Q3e+06_pov0.1_fee0/best.weights.h5,12
DOGE,doge_q6e+06,6000000.0,4320,3500.0,0.1,buy,DOGE_PPO_1,2026-01-31_steps_5s.parquet,/Users/jackfletcher/Desktop/FYP_Data/Replay_5s_DOGE/January/2026-01-31_steps_5s.parquet,5687,2978,-0.00010597289339200177,6000000.000000001,0.11199968897917527,0.11277000000000001,71.70337912689592,9.862704680980878e-13,1.0000000000000002,1.0,0.0,1.059728933920013,DOGE_S2B1_lr0.0003_clip0.2_ent0.01_ep4_bs16_cl32_gamma0.999_lam0.95_seed1_H4320_Q3e+06_pov0.1_fee0,checkpoints/DOGE/DOGE_S2B1_lr0.0003_clip0.2_ent0.01_ep4_bs16_cl32_gamma0.999_lam0.95_seed1_H4320_Q3e+06_pov0.1_fee0/best.weights.h5,13
DOGE,doge_q6e+06,6000000.0,4320,3500.0,0.1,buy,DOGE_PPO_1,2026-01-23_steps_5s.parquet,/Users/jackfletcher/Desktop/FYP_Data/Replay_5s_DOGE/January/2026-01-23_steps_5s.parquet,8029,2376,-9.625697996089377e-05,5999999.999999992,0.12505054469267576,0.125255,72.34000815001032,6.39501777011002e-13,0.9999999999999986,1.0,0.0,0.9625697996089354,DOGE_S2B1_lr0.0003_clip0.2_ent0.01_ep4_bs16_cl32_gamma0.999_lam0.95_seed1_H4320_Q3e+06_pov0.1_fee0,checkpoints/DOGE/DOGE_S2B1_lr0.0003_clip0.2_ent0.01_ep4_bs16_cl32_gamma0.999_lam0.95_seed1_H4320_Q3e+06_pov0.1_fee0/best.weights.h5,14
DOGE,doge_q6e+06,6000000.0,4320,3500.0,0.1,buy,DOGE_PPO_1,2026-01-19_steps_5s.parquet,/Users/jackfletcher/Desktop/FYP_Data/Replay_5s_DOGE/January/2026-01-19_steps_5s.parquet,7264,2664,-6.992651774839565e-05,5999999.999999987,0.12781110482401867,0.127645,53.5546221479647,6.252970794014183e-13,0.9999999999999978,1.0,0.0,0.6992651774839685,DOGE_S2B1_lr0.0003_clip0.2_ent0.01_ep4_bs16_cl32_gamma0.999_lam0.95_seed1_H4320_Q3e+06_pov0.1_fee0,checkpoints/DOGE/DOGE_S2B1_lr0.0003_clip0.2_ent0.01_ep4_bs16_cl32_gamma0.999_lam0.95_seed1_H4320_Q3e+06_pov0.1_fee0/best.weights.h5,15
DOGE,doge_q6e+06,6000000.0,4320,3500.0,0.1,buy,DOGE_PPO_1,2026-01-26_steps_5s.parquet,/Users/jackfletcher/Desktop/FYP_Data/Replay_5s_DOGE/January/2026-01-26_steps_5s.parquet,8199,2877,-6.514325876145609e-05,5999999.999999994,0.12155996127697416,0.121365,47.436669597505436,7.62190523349709e-13,0.9999999999999991,1.0,0.0,0.6514325876145709,DOGE_S2B1_lr0.0003_clip0.2_ent0.01_ep4_bs16_cl32_gamma0.999_lam0.95_seed1_H4320_Q3e+06_pov0.1_fee0,checkpoints/DOGE/DOGE_S2B1_lr0.0003_clip0.2_ent0.01_ep4_bs16_cl32_gamma0.999_lam0.95_seed1_H4320_Q3e+06_pov0.1_fee0/best.weights.h5,16
DOGE,doge_q6e+06,6000000.0,4320,3500.0,0.1,buy,DOGE_PPO_1,2026-01-27_steps_5s.parquet,/Users/jackfletcher/Desktop/FYP_Data/Replay_5s_DOGE/January/2026-01-27_steps_5s.parquet,2567,2275,-7.978738288094802e-05,5999999.999999985,0.12274259492409793,0.12279999999999999,58.78734370668265,7.732713840220885e-13,0.9999999999999976,1.0,0.0,0.7978738288094822,DOGE_S2B1_lr0.0003_clip0.2_ent0.01_ep4_bs16_cl32_gamma0.999_lam0.95_seed1_H4320_Q3e+06_pov0.1_fee0,checkpoints/DOGE/DOGE_S2B1_lr0.0003_clip0.2_ent0.01_ep4_bs16_cl32_gamma0.999_lam0.95_seed1_H4320_Q3e+06_pov0.1_fee0/best.weights.h5,17
DOGE,doge_q6e+06,6000000.0,4320,3500.0,0.1,buy,DOGE_PPO_1,2026-01-11_steps_5s.parquet,/Users/jackfletcher/Desktop/FYP_Data/Replay_5s_DOGE/January/2026-01-11_steps_5s.parquet,2597,2647,-6.482169725443803e-05,5999999.9999999935,0.13924860238808434,0.139135,54.113801084977844,8.930799472833746e-13,0.9999999999999989,1.0,0.0,0.6482169725443855,DOGE_S2B1_lr0.0003_clip0.2_ent0.01_ep4_bs16_cl32_gamma0.999_lam0.95_seed1_H4320_Q3e+06_pov0.1_fee0,checkpoints/DOGE/DOGE_S2B1_lr0.0003_clip0.2_ent0.01_ep4_bs16_cl32_gamma0.999_lam0.95_seed1_H4320_Q3e+06_pov0.1_fee0/best.weights.h5,18
DOGE,doge_q6e+06,6000000.0,4320,3500.0,0.1,buy,DOGE_PPO_1,2026-01-18_steps_5s.parquet,/Users/jackfletcher/Desktop/FYP_Data/Replay_5s_DOGE/January/2026-01-18_steps_5s.parquet,7550,2532,-9.260403871206042e-05,6000000.00000001,0.13717031310389918,0.13716499999999998,76.21219781963833,7.515952803173846e-13,1.0000000000000018,1.0,0.0,0.926040387120601,DOGE_S2B1_lr0.0003_clip0.2_ent0.01_ep4_bs16_cl32_gamma0.999_lam0.95_seed1_H4320_Q3e+06_pov0.1_fee0,checkpoints/DOGE/DOGE_S2B1_lr0.0003_clip0.2_ent0.01_ep4_bs16_cl32_gamma0.999_lam0.95_seed1_H4320_Q3e+06_pov0.1_fee0/best.weights.h5,19
DOGE,doge_q6e+06,6000000.0,4320,3500.0,0.1,buy,DOGE_PPO_1,2026-01-31_steps_5s.parquet,/Users/jackfletcher/Desktop/FYP_Data/Replay_5s_DOGE/January/2026-01-31_steps_5s.parquet,10304,2877,-0.00016398185883865127,6000000.000000004,0.10548311602643731,0.109665,107.89842329724392,8.057343362498678e-13,1.0000000000000007,1.0,0.0,1.639818588386509,DOGE_S2B1_lr0.0003_clip0.2_ent0.01_ep4_bs16_cl32_gamma0.999_lam0.95_seed1_H4320_Q3e+06_pov0.1_fee0,checkpoints/DOGE/DOGE_S2B1_lr0.0003_clip0.2_ent0.01_ep4_bs16_cl32_gamma0.999_lam0.95_seed1_H4320_Q3e+06_pov0.1_fee0/best.weights.h5,20
DOGE,doge_q6e+06,6000000.0,4320,3500.0,0.1,buy,DOGE_PPO_1,2026-01-15_steps_5s.parquet,/Users/jackfletcher/Desktop/FYP_Data/Replay_5s_DOGE/January/2026-01-15_steps_5s.parquet,5997,2904,-6.73129542484853e-05,6000000.000000003,0.1440496874935021,0.14371499999999998,58.04328731892691,7.585505243928585e-13,1.0000000000000004,1.0,0.0,0.6731295424848591,DOGE_S2B1_lr0.0003_clip0.2_ent0.01_ep4_bs16_cl32_gamma0.999_lam0.95_seed1_H4320_Q3e+06_pov0.1_fee0,checkpoints/DOGE/DOGE_S2B1_lr0.0003_clip0.2_ent0.01_ep4_bs16_cl32_gamma0.999_lam0.95_seed1_H4320_Q3e+06_pov0.1_fee0/best.weights.h5,21
DOGE,doge_q6e+06,6000000.0,4320,3500.0,0.1,buy,DOGE_PPO_1,2026-01-23_steps_5s.parquet,/Users/jackfletcher/Desktop/FYP_Data/Replay_5s_DOGE/January/2026-01-23_steps_5s.parquet,12680,2984,-0.00011688873443657916,5999999.999999998,0.1253391507085499,0.12775999999999998,89.60222826970501,8.557593857105939e-13,0.9999999999999997,1.0,0.0,1.1688873443658034,DOGE_S2B1_lr0.0003_clip0.2_ent0.01_ep4_bs16_cl32_gamma0.999_lam0.95_seed1_H4320_Q3e+06_pov0.1_fee0,checkpoints/DOGE/DOGE_S2B1_lr0.0003_clip0.2_ent0.01_ep4_bs16_cl32_gamma0.999_lam0.95_seed1_H4320_Q3e+06_pov0.1_fee0/best.weights.h5,22
DOGE,doge_q6e+06,6000000.0,4320,3500.0,0.1,buy,DOGE_PPO_1,2026-01-17_steps_5s.parquet,/Users/jackfletcher/Desktop/FYP_Data/Replay_5s_DOGE/January/2026-01-17_steps_5s.parquet,3060,2344,-5.752379227690194e-05,6000000.000000016,0.13751677062358944,0.13744499999999998,47.43814577699265,7.389353991198833e-13,1.0000000000000027,1.0,0.0,0.5752379227690185,DOGE_S2B1_lr0.0003_clip0.2_ent0.01_ep4_bs16_cl32_gamma0.999_lam0.95_seed1_H4320_Q3e+06_pov0.1_fee0,checkpoints/DOGE/DOGE_S2B1_lr0.0003_clip0.2_ent0.01_ep4_bs16_cl32_gamma0.999_lam0.95_seed1_H4320_Q3e+06_pov0.1_fee0/best.weights.h5,23
DOGE,doge_q6e+06,6000000.0,4320,3500.0,0.1,buy,DOGE_PPO_1,2026-01-28_steps_5s.parquet,/Users/jackfletcher/Desktop/FYP_Data/Replay_5s_DOGE/January/2026-01-28_steps_5s.parquet,1933,2629,-7.981231442871549e-05,5999999.999999991,0.12463390950207753,0.12482,59.77303852195399,8.963677118603313e-13,0.9999999999999984,1.0,0.0,0.7981231442871601,DOGE_S2B1_lr0.0003_clip0.2_ent0.01_ep4_bs16_cl32_gamma0.999_lam0.95_seed1_H4320_Q3e+06_pov0.1_fee0,checkpoints/DOGE/DOGE_S2B1_lr0.0003_clip0.2_ent0.01_ep4_bs16_cl32_gamma0.999_lam0.95_seed1_H4320_Q3e+06_pov0.1_fee0/best.weights.h5,24
DOGE,doge_q6e+06,6000000.0,4320,3500.0,0.1,buy,DOGE_PPO_1,2026-01-26_steps_5s.parquet,/Users/jackfletcher/Desktop/FYP_Data/Replay_5s_DOGE/January/2026-01-26_steps_5s.parquet,7185,2701,-6.252488449888009e-05,6000000.000000006,0.12127404290333912,0.120775,45.30865755211366,6.455445784031782e-13,1.0000000000000009,1.0,0.0,0.6252488449888036,DOGE_S2B1_lr0.0003_clip0.2_ent0.01_ep4_bs16_cl32_gamma0.999_lam0.95_seed1_H4320_Q3e+06_pov0.1_fee0,checkpoints/DOGE/DOGE_S2B1_lr0.0003_clip0.2_ent0.01_ep4_bs16_cl32_gamma0.999_lam0.95_seed1_H4320_Q3e+06_pov0.1_fee0/best.weights.h5,25
DOGE,doge_q6e+06,6000000.0,4320,3500.0,0.1,buy,DOGE_PPO_1,2026-01-17_steps_5s.parquet,/Users/jackfletcher/Desktop/FYP_Data/Replay_5s_DOGE/January/2026-01-17_steps_5s.parquet,9021,2895,-7.411026195799183e-05,5999999.9999999935,0.13815444203574764,0.13783499999999999,61.28992774187896,9.983536618005394e-13,0.9999999999999989,1.0,0.0,0.7411026195799201,DOGE_S2B1_lr0.0003_clip0.2_ent0.01_ep4_bs16_cl32_gamma0.999_lam0.95_seed1_H4320_Q3e+06_pov0.1_fee0,checkpoints/DOGE/DOGE_S2B1_lr0.0003_clip0.2_ent0.01_ep4_bs16_cl32_gamma0.999_lam0.95_seed1_H4320_Q3e+06_pov0.1_fee0/best.weights.h5,26
DOGE,doge_q6e+06,6000000.0,4320,3500.0,0.1,buy,DOGE_PPO_1,2026-01-21_steps_5s.parquet,/Users/jackfletcher/Desktop/FYP_Data/Replay_5s_DOGE/January/2026-01-21_steps_5s.parquet,3651,3151,-7.106231206885824e-05,5999999.999999988,0.1252226158501945,0.125425,53.477942947419535,6.145888164706378e-13,0.999999999999998,1.0,0.0,0.7106231206885859,DOGE_S2B1_lr0.0003_clip0.2_ent0.01_ep4_bs16_cl32_gamma0.999_lam0.95_seed1_H4320_Q3e+06_pov0.1_fee0,checkpoints/DOGE/DOGE_S2B1_lr0.0003_clip0.2_ent0.01_ep4_bs16_cl32_gamma0.999_lam0.95_seed1_H4320_Q3e+06_pov0.1_fee0/best.weights.h5,27
DOGE,doge_q6e+06,6000000.0,4320,3500.0,0.1,buy,DOGE_PPO_1,2026-01-14_steps_5s.parquet,/Users/jackfletcher/Desktop/FYP_Data/Replay_5s_DOGE/January/2026-01-14_steps_5s.parquet,3331,3458,-9.509703966953295e-05,6000000.00000002,0.14808037801997523,0.14896500000000001,84.99678308623211,7.11649688129498e-13,1.0000000000000033,1.0,0.0,0.9509703966953323,DOGE_S2B1_lr0.0003_clip0.2_ent0.01_ep4_bs16_cl32_gamma0.999_lam0.95_seed1_H4320_Q3e+06_pov0.1_fee0,checkpoints/DOGE/DOGE_S2B1_lr0.0003_clip0.2_ent0.01_ep4_bs16_cl32_gamma0.999_lam0.95_seed1_H4320_Q3e+06_pov0.1_fee0/best.weights.h5,28
DOGE,doge_q6e+06,6000000.0,4320,3500.0,0.1,buy,DOGE_PPO_1,2026-01-30_steps_5s.parquet,/Users/jackfletcher/Desktop/FYP_Data/Replay_5s_DOGE/January/2026-01-30_steps_5s.parquet,9235,3435,-0.00012040146357826085,6000000.00000001,0.11548538500293226,0.11499999999999999,83.07700986899978,6.967949245957257e-13,1.0000000000000018,1.0,0.0,1.2040146357826056,DOGE_S2B1_lr0.0003_clip0.2_ent0.01_ep4_bs16_cl32_gamma0.999_lam0.95_seed1_H4320_Q3e+06_pov0.1_fee0,checkpoints/DOGE/DOGE_S2B1_lr0.0003_clip0.2_ent0.01_ep4_bs16_cl32_gamma0.999_lam0.95_seed1_H4320_Q3e+06_pov0.1_fee0/best.weights.h5,29
DOGE,doge_q6e+06,6000000.0,4320,3500.0,0.1,buy,DOGE_PPO_1,2026-01-08_steps_5s.parquet,/Users/jackfletcher/Desktop/FYP_Data/Replay_5s_DOGE/January/2026-01-08_steps_5s.parquet,6519,3884,-8.489292538351877e-05,6000000.000000011,0.14116662846390376,0.143455,73.06988766535493,6.778233151228103e-13,1.0000000000000018,1.0,0.0,0.8489292538351739,DOGE_S2B1_lr0.0003_clip0.2_ent0.01_ep4_bs16_cl32_gamma0.999_lam0.95_seed1_H4320_Q3e+06_pov0.1_fee0,checkpoints/DOGE/DOGE_S2B1_lr0.0003_clip0.2_ent0.01_ep4_bs16_cl32_gamma0.999_lam0.95_seed1_H4320_Q3e+06_pov0.1_fee0/best.weights.h5,30
DOGE,doge_q6e+06,6000000.0,4320,3500.0,0.1,buy,DOGE_PPO_1,2026-01-21_steps_5s.parquet,/Users/jackfletcher/Desktop/FYP_Data/Replay_5s_DOGE/January/2026-01-21_steps_5s.parquet,7846,3566,-9.868016061253987e-05,6000000.000000018,0.1240394208094468,0.124535,73.73480281129616,6.689329631957856e-13,1.0000000000000029,1.0,0.0,0.986801606125402,DOGE_S2B1_lr0.0003_clip0.2_ent0.01_ep4_bs16_cl32_gamma0.999_lam0.95_seed1_H4320_Q3e+06_pov0.1_fee0,checkpoints/DOGE/DOGE_S2B1_lr0.0003_clip0.2_ent0.01_ep4_bs16_cl32_gamma0.999_lam0.95_seed1_H4320_Q3e+06_pov0.1_fee0/best.weights.h5,31
DOGE,doge_q6e+06,6000000.0,4320,3500.0,0.1,buy,DOGE_PPO_1,2026-01-23_steps_5s.parquet,/Users/jackfletcher/Desktop/FYP_Data/Replay_5s_DOGE/January/2026-01-23_steps_5s.parquet,11293,3336,-0.00011570451775709405,5999999.999999988,0.1257909274406934,0.12389,86.00779622955763,6.481418644480703e-13,0.999999999999998,1.0,0.0,1.1570451775709316,DOGE_S2B1_lr0.0003_clip0.2_ent0.01_ep4_bs16_cl32_gamma0.999_lam0.95_seed1_H4320_Q3e+06_pov0.1_fee0,checkpoints/DOGE/DOGE_S2B1_lr0.0003_clip0.2_ent0.01_ep4_bs16_cl32_gamma0.999_lam0.95_seed1_H4320_Q3e+06_pov0.1_fee0/best.weights.h5,32
DOGE,doge_q6e+06,6000000.0,4320,3500.0,0.1,buy,DOGE_PPO_1,2026-01-25_steps_5s.parquet,/Users/jackfletcher/Desktop/FYP_Data/Replay_5s_DOGE/January/2026-01-25_steps_5s.parquet,544,2137,-8.38643471363719e-05,5999999.999999999,0.12383211142737688,0.124085,62.43784508650013,5.883545385339607e-13,0.9999999999999999,1.0,0.0,0.8386434713637175,DOGE_S2B1_lr0.0003_clip0.2_ent0.01_ep4_bs16_cl32_gamma0.999_lam0.95_seed1_H4320_Q3e+06_pov0.1_fee0,checkpoints/DOGE/DOGE_S2B1_lr0.0003_clip0.2_ent0.01_ep4_bs16_cl32_gamma0.999_lam0.95_seed1_H4320_Q3e+06_pov0.1_fee0/best.weights.h5,33
DOGE,doge_q6e+06,6000000.0,4320,3500.0,0.1,buy,DOGE_PPO_1,2026-01-09_steps_5s.parquet,/Users/jackfletcher/Desktop/FYP_Data/Replay_5s_DOGE/January/2026-01-09_steps_5s.parquet,4606,3243,-7.114751169156355e-05,5999999.999999998,0.1416278982533218,0.142765,60.94424703987708,5.929821330073825e-13,0.9999999999999997,1.0,0.0,0.7114751169156431,DOGE_S2B1_lr0.0003_clip0.2_ent0.01_ep4_bs16_cl32_gamma0.999_lam0.95_seed1_H4320_Q3e+06_pov0.1_fee0,checkpoints/DOGE/DOGE_S2B1_lr0.0003_clip0.2_ent0.01_ep4_bs16_cl32_gamma0.999_lam0.95_seed1_H4320_Q3e+06_pov0.1_fee0/best.weights.h5,34
DOGE,doge_q6e+06,6000000.0,4320,3500.0,0.1,buy,DOGE_PPO_1,2026-01-22_steps_5s.parquet,/Users/jackfletcher/Desktop/FYP_Data/Replay_5s_DOGE/January/2026-01-22_steps_5s.parquet,8537,2918,-8.958490774716358e-05,6000000.000000013,0.12529317118914818,0.125865,67.6536264815807,8.994039409993913e-13,1.0000000000000022,1.0,0.0,0.8958490774716389,DOGE_S2B1_lr0.0003_clip0.2_ent0.01_ep4_bs16_cl32_gamma0.999_lam0.95_seed1_H4320_Q3e+06_pov0.1_fee0,checkpoints/DOGE/DOGE_S2B1_lr0.0003_clip0.2_ent0.01_ep4_bs16_cl32_gamma0.999_lam0.95_seed1_H4320_Q3e+06_pov0.1_fee0/best.weights.h5,35
DOGE,doge_q6e+06,6000000.0,4320,3500.0,0.1,buy,DOGE_PPO_1,2026-01-28_steps_5s.parquet,/Users/jackfletcher/Desktop/FYP_Data/Replay_5s_DOGE/January/2026-01-28_steps_5s.parquet,9967,3356,-9.74387785377133e-05,5999999.999999989,0.12489046114175104,0.126395,73.8946464796454,7.236248002449893e-13,0.9999999999999981,1.0,0.0,0.97438778537713,DOGE_S2B1_lr0.0003_clip0.2_ent0.01_ep4_bs16_cl32_gamma0.999_lam0.95_seed1_H4320_Q3e+06_pov0.1_fee0,checkpoints/DOGE/DOGE_S2B1_lr0.0003_clip0.2_ent0.01_ep4_bs16_cl32_gamma0.999_lam0.95_seed1_H4320_Q3e+06_pov0.1_fee0/best.weights.h5,36
DOGE,doge_q6e+06,6000000.0,4320,3500.0,0.1,buy,DOGE_PPO_1,2026-01-11_steps_5s.parquet,/Users/jackfletcher/Desktop/FYP_Data/Replay_5s_DOGE/January/2026-01-11_steps_5s.parquet,611,2832,-5.867314213727151e-05,5999999.999999995,0.1390445215205892,0.13905,48.95100248512644,7.836789184984282e-13,0.9999999999999992,1.0,0.0,0.5867314213727249,DOGE_S2B1_lr0.0003_clip0.2_ent0.01_ep4_bs16_cl32_gamma0.999_lam0.95_seed1_H4320_Q3e+06_pov0.1_fee0,checkpoints/DOGE/DOGE_S2B1_lr0.0003_clip0.2_ent0.01_ep4_bs16_cl32_gamma0.999_lam0.95_seed1_H4320_Q3e+06_pov0.1_fee0/best.weights.h5,37
DOGE,doge_q6e+06,6000000.0,4320,3500.0,0.1,buy,DOGE_PPO_1,2026-01-18_steps_5s.parquet,/Users/jackfletcher/Desktop/FYP_Data/Replay_5s_DOGE/January/2026-01-18_steps_5s.parquet,6582,2533,-8.433186781296838e-05,5999999.9999999935,0.13728021321591793,0.137295,69.47006274828951,8.871019467099991e-13,0.9999999999999989,1.0,0.0,0.8433186781296904,DOGE_S2B1_lr0.0003_clip0.2_ent0.01_ep4_bs16_cl32_gamma0.999_lam0.95_seed1_H4320_Q3e+06_pov0.1_fee0,checkpoints/DOGE/DOGE_S2B1_lr0.0003_clip0.2_ent0.01_ep4_bs16_cl32_gamma0.999_lam0.95_seed1_H4320_Q3e+06_pov0.1_fee0/best.weights.h5,38
DOGE,doge_q6e+06,6000000.0,4320,3500.0,0.1,buy,DOGE_PPO_1,2026-01-18_steps_5s.parquet,/Users/jackfletcher/Desktop/FYP_Data/Replay_5s_DOGE/January/2026-01-18_steps_5s.parquet,6715,2510,-8.553583196827018e-05,5999999.999999997,0.13728228377679,0.137295,70.4618523005027,9.129803269217023e-13,0.9999999999999996,1.0,0.0,0.8553583196827111,DOGE_S2B1_lr0.0003_clip0.2_ent0.01_ep4_bs16_cl32_gamma0.999_lam0.95_seed1_H4320_Q3e+06_pov0.1_fee0,checkpoints/DOGE/DOGE_S2B1_lr0.0003_clip0.2_ent0.01_ep4_bs16_cl32_gamma0.999_lam0.95_seed1_H4320_Q3e+06_pov0.1_fee0/best.weights.h5,39
DOGE,doge_q6e+06,6000000.0,4320,3500.0,0.1,buy,DOGE_PPO_1,2026-01-21_steps_5s.parquet,/Users/jackfletcher/Desktop/FYP_Data/Replay_5s_DOGE/January/2026-01-21_steps_5s.parquet,6646,2936,-8.230263347725893e-05,5999999.999999992,0.12401396617980515,0.124275,61.36895865231803,7.058100014573502e-13,0.9999999999999986,1.0,0.0,0.823026334772588,DOGE_S2B1_lr0.0003_clip0.2_ent0.01_ep4_bs16_cl32_gamma0.999_lam0.95_seed1_H4320_Q3e+06_pov0.1_fee0,checkpoints/DOGE/DOGE_S2B1_lr0.0003_clip0.2_ent0.01_ep4_bs16_cl32_gamma0.999_lam0.95_seed1_H4320_Q3e+06_pov0.1_fee0/best.weights.h5,40
DOGE,doge_q6e+06,6000000.0,4320,3500.0,0.1,buy,DOGE_PPO_1,2026-01-16_steps_5s.parquet,/Users/jackfletcher/Desktop/FYP_Data/Replay_5s_DOGE/January/2026-01-16_steps_5s.parquet,734,2770,-7.325984931472978e-05,5999999.999999992,0.13978335898833574,0.140125,61.59321831135935,6.916296865030721e-13,0.9999999999999986,1.0,0.0,0.7325984931473012,DOGE_S2B1_lr0.0003_clip0.2_ent0.01_ep4_bs16_cl32_gamma0.999_lam0.95_seed1_H4320_Q3e+06_pov0.1_fee0,checkpoints/DOGE/DOGE_S2B1_lr0.0003_clip0.2_ent0.01_ep4_bs16_cl32_gamma0.999_lam0.95_seed1_H4320_Q3e+06_pov0.1_fee0/best.weights.h5,41
DOGE,doge_q6e+06,6000000.0,4320,3500.0,0.1,buy,DOGE_PPO_1,2026-01-22_steps_5s.parquet,/Users/jackfletcher/Desktop/FYP_Data/Replay_5s_DOGE/January/2026-01-22_steps_5s.parquet,79,2652,-0.00011320774415169311,5999999.999999994,0.1273406575524449,0.12682,86.14203667990596,5.726407011332604e-13,0.9999999999999991,1.0,0.0,1.1320774415169266,DOGE_S2B1_lr0.0003_clip0.2_ent0.01_ep4_bs16_cl32_gamma0.999_lam0.95_seed1_H4320_Q3e+06_pov0.1_fee0,checkpoints/DOGE/DOGE_S2B1_lr0.0003_clip0.2_ent0.01_ep4_bs16_cl32_gamma0.999_lam0.95_seed1_H4320_Q3e+06_pov0.1_fee0/best.weights.h5,42
DOGE,doge_q6e+06,6000000.0,4320,3500.0,0.1,buy,DOGE_PPO_1,2026-01-15_steps_5s.parquet,/Users/jackfletcher/Desktop/FYP_Data/Replay_5s_DOGE/January/2026-01-15_steps_5s.parquet,6780,2857,-7.394445823519168e-05,5999999.999999985,0.14409363474120213,0.14380500000000002,63.80149689907012,6.962869534957287e-13,0.9999999999999976,1.0,0.0,0.7394445823519131,DOGE_S2B1_lr0.0003_clip0.2_ent0.01_ep4_bs16_cl32_gamma0.999_lam0.95_seed1_H4320_Q3e+06_pov0.1_fee0,checkpoints/DOGE/DOGE_S2B1_lr0.0003_clip0.2_ent0.01_ep4_bs16_cl32_gamma0.999_lam0.95_seed1_H4320_Q3e+06_pov0.1_fee0/best.weights.h5,43
DOGE,doge_q6e+06,6000000.0,4320,3500.0,0.1,buy,DOGE_PPO_1,2026-01-09_steps_5s.parquet,/Users/jackfletcher/Desktop/FYP_Data/Replay_5s_DOGE/January/2026-01-09_steps_5s.parquet,7203,3191,-7.152700262855216e-05,6000000.000000007,0.1404527427366588,0.14077499999999998,60.41528277020726,7.807594145805485e-13,1.0000000000000013,1.0,0.0,0.7152700262855298,DOGE_S2B1_lr0.0003_clip0.2_ent0.01_ep4_bs16_cl32_gamma0.999_lam0.95_seed1_H4320_Q3e+06_pov0.1_fee0,checkpoints/DOGE/DOGE_S2B1_lr0.0003_clip0.2_ent0.01_ep4_bs16_cl32_gamma0.999_lam0.95_seed1_H4320_Q3e+06_pov0.1_fee0/best.weights.h5,44
DOGE,doge_q6e+06,6000000.0,4320,3500.0,0.1,buy,DOGE_PPO_1,2026-01-28_steps_5s.parquet,/Users/jackfletcher/Desktop/FYP_Data/Replay_5s_DOGE/January/2026-01-28_steps_5s.parquet,10754,3177,-0.00010309118742894039,5999999.999999993,0.12469336532306863,0.12534499999999998,77.53178932968248,9.902375665656762e-13,0.9999999999999988,1.0,0.0,1.0309118742893943,DOGE_S2B1_lr0.0003_clip0.2_ent0.01_ep4_bs16_cl32_gamma0.999_lam0.95_seed1_H4320_Q3e+06_pov0.1_fee0,checkpoints/DOGE/DOGE_S2B1_lr0.0003_clip0.2_ent0.01_ep4_bs16_cl32_gamma0.999_lam0.95_seed1_H4320_Q3e+06_pov0.1_fee0/best.weights.h5,45
DOGE,doge_q6e+06,6000000.0,4320,3500.0,0.1,buy,DOGE_PPO_1,2026-01-20_steps_5s.parquet,/Users/jackfletcher/Desktop/FYP_Data/Replay_5s_DOGE/January/2026-01-20_steps_5s.parquet,2829,3433,-8.131026873931171e-05,6000000.000000012,0.12746596427660012,0.127965,62.42921123535579,8.43716155820468e-13,1.000000000000002,1.0,0.0,0.8131026873931125,DOGE_S2B1_lr0.0003_clip0.2_ent0.01_ep4_bs16_cl32_gamma0.999_lam0.95_seed1_H4320_Q3e+06_pov0.1_fee0,checkpoints/DOGE/DOGE_S2B1_lr0.0003_clip0.2_ent0.01_ep4_bs16_cl32_gamma0.999_lam0.95_seed1_H4320_Q3e+06_pov0.1_fee0/best.weights.h5,46
DOGE,doge_q6e+06,6000000.0,4320,3500.0,0.1,buy,DOGE_PPO_1,2026-01-13_steps_5s.parquet,/Users/jackfletcher/Desktop/FYP_Data/Replay_5s_DOGE/January/2026-01-13_steps_5s.parquet,3192,3251,-8.609787202465634e-05,6000000.000000007,0.1387289705726298,0.137605,71.08498607971704,7.23728873359564e-13,1.0000000000000013,1.0,0.0,0.8609787202465637,DOGE_S2B1_lr0.0003_clip0.2_ent0.01_ep4_bs16_cl32_gamma0.999_lam0.95_seed1_H4320_Q3e+06_pov0.1_fee0,checkpoints/DOGE/DOGE_S2B1_lr0.0003_clip0.2_ent0.01_ep4_bs16_cl32_gamma0.999_lam0.95_seed1_H4320_Q3e+06_pov0.1_fee0/best.weights.h5,47
DOGE,doge_q6e+06,6000000.0,4320,3500.0,0.1,buy,DOGE_PPO_1,2026-01-20_steps_5s.parquet,/Users/jackfletcher/Desktop/FYP_Data/Replay_5s_DOGE/January/2026-01-20_steps_5s.parquet,3172,3517,-8.38610707531021e-05,6000000.0000000335,0.12719945160447385,0.127815,64.31221654984626,6.513939381320502e-13,1.0000000000000056,1.0,0.0,0.8386107075310181,DOGE_S2B1_lr0.0003_clip0.2_ent0.01_ep4_bs16_cl32_gamma0.999_lam0.95_seed1_H4320_Q3e+06_pov0.1_fee0,checkpoints/DOGE/DOGE_S2B1_lr0.0003_clip0.2_ent0.01_ep4_bs16_cl32_gamma0.999_lam0.95_seed1_H4320_Q3e+06_pov0.1_fee0/best.weights.h5,48
DOGE,doge_q6e+06,6000000.0,4320,3500.0,0.1,buy,DOGE_PPO_1,2026-01-25_steps_5s.parquet,/Users/jackfletcher/Desktop/FYP_Data/Replay_5s_DOGE/January/2026-01-25_steps_5s.parquet,11522,3882,-0.00010866386635934537,5999999.9999999935,0.11985240010460542,0.12223,79.69190631061633,6.767711515012969e-13,0.9999999999999989,1.0,0.0,1.0866386635934486,DOGE_S2B1_lr0.0003_clip0.2_ent0.01_ep4_bs16_cl32_gamma0.999_lam0.95_seed1_H4320_Q3e+06_pov0.1_fee0,checkpoints/DOGE/DOGE_S2B1_lr0.0003_clip0.2_ent0.01_ep4_bs16_cl32_gamma0.999_lam0.95_seed1_H4320_Q3e+06_pov0.1_fee0/best.weights.h5,49
DOGE,doge_q6e+06,6000000.0,4320,3500.0,0.1,buy,DOGE_PPO_1,2026-01-17_steps_5s.parquet,/Users/jackfletcher/Desktop/FYP_Data/Replay_5s_DOGE/January/2026-01-17_steps_5s.parquet,1894,2284,-5.858810589790526e-05,5999999.999999987,0.13760713365696198,0.13736500000000001,48.2877309999951,7.180561984414233e-13,0.9999999999999978,1.0,0.0,0.5858810589790593,DOGE_S2B1_lr0.0003_clip0.2_ent0.01_ep4_bs16_cl32_gamma0.999_lam0.95_seed1_H4320_Q3e+06_pov0.1_fee0,checkpoints/DOGE/DOGE_S2B1_lr0.0003_clip0.2_ent0.01_ep4_bs16_cl32_gamma0.999_lam0.95_seed1_H4320_Q3e+06_pov0.1_fee0/best.weights.h5,50
DOGE,doge_q6e+06,6000000.0,4320,3500.0,0.1,buy,DOGE_PPO_1,2026-01-09_steps_5s.parquet,/Users/jackfletcher/Desktop/FYP_Data/Replay_5s_DOGE/January/2026-01-09_steps_5s.parquet,5696,3223,-7.157346114992243e-05,6000000.000000007,0.1407697671169692,0.142415,61.15880681799763,6.966880423786469e-13,1.0000000000000013,1.0,0.0,0.715734611499229,DOGE_S2B1_lr0.0003_clip0.2_ent0.01_ep4_bs16_cl32_gamma0.999_lam0.95_seed1_H4320_Q3e+06_pov0.1_fee0,checkpoints/DOGE/DOGE_S2B1_lr0.0003_clip0.2_ent0.01_ep4_bs16_cl32_gamma0.999_lam0.95_seed1_H4320_Q3e+06_pov0.1_fee0/best.weights.h5,51
DOGE,doge_q6e+06,6000000.0,4320,3500.0,0.1,buy,DOGE_PPO_1,2026-01-13_steps_5s.parquet,/Users/jackfletcher/Desktop/FYP_Data/Replay_5s_DOGE/January/2026-01-13_steps_5s.parquet,391,2738,-8.400274913294068e-05,5999999.999999994,0.1369592806898646,0.136975,69.0376593749075,6.646111691885683e-13,0.9999999999999991,1.0,0.0,0.8400274913294092,DOGE_S2B1_lr0.0003_clip0.2_ent0.01_ep4_bs16_cl32_gamma0.999_lam0.95_seed1_H4320_Q3e+06_pov0.1_fee0,checkpoints/DOGE/DOGE_S2B1_lr0.0003_clip0.2_ent0.01_ep4_bs16_cl32_gamma0.999_lam0.95_seed1_H4320_Q3e+06_pov0.1_fee0/best.weights.h5,52
DOGE,doge_q6e+06,6000000.0,4320,3500.0,0.1,buy,DOGE_PPO_1,2026-01-28_steps_5s.parquet,/Users/jackfletcher/Desktop/FYP_Data/Replay_5s_DOGE/January/2026-01-28_steps_5s.parquet,4778,2896,-9.457271031786554e-05,6000000.0,0.12596677481863972,0.125085,70.97776482066081,5.720654014180729e-13,1.0,1.0,0.0,0.9457271031786494,DOGE_S2B1_lr0.0003_clip0.2_ent0.01_ep4_bs16_cl32_gamma0.999_lam0.95_seed1_H4320_Q3e+06_pov0.1_fee0,checkpoints/DOGE/DOGE_S2B1_lr0.0003_clip0.2_ent0.01_ep4_bs16_cl32_gamma0.999_lam0.95_seed1_H4320_Q3e+06_pov0.1_fee0/best.weights.h5,53
DOGE,doge_q6e+06,6000000.0,4320,3500.0,0.1,buy,DOGE_PPO_1,2026-01-13_steps_5s.parquet,/Users/jackfletcher/Desktop/FYP_Data/Replay_5s_DOGE/January/2026-01-13_steps_5s.parquet,6368,3260,-5.691269326813422e-05,5999999.999999998,0.13942782040690735,0.13978000000000002,47.73153759011897,6.799378539651722e-13,0.9999999999999997,1.0,0.0,0.5691269326813441,DOGE_S2B1_lr0.0003_clip0.2_ent0.01_ep4_bs16_cl32_gamma0.999_lam0.95_seed1_H4320_Q3e+06_pov0.1_fee0,checkpoints/DOGE/DOGE_S2B1_lr0.0003_clip0.2_ent0.01_ep4_bs16_cl32_gamma0.999_lam0.95_seed1_H4320_Q3e+06_pov0.1_fee0/best.weights.h5,54
DOGE,doge_q6e+06,6000000.0,4320,3500.0,0.1,buy,DOGE_PPO_1,2026-01-12_steps_5s.parquet,/Users/jackfletcher/Desktop/FYP_Data/Replay_5s_DOGE/January/2026-01-12_steps_5s.parquet,10389,3805,-9.134263547623636e-05,5999999.999999991,0.13819768791562237,0.135745,74.39583631632972,8.150202722104468e-13,0.9999999999999984,1.0,0.0,0.9134263547623573,DOGE_S2B1_lr0.0003_clip0.2_ent0.01_ep4_bs16_cl32_gamma0.999_lam0.95_seed1_H4320_Q3e+06_pov0.1_fee0,checkpoints/DOGE/DOGE_S2B1_lr0.0003_clip0.2_ent0.01_ep4_bs16_cl32_gamma0.999_lam0.95_seed1_H4320_Q3e+06_pov0.1_fee0/best.weights.h5,55
DOGE,doge_q6e+06,6000000.0,4320,3500.0,0.1,buy,DOGE_PPO_1,2026-01-15_steps_5s.parquet,/Users/jackfletcher/Desktop/FYP_Data/Replay_5s_DOGE/January/2026-01-15_steps_5s.parquet,11996,3593,-8.018300841765325e-05,5999999.999999992,0.14031424487677324,0.14138499999999998,68.02004787078002,9.121724645990263e-13,0.9999999999999986,1.0,0.0,0.8018300841765396,DOGE_S2B1_lr0.0003_clip0.2_ent0.01_ep4_bs16_cl32_gamma0.999_lam0.95_seed1_H4320_Q3e+06_pov0.1_fee0,checkpoints/DOGE/DOGE_S2B1_lr0.0003_clip0.2_ent0.01_ep4_bs16_cl32_gamma0.999_lam0.95_seed1_H4320_Q3e+06_pov0.1_fee0/best.weights.h5,56
DOGE,doge_q6e+06,6000000.0,4320,3500.0,0.1,buy,DOGE_PPO_1,2026-01-11_steps_5s.parquet,/Users/jackfletcher/Desktop/FYP_Data/Replay_5s_DOGE/January/2026-01-11_steps_5s.parquet,48,2845,-5.54429939963145e-05,5999999.9999999935,0.1390707861106954,0.139505,46.4074492647354,6.967692099744489e-13,0.9999999999999989,1.0,0.0,0.5544299399631483,DOGE_S2B1_lr0.0003_clip0.2_ent0.01_ep4_bs16_cl32_gamma0.999_lam0.95_seed1_H4320_Q3e+06_pov0.1_fee0,checkpoints/DOGE/DOGE_S2B1_lr0.0003_clip0.2_ent0.01_ep4_bs16_cl32_gamma0.999_lam0.95_seed1_H4320_Q3e+06_pov0.1_fee0/best.weights.h5,57
DOGE,doge_q6e+06,6000000.0,4320,3500.0,0.1,buy,DOGE_PPO_1,2026-01-11_steps_5s.parquet,/Users/jackfletcher/Desktop/FYP_Data/Replay_5s_DOGE/January/2026-01-11_steps_5s.parquet,10158,2887,-9.449070091876373e-05,5999999.999999982,0.13943450655802295,0.140625,79.72652890020667,8.765075823602044e-13,0.999999999999997,1.0,0.0,0.9449070091876346,DOGE_S2B1_lr0.0003_clip0.2_ent0.01_ep4_bs16_cl32_gamma0.999_lam0.95_seed1_H4320_Q3e+06_pov0.1_fee0,checkpoints/DOGE/DOGE_S2B1_lr0.0003_clip0.2_ent0.01_ep4_bs16_cl32_gamma0.999_lam0.95_seed1_H4320_Q3e+06_pov0.1_fee0/best.weights.h5,58
DOGE,doge_q6e+06,6000000.0,4320,3500.0,0.1,buy,DOGE_PPO_1,2026-01-13_steps_5s.parquet,/Users/jackfletcher/Desktop/FYP_Data/Replay_5s_DOGE/January/2026-01-13_steps_5s.parquet,11186,3999,-0.00010689479720817103,6000000.0,0.1432274746819932,0.140425,90.06421138774476,5.174933993915646e-13,1.0,1.0,0.0,1.0689479720817134,DOGE_S2B1_lr0.0003_clip0.2_ent0.01_ep4_bs16_cl32_gamma0.999_lam0.95_seed1_H4320_Q3e+06_pov0.1_fee0,checkpoints/DOGE/DOGE_S2B1_lr0.0003_clip0.2_ent0.01_ep4_bs16_cl32_gamma0.999_lam0.95_seed1_H4320_Q3e+06_pov0.1_fee0/best.weights.h5,59
DOGE,doge_q6e+06,6000000.0,4320,3500.0,0.1,buy,DOGE_PPO_1,2026-01-19_steps_5s.parquet,/Users/jackfletcher/Desktop/FYP_Data/Replay_5s_DOGE/January/2026-01-19_steps_5s.parquet,833,3144,-7.031360616921458e-05,5999999.999999978,0.12708762311713045,0.126965,53.564202043646176,9.00333414680443e-13,0.9999999999999962,1.0,0.0,0.7031360616921485,DOGE_S2B1_lr0.0003_clip0.2_ent0.01_ep4_bs16_cl32_gamma0.999_lam0.95_seed1_H4320_Q3e+06_pov0.1_fee0,checkpoints/DOGE/DOGE_S2B1_lr0.0003_clip0.2_ent0.01_ep4_bs16_cl32_gamma0.999_lam0.95_seed1_H4320_Q3e+06_pov0.1_fee0/best.weights.h5,60
DOGE,doge_q6e+06,6000000.0,4320,3500.0,0.1,buy,DOGE_PPO_1,2026-01-21_steps_5s.parquet,/Users/jackfletcher/Desktop/FYP_Data/Replay_5s_DOGE/January/2026-01-21_steps_5s.parquet,7797,3494,-9.820721979929755e-05,6000000.000000026,0.12401866266190531,0.124515,73.36963183985726,8.050164894744396e-13,1.0000000000000044,1.0,0.0,0.9820721979929763,DOGE_S2B1_lr0.0003_clip0.2_ent0.01_ep4_bs16_cl32_gamma0.999_lam0.95_seed1_H4320_Q3e+06_pov0.1_fee0,checkpoints/DOGE/DOGE_S2B1_lr0.0003_clip0.2_ent0.01_ep4_bs16_cl32_gamma0.999_lam0.95_seed1_H4320_Q3e+06_pov0.1_fee0/best.weights.h5,61
DOGE,doge_q6e+06,6000000.0,4320,3500.0,0.1,buy,DOGE_PPO_1,2026-01-29_steps_5s.parquet,/Users/jackfletcher/Desktop/FYP_Data/Replay_5s_DOGE/January/2026-01-29_steps_5s.parquet,10814,2949,-9.778614769353095e-05,6000000.000000006,0.11648333848067874,0.118315,69.41740838616052,7.915054634361422e-13,1.0000000000000009,1.0,0.0,0.9778614769353071,DOGE_S2B1_lr0.0003_clip0.2_ent0.01_ep4_bs16_cl32_gamma0.999_lam0.95_seed1_H4320_Q3e+06_pov0.1_fee0,checkpoints/DOGE/DOGE_S2B1_lr0.0003_clip0.2_ent0.01_ep4_bs16_cl32_gamma0.999_lam0.95_seed1_H4320_Q3e+06_pov0.1_fee0/best.weights.h5,62
DOGE,doge_q6e+06,6000000.0,4320,3500.0,0.1,buy,DOGE_PPO_1,2026-01-26_steps_5s.parquet,/Users/jackfletcher/Desktop/FYP_Data/Replay_5s_DOGE/January/2026-01-26_steps_5s.parquet,7231,2693,-6.212352723446574e-05,6000000.000000003,0.12128440278826902,0.120895,45.062542950063985,7.852675885524572e-13,1.0000000000000004,1.0,0.0,0.6212352723446515,DOGE_S2B1_lr0.0003_clip0.2_ent0.01_ep4_bs16_cl32_gamma0.999_lam0.95_seed1_H4320_Q3e+06_pov0.1_fee0,checkpoints/DOGE/DOGE_S2B1_lr0.0003_clip0.2_ent0.01_ep4_bs16_cl32_gamma0.999_lam0.95_seed1_H4320_Q3e+06_pov0.1_fee0/best.weights.h5,63
DOGE,doge_q6e+06,6000000.0,4320,3500.0,0.1,buy,DOGE_PPO_1,2026-01-22_steps_5s.parquet,/Users/jackfletcher/Desktop/FYP_Data/Replay_5s_DOGE/January/2026-01-22_steps_5s.parquet,4293,2931,-7.016646438085634e-05,6000000.000000008,0.126564069891549,0.126965,53.45211090069195,8.067484193255499e-13,1.0000000000000013,1.0,0.0,0.7016646438085554,DOGE_S2B1_lr0.0003_clip0.2_ent0.01_ep4_bs16_cl32_gamma0.999_lam0.95_seed1_H4320_Q3e+06_pov0.1_fee0,checkpoints/DOGE/DOGE_S2B1_lr0.0003_clip0.2_ent0.01_ep4_bs16_cl32_gamma0.999_lam0.95_seed1_H4320_Q3e+06_pov0.1_fee0/best.weights.h5,64
DOGE,doge_q6e+06,6000000.0,4320,3500.0,0.1,buy,DOGE_PPO_1,2026-01-24_steps_5s.parquet,/Users/jackfletcher/Desktop/FYP_Data/Replay_5s_DOGE/January/2026-01-24_steps_5s.parquet,942,2120,-0.00012786291693002083,6000000.0000000065,0.12446369736094368,0.12443499999999999,95.46373240912371,6.721139795062429e-13,1.000000000000001,1.0,0.0,1.2786291693002199,DOGE_S2B1_lr0.0003_clip0.2_ent0.01_ep4_bs16_cl32_gamma0.999_lam0.95_seed1_H4320_Q3e+06_pov0.1_fee0,checkpoints/DOGE/DOGE_S2B1_lr0.0003_clip0.2_ent0.01_ep4_bs16_cl32_gamma0.999_lam0.95_seed1_H4320_Q3e+06_pov0.1_fee0/best.weights.h5,65
DOGE,doge_q6e+06,6000000.0,4320,3500.0,0.1,buy,DOGE_PPO_1,2026-01-22_steps_5s.parquet,/Users/jackfletcher/Desktop/FYP_Data/Replay_5s_DOGE/January/2026-01-22_steps_5s.parquet,7671,2651,-7.421799595969823e-05,5999999.99999998,0.1258894403301568,0.1266,56.37598973098663,6.016731897280017e-13,0.9999999999999968,1.0,0.0,0.7421799595969804,DOGE_S2B1_lr0.0003_clip0.2_ent0.01_ep4_bs16_cl32_gamma0.999_lam0.95_seed1_H4320_Q3e+06_pov0.1_fee0,checkpoints/DOGE/DOGE_S2B1_lr0.0003_clip0.2_ent0.01_ep4_bs16_cl32_gamma0.999_lam0.95_seed1_H4320_Q3e+06_pov0.1_fee0/best.weights.h5,66
DOGE,doge_q6e+06,6000000.0,4320,3500.0,0.1,buy,DOGE_PPO_1,2026-01-30_steps_5s.parquet,/Users/jackfletcher/Desktop/FYP_Data/Replay_5s_DOGE/January/2026-01-30_steps_5s.parquet,5565,3112,-9.924780357157028e-05,6000000.000000003,0.1139962705362428,0.113995,67.88252020884666,7.840507904344665e-13,1.0000000000000004,1.0,0.0,0.9924780357156989,DOGE_S2B1_lr0.0003_clip0.2_ent0.01_ep4_bs16_cl32_gamma0.999_lam0.95_seed1_H4320_Q3e+06_pov0.1_fee0,checkpoints/DOGE/DOGE_S2B1_lr0.0003_clip0.2_ent0.01_ep4_bs16_cl32_gamma0.999_lam0.95_seed1_H4320_Q3e+06_pov0.1_fee0/best.weights.h5,67
DOGE,doge_q6e+06,6000000.0,4320,3500.0,0.1,buy,DOGE_PPO_1,2026-01-22_steps_5s.parquet,/Users/jackfletcher/Desktop/FYP_Data/Replay_5s_DOGE/January/2026-01-22_steps_5s.parquet,9414,3191,-9.210202114960615e-05,5999999.999999999,0.12494153557501564,0.125695,69.46058129039889,8.190374968255701e-13,0.9999999999999999,1.0,0.0,0.921020211496067,DOGE_S2B1_lr0.0003_clip0.2_ent0.01_ep4_bs16_cl32_gamma0.999_lam0.95_seed1_H4320_Q3e+06_pov0.1_fee0,checkpoints/DOGE/DOGE_S2B1_lr0.0003_clip0.2_ent0.01_ep4_bs16_cl32_gamma0.999_lam0.95_seed1_H4320_Q3e+06_pov0.1_fee0/best.weights.h5,68
DOGE,doge_q6e+06,6000000.0,4320,3500.0,0.1,buy,DOGE_PPO_1,2026-01-31_steps_5s.parquet,/Users/jackfletcher/Desktop/FYP_Data/Replay_5s_DOGE/January/2026-01-31_steps_5s.parquet,7077,2952,-0.00011017247616490064,5999999.999999996,0.11168959083759694,0.111875,73.95327462568966,7.759129732757014e-13,0.9999999999999993,1.0,0.0,1.101724761649008,DOGE_S2B1_lr0.0003_clip0.2_ent0.01_ep4_bs16_cl32_gamma0.999_lam0.95_seed1_H4320_Q3e+06_pov0.1_fee0,checkpoints/DOGE/DOGE_S2B1_lr0.0003_clip0.2_ent0.01_ep4_bs16_cl32_gamma0.999_lam0.95_seed1_H4320_Q3e+06_pov0.1_fee0/best.weights.h5,69
DOGE,doge_q6e+06,6000000.0,4320,3500.0,0.1,buy,DOGE_PPO_1,2026-01-17_steps_5s.parquet,/Users/jackfletcher/Desktop/FYP_Data/Replay_5s_DOGE/January/2026-01-17_steps_5s.parquet,12396,2424,-9.231214864712783e-05,6000000.0,0.13876791210806314,0.13894499999999999,76.95786896265093,5.563134029260754e-13,1.0,1.0,0.0,0.9231214864712769,DOGE_S2B1_lr0.0003_clip0.2_ent0.01_ep4_bs16_cl32_gamma0.999_lam0.95_seed1_H4320_Q3e+06_pov0.1_fee0,checkpoints/DOGE/DOGE_S2B1_lr0.0003_clip0.2_ent0.01_ep4_bs16_cl32_gamma0.999_lam0.95_seed1_H4320_Q3e+06_pov0.1_fee0/best.weights.h5,70
DOGE,doge_q6e+06,6000000.0,4320,3500.0,0.1,buy,DOGE_PPO_1,2026-01-27_steps_5s.parquet,/Users/jackfletcher/Desktop/FYP_Data/Replay_5s_DOGE/January/2026-01-27_steps_5s.parquet,237,2432,-9.398774412308224e-05,5999999.999999994,0.12263456589600816,0.122275,68.95410847589991,8.629695460360334e-13,0.9999999999999991,1.0,0.0,0.9398774412308311,DOGE_S2B1_lr0.0003_clip0.2_ent0.01_ep4_bs16_cl32_gamma0.999_lam0.95_seed1_H4320_Q3e+06_pov0.1_fee0,checkpoints/DOGE/DOGE_S2B1_lr0.0003_clip0.2_ent0.01_ep4_bs16_cl32_gamma0.999_lam0.95_seed1_H4320_Q3e+06_pov0.1_fee0/best.weights.h5,71
DOGE,doge_q6e+06,6000000.0,4320,3500.0,0.1,buy,DOGE_PPO_1,2026-01-10_steps_5s.parquet,/Users/jackfletcher/Desktop/FYP_Data/Replay_5s_DOGE/January/2026-01-10_steps_5s.parquet,1631,2437,-8.54350468008015e-05,6000000.000000008,0.14014117116845662,0.140535,72.03968581290373,7.635184616207865e-13,1.0000000000000013,1.0,0.0,0.8543504680080138,DOGE_S2B1_lr0.0003_clip0.2_ent0.01_ep4_bs16_cl32_gamma0.999_lam0.95_seed1_H4320_Q3e+06_pov0.1_fee0,checkpoints/DOGE/DOGE_S2B1_lr0.0003_clip0.2_ent0.01_ep4_bs16_cl32_gamma0.999_lam0.95_seed1_H4320_Q3e+06_pov0.1_fee0/best.weights.h5,72
DOGE,doge_q6e+06,6000000.0,4320,3500.0,0.1,buy,DOGE_PPO_1,2026-01-31_steps_5s.parquet,/Users/jackfletcher/Desktop/FYP_Data/Replay_5s_DOGE/January/2026-01-31_steps_5s.parquet,7065,2953,-0.00011002294020596596,5999999.999999994,0.11169398354128487,0.111925,73.88590549531668,9.77705210433835e-13,0.9999999999999991,1.0,0.0,1.100229402059663,DOGE_S2B1_lr0.0003_clip0.2_ent0.01_ep4_bs16_cl32_gamma0.999_lam0.95_seed1_H4320_Q3e+06_pov0.1_fee0,checkpoints/DOGE/DOGE_S2B1_lr0.0003_clip0.2_ent0.01_ep4_bs16_cl32_gamma0.999_lam0.95_seed1_H4320_Q3e+06_pov0.1_fee0/best.weights.h5,73
DOGE,doge_q6e+06,6000000.0,4320,3500.0,0.1,buy,DOGE_PPO_1,2026-01-12_steps_5s.parquet,/Users/jackfletcher/Desktop/FYP_Data/Replay_5s_DOGE/January/2026-01-12_steps_5s.parquet,8529,3847,-8.2275800998786e-05,6000000.000000003,0.13709516258760385,0.136685,67.47520715711426,9.218013622308557e-13,1.0000000000000004,1.0,0.0,0.8227580099878584,DOGE_S2B1_lr0.0003_clip0.2_ent0.01_ep4_bs16_cl32_gamma0.999_lam0.95_seed1_H4320_Q3e+06_pov0.1_fee0,checkpoints/DOGE/DOGE_S2B1_lr0.0003_clip0.2_ent0.01_ep4_bs16_cl32_gamma0.999_lam0.95_seed1_H4320_Q3e+06_pov0.1_fee0/best.weights.h5,74
DOGE,doge_q6e+06,6000000.0,4320,3500.0,0.1,buy,DOGE_PPO_1,2026-01-12_steps_5s.parquet,/Users/jackfletcher/Desktop/FYP_Data/Replay_5s_DOGE/January/2026-01-12_steps_5s.parquet,2472,3364,-6.232457248490999e-05,5999999.9999999935,0.1403068573536676,0.141875,53.05379232778043,8.721909030324239e-13,0.9999999999999989,1.0,0.0,0.6232457248491093,DOGE_S2B1_lr0.0003_clip0.2_ent0.01_ep4_bs16_cl32_gamma0.999_lam0.95_seed1_H4320_Q3e+06_pov0.1_fee0,checkpoints/DOGE/DOGE_S2B1_lr0.0003_clip0.2_ent0.01_ep4_bs16_cl32_gamma0.999_lam0.95_seed1_H4320_Q3e+06_pov0.1_fee0/best.weights.h5,75
DOGE,doge_q6e+06,6000000.0,4320,3500.0,0.1,buy,DOGE_PPO_1,2026-01-09_steps_5s.parquet,/Users/jackfletcher/Desktop/FYP_Data/Replay_5s_DOGE/January/2026-01-09_steps_5s.parquet,11361,3527,-0.00010844010993402224,5999999.999999986,0.14114855501559562,0.142945,93.00582908711299,8.727677791550231e-13,0.9999999999999977,1.0,0.0,1.084401099340224,DOGE_S2B1_lr0.0003_clip0.2_ent0.01_ep4_bs16_cl32_gamma0.999_lam0.95_seed1_H4320_Q3e+06_pov0.1_fee0,checkpoints/DOGE/DOGE_S2B1_lr0.0003_clip0.2_ent0.01_ep4_bs16_cl32_gamma0.999_lam0.95_seed1_H4320_Q3e+06_pov0.1_fee0/best.weights.h5,76
DOGE,doge_q6e+06,6000000.0,4320,3500.0,0.1,buy,DOGE_PPO_1,2026-01-20_steps_5s.parquet,/Users/jackfletcher/Desktop/FYP_Data/Replay_5s_DOGE/January/2026-01-20_steps_5s.parquet,12550,3328,-8.758361262472907e-05,5999999.999999992,0.12393253345813307,0.123975,65.14907025090511,8.790857134818311e-13,0.9999999999999986,1.0,0.0,0.8758361262472959,DOGE_S2B1_lr0.0003_clip0.2_ent0.01_ep4_bs16_cl32_gamma0.999_lam0.95_seed1_H4320_Q3e+06_pov0.1_fee0,checkpoints/DOGE/DOGE_S2B1_lr0.0003_clip0.2_ent0.01_ep4_bs16_cl32_gamma0.999_lam0.95_seed1_H4320_Q3e+06_pov0.1_fee0/best.weights.h5,77
DOGE,doge_q6e+06,6000000.0,4320,3500.0,0.1,buy,DOGE_PPO_1,2026-01-24_steps_5s.parquet,/Users/jackfletcher/Desktop/FYP_Data/Replay_5s_DOGE/January/2026-01-24_steps_5s.parquet,4012,2307,-7.120293040660231e-05,6000000.000000008,0.12436676198396061,0.124485,53.18218074999565,5.943729721718552e-13,1.0000000000000013,1.0,0.0,0.7120293040660275,DOGE_S2B1_lr0.0003_clip0.2_ent0.01_ep4_bs16_cl32_gamma0.999_lam0.95_seed1_H4320_Q3e+06_pov0.1_fee0,checkpoints/DOGE/DOGE_S2B1_lr0.0003_clip0.2_ent0.01_ep4_bs16_cl32_gamma0.999_lam0.95_seed1_H4320_Q3e+06_pov0.1_fee0/best.weights.h5,78
DOGE,doge_q6e+06,6000000.0,4320,3500.0,0.1,buy,DOGE_PPO_1,2026-01-17_steps_5s.parquet,/Users/jackfletcher/Desktop/FYP_Data/Replay_5s_DOGE/January/2026-01-17_steps_5s.parquet,10802,2816,-8.837996788510674e-05,5999999.999999988,0.138773725291322,0.138515,73.45170750963251,9.77586202872729e-13,0.999999999999998,1.0,0.0,0.8837996788510573,DOGE_S2B1_lr0.0003_clip0.2_ent0.01_ep4_bs16_cl32_gamma0.999_lam0.95_seed1_H4320_Q3e+06_pov0.1_fee0,checkpoints/DOGE/DOGE_S2B1_lr0.0003_clip0.2_ent0.01_ep4_bs16_cl32_gamma0.999_lam0.95_seed1_H4320_Q3e+06_pov0.1_fee0/best.weights.h5,79
DOGE,doge_q6e+06,6000000.0,4320,3500.0,0.1,buy,DOGE_PPO_1,2026-01-28_steps_5s.parquet,/Users/jackfletcher/Desktop/FYP_Data/Replay_5s_DOGE/January/2026-01-28_steps_5s.parquet,1203,2640,-8.255922122301643e-05,6000000.000000003,0.12462270935818413,0.125055,61.94666046026566,5.565451507642493e-13,1.0000000000000004,1.0,0.0,0.8255922122301608,DOGE_S2B1_lr0.0003_clip0.2_ent0.01_ep4_bs16_cl32_gamma0.999_lam0.95_seed1_H4320_Q3e+06_pov0.1_fee0,checkpoints/DOGE/DOGE_S2B1_lr0.0003_clip0.2_ent0.01_ep4_bs16_cl32_gamma0.999_lam0.95_seed1_H4320_Q3e+06_pov0.1_fee0/best.weights.h5,80
DOGE,doge_q6e+06,6000000.0,4320,3500.0,0.1,buy,DOGE_PPO_1,2026-01-26_steps_5s.parquet,/Users/jackfletcher/Desktop/FYP_Data/Replay_5s_DOGE/January/2026-01-26_steps_5s.parquet,450,3117,-9.382402572873428e-05,5999999.999999973,0.12183280720134468,0.11997,67.5364102000577,6.432964962459574e-13,0.9999999999999954,1.0,0.0,0.9382402572873455,DOGE_S2B1_lr0.0003_clip0.2_ent0.01_ep4_bs16_cl32_gamma0.999_lam0.95_seed1_H4320_Q3e+06_pov0.1_fee0,checkpoints/DOGE/DOGE_S2B1_lr0.0003_clip0.2_ent0.01_ep4_bs16_cl32_gamma0.999_lam0.95_seed1_H4320_Q3e+06_pov0.1_fee0/best.weights.h5,81
DOGE,doge_q6e+06,6000000.0,4320,3500.0,0.1,buy,DOGE_PPO_1,2026-01-24_steps_5s.parquet,/Users/jackfletcher/Desktop/FYP_Data/Replay_5s_DOGE/January/2026-01-24_steps_5s.parquet,5934,2213,-8.197300885715455e-05,6000000.000000002,0.12455057567925311,0.124285,61.12809243486916,6.953046928569004e-13,1.0000000000000002,1.0,0.0,0.8197300885715514,DOGE_S2B1_lr0.0003_clip0.2_ent0.01_ep4_bs16_cl32_gamma0.999_lam0.95_seed1_H4320_Q3e+06_pov0.1_fee0,checkpoints/DOGE/DOGE_S2B1_lr0.0003_clip0.2_ent0.01_ep4_bs16_cl32_gamma0.999_lam0.95_seed1_H4320_Q3e+06_pov0.1_fee0/best.weights.h5,82
DOGE,doge_q6e+06,6000000.0,4320,3500.0,0.1,buy,DOGE_PPO_1,2026-01-21_steps_5s.parquet,/Users/jackfletcher/Desktop/FYP_Data/Replay_5s_DOGE/January/2026-01-21_steps_5s.parquet,287,2666,-9.853683708755842e-05,6000000.000000013,0.125529011523325,0.123385,72.94780586428999,5.294035571413143e-13,1.0000000000000022,1.0,0.0,0.9853683708755789,DOGE_S2B1_lr0.0003_clip0.2_ent0.01_ep4_bs16_cl32_gamma0.999_lam0.95_seed1_H4320_Q3e+06_pov0.1_fee0,checkpoints/DOGE/DOGE_S2B1_lr0.0003_clip0.2_ent0.01_ep4_bs16_cl32_gamma0.999_lam0.95_seed1_H4320_Q3e+06_pov0.1_fee0/best.weights.h5,83
DOGE,doge_q6e+06,6000000.0,4320,3500.0,0.1,buy,DOGE_PPO_1,2026-01-31_steps_5s.parquet,/Users/jackfletcher/Desktop/FYP_Data/Replay_5s_DOGE/January/2026-01-31_steps_5s.parquet,5512,3001,-0.00010836528866036267,6000000.000000011,0.11204234157047757,0.11232500000000001,73.03278629265176,6.269586377509871e-13,1.0000000000000018,1.0,0.0,1.0836528866036317,DOGE_S2B1_lr0.0003_clip0.2_ent0.01_ep4_bs16_cl32_gamma0.999_lam0.95_seed1_H4320_Q3e+06_pov0.1_fee0,checkpoints/DOGE/DOGE_S2B1_lr0.0003_clip0.2_ent0.01_ep4_bs16_cl32_gamma0.999_lam0.95_seed1_H4320_Q3e+06_pov0.1_fee0/best.weights.h5,84
DOGE,doge_q6e+06,6000000.0,4320,3500.0,0.1,buy,DOGE_PPO_1,2026-01-21_steps_5s.parquet,/Users/jackfletcher/Desktop/FYP_Data/Replay_5s_DOGE/January/2026-01-21_steps_5s.parquet,5889,2733,-7.530378484301593e-05,5999999.999999994,0.1244616310113741,0.124985,56.471061291627,6.78082059777531e-13,0.9999999999999991,1.0,0.0,0.7530378484301716,DOGE_S2B1_lr0.0003_clip0.2_ent0.01_ep4_bs16_cl32_gamma0.999_lam0.95_seed1_H4320_Q3e+06_pov0.1_fee0,checkpoints/DOGE/DOGE_S2B1_lr0.0003_clip0.2_ent0.01_ep4_bs16_cl32_gamma0.999_lam0.95_seed1_H4320_Q3e+06_pov0.1_fee0/best.weights.h5,85
DOGE,doge_q6e+06,6000000.0,4320,3500.0,0.1,buy,DOGE_PPO_1,2026-01-30_steps_5s.parquet,/Users/jackfletcher/Desktop/FYP_Data/Replay_5s_DOGE/January/2026-01-30_steps_5s.parquet,429,3000,-9.72375009842821e-05,5999999.999999998,0.11530355637212751,0.11702,68.27239419108383,9.53453535881523e-13,0.9999999999999997,1.0,0.0,0.9723750098428166,DOGE_S2B1_lr0.0003_clip0.2_ent0.01_ep4_bs16_cl32_gamma0.999_lam0.95_seed1_H4320_Q3e+06_pov0.1_fee0,checkpoints/DOGE/DOGE_S2B1_lr0.0003_clip0.2_ent0.01_ep4_bs16_cl32_gamma0.999_lam0.95_seed1_H4320_Q3e+06_pov0.1_fee0/best.weights.h5,86
DOGE,doge_q6e+06,6000000.0,4320,3500.0,0.1,buy,DOGE_PPO_1,2026-01-15_steps_5s.parquet,/Users/jackfletcher/Desktop/FYP_Data/Replay_5s_DOGE/January/2026-01-15_steps_5s.parquet,5847,2939,-6.580594630247691e-05,6000000.000000006,0.14403807247129563,0.144055,56.87805356762052,7.721903555139809e-13,1.0000000000000009,1.0,0.0,0.6580594630247767,DOGE_S2B1_lr0.0003_clip0.2_ent0.01_ep4_bs16_cl32_gamma0.999_lam0.95_seed1_H4320_Q3e+06_pov0.1_fee0,checkpoints/DOGE/DOGE_S2B1_lr0.0003_clip0.2_ent0.01_ep4_bs16_cl32_gamma0.999_lam0.95_seed1_H4320_Q3e+06_pov0.1_fee0/best.weights.h5,87
DOGE,doge_q6e+06,6000000.0,4320,3500.0,0.1,buy,DOGE_PPO_1,2026-01-22_steps_5s.parquet,/Users/jackfletcher/Desktop/FYP_Data/Replay_5s_DOGE/January/2026-01-22_steps_5s.parquet,10862,3060,-9.630787091991847e-05,6000000.0,0.12472025538137786,0.12412000000000001,71.72239763148137,6.277242937967956e-13,1.0,1.0,0.0,0.9630787091991805,DOGE_S2B1_lr0.0003_clip0.2_ent0.01_ep4_bs16_cl32_gamma0.999_lam0.95_seed1_H4320_Q3e+06_pov0.1_fee0,checkpoints/DOGE/DOGE_S2B1_lr0.0003_clip0.2_ent0.01_ep4_bs16_cl32_gamma0.999_lam0.95_seed1_H4320_Q3e+06_pov0.1_fee0/best.weights.h5,88
DOGE,doge_q6e+06,6000000.0,4320,3500.0,0.1,buy,DOGE_PPO_1,2026-01-13_steps_5s.parquet,/Users/jackfletcher/Desktop/FYP_Data/Replay_5s_DOGE/January/2026-01-13_steps_5s.parquet,1915,3017,-9.724239891726065e-05,5999999.999999982,0.13787253678812902,0.136785,79.80780921538421,6.580528944123259e-13,0.999999999999997,1.0,0.0,0.9724239891725972,DOGE_S2B1_lr0.0003_clip0.2_ent0.01_ep4_bs16_cl32_gamma0.999_lam0.95_seed1_H4320_Q3e+06_pov0.1_fee0,checkpoints/DOGE/DOGE_S2B1_lr0.0003_clip0.2_ent0.01_ep4_bs16_cl32_gamma0.999_lam0.95_seed1_H4320_Q3e+06_pov0.1_fee0/best.weights.h5,89
DOGE,doge_q6e+06,6000000.0,4320,3500.0,0.1,buy,DOGE_PPO_1,2026-01-28_steps_5s.parquet,/Users/jackfletcher/Desktop/FYP_Data/Replay_5s_DOGE/January/2026-01-28_steps_5s.parquet,7121,2969,-8.36103450252009e-05,5999999.999999998,0.1266006647588717,0.12718000000000002,63.80138208183059,7.674079801963827e-13,0.9999999999999997,1.0,0.0,0.8361034502520125,DOGE_S2B1_lr0.0003_clip0.2_ent0.01_ep4_bs16_cl32_gamma0.999_lam0.95_seed1_H4320_Q3e+06_pov0.1_fee0,checkpoints/DOGE/DOGE_S2B1_lr0.0003_clip0.2_ent0.01_ep4_bs16_cl32_gamma0.999_lam0.95_seed1_H4320_Q3e+06_pov0.1_fee0/best.weights.h5,90
DOGE,doge_q6e+06,6000000.0,4320,3500.0,0.1,buy,DOGE_PPO_1,2026-01-10_steps_5s.parquet,/Users/jackfletcher/Desktop/FYP_Data/Replay_5s_DOGE/January/2026-01-10_steps_5s.parquet,5505,2613,-5.775772145100001e-05,6000000.000000001,0.14012427496441596,0.140305,48.62218264909542,9.064182978231067e-13,1.0000000000000002,1.0,0.0,0.577577214510001,DOGE_S2B1_lr0.0003_clip0.2_ent0.01_ep4_bs16_cl32_gamma0.999_lam0.95_seed1_H4320_Q3e+06_pov0.1_fee0,checkpoints/DOGE/DOGE_S2B1_lr0.0003_clip0.2_ent0.01_ep4_bs16_cl32_gamma0.999_lam0.95_seed1_H4320_Q3e+06_pov0.1_fee0/best.weights.h5,91
DOGE,doge_q6e+06,6000000.0,4320,3500.0,0.1,buy,DOGE_PPO_1,2026-01-25_steps_5s.parquet,/Users/jackfletcher/Desktop/FYP_Data/Replay_5s_DOGE/January/2026-01-25_steps_5s.parquet,11616,3891,-0.00010879130865415499,6000000.000000002,0.11977523834259465,0.12139,79.23706174516724,6.439544177282807e-13,1.0000000000000002,1.0,0.0,1.0879130865415498,DOGE_S2B1_lr0.0003_clip0.2_ent0.01_ep4_bs16_cl32_gamma0.999_lam0.95_seed1_H4320_Q3e+06_pov0.1_fee0,checkpoints/DOGE/DOGE_S2B1_lr0.0003_clip0.2_ent0.01_ep4_bs16_cl32_gamma0.999_lam0.95_seed1_H4320_Q3e+06_pov0.1_fee0/best.weights.h5,92
DOGE,doge_q6e+06,6000000.0,4320,3500.0,0.1,buy,DOGE_PPO_1,2026-01-10_steps_5s.parquet,/Users/jackfletcher/Desktop/FYP_Data/Replay_5s_DOGE/January/2026-01-10_steps_5s.parquet,2493,2462,-7.319557201932097e-05,5999999.999999992,0.1400869361286341,0.140355,61.64018706463109,7.034731507587339e-13,0.9999999999999986,1.0,0.0,0.7319557201932136,DOGE_S2B1_lr0.0003_clip0.2_ent0.01_ep4_bs16_cl32_gamma0.999_lam0.95_seed1_H4320_Q3e+06_pov0.1_fee0,checkpoints/DOGE/DOGE_S2B1_lr0.0003_clip0.2_ent0.01_ep4_bs16_cl32_gamma0.999_lam0.95_seed1_H4320_Q3e+06_pov0.1_fee0/best.weights.h5,93
DOGE,doge_q6e+06,6000000.0,4320,3500.0,0.1,buy,DOGE_PPO_1,2026-01-28_steps_5s.parquet,/Users/jackfletcher/Desktop/FYP_Data/Replay_5s_DOGE/January/2026-01-28_steps_5s.parquet,11648,3056,-0.00011346736082524676,5999999.999999998,0.12482213436322141,0.12454499999999999,84.79075472388253,9.551784609961658e-13,0.9999999999999997,1.0,0.0,1.1346736082524729,DOGE_S2B1_lr0.0003_clip0.2_ent0.01_ep4_bs16_cl32_gamma0.999_lam0.95_seed1_H4320_Q3e+06_pov0.1_fee0,checkpoints/DOGE/DOGE_S2B1_lr0.0003_clip0.2_ent0.01_ep4_bs16_cl32_gamma0.999_lam0.95_seed1_H4320_Q3e+06_pov0.1_fee0/best.weights.h5,94
DOGE,doge_q6e+06,6000000.0,4320,3500.0,0.1,buy,DOGE_PPO_1,2026-01-15_steps_5s.parquet,/Users/jackfletcher/Desktop/FYP_Data/Replay_5s_DOGE/January/2026-01-15_steps_5s.parquet,11127,3859,-8.73101794658427e-05,6000000.000000009,0.14071911444531962,0.141845,74.3070744379944,9.448717376262771e-13,1.0000000000000016,1.0,0.0,0.873101794658423,DOGE_S2B1_lr0.0003_clip0.2_ent0.01_ep4_bs16_cl32_gamma0.999_lam0.95_seed1_H4320_Q3e+06_pov0.1_fee0,checkpoints/DOGE/DOGE_S2B1_lr0.0003_clip0.2_ent0.01_ep4_bs16_cl32_gamma0.999_lam0.95_seed1_H4320_Q3e+06_pov0.1_fee0/best.weights.h5,95
DOGE,doge_q6e+06,6000000.0,4320,3500.0,0.1,buy,DOGE_PPO_1,2026-01-16_steps_5s.parquet,/Users/jackfletcher/Desktop/FYP_Data/Replay_5s_DOGE/January/2026-01-16_steps_5s.parquet,8495,3071,-5.902382981807506e-05,6000000.00000001,0.13767782832610503,0.138065,48.894750382995525,6.234121118525204e-13,1.0000000000000018,1.0,0.0,0.5902382981807546,DOGE_S2B1_lr0.0003_clip0.2_ent0.01_ep4_bs16_cl32_gamma0.999_lam0.95_seed1_H4320_Q3e+06_pov0.1_fee0,checkpoints/DOGE/DOGE_S2B1_lr0.0003_clip0.2_ent0.01_ep4_bs16_cl32_gamma0.999_lam0.95_seed1_H4320_Q3e+06_pov0.1_fee0/best.weights.h5,96
DOGE,doge_q6e+06,6000000.0,4320,3500.0,0.1,buy,DOGE_PPO_1,2026-01-30_steps_5s.parquet,/Users/jackfletcher/Desktop/FYP_Data/Replay_5s_DOGE/January/2026-01-30_steps_5s.parquet,1329,3093,-8.850819291275047e-05,5999999.999999993,0.11475250359138389,0.11465,60.88478590468248,9.280876802656405e-13,0.9999999999999988,1.0,0.0,0.8850819291275256,DOGE_S2B1_lr0.0003_clip0.2_ent0.01_ep4_bs16_cl32_gamma0.999_lam0.95_seed1_H4320_Q3e+06_pov0.1_fee0,checkpoints/DOGE/DOGE_S2B1_lr0.0003_clip0.2_ent0.01_ep4_bs16_cl32_gamma0.999_lam0.95_seed1_H4320_Q3e+06_pov0.1_fee0/best.weights.h5,97
DOGE,doge_q6e+06,6000000.0,4320,3500.0,0.1,buy,DOGE_PPO_1,2026-01-28_steps_5s.parquet,/Users/jackfletcher/Desktop/FYP_Data/Replay_5s_DOGE/January/2026-01-28_steps_5s.parquet,1753,2620,-8.104683968016635e-05,5999999.99999999,0.12459927377066693,0.124855,60.71461900960435,9.1232560186039e-13,0.9999999999999983,1.0,0.0,0.8104683968016813,DOGE_S2B1_lr0.0003_clip0.2_ent0.01_ep4_bs16_cl32_gamma0.999_lam0.95_seed1_H4320_Q3e+06_pov0.1_fee0,checkpoints/DOGE/DOGE_S2B1_lr0.0003_clip0.2_ent0.01_ep4_bs16_cl32_gamma0.999_lam0.95_seed1_H4320_Q3e+06_pov0.1_fee0/best.weights.h5,98
DOGE,doge_q6e+06,6000000.0,4320,3500.0,0.1,buy,DOGE_PPO_1,2026-01-23_steps_5s.parquet,/Users/jackfletcher/Desktop/FYP_Data/Replay_5s_DOGE/January/2026-01-23_steps_5s.parquet,8152,2396,-9.536078400095824e-05,5999999.999999991,0.12498178309754412,0.12526500000000002,71.67221164728029,7.884627457131177e-13,0.9999999999999984,1.0,0.0,0.9536078400095834,DOGE_S2B1_lr0.0003_clip0.2_ent0.01_ep4_bs16_cl32_gamma0.999_lam0.95_seed1_H4320_Q3e+06_pov0.1_fee0,checkpoints/DOGE/DOGE_S2B1_lr0.0003_clip0.2_ent0.01_ep4_bs16_cl32_gamma0.999_lam0.95_seed1_H4320_Q3e+06_pov0.1_fee0/best.weights.h5,99
DOGE,doge_q6e+06,6000000.0,4320,3500.0,0.1,buy,DOGE_PPO_2,2026-01-11_steps_5s.parquet,/Users/jackfletcher/Desktop/FYP_Data/Replay_5s_DOGE/January/2026-01-11_steps_5s.parquet,2088,2677,-6.617902798259343e-05,5999999.999999992,0.1391718699066698,0.139015,55.19926545000204,7.096688933978945e-13,0.9999999999999986,1.0,0.0,0.6617902798259425,DOGE_S2B2_lr0.0003_clip0.2_ent0.005_ep4_bs16_cl32_gamma0.999_lam0.95_seed1_H4320_Q3e+06_pov0.1_fee0,checkpoints/DOGE/DOGE_S2B2_lr0.0003_clip0.2_ent0.005_ep4_bs16_cl32_gamma0.999_lam0.95_seed1_H4320_Q3e+06_pov0.1_fee0/best.weights.h5,0
DOGE,doge_q6e+06,6000000.0,4320,3500.0,0.1,buy,DOGE_PPO_2,2026-01-30_steps_5s.parquet,/Users/jackfletcher/Desktop/FYP_Data/Replay_5s_DOGE/January/2026-01-30_steps_5s.parquet,5511,3143,-9.920112971189166e-05,6000000.000000005,0.11398925127028467,0.113905,67.79702807899875,8.837758430228807e-13,1.0000000000000007,1.0,0.0,0.9920112971189259,DOGE_S2B2_lr0.0003_clip0.2_ent0.005_ep4_bs16_cl32_gamma0.999_lam0.95_seed1_H4320_Q3e+06_pov0.1_fee0,checkpoints/DOGE/DOGE_S2B2_lr0.0003_clip0.2_ent0.005_ep4_bs16_cl32_gamma0.999_lam0.95_seed1_H4320_Q3e+06_pov0.1_fee0/best.weights.h5,1
DOGE,doge_q6e+06,6000000.0,4320,3500.0,0.1,buy,DOGE_PPO_2,2026-01-31_steps_5s.parquet,/Users/jackfletcher/Desktop/FYP_Data/Replay_5s_DOGE/January/2026-01-31_steps_5s.parquet,11812,2688,-0.0001757081493868737,5999999.999999999,0.10259877129881904,0.107925,113.77981213547027,6.591910073593175e-13,0.9999999999999999,1.0,0.0,1.75708149386874,DOGE_S2B2_lr0.0003_clip0.2_ent0.005_ep4_bs16_cl32_gamma0.999_lam0.95_seed1_H4320_Q3e+06_pov0.1_fee0,checkpoints/DOGE/DOGE_S2B2_lr0.0003_clip0.2_ent0.005_ep4_bs16_cl32_gamma0.999_lam0.95_seed1_H4320_Q3e+06_pov0.1_fee0/best.weights.h5,2
DOGE,doge_q6e+06,6000000.0,4320,3500.0,0.1,buy,DOGE_PPO_2,2026-01-15_steps_5s.parquet,/Users/jackfletcher/Desktop/FYP_Data/Replay_5s_DOGE/January/2026-01-15_steps_5s.parquet,3234,3197,-6.183140783133001e-05,6000000.0,0.14359193910680282,0.14331,53.166354337848645,8.44992124910608e-13,1.0,1.0,0.0,0.6183140783133143,DOGE_S2B2_lr0.0003_clip0.2_ent0.005_ep4_bs16_cl32_gamma0.999_lam0.95_seed1_H4320_Q3e+06_pov0.1_fee0,checkpoints/DOGE/DOGE_S2B2_lr0.0003_clip0.2_ent0.005_ep4_bs16_cl32_gamma0.999_lam0.95_seed1_H4320_Q3e+06_pov0.1_fee0/best.weights.h5,3
DOGE,doge_q6e+06,6000000.0,4320,3500.0,0.1,buy,DOGE_PPO_2,2026-01-17_steps_5s.parquet,/Users/jackfletcher/Desktop/FYP_Data/Replay_5s_DOGE/January/2026-01-17_steps_5s.parquet,10735,2814,-8.752964097195135e-05,6000000.0,0.13876960496419843,0.138485,72.72925398000342,8.108543130702304e-13,1.0,1.0,0.0,0.8752964097195054,DOGE_S2B2_lr0.0003_clip0.2_ent0.005_ep4_bs16_cl32_gamma0.999_lam0.95_seed1_H4320_Q3e+06_pov0.1_fee0,checkpoints/DOGE/DOGE_S2B2_lr0.0003_clip0.2_ent0.005_ep4_bs16_cl32_gamma0.999_lam0.95_seed1_H4320_Q3e+06_pov0.1_fee0/best.weights.h5,4
DOGE,doge_q6e+06,6000000.0,4320,3500.0,0.1,buy,DOGE_PPO_2,2026-01-31_steps_5s.parquet,/Users/jackfletcher/Desktop/FYP_Data/Replay_5s_DOGE/January/2026-01-31_steps_5s.parquet,11851,2680,-0.00017618149010520363,6000000.000000001,0.1025246773737285,0.10704,113.15080020516575,7.625449396798382e-13,1.0000000000000002,1.0,0.0,1.7618149010520328,DOGE_S2B2_lr0.0003_clip0.2_ent0.005_ep4_bs16_cl32_gamma0.999_lam0.95_seed1_H4320_Q3e+06_pov0.1_fee0,checkpoints/DOGE/DOGE_S2B2_lr0.0003_clip0.2_ent0.005_ep4_bs16_cl32_gamma0.999_lam0.95_seed1_H4320_Q3e+06_pov0.1_fee0/best.weights.h5,5
DOGE,doge_q6e+06,6000000.0,4320,3500.0,0.1,buy,DOGE_PPO_2,2026-01-31_steps_5s.parquet,/Users/jackfletcher/Desktop/FYP_Data/Replay_5s_DOGE/January/2026-01-31_steps_5s.parquet,5721,2983,-0.00010541747782857781,6000000.000000004,0.11198501492724904,0.11273,71.30227365369349,9.974377147630368e-13,1.0000000000000007,1.0,0.0,1.0541747782857784,DOGE_S2B2_lr0.0003_clip0.2_ent0.005_ep4_bs16_cl32_gamma0.999_lam0.95_seed1_H4320_Q3e+06_pov0.1_fee0,checkpoints/DOGE/DOGE_S2B2_lr0.0003_clip0.2_ent0.005_ep4_bs16_cl32_gamma0.999_lam0.95_seed1_H4320_Q3e+06_pov0.1_fee0/best.weights.h5,6
DOGE,doge_q6e+06,6000000.0,4320,3500.0,0.1,buy,DOGE_PPO_2,2026-01-18_steps_5s.parquet,/Users/jackfletcher/Desktop/FYP_Data/Replay_5s_DOGE/January/2026-01-18_steps_5s.parquet,6426,2537,-8.458353429148474e-05,5999999.999999997,0.13729375909313465,0.137485,69.77380327238821,9.321091305563356e-13,0.9999999999999996,1.0,0.0,0.8458353429148417,DOGE_S2B2_lr0.0003_clip0.2_ent0.005_ep4_bs16_cl32_gamma0.999_lam0.95_seed1_H4320_Q3e+06_pov0.1_fee0,checkpoints/DOGE/DOGE_S2B2_lr0.0003_clip0.2_ent0.005_ep4_bs16_cl32_gamma0.999_lam0.95_seed1_H4320_Q3e+06_pov0.1_fee0/best.weights.h5,7
DOGE,doge_q6e+06,6000000.0,4320,3500.0,0.1,buy,DOGE_PPO_2,2026-01-10_steps_5s.parquet,/Users/jackfletcher/Desktop/FYP_Data/Replay_5s_DOGE/January/2026-01-10_steps_5s.parquet,4690,2658,-5.78572768051219e-05,6000000.000000011,0.14004617161184213,0.13977499999999998,48.522005192614984,9.871312694588746e-13,1.0000000000000018,1.0,0.0,0.5785727680512132,DOGE_S2B2_lr0.0003_clip0.2_ent0.005_ep4_bs16_cl32_gamma0.999_lam0.95_seed1_H4320_Q3e+06_pov0.1_fee0,checkpoints/DOGE/DOGE_S2B2_lr0.0003_clip0.2_ent0.005_ep4_bs16_cl32_gamma0.999_lam0.95_seed1_H4320_Q3e+06_pov0.1_fee0/best.weights.h5,8
DOGE,doge_q6e+06,6000000.0,4320,3500.0,0.1,buy,DOGE_PPO_2,2026-01-24_steps_5s.parquet,/Users/jackfletcher/Desktop/FYP_Data/Replay_5s_DOGE/January/2026-01-24_steps_5s.parquet,3650,2279,-8.092074931555549e-05,6000000.000000001,0.1243870804361331,0.124515,60.45508260615906,7.592500430767534e-13,1.0000000000000002,1.0,0.0,0.8092074931555644,DOGE_S2B2_lr0.0003_clip0.2_ent0.005_ep4_bs16_cl32_gamma0.999_lam0.95_seed1_H4320_Q3e+06_pov0.1_fee0,checkpoints/DOGE/DOGE_S2B2_lr0.0003_clip0.2_ent0.005_ep4_bs16_cl32_gamma0.999_lam0.95_seed1_H4320_Q3e+06_pov0.1_fee0/best.weights.h5,9
DOGE,doge_q6e+06,6000000.0,4320,3500.0,0.1,buy,DOGE_PPO_2,2026-01-12_steps_5s.parquet,/Users/jackfletcher/Desktop/FYP_Data/Replay_5s_DOGE/January/2026-01-12_steps_5s.parquet,10556,3746,-9.147477760797191e-05,5999999.999999992,0.13827197734172955,0.13726,75.33496784682112,7.146318970169111e-13,0.9999999999999986,1.0,0.0,0.9147477760797164,DOGE_S2B2_lr0.0003_clip0.2_ent0.005_ep4_bs16_cl32_gamma0.999_lam0.95_seed1_H4320_Q3e+06_pov0.1_fee0,checkpoints/DOGE/DOGE_S2B2_lr0.0003_clip0.2_ent0.005_ep4_bs16_cl32_gamma0.999_lam0.95_seed1_H4320_Q3e+06_pov0.1_fee0/best.weights.h5,10
DOGE,doge_q6e+06,6000000.0,4320,3500.0,0.1,buy,DOGE_PPO_2,2026-01-13_steps_5s.parquet,/Users/jackfletcher/Desktop/FYP_Data/Replay_5s_DOGE/January/2026-01-13_steps_5s.parquet,46,2735,-8.667899939678688e-05,6000000.000000002,0.13691515114838382,0.136665,71.07591271537149,6.610160658615473e-13,1.0000000000000002,1.0,0.0,0.8667899939678714,DOGE_S2B2_lr0.0003_clip0.2_ent0.005_ep4_bs16_cl32_gamma0.999_lam0.95_seed1_H4320_Q3e+06_pov0.1_fee0,checkpoints/DOGE/DOGE_S2B2_lr0.0003_clip0.2_ent0.005_ep4_bs16_cl32_gamma0.999_lam0.95_seed1_H4320_Q3e+06_pov0.1_fee0/best.weights.h5,11
DOGE,doge_q6e+06,6000000.0,4320,3500.0,0.1,buy,DOGE_PPO_2,2026-01-17_steps_5s.parquet,/Users/jackfletcher/Desktop/FYP_Data/Replay_5s_DOGE/January/2026-01-17_steps_5s.parquet,10958,2777,-8.865573202924545e-05,5999999.999999981,0.13878147065514856,0.138485,73.66493430041967,8.717260747005841e-13,0.9999999999999969,1.0,0.0,0.8865573202924466,DOGE_S2B2_lr0.0003_clip0.2_ent0.005_ep4_bs16_cl32_gamma0.999_lam0.95_seed1_H4320_Q3e+06_pov0.1_fee0,checkpoints/DOGE/DOGE_S2B2_lr0.0003_clip0.2_ent0.005_ep4_bs16_cl32_gamma0.999_lam0.95_seed1_H4320_Q3e+06_pov0.1_fee0/best.weights.h5,12
DOGE,doge_q6e+06,6000000.0,4320,3500.0,0.1,buy,DOGE_PPO_2,2026-01-31_steps_5s.parquet,/Users/jackfletcher/Desktop/FYP_Data/Replay_5s_DOGE/January/2026-01-31_steps_5s.parquet,5687,2972,-0.00010597281017031989,6000000.000000005,0.11199968865775861,0.11277000000000001,71.7033228174416,7.847525990617832e-13,1.0000000000000007,1.0,0.0,1.0597281017031952,DOGE_S2B2_lr0.0003_clip0.2_ent0.005_ep4_bs16_cl32_gamma0.999_lam0.95_seed1_H4320_Q3e+06_pov0.1_fee0,checkpoints/DOGE/DOGE_S2B2_lr0.0003_clip0.2_ent0.005_ep4_bs16_cl32_gamma0.999_lam0.95_seed1_H4320_Q3e+06_pov0.1_fee0/best.weights.h5,13
DOGE,doge_q6e+06,6000000.0,4320,3500.0,0.1,buy,DOGE_PPO_2,2026-01-23_steps_5s.parquet,/Users/jackfletcher/Desktop/FYP_Data/Replay_5s_DOGE/January/2026-01-23_steps_5s.parquet,8029,2371,-9.625697996088633e-05,5999999.999999993,0.12505054477835437,0.125255,72.34000815000483,7.029037463688808e-13,0.9999999999999988,1.0,0.0,0.9625697996088625,DOGE_S2B2_lr0.0003_clip0.2_ent0.005_ep4_bs16_cl32_gamma0.999_lam0.95_seed1_H4320_Q3e+06_pov0.1_fee0,checkpoints/DOGE/DOGE_S2B2_lr0.0003_clip0.2_ent0.005_ep4_bs16_cl32_gamma0.999_lam0.95_seed1_H4320_Q3e+06_pov0.1_fee0/best.weights.h5,14
DOGE,doge_q6e+06,6000000.0,4320,3500.0,0.1,buy,DOGE_PPO_2,2026-01-19_steps_5s.parquet,/Users/jackfletcher/Desktop/FYP_Data/Replay_5s_DOGE/January/2026-01-19_steps_5s.parquet,7264,2659,-6.99267109894191e-05,5999999.999999985,0.12781110437918317,0.127645,53.55477014546742,6.881892553396601e-13,0.9999999999999976,1.0,0.0,0.6992671098942043,DOGE_S2B2_lr0.0003_clip0.2_ent0.005_ep4_bs16_cl32_gamma0.999_lam0.95_seed1_H4320_Q3e+06_pov0.1_fee0,checkpoints/DOGE/DOGE_S2B2_lr0.0003_clip0.2_ent0.005_ep4_bs16_cl32_gamma0.999_lam0.95_seed1_H4320_Q3e+06_pov0.1_fee0/best.weights.h5,15
DOGE,doge_q6e+06,6000000.0,4320,3500.0,0.1,buy,DOGE_PPO_2,2026-01-26_steps_5s.parquet,/Users/jackfletcher/Desktop/FYP_Data/Replay_5s_DOGE/January/2026-01-26_steps_5s.parquet,8199,2873,-6.514395968175074e-05,5999999.999999995,0.1215599600725975,0.121365,47.43718000065484,4.747066698207467e-13,0.9999999999999992,1.0,0.0,0.651439596817518,DOGE_S2B2_lr0.0003_clip0.2_ent0.005_ep4_bs16_cl32_gamma0.999_lam0.95_seed1_H4320_Q3e+06_pov0.1_fee0,checkpoints/DOGE/DOGE_S2B2_lr0.0003_clip0.2_ent0.005_ep4_bs16_cl32_gamma0.999_lam0.95_seed1_H4320_Q3e+06_pov0.1_fee0/best.weights.h5,16
DOGE,doge_q6e+06,6000000.0,4320,3500.0,0.1,buy,DOGE_PPO_2,2026-01-27_steps_5s.parquet,/Users/jackfletcher/Desktop/FYP_Data/Replay_5s_DOGE/January/2026-01-27_steps_5s.parquet,2567,2272,-7.978725030041282e-05,5999999.999999987,0.12274259483649372,0.12279999999999999,58.78724602134431,5.689148042342467e-13,0.9999999999999978,1.0,0.0,0.7978725030041303,DOGE_S2B2_lr0.0003_clip0.2_ent0.005_ep4_bs16_cl32_gamma0.999_lam0.95_seed1_H4320_Q3e+06_pov0.1_fee0,checkpoints/DOGE/DOGE_S2B2_lr0.0003_clip0.2_ent0.005_ep4_bs16_cl32_gamma0.999_lam0.95_seed1_H4320_Q3e+06_pov0.1_fee0/best.weights.h5,17
DOGE,doge_q6e+06,6000000.0,4320,3500.0,0.1,buy,DOGE_PPO_2,2026-01-11_steps_5s.parquet,/Users/jackfletcher/Desktop/FYP_Data/Replay_5s_DOGE/January/2026-01-11_steps_5s.parquet,2597,2644,-6.482347093769456e-05,5999999.999999995,0.1392486029566396,0.139135,54.115281773497244,6.782658703627211e-13,0.9999999999999992,1.0,0.0,0.648234709376951,DOGE_S2B2_lr0.0003_clip0.2_ent0.005_ep4_bs16_cl32_gamma0.999_lam0.95_seed1_H4320_Q3e+06_pov0.1_fee0,checkpoints/DOGE/DOGE_S2B2_lr0.0003_clip0.2_ent0.005_ep4_bs16_cl32_gamma0.999_lam0.95_seed1_H4320_Q3e+06_pov0.1_fee0/best.weights.h5,18
DOGE,doge_q6e+06,6000000.0,4320,3500.0,0.1,buy,DOGE_PPO_2,2026-01-18_steps_5s.parquet,/Users/jackfletcher/Desktop/FYP_Data/Replay_5s_DOGE/January/2026-01-18_steps_5s.parquet,7550,2529,-9.260366341560039e-05,6000000.0000000065,0.13717031326932333,0.13716499999999998,76.21188895440471,4.947057421965191e-13,1.000000000000001,1.0,0.0,0.926036634156001,DOGE_S2B2_lr0.0003_clip0.2_ent0.005_ep4_bs16_cl32_gamma0.999_lam0.95_seed1_H4320_Q3e+06_pov0.1_fee0,checkpoints/DOGE/DOGE_S2B2_lr0.0003_clip0.2_ent0.005_ep4_bs16_cl32_gamma0.999_lam0.95_seed1_H4320_Q3e+06_pov0.1_fee0/best.weights.h5,19
DOGE,doge_q6e+06,6000000.0,4320,3500.0,0.1,buy,DOGE_PPO_2,2026-01-31_steps_5s.parquet,/Users/jackfletcher/Desktop/FYP_Data/Replay_5s_DOGE/January/2026-01-31_steps_5s.parquet,10304,2865,-0.00016398116517569617,6000000.000000004,0.10548311608111116,0.109665,107.89796687395612,7.782796572315761e-13,1.0000000000000007,1.0,0.0,1.6398116517569588,DOGE_S2B2_lr0.0003_clip0.2_ent0.005_ep4_bs16_cl32_gamma0.999_lam0.95_seed1_H4320_Q3e+06_pov0.1_fee0,checkpoints/DOGE/DOGE_S2B2_lr0.0003_clip0.2_ent0.005_ep4_bs16_cl32_gamma0.999_lam0.95_seed1_H4320_Q3e+06_pov0.1_fee0/best.weights.h5,20
DOGE,doge_q6e+06,6000000.0,4320,3500.0,0.1,buy,DOGE_PPO_2,2026-01-15_steps_5s.parquet,/Users/jackfletcher/Desktop/FYP_Data/Replay_5s_DOGE/January/2026-01-15_steps_5s.parquet,5997,2897,-6.73140196343704e-05,6000000.000000001,0.14404968905299528,0.14371499999999998,58.044205990521704,8.369351395267321e-13,1.0000000000000002,1.0,0.0,0.6731401963437094,DOGE_S2B2_lr0.0003_clip0.2_ent0.005_ep4_bs16_cl32_gamma0.999_lam0.95_seed1_H4320_Q3e+06_pov0.1_fee0,checkpoints/DOGE/DOGE_S2B2_lr0.0003_clip0.2_ent0.005_ep4_bs16_cl32_gamma0.999_lam0.95_seed1_H4320_Q3e+06_pov0.1_fee0/best.weights.h5,21
DOGE,doge_q6e+06,6000000.0,4320,3500.0,0.1,buy,DOGE_PPO_2,2026-01-23_steps_5s.parquet,/Users/jackfletcher/Desktop/FYP_Data/Replay_5s_DOGE/January/2026-01-23_steps_5s.parquet,12680,2981,-0.00011688850934099265,5999999.999999997,0.12533915068343837,0.12775999999999998,89.60205572043218,8.356061561393619e-13,0.9999999999999996,1.0,0.0,1.1688850934099377,DOGE_S2B2_lr0.0003_clip0.2_ent0.005_ep4_bs16_cl32_gamma0.999_lam0.95_seed1_H4320_Q3e+06_pov0.1_fee0,checkpoints/DOGE/DOGE_S2B2_lr0.0003_clip0.2_ent0.005_ep4_bs16_cl32_gamma0.999_lam0.95_seed1_H4320_Q3e+06_pov0.1_fee0/best.weights.h5,22
DOGE,doge_q6e+06,6000000.0,4320,3500.0,0.1,buy,DOGE_PPO_2,2026-01-17_steps_5s.parquet,/Users/jackfletcher/Desktop/FYP_Data/Replay_5s_DOGE/January/2026-01-17_steps_5s.parquet,3060,2339,-5.752528190545899e-05,6000000.000000016,0.13751676986233938,0.13744499999999998,47.439374228974835,7.680264849874668e-13,1.0000000000000027,1.0,0.0,0.5752528190545896,DOGE_S2B2_lr0.0003_clip0.2_ent0.005_ep4_bs16_cl32_gamma0.999_lam0.95_seed1_H4320_Q3e+06_pov0.1_fee0,checkpoints/DOGE/DOGE_S2B2_lr0.0003_clip0.2_ent0.005_ep4_bs16_cl32_gamma0.999_lam0.95_seed1_H4320_Q3e+06_pov0.1_fee0/best.weights.h5,23
DOGE,doge_q6e+06,6000000.0,4320,3500.0,0.1,buy,DOGE_PPO_2,2026-01-28_steps_5s.parquet,/Users/jackfletcher/Desktop/FYP_Data/Replay_5s_DOGE/January/2026-01-28_steps_5s.parquet,1933,2623,-7.981245111330192e-05,5999999.9999999935,0.12463390962111395,0.12482,59.77314088777454,9.181429896659065e-13,0.9999999999999989,1.0,0.0,0.7981245111330254,DOGE_S2B2_lr0.0003_clip0.2_ent0.005_ep4_bs16_cl32_gamma0.999_lam0.95_seed1_H4320_Q3e+06_pov0.1_fee0,checkpoints/DOGE/DOGE_S2B2_lr0.0003_clip0.2_ent0.005_ep4_bs16_cl32_gamma0.999_lam0.95_seed1_H4320_Q3e+06_pov0.1_fee0/best.weights.h5,24
DOGE,doge_q6e+06,6000000.0,4320,3500.0,0.1,buy,DOGE_PPO_2,2026-01-26_steps_5s.parquet,/Users/jackfletcher/Desktop/FYP_Data/Replay_5s_DOGE/January/2026-01-26_steps_5s.parquet,7185,2695,-6.252575007773277e-05,6000000.000000004,0.12127404331350336,0.120775,45.309284793829285,5.47005556842441e-13,1.0000000000000007,1.0,0.0,0.6252575007773309,DOGE_S2B2_lr0.0003_clip0.2_ent0.005_ep4_bs16_cl32_gamma0.999_lam0.95_seed1_H4320_Q3e+06_pov0.1_fee0,checkpoints/DOGE/DOGE_S2B2_lr0.0003_clip0.2_ent0.005_ep4_bs16_cl32_gamma0.999_lam0.95_seed1_H4320_Q3e+06_pov0.1_fee0/best.weights.h5,25
DOGE,doge_q6e+06,6000000.0,4320,3500.0,0.1,buy,DOGE_PPO_2,2026-01-17_steps_5s.parquet,/Users/jackfletcher/Desktop/FYP_Data/Replay_5s_DOGE/January/2026-01-17_steps_5s.parquet,9021,2889,-7.411026192969814e-05,5999999.99999999,0.1381544411231862,0.13783499999999999,61.28992771847975,8.055847844617613e-13,0.9999999999999983,1.0,0.0,0.7411026192969827,DOGE_S2B2_lr0.0003_clip0.2_ent0.005_ep4_bs16_cl32_gamma0.999_lam0.95_seed1_H4320_Q3e+06_pov0.1_fee0,checkpoints/DOGE/DOGE_S2B2_lr0.0003_clip0.2_ent0.005_ep4_bs16_cl32_gamma0.999_lam0.95_seed1_H4320_Q3e+06_pov0.1_fee0/best.weights.h5,26
DOGE,doge_q6e+06,6000000.0,4320,3500.0,0.1,buy,DOGE_PPO_2,2026-01-21_steps_5s.parquet,/Users/jackfletcher/Desktop/FYP_Data/Replay_5s_DOGE/January/2026-01-21_steps_5s.parquet,3651,3146,-7.106229079623397e-05,5999999.999999991,0.12522261584178754,0.125425,53.47792693870612,8.362259347905872e-13,0.9999999999999984,1.0,0.0,0.7106229079623431,DOGE_S2B2_lr0.0003_clip0.2_ent0.005_ep4_bs16_cl32_gamma0.999_lam0.95_seed1_H4320_Q3e+06_pov0.1_fee0,checkpoints/DOGE/DOGE_S2B2_lr0.0003_clip0.2_ent0.005_ep4_bs16_cl32_gamma0.999_lam0.95_seed1_H4320_Q3e+06_pov0.1_fee0/best.weights.h5,27
DOGE,doge_q6e+06,6000000.0,4320,3500.0,0.1,buy,DOGE_PPO_2,2026-01-14_steps_5s.parquet,/Users/jackfletcher/Desktop/FYP_Data/Replay_5s_DOGE/January/2026-01-14_steps_5s.parquet,3331,3451,-9.509677553384347e-05,6000000.000000017,0.1480803778626829,0.14896500000000001,84.99654700439413,7.650079446303136e-13,1.0000000000000029,1.0,0.0,0.9509677553384365,DOGE_S2B2_lr0.0003_clip0.2_ent0.005_ep4_bs16_cl32_gamma0.999_lam0.95_seed1_H4320_Q3e+06_pov0.1_fee0,checkpoints/DOGE/DOGE_S2B2_lr0.0003_clip0.2_ent0.005_ep4_bs16_cl32_gamma0.999_lam0.95_seed1_H4320_Q3e+06_pov0.1_fee0/best.weights.h5,28
DOGE,doge_q6e+06,6000000.0,4320,3500.0,0.1,buy,DOGE_PPO_2,2026-01-30_steps_5s.parquet,/Users/jackfletcher/Desktop/FYP_Data/Replay_5s_DOGE/January/2026-01-30_steps_5s.parquet,9235,3427,-0.00012040225371087131,6000000.000000009,0.11548538785269388,0.11499999999999999,83.07755506050097,6.374630928080907e-13,1.0000000000000016,1.0,0.0,1.2040225371087097,DOGE_S2B2_lr0.0003_clip0.2_ent0.005_ep4_bs16_cl32_gamma0.999_lam0.95_seed1_H4320_Q3e+06_pov0.1_fee0,checkpoints/DOGE/DOGE_S2B2_lr0.0003_clip0.2_ent0.005_ep4_bs16_cl32_gamma0.999_lam0.95_seed1_H4320_Q3e+06_pov0.1_fee0/best.weights.h5,29
DOGE,doge_q6e+06,6000000.0,4320,3500.0,0.1,buy,DOGE_PPO_2,2026-01-08_steps_5s.parquet,/Users/jackfletcher/Desktop/FYP_Data/Replay_5s_DOGE/January/2026-01-08_steps_5s.parquet,6519,3877,-8.489552309374235e-05,6000000.000000009,0.14116662881186254,0.143455,73.07212359247565,9.665186252039483e-13,1.0000000000000016,1.0,0.0,0.8489552309374095,DOGE_S2B2_lr0.0003_clip0.2_ent0.005_ep4_bs16_cl32_gamma0.999_lam0.95_seed1_H4320_Q3e+06_pov0.1_fee0,checkpoints/DOGE/DOGE_S2B2_lr0.0003_clip0.2_ent0.005_ep4_bs16_cl32_gamma0.999_lam0.95_seed1_H4320_Q3e+06_pov0.1_fee0/best.weights.h5,30
DOGE,doge_q6e+06,6000000.0,4320,3500.0,0.1,buy,DOGE_PPO_2,2026-01-21_steps_5s.parquet,/Users/jackfletcher/Desktop/FYP_Data/Replay_5s_DOGE/January/2026-01-21_steps_5s.parquet,7846,3555,-9.867901966516986e-05,6000000.00000002,0.12403942235623416,0.124535,73.7339502840119,7.419737361270716e-13,1.0000000000000033,1.0,0.0,0.986790196651703,DOGE_S2B2_lr0.0003_clip0.2_ent0.005_ep4_bs16_cl32_gamma0.999_lam0.95_seed1_H4320_Q3e+06_pov0.1_fee0,checkpoints/DOGE/DOGE_S2B2_lr0.0003_clip0.2_ent0.005_ep4_bs16_cl32_gamma0.999_lam0.95_seed1_H4320_Q3e+06_pov0.1_fee0/best.weights.h5,31
DOGE,doge_q6e+06,6000000.0,4320,3500.0,0.1,buy,DOGE_PPO_2,2026-01-23_steps_5s.parquet,/Users/jackfletcher/Desktop/FYP_Data/Replay_5s_DOGE/January/2026-01-23_steps_5s.parquet,11293,3331,-0.00011570358151955015,5999999.999999994,0.12579092612450216,0.12389,86.00710028674169,7.833913749429287e-13,0.9999999999999991,1.0,0.0,1.1570358151954918,DOGE_S2B2_lr0.0003_clip0.2_ent0.005_ep4_bs16_cl32_gamma0.999_lam0.95_seed1_H4320_Q3e+06_pov0.1_fee0,checkpoints/DOGE/DOGE_S2B2_lr0.0003_clip0.2_ent0.005_ep4_bs16_cl32_gamma0.999_lam0.95_seed1_H4320_Q3e+06_pov0.1_fee0/best.weights.h5,32
DOGE,doge_q6e+06,6000000.0,4320,3500.0,0.1,buy,DOGE_PPO_2,2026-01-25_steps_5s.parquet,/Users/jackfletcher/Desktop/FYP_Data/Replay_5s_DOGE/January/2026-01-25_steps_5s.parquet,544,2134,-8.386627020744876e-05,6000000.000000004,0.12383211218440378,0.124085,62.43927683214752,6.480572092579695e-13,1.0000000000000007,1.0,0.0,0.8386627020744856,DOGE_S2B2_lr0.0003_clip0.2_ent0.005_ep4_bs16_cl32_gamma0.999_lam0.95_seed1_H4320_Q3e+06_pov0.1_fee0,checkpoints/DOGE/DOGE_S2B2_lr0.0003_clip0.2_ent0.005_ep4_bs16_cl32_gamma0.999_lam0.95_seed1_H4320_Q3e+06_pov0.1_fee0/best.weights.h5,33
DOGE,doge_q6e+06,6000000.0,4320,3500.0,0.1,buy,DOGE_PPO_2,2026-01-09_steps_5s.parquet,/Users/jackfletcher/Desktop/FYP_Data/Replay_5s_DOGE/January/2026-01-09_steps_5s.parquet,4606,3239,-7.114878405236684e-05,6000000.000000001,0.14162789867225162,0.142765,60.94533693141762,6.068672988005842e-13,1.0000000000000002,1.0,0.0,0.7114878405236768,DOGE_S2B2_lr0.0003_clip0.2_ent0.005_ep4_bs16_cl32_gamma0.999_lam0.95_seed1_H4320_Q3e+06_pov0.1_fee0,checkpoints/DOGE/DOGE_S2B2_lr0.0003_clip0.2_ent0.005_ep4_bs16_cl32_gamma0.999_lam0.95_seed1_H4320_Q3e+06_pov0.1_fee0/best.weights.h5,34
DOGE,doge_q6e+06,6000000.0,4320,3500.0,0.1,buy,DOGE_PPO_2,2026-01-22_steps_5s.parquet,/Users/jackfletcher/Desktop/FYP_Data/Replay_5s_DOGE/January/2026-01-22_steps_5s.parquet,8537,2910,-8.958420791349107e-05,6000000.000000012,0.12529318573958104,0.125865,67.65309797418949,7.170096694572894e-13,1.000000000000002,1.0,0.0,0.8958420791349129,DOGE_S2B2_lr0.0003_clip0.2_ent0.005_ep4_bs16_cl32_gamma0.999_lam0.95_seed1_H4320_Q3e+06_pov0.1_fee0,checkpoints/DOGE/DOGE_S2B2_lr0.0003_clip0.2_ent0.005_ep4_bs16_cl32_gamma0.999_lam0.95_seed1_H4320_Q3e+06_pov0.1_fee0/best.weights.h5,35
DOGE,doge_q6e+06,6000000.0,4320,3500.0,0.1,buy,DOGE_PPO_2,2026-01-28_steps_5s.parquet,/Users/jackfletcher/Desktop/FYP_Data/Replay_5s_DOGE/January/2026-01-28_steps_5s.parquet,9967,3354,-9.743884787888604e-05,5999999.999999985,0.12489046028870057,0.126395,73.89469906591049,7.884517970903312e-13,0.9999999999999976,1.0,0.0,0.9743884787888563,DOGE_S2B2_lr0.0003_clip0.2_ent0.005_ep4_bs16_cl32_gamma0.999_lam0.95_seed1_H4320_Q3e+06_pov0.1_fee0,checkpoints/DOGE/DOGE_S2B2_lr0.0003_clip0.2_ent0.005_ep4_bs16_cl32_gamma0.999_lam0.95_seed1_H4320_Q3e+06_pov0.1_fee0/best.weights.h5,36
DOGE,doge_q6e+06,6000000.0,4320,3500.0,0.1,buy,DOGE_PPO_2,2026-01-11_steps_5s.parquet,/Users/jackfletcher/Desktop/FYP_Data/Replay_5s_DOGE/January/2026-01-11_steps_5s.parquet,611,2830,-5.867347488215353e-05,5999999.999999996,0.13904452241482515,0.13905,48.951280094181506,7.875486825856522e-13,0.9999999999999993,1.0,0.0,0.5867347488215451,DOGE_S2B2_lr0.0003_clip0.2_ent0.005_ep4_bs16_cl32_gamma0.999_lam0.95_seed1_H4320_Q3e+06_pov0.1_fee0,checkpoints/DOGE/DOGE_S2B2_lr0.0003_clip0.2_ent0.005_ep4_bs16_cl32_gamma0.999_lam0.95_seed1_H4320_Q3e+06_pov0.1_fee0/best.weights.h5,37
DOGE,doge_q6e+06,6000000.0,4320,3500.0,0.1,buy,DOGE_PPO_2,2026-01-18_steps_5s.parquet,/Users/jackfletcher/Desktop/FYP_Data/Replay_5s_DOGE/January/2026-01-18_steps_5s.parquet,6582,2529,-8.433099121412917e-05,5999999.999999993,0.1372802133793972,0.137295,69.46934063246371,4.960318706076293e-13,0.9999999999999988,1.0,0.0,0.8433099121412981,DOGE_S2B2_lr0.0003_clip0.2_ent0.005_ep4_bs16_cl32_gamma0.999_lam0.95_seed1_H4320_Q3e+06_pov0.1_fee0,checkpoints/DOGE/DOGE_S2B2_lr0.0003_clip0.2_ent0.005_ep4_bs16_cl32_gamma0.999_lam0.95_seed1_H4320_Q3e+06_pov0.1_fee0/best.weights.h5,38
DOGE,doge_q6e+06,6000000.0,4320,3500.0,0.1,buy,DOGE_PPO_2,2026-01-18_steps_5s.parquet,/Users/jackfletcher/Desktop/FYP_Data/Replay_5s_DOGE/January/2026-01-18_steps_5s.parquet,6715,2507,-8.553583196783353e-05,5999999.999999994,0.13728228385016375,0.137295,70.46185230014292,8.651768077228546e-13,0.9999999999999991,1.0,0.0,0.8553583196783439,DOGE_S2B2_lr0.0003_clip0.2_ent0.005_ep4_bs16_cl32_gamma0.999_lam0.95_seed1_H4320_Q3e+06_pov0.1_fee0,checkpoints/DOGE/DOGE_S2B2_lr0.0003_clip0.2_ent0.005_ep4_bs16_cl32_gamma0.999_lam0.95_seed1_H4320_Q3e+06_pov0.1_fee0/best.weights.h5,39
DOGE,doge_q6e+06,6000000.0,4320,3500.0,0.1,buy,DOGE_PPO_2,2026-01-21_steps_5s.parquet,/Users/jackfletcher/Desktop/FYP_Data/Replay_5s_DOGE/January/2026-01-21_steps_5s.parquet,6646,2933,-8.230218946284268e-05,5999999.99999999,0.12401396589295671,0.124275,61.368627572968634,9.652751934318733e-13,0.9999999999999983,1.0,0.0,0.8230218946284267,DOGE_S2B2_lr0.0003_clip0.2_ent0.005_ep4_bs16_cl32_gamma0.999_lam0.95_seed1_H4320_Q3e+06_pov0.1_fee0,checkpoints/DOGE/DOGE_S2B2_lr0.0003_clip0.2_ent0.005_ep4_bs16_cl32_gamma0.999_lam0.95_seed1_H4320_Q3e+06_pov0.1_fee0/best.weights.h5,40
DOGE,doge_q6e+06,6000000.0,4320,3500.0,0.1,buy,DOGE_PPO_2,2026-01-16_steps_5s.parquet,/Users/jackfletcher/Desktop/FYP_Data/Replay_5s_DOGE/January/2026-01-16_steps_5s.parquet,734,2767,-7.326680576871663e-05,5999999.999999991,0.13978336361978871,0.140125,61.59906695004876,5.327261068915133e-13,0.9999999999999984,1.0,0.0,0.7326680576871694,DOGE_S2B2_lr0.0003_clip0.2_ent0.005_ep4_bs16_cl32_gamma0.999_lam0.95_seed1_H4320_Q3e+06_pov0.1_fee0,checkpoints/DOGE/DOGE_S2B2_lr0.0003_clip0.2_ent0.005_ep4_bs16_cl32_gamma0.999_lam0.95_seed1_H4320_Q3e+06_pov0.1_fee0/best.weights.h5,41
DOGE,doge_q6e+06,6000000.0,4320,3500.0,0.1,buy,DOGE_PPO_2,2026-01-22_steps_5s.parquet,/Users/jackfletcher/Desktop/FYP_Data/Replay_5s_DOGE/January/2026-01-22_steps_5s.parquet,79,2649,-0.00011320832080273325,5999999.999999989,0.127340657185611,0.12682,86.14247546521544,6.039338557037993e-13,0.9999999999999981,1.0,0.0,1.1320832080273282,DOGE_S2B2_lr0.0003_clip0.2_ent0.005_ep4_bs16_cl32_gamma0.999_lam0.95_seed1_H4320_Q3e+06_pov0.1_fee0,checkpoints/DOGE/DOGE_S2B2_lr0.0003_clip0.2_ent0.005_ep4_bs16_cl32_gamma0.999_lam0.95_seed1_H4320_Q3e+06_pov0.1_fee0/best.weights.h5,42
DOGE,doge_q6e+06,6000000.0,4320,3500.0,0.1,buy,DOGE_PPO_2,2026-01-15_steps_5s.parquet,/Users/jackfletcher/Desktop/FYP_Data/Replay_5s_DOGE/January/2026-01-15_steps_5s.parquet,6780,2855,-7.394493325706005e-05,5999999.999999984,0.14409363522277852,0.14380500000000002,63.8019067621888,8.982638425866838e-13,0.9999999999999973,1.0,0.0,0.7394493325705966,DOGE_S2B2_lr0.0003_clip0.2_ent0.005_ep4_bs16_cl32_gamma0.999_lam0.95_seed1_H4320_Q3e+06_pov0.1_fee0,checkpoints/DOGE/DOGE_S2B2_lr0.0003_clip0.2_ent0.005_ep4_bs16_cl32_gamma0.999_lam0.95_seed1_H4320_Q3e+06_pov0.1_fee0/best.weights.h5,43
DOGE,doge_q6e+06,6000000.0,4320,3500.0,0.1,buy,DOGE_PPO_2,2026-01-09_steps_5s.parquet,/Users/jackfletcher/Desktop/FYP_Data/Replay_5s_DOGE/January/2026-01-09_steps_5s.parquet,7203,3187,-7.153539526467144e-05,6000000.000000003,0.14045273831027058,0.14077499999999998,60.42237161030544,4.785638535727106e-13,1.0000000000000004,1.0,0.0,0.7153539526467229,DOGE_S2B2_lr0.0003_clip0.2_ent0.005_ep4_bs16_cl32_gamma0.999_lam0.95_seed1_H4320_Q3e+06_pov0.1_fee0,checkpoints/DOGE/DOGE_S2B2_lr0.0003_clip0.2_ent0.005_ep4_bs16_cl32_gamma0.999_lam0.95_seed1_H4320_Q3e+06_pov0.1_fee0/best.weights.h5,44
DOGE,doge_q6e+06,6000000.0,4320,3500.0,0.1,buy,DOGE_PPO_2,2026-01-28_steps_5s.parquet,/Users/jackfletcher/Desktop/FYP_Data/Replay_5s_DOGE/January/2026-01-28_steps_5s.parquet,10754,3171,-0.00010309251978718817,5999999.999999993,0.12469337023193504,0.12534499999999998,77.53279135634985,6.757489301696248e-13,0.9999999999999988,1.0,0.0,1.0309251978718716,DOGE_S2B2_lr0.0003_clip0.2_ent0.005_ep4_bs16_cl32_gamma0.999_lam0.95_seed1_H4320_Q3e+06_pov0.1_fee0,checkpoints/DOGE/DOGE_S2B2_lr0.0003_clip0.2_ent0.005_ep4_bs16_cl32_gamma0.999_lam0.95_seed1_H4320_Q3e+06_pov0.1_fee0/best.weights.h5,45
DOGE,doge_q6e+06,6000000.0,4320,3500.0,0.1,buy,DOGE_PPO_2,2026-01-20_steps_5s.parquet,/Users/jackfletcher/Desktop/FYP_Data/Replay_5s_DOGE/January/2026-01-20_steps_5s.parquet,2829,3423,-8.130976505408919e-05,6000000.000000013,0.12746596236002825,0.127965,62.42882451087877,6.618214386367117e-13,1.0000000000000022,1.0,0.0,0.813097650540887,DOGE_S2B2_lr0.0003_clip0.2_ent0.005_ep4_bs16_cl32_gamma0.999_lam0.95_seed1_H4320_Q3e+06_pov0.1_fee0,checkpoints/DOGE/DOGE_S2B2_lr0.0003_clip0.2_ent0.005_ep4_bs16_cl32_gamma0.999_lam0.95_seed1_H4320_Q3e+06_pov0.1_fee0/best.weights.h5,46
DOGE,doge_q6e+06,6000000.0,4320,3500.0,0.1,buy,DOGE_PPO_2,2026-01-13_steps_5s.parquet,/Users/jackfletcher/Desktop/FYP_Data/Replay_5s_DOGE/January/2026-01-13_steps_5s.parquet,3192,3242,-8.609474526507012e-05,6000000.000000005,0.1387289724399271,0.137605,71.08240453319989,6.064669187453832e-13,1.0000000000000007,1.0,0.0,0.8609474526507018,DOGE_S2B2_lr0.0003_clip0.2_ent0.005_ep4_bs16_cl32_gamma0.999_lam0.95_seed1_H4320_Q3e+06_pov0.1_fee0,checkpoints/DOGE/DOGE_S2B2_lr0.0003_clip0.2_ent0.005_ep4_bs16_cl32_gamma0.999_lam0.95_seed1_H4320_Q3e+06_pov0.1_fee0/best.weights.h5,47
DOGE,doge_q6e+06,6000000.0,4320,3500.0,0.1,buy,DOGE_PPO_2,2026-01-20_steps_5s.parquet,/Users/jackfletcher/Desktop/FYP_Data/Replay_5s_DOGE/January/2026-01-20_steps_5s.parquet,3172,3510,-8.386412021017849e-05,6000000.000000032,0.12719945226526846,0.127815,64.31455514798355,7.691894670410662e-13,1.0000000000000053,1.0,0.0,0.8386412021017818,DOGE_S2B2_lr0.0003_clip0.2_ent0.005_ep4_bs16_cl32_gamma0.999_lam0.95_seed1_H4320_Q3e+06_pov0.1_fee0,checkpoints/DOGE/DOGE_S2B2_lr0.0003_clip0.2_ent0.005_ep4_bs16_cl32_gamma0.999_lam0.95_seed1_H4320_Q3e+06_pov0.1_fee0/best.weights.h5,48
DOGE,doge_q6e+06,6000000.0,4320,3500.0,0.1,buy,DOGE_PPO_2,2026-01-25_steps_5s.parquet,/Users/jackfletcher/Desktop/FYP_Data/Replay_5s_DOGE/January/2026-01-25_steps_5s.parquet,11522,3874,-0.00010866237631575662,5999999.999999992,0.11985240228130396,0.12223,79.69081354244916,6.410806411591237e-13,0.9999999999999986,1.0,0.0,1.0866237631575604,DOGE_S2B2_lr0.0003_clip0.2_ent0.005_ep4_bs16_cl32_gamma0.999_lam0.95_seed1_H4320_Q3e+06_pov0.1_fee0,checkpoints/DOGE/DOGE_S2B2_lr0.0003_clip0.2_ent0.005_ep4_bs16_cl32_gamma0.999_lam0.95_seed1_H4320_Q3e+06_pov0.1_fee0/best.weights.h5,49
DOGE,doge_q6e+06,6000000.0,4320,3500.0,0.1,buy,DOGE_PPO_2,2026-01-17_steps_5s.parquet,/Users/jackfletcher/Desktop/FYP_Data/Replay_5s_DOGE/January/2026-01-17_steps_5s.parquet,1894,2281,-5.858810589790526e-05,5999999.999999988,0.13760713426156992,0.13736500000000001,48.28773099999506,5.505884914913134e-13,0.999999999999998,1.0,0.0,0.585881058979059,DOGE_S2B2_lr0.0003_clip0.2_ent0.005_ep4_bs16_cl32_gamma0.999_lam0.95_seed1_H4320_Q3e+06_pov0.1_fee0,checkpoints/DOGE/DOGE_S2B2_lr0.0003_clip0.2_ent0.005_ep4_bs16_cl32_gamma0.999_lam0.95_seed1_H4320_Q3e+06_pov0.1_fee0/best.weights.h5,50
DOGE,doge_q6e+06,6000000.0,4320,3500.0,0.1,buy,DOGE_PPO_2,2026-01-09_steps_5s.parquet,/Users/jackfletcher/Desktop/FYP_Data/Replay_5s_DOGE/January/2026-01-09_steps_5s.parquet,5696,3218,-7.15728820303132e-05,6000000.000000007,0.14076976714439227,0.142415,61.15831196608276,9.676052064965523e-13,1.0000000000000013,1.0,0.0,0.7157288203031371,DOGE_S2B2_lr0.0003_clip0.2_ent0.005_ep4_bs16_cl32_gamma0.999_lam0.95_seed1_H4320_Q3e+06_pov0.1_fee0,checkpoints/DOGE/DOGE_S2B2_lr0.0003_clip0.2_ent0.005_ep4_bs16_cl32_gamma0.999_lam0.95_seed1_H4320_Q3e+06_pov0.1_fee0/best.weights.h5,51
DOGE,doge_q6e+06,6000000.0,4320,3500.0,0.1,buy,DOGE_PPO_2,2026-01-13_steps_5s.parquet,/Users/jackfletcher/Desktop/FYP_Data/Replay_5s_DOGE/January/2026-01-13_steps_5s.parquet,391,2733,-8.400321268348369e-05,5999999.999999993,0.1369592807191055,0.136975,69.03804034392131,7.50523196178001e-13,0.9999999999999988,1.0,0.0,0.8400321268348396,DOGE_S2B2_lr0.0003_clip0.2_ent0.005_ep4_bs16_cl32_gamma0.999_lam0.95_seed1_H4320_Q3e+06_pov0.1_fee0,checkpoints/DOGE/DOGE_S2B2_lr0.0003_clip0.2_ent0.005_ep4_bs16_cl32_gamma0.999_lam0.95_seed1_H4320_Q3e+06_pov0.1_fee0/best.weights.h5,52
DOGE,doge_q6e+06,6000000.0,4320,3500.0,0.1,buy,DOGE_PPO_2,2026-01-28_steps_5s.parquet,/Users/jackfletcher/Desktop/FYP_Data/Replay_5s_DOGE/January/2026-01-28_steps_5s.parquet,4778,2893,-9.457243055275792e-05,6000000.0,0.1259667734350257,0.125085,70.97755485414982,9.56584693163569e-13,1.0,1.0,0.0,0.9457243055275721,DOGE_S2B2_lr0.0003_clip0.2_ent0.005_ep4_bs16_cl32_gamma0.999_lam0.95_seed1_H4320_Q3e+06_pov0.1_fee0,checkpoints/DOGE/DOGE_S2B2_lr0.0003_clip0.2_ent0.005_ep4_bs16_cl32_gamma0.999_lam0.95_seed1_H4320_Q3e+06_pov0.1_fee0/best.weights.h5,53
DOGE,doge_q6e+06,6000000.0,4320,3500.0,0.1,buy,DOGE_PPO_2,2026-01-13_steps_5s.parquet,/Users/jackfletcher/Desktop/FYP_Data/Replay_5s_DOGE/January/2026-01-13_steps_5s.parquet,6368,3255,-5.691246365070722e-05,5999999.999999996,0.13942782002876072,0.13978000000000002,47.731345014575325,8.106295796488268e-13,0.9999999999999993,1.0,0.0,0.5691246365070745,DOGE_S2B2_lr0.0003_clip0.2_ent0.005_ep4_bs16_cl32_gamma0.999_lam0.95_seed1_H4320_Q3e+06_pov0.1_fee0,checkpoints/DOGE/DOGE_S2B2_lr0.0003_clip0.2_ent0.005_ep4_bs16_cl32_gamma0.999_lam0.95_seed1_H4320_Q3e+06_pov0.1_fee0/best.weights.h5,54
DOGE,doge_q6e+06,6000000.0,4320,3500.0,0.1,buy,DOGE_PPO_2,2026-01-12_steps_5s.parquet,/Users/jackfletcher/Desktop/FYP_Data/Replay_5s_DOGE/January/2026-01-12_steps_5s.parquet,10389,3801,-9.134394416534818e-05,5999999.999999992,0.1381976880471025,0.135745,74.39690220435065,6.410314400366374e-13,0.9999999999999986,1.0,0.0,0.9134394416534759,DOGE_S2B2_lr0.0003_clip0.2_ent0.005_ep4_bs16_cl32_gamma0.999_lam0.95_seed1_H4320_Q3e+06_pov0.1_fee0,checkpoints/DOGE/DOGE_S2B2_lr0.0003_clip0.2_ent0.005_ep4_bs16_cl32_gamma0.999_lam0.95_seed1_H4320_Q3e+06_pov0.1_fee0/best.weights.h5,55
DOGE,doge_q6e+06,6000000.0,4320,3500.0,0.1,buy,DOGE_PPO_2,2026-01-15_steps_5s.parquet,/Users/jackfletcher/Desktop/FYP_Data/Replay_5s_DOGE/January/2026-01-15_steps_5s.parquet,11996,3591,-8.018163173507939e-05,5999999.999999993,0.14031424487647656,0.14138499999999998,68.01888001718575,7.780683248227078e-13,0.9999999999999988,1.0,0.0,0.8018163173508005,DOGE_S2B2_lr0.0003_clip0.2_ent0.005_ep4_bs16_cl32_gamma0.999_lam0.95_seed1_H4320_Q3e+06_pov0.1_fee0,checkpoints/DOGE/DOGE_S2B2_lr0.0003_clip0.2_ent0.005_ep4_bs16_cl32_gamma0.999_lam0.95_seed1_H4320_Q3e+06_pov0.1_fee0/best.weights.h5,56
DOGE,doge_q6e+06,6000000.0,4320,3500.0,0.1,buy,DOGE_PPO_2,2026-01-11_steps_5s.parquet,/Users/jackfletcher/Desktop/FYP_Data/Replay_5s_DOGE/January/2026-01-11_steps_5s.parquet,48,2843,-5.544197343393282e-05,5999999.999999993,0.1390707862367099,0.139505,46.40659502340507,7.759632103604807e-13,0.9999999999999988,1.0,0.0,0.5544197343393317,DOGE_S2B2_lr0.0003_clip0.2_ent0.005_ep4_bs16_cl32_gamma0.999_lam0.95_seed1_H4320_Q3e+06_pov0.1_fee0,checkpoints/DOGE/DOGE_S2B2_lr0.0003_clip0.2_ent0.005_ep4_bs16_cl32_gamma0.999_lam0.95_seed1_H4320_Q3e+06_pov0.1_fee0/best.weights.h5,57
DOGE,doge_q6e+06,6000000.0,4320,3500.0,0.1,buy,DOGE_PPO_2,2026-01-11_steps_5s.parquet,/Users/jackfletcher/Desktop/FYP_Data/Replay_5s_DOGE/January/2026-01-11_steps_5s.parquet,10158,2882,-9.449067219644637e-05,5999999.999999986,0.13943450722888054,0.140625,79.72650466575139,8.292758146084567e-13,0.9999999999999977,1.0,0.0,0.944906721964461,DOGE_S2B2_lr0.0003_clip0.2_ent0.005_ep4_bs16_cl32_gamma0.999_lam0.95_seed1_H4320_Q3e+06_pov0.1_fee0,checkpoints/DOGE/DOGE_S2B2_lr0.0003_clip0.2_ent0.005_ep4_bs16_cl32_gamma0.999_lam0.95_seed1_H4320_Q3e+06_pov0.1_fee0/best.weights.h5,58
DOGE,doge_q6e+06,6000000.0,4320,3500.0,0.1,buy,DOGE_PPO_2,2026-01-13_steps_5s.parquet,/Users/jackfletcher/Desktop/FYP_Data/Replay_5s_DOGE/January/2026-01-13_steps_5s.parquet,11186,3991,-0.00010689557388868791,6000000.0,0.14322747583041237,0.140425,90.06486577991429,8.803959225928362e-13,1.0,1.0,0.0,1.0689557388868824,DOGE_S2B2_lr0.0003_clip0.2_ent0.005_ep4_bs16_cl32_gamma0.999_lam0.95_seed1_H4320_Q3e+06_pov0.1_fee0,checkpoints/DOGE/DOGE_S2B2_lr0.0003_clip0.2_ent0.005_ep4_bs16_cl32_gamma0.999_lam0.95_seed1_H4320_Q3e+06_pov0.1_fee0/best.weights.h5,59
DOGE,doge_q6e+06,6000000.0,4320,3500.0,0.1,buy,DOGE_PPO_2,2026-01-19_steps_5s.parquet,/Users/jackfletcher/Desktop/FYP_Data/Replay_5s_DOGE/January/2026-01-19_steps_5s.parquet,833,3140,-7.03134669770147e-05,5999999.999999981,0.12708762303733354,0.126965,53.564096008420215,8.767510976517573e-13,0.9999999999999969,1.0,0.0,0.7031346697701494,DOGE_S2B2_lr0.0003_clip0.2_ent0.005_ep4_bs16_cl32_gamma0.999_lam0.95_seed1_H4320_Q3e+06_pov0.1_fee0,checkpoints/DOGE/DOGE_S2B2_lr0.0003_clip0.2_ent0.005_ep4_bs16_cl32_gamma0.999_lam0.95_seed1_H4320_Q3e+06_pov0.1_fee0/best.weights.h5,60
DOGE,doge_q6e+06,6000000.0,4320,3500.0,0.1,buy,DOGE_PPO_2,2026-01-21_steps_5s.parquet,/Users/jackfletcher/Desktop/FYP_Data/Replay_5s_DOGE/January/2026-01-21_steps_5s.parquet,7797,3491,-9.820620417672467e-05,6000000.000000026,0.12401867165964861,0.124515,73.36887307838929,7.523887789481621e-13,1.0000000000000044,1.0,0.0,0.9820620417672473,DOGE_S2B2_lr0.0003_clip0.2_ent0.005_ep4_bs16_cl32_gamma0.999_lam0.95_seed1_H4320_Q3e+06_pov0.1_fee0,checkpoints/DOGE/DOGE_S2B2_lr0.0003_clip0.2_ent0.005_ep4_bs16_cl32_gamma0.999_lam0.95_seed1_H4320_Q3e+06_pov0.1_fee0/best.weights.h5,61
DOGE,doge_q6e+06,6000000.0,4320,3500.0,0.1,buy,DOGE_PPO_2,2026-01-29_steps_5s.parquet,/Users/jackfletcher/Desktop/FYP_Data/Replay_5s_DOGE/January/2026-01-29_steps_5s.parquet,10814,2934,-9.779275857986087e-05,6000000.000000005,0.11648334256299557,0.118315,69.42210138825737,7.251411492332839e-13,1.0000000000000007,1.0,0.0,0.9779275857986078,DOGE_S2B2_lr0.0003_clip0.2_ent0.005_ep4_bs16_cl32_gamma0.999_lam0.95_seed1_H4320_Q3e+06_pov0.1_fee0,checkpoints/DOGE/DOGE_S2B2_lr0.0003_clip0.2_ent0.005_ep4_bs16_cl32_gamma0.999_lam0.95_seed1_H4320_Q3e+06_pov0.1_fee0/best.weights.h5,62
DOGE,doge_q6e+06,6000000.0,4320,3500.0,0.1,buy,DOGE_PPO_2,2026-01-26_steps_5s.parquet,/Users/jackfletcher/Desktop/FYP_Data/Replay_5s_DOGE/January/2026-01-26_steps_5s.parquet,7231,2685,-6.212352723439364e-05,6000000.000000003,0.1212844022856907,0.120895,45.0625429500117,8.666778647704578e-13,1.0000000000000004,1.0,0.0,0.6212352723439306,DOGE_S2B2_lr0.0003_clip0.2_ent0.005_ep4_bs16_cl32_gamma0.999_lam0.95_seed1_H4320_Q3e+06_pov0.1_fee0,checkpoints/DOGE/DOGE_S2B2_lr0.0003_clip0.2_ent0.005_ep4_bs16_cl32_gamma0.999_lam0.95_seed1_H4320_Q3e+06_pov0.1_fee0/best.weights.h5,63
DOGE,doge_q6e+06,6000000.0,4320,3500.0,0.1,buy,DOGE_PPO_2,2026-01-22_steps_5s.parquet,/Users/jackfletcher/Desktop/FYP_Data/Replay_5s_DOGE/January/2026-01-22_steps_5s.parquet,4293,2926,-7.016420680732582e-05,6000000.000000011,0.12656406937136552,0.126965,53.450391103752075,7.673927024807633e-13,1.0000000000000018,1.0,0.0,0.7016420680732495,DOGE_S2B2_lr0.0003_clip0.2_ent0.005_ep4_bs16_cl32_gamma0.999_lam0.95_seed1_H4320_Q3e+06_pov0.1_fee0,checkpoints/DOGE/DOGE_S2B2_lr0.0003_clip0.2_ent0.005_ep4_bs16_cl32_gamma0.999_lam0.95_seed1_H4320_Q3e+06_pov0.1_fee0/best.weights.h5,64
DOGE,doge_q6e+06,6000000.0,4320,3500.0,0.1,buy,DOGE_PPO_2,2026-01-24_steps_5s.parquet,/Users/jackfletcher/Desktop/FYP_Data/Replay_5s_DOGE/January/2026-01-24_steps_5s.parquet,942,2114,-0.00012786474255232778,6000000.000000007,0.12446369644298907,0.12443499999999999,95.46509543699435,6.123298907836305e-13,1.0000000000000013,1.0,0.0,1.27864742552329,DOGE_S2B2_lr0.0003_clip0.2_ent0.005_ep4_bs16_cl32_gamma0.999_lam0.95_seed1_H4320_Q3e+06_pov0.1_fee0,checkpoints/DOGE/DOGE_S2B2_lr0.0003_clip0.2_ent0.005_ep4_bs16_cl32_gamma0.999_lam0.95_seed1_H4320_Q3e+06_pov0.1_fee0/best.weights.h5,65
DOGE,doge_q6e+06,6000000.0,4320,3500.0,0.1,buy,DOGE_PPO_2,2026-01-22_steps_5s.parquet,/Users/jackfletcher/Desktop/FYP_Data/Replay_5s_DOGE/January/2026-01-22_steps_5s.parquet,7671,2647,-7.421831006539503e-05,5999999.999999985,0.1258894405030588,0.1266,56.37622832567392,7.663507415297219e-13,0.9999999999999976,1.0,0.0,0.7421831006539484,DOGE_S2B2_lr0.0003_clip0.2_ent0.005_ep4_bs16_cl32_gamma0.999_lam0.95_seed1_H4320_Q3e+06_pov0.1_fee0,checkpoints/DOGE/DOGE_S2B2_lr0.0003_clip0.2_ent0.005_ep4_bs16_cl32_gamma0.999_lam0.95_seed1_H4320_Q3e+06_pov0.1_fee0/best.weights.h5,66
DOGE,doge_q6e+06,6000000.0,4320,3500.0,0.1,buy,DOGE_PPO_2,2026-01-30_steps_5s.parquet,/Users/jackfletcher/Desktop/FYP_Data/Replay_5s_DOGE/January/2026-01-30_steps_5s.parquet,5565,3104,-9.924434449277055e-05,6000000.000000004,0.11399627164927408,0.113995,67.88015430272002,8.095314928295551e-13,1.0000000000000007,1.0,0.0,0.9924434449277018,DOGE_S2B2_lr0.0003_clip0.2_ent0.005_ep4_bs16_cl32_gamma0.999_lam0.95_seed1_H4320_Q3e+06_pov0.1_fee0,checkpoints/DOGE/DOGE_S2B2_lr0.0003_clip0.2_ent0.005_ep4_bs16_cl32_gamma0.999_lam0.95_seed1_H4320_Q3e+06_pov0.1_fee0/best.weights.h5,67
DOGE,doge_q6e+06,6000000.0,4320,3500.0,0.1,buy,DOGE_PPO_2,2026-01-22_steps_5s.parquet,/Users/jackfletcher/Desktop/FYP_Data/Replay_5s_DOGE/January/2026-01-22_steps_5s.parquet,9414,3184,-9.210219494705865e-05,6000000.000000003,0.1249415352481253,0.125695,69.46071236322364,5.817007392334355e-13,1.0000000000000004,1.0,0.0,0.921021949470592,DOGE_S2B2_lr0.0003_clip0.2_ent0.005_ep4_bs16_cl32_gamma0.999_lam0.95_seed1_H4320_Q3e+06_pov0.1_fee0,checkpoints/DOGE/DOGE_S2B2_lr0.0003_clip0.2_ent0.005_ep4_bs16_cl32_gamma0.999_lam0.95_seed1_H4320_Q3e+06_pov0.1_fee0/best.weights.h5,68
DOGE,doge_q6e+06,6000000.0,4320,3500.0,0.1,buy,DOGE_PPO_2,2026-01-31_steps_5s.parquet,/Users/jackfletcher/Desktop/FYP_Data/Replay_5s_DOGE/January/2026-01-31_steps_5s.parquet,7077,2947,-0.00011017110023355578,5999999.999999997,0.11168959080720582,0.111875,73.95235103177444,6.89799620527849e-13,0.9999999999999996,1.0,0.0,1.1017110023355596,DOGE_S2B2_lr0.0003_clip0.2_ent0.005_ep4_bs16_cl32_gamma0.999_lam0.95_seed1_H4320_Q3e+06_pov0.1_fee0,checkpoints/DOGE/DOGE_S2B2_lr0.0003_clip0.2_ent0.005_ep4_bs16_cl32_gamma0.999_lam0.95_seed1_H4320_Q3e+06_pov0.1_fee0/best.weights.h5,69
DOGE,doge_q6e+06,6000000.0,4320,3500.0,0.1,buy,DOGE_PPO_2,2026-01-17_steps_5s.parquet,/Users/jackfletcher/Desktop/FYP_Data/Replay_5s_DOGE/January/2026-01-17_steps_5s.parquet,12396,2420,-9.231210161093979e-05,6000000.000000001,0.1387679128610335,0.13894499999999999,76.95782974999202,8.262528350748862e-13,1.0000000000000002,1.0,0.0,0.9231210161093961,DOGE_S2B2_lr0.0003_clip0.2_ent0.005_ep4_bs16_cl32_gamma0.999_lam0.95_seed1_H4320_Q3e+06_pov0.1_fee0,checkpoints/DOGE/DOGE_S2B2_lr0.0003_clip0.2_ent0.005_ep4_bs16_cl32_gamma0.999_lam0.95_seed1_H4320_Q3e+06_pov0.1_fee0/best.weights.h5,70
DOGE,doge_q6e+06,6000000.0,4320,3500.0,0.1,buy,DOGE_PPO_2,2026-01-27_steps_5s.parquet,/Users/jackfletcher/Desktop/FYP_Data/Replay_5s_DOGE/January/2026-01-27_steps_5s.parquet,237,2429,-9.398715782352086e-05,5999999.9999999935,0.12263456548785188,0.122275,68.95367833722672,7.800035677873325e-13,0.9999999999999989,1.0,0.0,0.9398715782352173,DOGE_S2B2_lr0.0003_clip0.2_ent0.005_ep4_bs16_cl32_gamma0.999_lam0.95_seed1_H4320_Q3e+06_pov0.1_fee0,checkpoints/DOGE/DOGE_S2B2_lr0.0003_clip0.2_ent0.005_ep4_bs16_cl32_gamma0.999_lam0.95_seed1_H4320_Q3e+06_pov0.1_fee0/best.weights.h5,71
DOGE,doge_q6e+06,6000000.0,4320,3500.0,0.1,buy,DOGE_PPO_2,2026-01-10_steps_5s.parquet,/Users/jackfletcher/Desktop/FYP_Data/Replay_5s_DOGE/January/2026-01-10_steps_5s.parquet,1631,2434,-8.543780244103102e-05,6000000.000000008,0.140141170877218,0.140535,72.04200939630165,5.818917938539312e-13,1.0000000000000013,1.0,0.0,0.8543780244103089,DOGE_S2B2_lr0.0003_clip0.2_ent0.005_ep4_bs16_cl32_gamma0.999_lam0.95_seed1_H4320_Q3e+06_pov0.1_fee0,checkpoints/DOGE/DOGE_S2B2_lr0.0003_clip0.2_ent0.005_ep4_bs16_cl32_gamma0.999_lam0.95_seed1_H4320_Q3e+06_pov0.1_fee0/best.weights.h5,72
DOGE,doge_q6e+06,6000000.0,4320,3500.0,0.1,buy,DOGE_PPO_2,2026-01-31_steps_5s.parquet,/Users/jackfletcher/Desktop/FYP_Data/Replay_5s_DOGE/January/2026-01-31_steps_5s.parquet,7065,2948,-0.0001100232426892335,5999999.999999995,0.11169398305394661,0.111925,73.88610862795494,8.318451807628005e-13,0.9999999999999992,1.0,0.0,1.1002324268923378,DOGE_S2B2_lr0.0003_clip0.2_ent0.005_ep4_bs16_cl32_gamma0.999_lam0.95_seed1_H4320_Q3e+06_pov0.1_fee0,checkpoints/DOGE/DOGE_S2B2_lr0.0003_clip0.2_ent0.005_ep4_bs16_cl32_gamma0.999_lam0.95_seed1_H4320_Q3e+06_pov0.1_fee0/best.weights.h5,73
DOGE,doge_q6e+06,6000000.0,4320,3500.0,0.1,buy,DOGE_PPO_2,2026-01-12_steps_5s.parquet,/Users/jackfletcher/Desktop/FYP_Data/Replay_5s_DOGE/January/2026-01-12_steps_5s.parquet,8529,3838,-8.2275890974354e-05,6000000.000000003,0.13709516340421365,0.136685,67.47528094697728,6.598983733791113e-13,1.0000000000000004,1.0,0.0,0.8227589097435377,DOGE_S2B2_lr0.0003_clip0.2_ent0.005_ep4_bs16_cl32_gamma0.999_lam0.95_seed1_H4320_Q3e+06_pov0.1_fee0,checkpoints/DOGE/DOGE_S2B2_lr0.0003_clip0.2_ent0.005_ep4_bs16_cl32_gamma0.999_lam0.95_seed1_H4320_Q3e+06_pov0.1_fee0/best.weights.h5,74
DOGE,doge_q6e+06,6000000.0,4320,3500.0,0.1,buy,DOGE_PPO_2,2026-01-12_steps_5s.parquet,/Users/jackfletcher/Desktop/FYP_Data/Replay_5s_DOGE/January/2026-01-12_steps_5s.parquet,2472,3358,-6.23242575669783e-05,5999999.999999991,0.14030685699489753,0.141875,53.05352425389109,5.277909771663549e-13,0.9999999999999984,1.0,0.0,0.6232425756697926,DOGE_S2B2_lr0.0003_clip0.2_ent0.005_ep4_bs16_cl32_gamma0.999_lam0.95_seed1_H4320_Q3e+06_pov0.1_fee0,checkpoints/DOGE/DOGE_S2B2_lr0.0003_clip0.2_ent0.005_ep4_bs16_cl32_gamma0.999_lam0.95_seed1_H4320_Q3e+06_pov0.1_fee0/best.weights.h5,75
DOGE,doge_q6e+06,6000000.0,4320,3500.0,0.1,buy,DOGE_PPO_2,2026-01-09_steps_5s.parquet,/Users/jackfletcher/Desktop/FYP_Data/Replay_5s_DOGE/January/2026-01-09_steps_5s.parquet,11361,3525,-0.00010843942625406673,5999999.999999989,0.14114855477662555,0.142945,93.00524271532555,4.701503396778901e-13,0.9999999999999981,1.0,0.0,1.084394262540669,DOGE_S2B2_lr0.0003_clip0.2_ent0.005_ep4_bs16_cl32_gamma0.999_lam0.95_seed1_H4320_Q3e+06_pov0.1_fee0,checkpoints/DOGE/DOGE_S2B2_lr0.0003_clip0.2_ent0.005_ep4_bs16_cl32_gamma0.999_lam0.95_seed1_H4320_Q3e+06_pov0.1_fee0/best.weights.h5,76
DOGE,doge_q6e+06,6000000.0,4320,3500.0,0.1,buy,DOGE_PPO_2,2026-01-20_steps_5s.parquet,/Users/jackfletcher/Desktop/FYP_Data/Replay_5s_DOGE/January/2026-01-20_steps_5s.parquet,12550,3325,-8.758556121883315e-05,5999999.99999999,0.12393253360484689,0.123975,65.15051971262936,5.372439184349967e-13,0.9999999999999983,1.0,0.0,0.8758556121883357,DOGE_S2B2_lr0.0003_clip0.2_ent0.005_ep4_bs16_cl32_gamma0.999_lam0.95_seed1_H4320_Q3e+06_pov0.1_fee0,checkpoints/DOGE/DOGE_S2B2_lr0.0003_clip0.2_ent0.005_ep4_bs16_cl32_gamma0.999_lam0.95_seed1_H4320_Q3e+06_pov0.1_fee0/best.weights.h5,77
DOGE,doge_q6e+06,6000000.0,4320,3500.0,0.1,buy,DOGE_PPO_2,2026-01-24_steps_5s.parquet,/Users/jackfletcher/Desktop/FYP_Data/Replay_5s_DOGE/January/2026-01-24_steps_5s.parquet,4012,2304,-7.12029304066023e-05,6000000.000000007,0.12436676198287956,0.124485,53.18218074999564,5.792853885050799e-13,1.0000000000000013,1.0,0.0,0.7120293040660272,DOGE_S2B2_lr0.0003_clip0.2_ent0.005_ep4_bs16_cl32_gamma0.999_lam0.95_seed1_H4320_Q3e+06_pov0.1_fee0,checkpoints/DOGE/DOGE_S2B2_lr0.0003_clip0.2_ent0.005_ep4_bs16_cl32_gamma0.999_lam0.95_seed1_H4320_Q3e+06_pov0.1_fee0/best.weights.h5,78
DOGE,doge_q6e+06,6000000.0,4320,3500.0,0.1,buy,DOGE_PPO_2,2026-01-17_steps_5s.parquet,/Users/jackfletcher/Desktop/FYP_Data/Replay_5s_DOGE/January/2026-01-17_steps_5s.parquet,10802,2814,-8.837990764452908e-05,5999999.999999992,0.13877372526777657,0.138515,73.45165744429086,6.203686276670962e-13,0.9999999999999986,1.0,0.0,0.8837990764452811,DOGE_S2B2_lr0.0003_clip0.2_ent0.005_ep4_bs16_cl32_gamma0.999_lam0.95_seed1_H4320_Q3e+06_pov0.1_fee0,checkpoints/DOGE/DOGE_S2B2_lr0.0003_clip0.2_ent0.005_ep4_bs16_cl32_gamma0.999_lam0.95_seed1_H4320_Q3e+06_pov0.1_fee0/best.weights.h5,79
DOGE,doge_q6e+06,6000000.0,4320,3500.0,0.1,buy,DOGE_PPO_2,2026-01-28_steps_5s.parquet,/Users/jackfletcher/Desktop/FYP_Data/Replay_5s_DOGE/January/2026-01-28_steps_5s.parquet,1203,2635,-8.255884501513851e-05,6000000.000000005,0.12462270773672923,0.125055,61.94637818020861,9.813836751827476e-13,1.0000000000000007,1.0,0.0,0.8255884501513816,DOGE_S2B2_lr0.0003_clip0.2_ent0.005_ep4_bs16_cl32_gamma0.999_lam0.95_seed1_H4320_Q3e+06_pov0.1_fee0,checkpoints/DOGE/DOGE_S2B2_lr0.0003_clip0.2_ent0.005_ep4_bs16_cl32_gamma0.999_lam0.95_seed1_H4320_Q3e+06_pov0.1_fee0/best.weights.h5,80
DOGE,doge_q6e+06,6000000.0,4320,3500.0,0.1,buy,DOGE_PPO_2,2026-01-26_steps_5s.parquet,/Users/jackfletcher/Desktop/FYP_Data/Replay_5s_DOGE/January/2026-01-26_steps_5s.parquet,450,3112,-9.382402572867031e-05,5999999.999999976,0.1218328083269409,0.11997,67.53641020001172,7.014189450342694e-13,0.999999999999996,1.0,0.0,0.9382402572867067,DOGE_S2B2_lr0.0003_clip0.2_ent0.005_ep4_bs16_cl32_gamma0.999_lam0.95_seed1_H4320_Q3e+06_pov0.1_fee0,checkpoints/DOGE/DOGE_S2B2_lr0.0003_clip0.2_ent0.005_ep4_bs16_cl32_gamma0.999_lam0.95_seed1_H4320_Q3e+06_pov0.1_fee0/best.weights.h5,81
DOGE,doge_q6e+06,6000000.0,4320,3500.0,0.1,buy,DOGE_PPO_2,2026-01-24_steps_5s.parquet,/Users/jackfletcher/Desktop/FYP_Data/Replay_5s_DOGE/January/2026-01-24_steps_5s.parquet,5934,2208,-8.19790387002897e-05,6000000.000000001,0.12455057586295788,0.124285,61.132588949193526,8.00551803490076e-13,1.0000000000000002,1.0,0.0,0.8197903870029036,DOGE_S2B2_lr0.0003_clip0.2_ent0.005_ep4_bs16_cl32_gamma0.999_lam0.95_seed1_H4320_Q3e+06_pov0.1_fee0,checkpoints/DOGE/DOGE_S2B2_lr0.0003_clip0.2_ent0.005_ep4_bs16_cl32_gamma0.999_lam0.95_seed1_H4320_Q3e+06_pov0.1_fee0/best.weights.h5,82
DOGE,doge_q6e+06,6000000.0,4320,3500.0,0.1,buy,DOGE_PPO_2,2026-01-21_steps_5s.parquet,/Users/jackfletcher/Desktop/FYP_Data/Replay_5s_DOGE/January/2026-01-21_steps_5s.parquet,287,2662,-9.853718051399776e-05,6000000.000000009,0.1255290110395256,0.123385,72.94806010631733,5.87896898877462e-13,1.0000000000000016,1.0,0.0,0.9853718051399728,DOGE_S2B2_lr0.0003_clip0.2_ent0.005_ep4_bs16_cl32_gamma0.999_lam0.95_seed1_H4320_Q3e+06_pov0.1_fee0,checkpoints/DOGE/DOGE_S2B2_lr0.0003_clip0.2_ent0.005_ep4_bs16_cl32_gamma0.999_lam0.95_seed1_H4320_Q3e+06_pov0.1_fee0/best.weights.h5,83
DOGE,doge_q6e+06,6000000.0,4320,3500.0,0.1,buy,DOGE_PPO_2,2026-01-31_steps_5s.parquet,/Users/jackfletcher/Desktop/FYP_Data/Replay_5s_DOGE/January/2026-01-31_steps_5s.parquet,5512,2996,-0.00010836528438069905,6000000.000000011,0.11204234364088864,0.11232500000000001,73.03278340837247,7.097376603742727e-13,1.0000000000000018,1.0,0.0,1.0836528438069954,DOGE_S2B2_lr0.0003_clip0.2_ent0.005_ep4_bs16_cl32_gamma0.999_lam0.95_seed1_H4320_Q3e+06_pov0.1_fee0,checkpoints/DOGE/DOGE_S2B2_lr0.0003_clip0.2_ent0.005_ep4_bs16_cl32_gamma0.999_lam0.95_seed1_H4320_Q3e+06_pov0.1_fee0/best.weights.h5,84
DOGE,doge_q6e+06,6000000.0,4320,3500.0,0.1,buy,DOGE_PPO_2,2026-01-21_steps_5s.parquet,/Users/jackfletcher/Desktop/FYP_Data/Replay_5s_DOGE/January/2026-01-21_steps_5s.parquet,5889,2723,-7.530321673342421e-05,5999999.999999996,0.12446163056592449,0.124985,56.47063526056307,9.89502636429857e-13,0.9999999999999993,1.0,0.0,0.7530321673342545,DOGE_S2B2_lr0.0003_clip0.2_ent0.005_ep4_bs16_cl32_gamma0.999_lam0.95_seed1_H4320_Q3e+06_pov0.1_fee0,checkpoints/DOGE/DOGE_S2B2_lr0.0003_clip0.2_ent0.005_ep4_bs16_cl32_gamma0.999_lam0.95_seed1_H4320_Q3e+06_pov0.1_fee0/best.weights.h5,85
DOGE,doge_q6e+06,6000000.0,4320,3500.0,0.1,buy,DOGE_PPO_2,2026-01-30_steps_5s.parquet,/Users/jackfletcher/Desktop/FYP_Data/Replay_5s_DOGE/January/2026-01-30_steps_5s.parquet,429,2995,-9.724144130366505e-05,5999999.999999997,0.11530355558939524,0.11702,68.27516076812908,7.250693991201341e-13,0.9999999999999996,1.0,0.0,0.9724144130366473,DOGE_S2B2_lr0.0003_clip0.2_ent0.005_ep4_bs16_cl32_gamma0.999_lam0.95_seed1_H4320_Q3e+06_pov0.1_fee0,checkpoints/DOGE/DOGE_S2B2_lr0.0003_clip0.2_ent0.005_ep4_bs16_cl32_gamma0.999_lam0.95_seed1_H4320_Q3e+06_pov0.1_fee0/best.weights.h5,86
DOGE,doge_q6e+06,6000000.0,4320,3500.0,0.1,buy,DOGE_PPO_2,2026-01-15_steps_5s.parquet,/Users/jackfletcher/Desktop/FYP_Data/Replay_5s_DOGE/January/2026-01-15_steps_5s.parquet,5847,2934,-6.580588791942761e-05,6000000.0000000065,0.14403807309969496,0.144055,56.8780031053995,6.93566698106455e-13,1.000000000000001,1.0,0.0,0.6580588791942835,DOGE_S2B2_lr0.0003_clip0.2_ent0.005_ep4_bs16_cl32_gamma0.999_lam0.95_seed1_H4320_Q3e+06_pov0.1_fee0,checkpoints/DOGE/DOGE_S2B2_lr0.0003_clip0.2_ent0.005_ep4_bs16_cl32_gamma0.999_lam0.95_seed1_H4320_Q3e+06_pov0.1_fee0/best.weights.h5,87
DOGE,doge_q6e+06,6000000.0,4320,3500.0,0.1,buy,DOGE_PPO_2,2026-01-22_steps_5s.parquet,/Users/jackfletcher/Desktop/FYP_Data/Replay_5s_DOGE/January/2026-01-22_steps_5s.parquet,10862,3055,-9.6309035901875e-05,6000000.000000001,0.12472025605200342,0.12412000000000001,71.72326521684406,7.013595240246708e-13,1.0000000000000002,1.0,0.0,0.963090359018746,DOGE_S2B2_lr0.0003_clip0.2_ent0.005_ep4_bs16_cl32_gamma0.999_lam0.95_seed1_H4320_Q3e+06_pov0.1_fee0,checkpoints/DOGE/DOGE_S2B2_lr0.0003_clip0.2_ent0.005_ep4_bs16_cl32_gamma0.999_lam0.95_seed1_H4320_Q3e+06_pov0.1_fee0/best.weights.h5,88
DOGE,doge_q6e+06,6000000.0,4320,3500.0,0.1,buy,DOGE_PPO_2,2026-01-13_steps_5s.parquet,/Users/jackfletcher/Desktop/FYP_Data/Replay_5s_DOGE/January/2026-01-13_steps_5s.parquet,1915,3011,-9.723909245484865e-05,5999999.999999981,0.13787253712615244,0.136785,79.80509556861804,7.211291251909225e-13,0.9999999999999969,1.0,0.0,0.972390924548477,DOGE_S2B2_lr0.0003_clip0.2_ent0.005_ep4_bs16_cl32_gamma0.999_lam0.95_seed1_H4320_Q3e+06_pov0.1_fee0,checkpoints/DOGE/DOGE_S2B2_lr0.0003_clip0.2_ent0.005_ep4_bs16_cl32_gamma0.999_lam0.95_seed1_H4320_Q3e+06_pov0.1_fee0/best.weights.h5,89
DOGE,doge_q6e+06,6000000.0,4320,3500.0,0.1,buy,DOGE_PPO_2,2026-01-28_steps_5s.parquet,/Users/jackfletcher/Desktop/FYP_Data/Replay_5s_DOGE/January/2026-01-28_steps_5s.parquet,7121,2967,-8.361028827176263e-05,5999999.999999998,0.12660066542840923,0.12718000000000002,63.80133877441694,5.915578742226893e-13,0.9999999999999997,1.0,0.0,0.8361028827176303,DOGE_S2B2_lr0.0003_clip0.2_ent0.005_ep4_bs16_cl32_gamma0.999_lam0.95_seed1_H4320_Q3e+06_pov0.1_fee0,checkpoints/DOGE/DOGE_S2B2_lr0.0003_clip0.2_ent0.005_ep4_bs16_cl32_gamma0.999_lam0.95_seed1_H4320_Q3e+06_pov0.1_fee0/best.weights.h5,90
DOGE,doge_q6e+06,6000000.0,4320,3500.0,0.1,buy,DOGE_PPO_2,2026-01-10_steps_5s.parquet,/Users/jackfletcher/Desktop/FYP_Data/Replay_5s_DOGE/January/2026-01-10_steps_5s.parquet,5505,2610,-5.775756687554845e-05,5999999.999999998,0.14012427494151203,0.140305,48.622052522843035,6.265327919568946e-13,0.9999999999999997,1.0,0.0,0.5775756687554854,DOGE_S2B2_lr0.0003_clip0.2_ent0.005_ep4_bs16_cl32_gamma0.999_lam0.95_seed1_H4320_Q3e+06_pov0.1_fee0,checkpoints/DOGE/DOGE_S2B2_lr0.0003_clip0.2_ent0.005_ep4_bs16_cl32_gamma0.999_lam0.95_seed1_H4320_Q3e+06_pov0.1_fee0/best.weights.h5,91
DOGE,doge_q6e+06,6000000.0,4320,3500.0,0.1,buy,DOGE_PPO_2,2026-01-25_steps_5s.parquet,/Users/jackfletcher/Desktop/FYP_Data/Replay_5s_DOGE/January/2026-01-25_steps_5s.parquet,11616,3885,-0.00010879087779627911,6000000.000000002,0.11977523570086653,0.12139,79.236747934142,9.763188974162171e-13,1.0000000000000002,1.0,0.0,1.087908777962792,DOGE_S2B2_lr0.0003_clip0.2_ent0.005_ep4_bs16_cl32_gamma0.999_lam0.95_seed1_H4320_Q3e+06_pov0.1_fee0,checkpoints/DOGE/DOGE_S2B2_lr0.0003_clip0.2_ent0.005_ep4_bs16_cl32_gamma0.999_lam0.95_seed1_H4320_Q3e+06_pov0.1_fee0/best.weights.h5,92
DOGE,doge_q6e+06,6000000.0,4320,3500.0,0.1,buy,DOGE_PPO_2,2026-01-10_steps_5s.parquet,/Users/jackfletcher/Desktop/FYP_Data/Replay_5s_DOGE/January/2026-01-10_steps_5s.parquet,2493,2459,-7.319407927050406e-05,5999999.999999993,0.14008693596474545,0.140355,61.63892997606994,4.834786667738087e-13,0.9999999999999988,1.0,0.0,0.7319407927050449,DOGE_S2B2_lr0.0003_clip0.2_ent0.005_ep4_bs16_cl32_gamma0.999_lam0.95_seed1_H4320_Q3e+06_pov0.1_fee0,checkpoints/DOGE/DOGE_S2B2_lr0.0003_clip0.2_ent0.005_ep4_bs16_cl32_gamma0.999_lam0.95_seed1_H4320_Q3e+06_pov0.1_fee0/best.weights.h5,93
DOGE,doge_q6e+06,6000000.0,4320,3500.0,0.1,buy,DOGE_PPO_2,2026-01-28_steps_5s.parquet,/Users/jackfletcher/Desktop/FYP_Data/Replay_5s_DOGE/January/2026-01-28_steps_5s.parquet,11648,3052,-0.00011346712245880631,5999999.999999995,0.12482213307710285,0.12454499999999999,84.79057659979259,8.76980152923793e-13,0.9999999999999992,1.0,0.0,1.1346712245880686,DOGE_S2B2_lr0.0003_clip0.2_ent0.005_ep4_bs16_cl32_gamma0.999_lam0.95_seed1_H4320_Q3e+06_pov0.1_fee0,checkpoints/DOGE/DOGE_S2B2_lr0.0003_clip0.2_ent0.005_ep4_bs16_cl32_gamma0.999_lam0.95_seed1_H4320_Q3e+06_pov0.1_fee0/best.weights.h5,94
DOGE,doge_q6e+06,6000000.0,4320,3500.0,0.1,buy,DOGE_PPO_2,2026-01-15_steps_5s.parquet,/Users/jackfletcher/Desktop/FYP_Data/Replay_5s_DOGE/January/2026-01-15_steps_5s.parquet,11127,3855,-8.730981862561783e-05,6000000.00000001,0.14071911410302107,0.141845,74.30676733770413,8.102183489784653e-13,1.0000000000000018,1.0,0.0,0.8730981862561732,DOGE_S2B2_lr0.0003_clip0.2_ent0.005_ep4_bs16_cl32_gamma0.999_lam0.95_seed1_H4320_Q3e+06_pov0.1_fee0,checkpoints/DOGE/DOGE_S2B2_lr0.0003_clip0.2_ent0.005_ep4_bs16_cl32_gamma0.999_lam0.95_seed1_H4320_Q3e+06_pov0.1_fee0/best.weights.h5,95
DOGE,doge_q6e+06,6000000.0,4320,3500.0,0.1,buy,DOGE_PPO_2,2026-01-16_steps_5s.parquet,/Users/jackfletcher/Desktop/FYP_Data/Replay_5s_DOGE/January/2026-01-16_steps_5s.parquet,8495,3060,-5.902469008146862e-05,6000000.000000013,0.13767782801315454,0.138065,48.895463016588145,7.596270199988667e-13,1.0000000000000022,1.0,0.0,0.5902469008146906,DOGE_S2B2_lr0.0003_clip0.2_ent0.005_ep4_bs16_cl32_gamma0.999_lam0.95_seed1_H4320_Q3e+06_pov0.1_fee0,checkpoints/DOGE/DOGE_S2B2_lr0.0003_clip0.2_ent0.005_ep4_bs16_cl32_gamma0.999_lam0.95_seed1_H4320_Q3e+06_pov0.1_fee0/best.weights.h5,96
DOGE,doge_q6e+06,6000000.0,4320,3500.0,0.1,buy,DOGE_PPO_2,2026-01-30_steps_5s.parquet,/Users/jackfletcher/Desktop/FYP_Data/Replay_5s_DOGE/January/2026-01-30_steps_5s.parquet,1329,3087,-8.850819290720262e-05,5999999.999999994,0.11475250181627414,0.11465,60.884785900866135,9.299088454053233e-13,0.9999999999999991,1.0,0.0,0.8850819290720473,DOGE_S2B2_lr0.0003_clip0.2_ent0.005_ep4_bs16_cl32_gamma0.999_lam0.95_seed1_H4320_Q3e+06_pov0.1_fee0,checkpoints/DOGE/DOGE_S2B2_lr0.0003_clip0.2_ent0.005_ep4_bs16_cl32_gamma0.999_lam0.95_seed1_H4320_Q3e+06_pov0.1_fee0/best.weights.h5,97
DOGE,doge_q6e+06,6000000.0,4320,3500.0,0.1,buy,DOGE_PPO_2,2026-01-28_steps_5s.parquet,/Users/jackfletcher/Desktop/FYP_Data/Replay_5s_DOGE/January/2026-01-28_steps_5s.parquet,1753,2615,-8.104819342551576e-05,5999999.99999999,0.12459927369831768,0.124855,60.715633140858024,9.047762086944828e-13,0.9999999999999983,1.0,0.0,0.8104819342551765,DOGE_S2B2_lr0.0003_clip0.2_ent0.005_ep4_bs16_cl32_gamma0.999_lam0.95_seed1_H4320_Q3e+06_pov0.1_fee0,checkpoints/DOGE/DOGE_S2B2_lr0.0003_clip0.2_ent0.005_ep4_bs16_cl32_gamma0.999_lam0.95_seed1_H4320_Q3e+06_pov0.1_fee0/best.weights.h5,98
DOGE,doge_q6e+06,6000000.0,4320,3500.0,0.1,buy,DOGE_PPO_2,2026-01-23_steps_5s.parquet,/Users/jackfletcher/Desktop/FYP_Data/Replay_5s_DOGE/January/2026-01-23_steps_5s.parquet,8152,2386,-9.536076603108601e-05,5999999.99999999,0.1249817845811825,0.12526500000000002,71.6721981413041,9.821889425342974e-13,0.9999999999999983,1.0,0.0,0.953607660310862,DOGE_S2B2_lr0.0003_clip0.2_ent0.005_ep4_bs16_cl32_gamma0.999_lam0.95_seed1_H4320_Q3e+06_pov0.1_fee0,checkpoints/DOGE/DOGE_S2B2_lr0.0003_clip0.2_ent0.005_ep4_bs16_cl32_gamma0.999_lam0.95_seed1_H4320_Q3e+06_pov0.1_fee0/best.weights.h5,99
DOGE,doge_q6e+06,6000000.0,4320,3500.0,0.1,buy,DOGE_PPO_3,2026-01-11_steps_5s.parquet,/Users/jackfletcher/Desktop/FYP_Data/Replay_5s_DOGE/January/2026-01-11_steps_5s.parquet,2088,2677,-6.617902798259351e-05,5999999.999999991,0.1391718703688313,0.139015,55.19926545000202,6.041445170332074e-13,0.9999999999999984,1.0,0.0,0.6617902798259423,DOGE_S2B1_lr0.0003_clip0.2_ent0.01_ep4_bs16_cl32_gamma0.99_lam0.9_seed1_H4320_Q3e+06_pov0.1_fee0,checkpoints/DOGE/DOGE_S2B1_lr0.0003_clip0.2_ent0.01_ep4_bs16_cl32_gamma0.99_lam0.9_seed1_H4320_Q3e+06_pov0.1_fee0/best.weights.h5,0
DOGE,doge_q6e+06,6000000.0,4320,3500.0,0.1,buy,DOGE_PPO_3,2026-01-30_steps_5s.parquet,/Users/jackfletcher/Desktop/FYP_Data/Replay_5s_DOGE/January/2026-01-30_steps_5s.parquet,5511,3140,-9.919112405648956e-05,6000000.000000003,0.11398924653556354,0.113905,67.79018991392735,6.713635214846405e-13,1.0000000000000004,1.0,0.0,0.9919112405649056,DOGE_S2B1_lr0.0003_clip0.2_ent0.01_ep4_bs16_cl32_gamma0.99_lam0.9_seed1_H4320_Q3e+06_pov0.1_fee0,checkpoints/DOGE/DOGE_S2B1_lr0.0003_clip0.2_ent0.01_ep4_bs16_cl32_gamma0.99_lam0.9_seed1_H4320_Q3e+06_pov0.1_fee0/best.weights.h5,1
DOGE,doge_q6e+06,6000000.0,4320,3500.0,0.1,buy,DOGE_PPO_3,2026-01-31_steps_5s.parquet,/Users/jackfletcher/Desktop/FYP_Data/Replay_5s_DOGE/January/2026-01-31_steps_5s.parquet,11812,2691,-0.00017570790811305775,5999999.999999997,0.10259877020994257,0.107925,113.77965589861086,7.959091004265956e-13,0.9999999999999996,1.0,0.0,1.7570790811305823,DOGE_S2B1_lr0.0003_clip0.2_ent0.01_ep4_bs16_cl32_gamma0.99_lam0.9_seed1_H4320_Q3e+06_pov0.1_fee0,checkpoints/DOGE/DOGE_S2B1_lr0.0003_clip0.2_ent0.01_ep4_bs16_cl32_gamma0.99_lam0.9_seed1_H4320_Q3e+06_pov0.1_fee0/best.weights.h5,2
DOGE,doge_q6e+06,6000000.0,4320,3500.0,0.1,buy,DOGE_PPO_3,2026-01-15_steps_5s.parquet,/Users/jackfletcher/Desktop/FYP_Data/Replay_5s_DOGE/January/2026-01-15_steps_5s.parquet,3234,3194,-6.183396637059176e-05,6000000.0,0.14359193390091077,0.14331,53.168554323418256,7.954992196727836e-13,1.0,1.0,0.0,0.6183396637059319,DOGE_S2B1_lr0.0003_clip0.2_ent0.01_ep4_bs16_cl32_gamma0.99_lam0.9_seed1_H4320_Q3e+06_pov0.1_fee0,checkpoints/DOGE/DOGE_S2B1_lr0.0003_clip0.2_ent0.01_ep4_bs16_cl32_gamma0.99_lam0.9_seed1_H4320_Q3e+06_pov0.1_fee0/best.weights.h5,3
DOGE,doge_q6e+06,6000000.0,4320,3500.0,0.1,buy,DOGE_PPO_3,2026-01-17_steps_5s.parquet,/Users/jackfletcher/Desktop/FYP_Data/Replay_5s_DOGE/January/2026-01-17_steps_5s.parquet,10735,2815,-8.752930703385954e-05,5999999.999999999,0.13876960483751907,0.138485,72.72897650750359,6.400353437592084e-13,0.9999999999999999,1.0,0.0,0.8752930703385876,DOGE_S2B1_lr0.0003_clip0.2_ent0.01_ep4_bs16_cl32_gamma0.99_lam0.9_seed1_H4320_Q3e+06_pov0.1_fee0,checkpoints/DOGE/DOGE_S2B1_lr0.0003_clip0.2_ent0.01_ep4_bs16_cl32_gamma0.99_lam0.9_seed1_H4320_Q3e+06_pov0.1_fee0/best.weights.h5,4
DOGE,doge_q6e+06,6000000.0,4320,3500.0,0.1,buy,DOGE_PPO_3,2026-01-31_steps_5s.parquet,/Users/jackfletcher/Desktop/FYP_Data/Replay_5s_DOGE/January/2026-01-31_steps_5s.parquet,11851,2681,-0.00017618556253020716,6000000.000000005,0.10252467784330001,0.10704,113.1534156794,9.82643056946538e-13,1.0000000000000007,1.0,0.0,1.7618556253020676,DOGE_S2B1_lr0.0003_clip0.2_ent0.01_ep4_bs16_cl32_gamma0.99_lam0.9_seed1_H4320_Q3e+06_pov0.1_fee0,checkpoints/DOGE/DOGE_S2B1_lr0.0003_clip0.2_ent0.01_ep4_bs16_cl32_gamma0.99_lam0.9_seed1_H4320_Q3e+06_pov0.1_fee0/best.weights.h5,5
DOGE,doge_q6e+06,6000000.0,4320,3500.0,0.1,buy,DOGE_PPO_3,2026-01-31_steps_5s.parquet,/Users/jackfletcher/Desktop/FYP_Data/Replay_5s_DOGE/January/2026-01-31_steps_5s.parquet,5721,2980,-0.00010541792413311061,6000000.000000002,0.11198501522327681,0.11273,71.30257552515344,7.773602197774798e-13,1.0000000000000002,1.0,0.0,1.0541792413311073,DOGE_S2B1_lr0.0003_clip0.2_ent0.01_ep4_bs16_cl32_gamma0.99_lam0.9_seed1_H4320_Q3e+06_pov0.1_fee0,checkpoints/DOGE/DOGE_S2B1_lr0.0003_clip0.2_ent0.01_ep4_bs16_cl32_gamma0.99_lam0.9_seed1_H4320_Q3e+06_pov0.1_fee0/best.weights.h5,6
DOGE,doge_q6e+06,6000000.0,4320,3500.0,0.1,buy,DOGE_PPO_3,2026-01-18_steps_5s.parquet,/Users/jackfletcher/Desktop/FYP_Data/Replay_5s_DOGE/January/2026-01-18_steps_5s.parquet,6426,2540,-8.458354995774299e-05,5999999.999999995,0.13729375891433315,0.137485,69.77381619564136,6.70479911834455e-13,0.9999999999999992,1.0,0.0,0.845835499577425,DOGE_S2B1_lr0.0003_clip0.2_ent0.01_ep4_bs16_cl32_gamma0.99_lam0.9_seed1_H4320_Q3e+06_pov0.1_fee0,checkpoints/DOGE/DOGE_S2B1_lr0.0003_clip0.2_ent0.01_ep4_bs16_cl32_gamma0.99_lam0.9_seed1_H4320_Q3e+06_pov0.1_fee0/best.weights.h5,7
DOGE,doge_q6e+06,6000000.0,4320,3500.0,0.1,buy,DOGE_PPO_3,2026-01-10_steps_5s.parquet,/Users/jackfletcher/Desktop/FYP_Data/Replay_5s_DOGE/January/2026-01-10_steps_5s.parquet,4690,2661,-5.785816059419148e-05,6000000.000000009,0.14004617142604925,0.13977499999999998,48.5227463823182,6.584082476884742e-13,1.0000000000000016,1.0,0.0,0.5785816059419091,DOGE_S2B1_lr0.0003_clip0.2_ent0.01_ep4_bs16_cl32_gamma0.99_lam0.9_seed1_H4320_Q3e+06_pov0.1_fee0,checkpoints/DOGE/DOGE_S2B1_lr0.0003_clip0.2_ent0.01_ep4_bs16_cl32_gamma0.99_lam0.9_seed1_H4320_Q3e+06_pov0.1_fee0/best.weights.h5,8
DOGE,doge_q6e+06,6000000.0,4320,3500.0,0.1,buy,DOGE_PPO_3,2026-01-24_steps_5s.parquet,/Users/jackfletcher/Desktop/FYP_Data/Replay_5s_DOGE/January/2026-01-24_steps_5s.parquet,3650,2283,-8.091978436024939e-05,5999999.999999998,0.12438708024091273,0.124515,60.45436169769949,9.057035352231594e-13,0.9999999999999997,1.0,0.0,0.8091978436025042,DOGE_S2B1_lr0.0003_clip0.2_ent0.01_ep4_bs16_cl32_gamma0.99_lam0.9_seed1_H4320_Q3e+06_pov0.1_fee0,checkpoints/DOGE/DOGE_S2B1_lr0.0003_clip0.2_ent0.01_ep4_bs16_cl32_gamma0.99_lam0.9_seed1_H4320_Q3e+06_pov0.1_fee0/best.weights.h5,9
DOGE,doge_q6e+06,6000000.0,4320,3500.0,0.1,buy,DOGE_PPO_3,2026-01-12_steps_5s.parquet,/Users/jackfletcher/Desktop/FYP_Data/Replay_5s_DOGE/January/2026-01-12_steps_5s.parquet,10556,3742,-9.148241730434073e-05,5999999.99999999,0.13827197508665728,0.13726,75.34125959516254,5.553742029777784e-13,0.9999999999999983,1.0,0.0,0.9148241730434035,DOGE_S2B1_lr0.0003_clip0.2_ent0.01_ep4_bs16_cl32_gamma0.99_lam0.9_seed1_H4320_Q3e+06_pov0.1_fee0,checkpoints/DOGE/DOGE_S2B1_lr0.0003_clip0.2_ent0.01_ep4_bs16_cl32_gamma0.99_lam0.9_seed1_H4320_Q3e+06_pov0.1_fee0/best.weights.h5,10
DOGE,doge_q6e+06,6000000.0,4320,3500.0,0.1,buy,DOGE_PPO_3,2026-01-13_steps_5s.parquet,/Users/jackfletcher/Desktop/FYP_Data/Replay_5s_DOGE/January/2026-01-13_steps_5s.parquet,46,2738,-8.667756108370846e-05,6000000.000000004,0.13691515086308403,0.136665,71.07473331303028,9.643270869124414e-13,1.0000000000000007,1.0,0.0,0.8667756108370869,DOGE_S2B1_lr0.0003_clip0.2_ent0.01_ep4_bs16_cl32_gamma0.99_lam0.9_seed1_H4320_Q3e+06_pov0.1_fee0,checkpoints/DOGE/DOGE_S2B1_lr0.0003_clip0.2_ent0.01_ep4_bs16_cl32_gamma0.99_lam0.9_seed1_H4320_Q3e+06_pov0.1_fee0/best.weights.h5,11
DOGE,doge_q6e+06,6000000.0,4320,3500.0,0.1,buy,DOGE_PPO_3,2026-01-17_steps_5s.parquet,/Users/jackfletcher/Desktop/FYP_Data/Replay_5s_DOGE/January/2026-01-17_steps_5s.parquet,10958,2779,-8.865432073973819e-05,5999999.999999981,0.13878147080053427,0.138485,73.66376164585526,8.679618250348892e-13,0.9999999999999969,1.0,0.0,0.8865432073973748,DOGE_S2B1_lr0.0003_clip0.2_ent0.01_ep4_bs16_cl32_gamma0.99_lam0.9_seed1_H4320_Q3e+06_pov0.1_fee0,checkpoints/DOGE/DOGE_S2B1_lr0.0003_clip0.2_ent0.01_ep4_bs16_cl32_gamma0.99_lam0.9_seed1_H4320_Q3e+06_pov0.1_fee0/best.weights.h5,12
DOGE,doge_q6e+06,6000000.0,4320,3500.0,0.1,buy,DOGE_PPO_3,2026-01-31_steps_5s.parquet,/Users/jackfletcher/Desktop/FYP_Data/Replay_5s_DOGE/January/2026-01-31_steps_5s.parquet,5687,2973,-0.0001059720268080027,6000000.000000005,0.11199968925430097,0.11277000000000001,71.70279277883053,6.84586710094959e-13,1.0000000000000007,1.0,0.0,1.0597202680800233,DOGE_S2B1_lr0.0003_clip0.2_ent0.01_ep4_bs16_cl32_gamma0.99_lam0.9_seed1_H4320_Q3e+06_pov0.1_fee0,checkpoints/DOGE/DOGE_S2B1_lr0.0003_clip0.2_ent0.01_ep4_bs16_cl32_gamma0.99_lam0.9_seed1_H4320_Q3e+06_pov0.1_fee0/best.weights.h5,13
DOGE,doge_q6e+06,6000000.0,4320,3500.0,0.1,buy,DOGE_PPO_3,2026-01-23_steps_5s.parquet,/Users/jackfletcher/Desktop/FYP_Data/Replay_5s_DOGE/January/2026-01-23_steps_5s.parquet,8029,2369,-9.625697996088618e-05,5999999.999999999,0.12505054527864892,0.125255,72.34000815000469,7.151407794758932e-13,0.9999999999999999,1.0,0.0,0.9625697996088605,DOGE_S2B1_lr0.0003_clip0.2_ent0.01_ep4_bs16_cl32_gamma0.99_lam0.9_seed1_H4320_Q3e+06_pov0.1_fee0,checkpoints/DOGE/DOGE_S2B1_lr0.0003_clip0.2_ent0.01_ep4_bs16_cl32_gamma0.99_lam0.9_seed1_H4320_Q3e+06_pov0.1_fee0/best.weights.h5,14
DOGE,doge_q6e+06,6000000.0,4320,3500.0,0.1,buy,DOGE_PPO_3,2026-01-19_steps_5s.parquet,/Users/jackfletcher/Desktop/FYP_Data/Replay_5s_DOGE/January/2026-01-19_steps_5s.parquet,7264,2660,-6.992592721747032e-05,5999999.999999984,0.12781110419392225,0.127645,53.554169878044966,5.698275237291116e-13,0.9999999999999973,1.0,0.0,0.699259272174716,DOGE_S2B1_lr0.0003_clip0.2_ent0.01_ep4_bs16_cl32_gamma0.99_lam0.9_seed1_H4320_Q3e+06_pov0.1_fee0,checkpoints/DOGE/DOGE_S2B1_lr0.0003_clip0.2_ent0.01_ep4_bs16_cl32_gamma0.99_lam0.9_seed1_H4320_Q3e+06_pov0.1_fee0/best.weights.h5,15
DOGE,doge_q6e+06,6000000.0,4320,3500.0,0.1,buy,DOGE_PPO_3,2026-01-26_steps_5s.parquet,/Users/jackfletcher/Desktop/FYP_Data/Replay_5s_DOGE/January/2026-01-26_steps_5s.parquet,8199,2869,-6.51441634595981e-05,5999999.999999994,0.12155996049492418,0.121365,47.437328389645465,7.411277437285486e-13,0.9999999999999991,1.0,0.0,0.651441634595991,DOGE_S2B1_lr0.0003_clip0.2_ent0.01_ep4_bs16_cl32_gamma0.99_lam0.9_seed1_H4320_Q3e+06_pov0.1_fee0,checkpoints/DOGE/DOGE_S2B1_lr0.0003_clip0.2_ent0.01_ep4_bs16_cl32_gamma0.99_lam0.9_seed1_H4320_Q3e+06_pov0.1_fee0/best.weights.h5,16
DOGE,doge_q6e+06,6000000.0,4320,3500.0,0.1,buy,DOGE_PPO_3,2026-01-27_steps_5s.parquet,/Users/jackfletcher/Desktop/FYP_Data/Replay_5s_DOGE/January/2026-01-27_steps_5s.parquet,2567,2274,-7.978527331192124e-05,5999999.999999987,0.12274259467295941,0.12279999999999999,58.78578937622373,8.628876384122722e-13,0.9999999999999978,1.0,0.0,0.7978527331192146,DOGE_S2B1_lr0.0003_clip0.2_ent0.01_ep4_bs16_cl32_gamma0.99_lam0.9_seed1_H4320_Q3e+06_pov0.1_fee0,checkpoints/DOGE/DOGE_S2B1_lr0.0003_clip0.2_ent0.01_ep4_bs16_cl32_gamma0.99_lam0.9_seed1_H4320_Q3e+06_pov0.1_fee0/best.weights.h5,17
DOGE,doge_q6e+06,6000000.0,4320,3500.0,0.1,buy,DOGE_PPO_3,2026-01-11_steps_5s.parquet,/Users/jackfletcher/Desktop/FYP_Data/Replay_5s_DOGE/January/2026-01-11_steps_5s.parquet,2597,2644,-6.482598175994999e-05,5999999.999999994,0.13924860391785154,0.139135,54.117377833024285,7.154158305768197e-13,0.9999999999999991,1.0,0.0,0.6482598175995051,DOGE_S2B1_lr0.0003_clip0.2_ent0.01_ep4_bs16_cl32_gamma0.99_lam0.9_seed1_H4320_Q3e+06_pov0.1_fee0,checkpoints/DOGE/DOGE_S2B1_lr0.0003_clip0.2_ent0.01_ep4_bs16_cl32_gamma0.99_lam0.9_seed1_H4320_Q3e+06_pov0.1_fee0/best.weights.h5,18
DOGE,doge_q6e+06,6000000.0,4320,3500.0,0.1,buy,DOGE_PPO_3,2026-01-18_steps_5s.parquet,/Users/jackfletcher/Desktop/FYP_Data/Replay_5s_DOGE/January/2026-01-18_steps_5s.parquet,7550,2532,-9.260404604741624e-05,6000000.00000001,0.13717031319297798,0.13716499999999998,76.21220385656282,5.277012320950543e-13,1.0000000000000018,1.0,0.0,0.9260404604741592,DOGE_S2B1_lr0.0003_clip0.2_ent0.01_ep4_bs16_cl32_gamma0.99_lam0.9_seed1_H4320_Q3e+06_pov0.1_fee0,checkpoints/DOGE/DOGE_S2B1_lr0.0003_clip0.2_ent0.01_ep4_bs16_cl32_gamma0.99_lam0.9_seed1_H4320_Q3e+06_pov0.1_fee0/best.weights.h5,19
DOGE,doge_q6e+06,6000000.0,4320,3500.0,0.1,buy,DOGE_PPO_3,2026-01-31_steps_5s.parquet,/Users/jackfletcher/Desktop/FYP_Data/Replay_5s_DOGE/January/2026-01-31_steps_5s.parquet,10304,2866,-0.00016398144139324455,6000000.0000000065,0.10548311600502233,0.109665,107.89814862234071,6.883796396601757e-13,1.000000000000001,1.0,0.0,1.6398144139324413,DOGE_S2B1_lr0.0003_clip0.2_ent0.01_ep4_bs16_cl32_gamma0.99_lam0.9_seed1_H4320_Q3e+06_pov0.1_fee0,checkpoints/DOGE/DOGE_S2B1_lr0.0003_clip0.2_ent0.01_ep4_bs16_cl32_gamma0.99_lam0.9_seed1_H4320_Q3e+06_pov0.1_fee0/best.weights.h5,20
DOGE,doge_q6e+06,6000000.0,4320,3500.0,0.1,buy,DOGE_PPO_3,2026-01-15_steps_5s.parquet,/Users/jackfletcher/Desktop/FYP_Data/Replay_5s_DOGE/January/2026-01-15_steps_5s.parquet,5997,2895,-6.731394608688719e-05,6000000.000000001,0.14404969072519286,0.14371499999999998,58.04414257126246,8.95717029045334e-13,1.0000000000000002,1.0,0.0,0.6731394608688778,DOGE_S2B1_lr0.0003_clip0.2_ent0.01_ep4_bs16_cl32_gamma0.99_lam0.9_seed1_H4320_Q3e+06_pov0.1_fee0,checkpoints/DOGE/DOGE_S2B1_lr0.0003_clip0.2_ent0.01_ep4_bs16_cl32_gamma0.99_lam0.9_seed1_H4320_Q3e+06_pov0.1_fee0/best.weights.h5,21
DOGE,doge_q6e+06,6000000.0,4320,3500.0,0.1,buy,DOGE_PPO_3,2026-01-23_steps_5s.parquet,/Users/jackfletcher/Desktop/FYP_Data/Replay_5s_DOGE/January/2026-01-23_steps_5s.parquet,12680,2982,-0.00011688857257490274,5999999.999999997,0.1253391506928235,0.12775999999999998,89.60210419301835,5.422269087733156e-13,0.9999999999999996,1.0,0.0,1.1688857257490395,DOGE_S2B1_lr0.0003_clip0.2_ent0.01_ep4_bs16_cl32_gamma0.99_lam0.9_seed1_H4320_Q3e+06_pov0.1_fee0,checkpoints/DOGE/DOGE_S2B1_lr0.0003_clip0.2_ent0.01_ep4_bs16_cl32_gamma0.99_lam0.9_seed1_H4320_Q3e+06_pov0.1_fee0/best.weights.h5,22
DOGE,doge_q6e+06,6000000.0,4320,3500.0,0.1,buy,DOGE_PPO_3,2026-01-17_steps_5s.parquet,/Users/jackfletcher/Desktop/FYP_Data/Replay_5s_DOGE/January/2026-01-17_steps_5s.parquet,3060,2341,-5.752869754502546e-05,6000000.000000016,0.13751676886715178,0.13744499999999998,47.44219100445611,8.830941990101404e-13,1.0000000000000027,1.0,0.0,0.5752869754502543,DOGE_S2B1_lr0.0003_clip0.2_ent0.01_ep4_bs16_cl32_gamma0.99_lam0.9_seed1_H4320_Q3e+06_pov0.1_fee0,checkpoints/DOGE/DOGE_S2B1_lr0.0003_clip0.2_ent0.01_ep4_bs16_cl32_gamma0.99_lam0.9_seed1_H4320_Q3e+06_pov0.1_fee0/best.weights.h5,23
DOGE,doge_q6e+06,6000000.0,4320,3500.0,0.1,buy,DOGE_PPO_3,2026-01-28_steps_5s.parquet,/Users/jackfletcher/Desktop/FYP_Data/Replay_5s_DOGE/January/2026-01-28_steps_5s.parquet,1933,2622,-7.98124714265912e-05,5999999.99999999,0.12463390960612288,0.12482,59.773156100803085,7.686907540544728e-13,0.9999999999999983,1.0,0.0,0.7981247142659175,DOGE_S2B1_lr0.0003_clip0.2_ent0.01_ep4_bs16_cl32_gamma0.99_lam0.9_seed1_H4320_Q3e+06_pov0.1_fee0,checkpoints/DOGE/DOGE_S2B1_lr0.0003_clip0.2_ent0.01_ep4_bs16_cl32_gamma0.99_lam0.9_seed1_H4320_Q3e+06_pov0.1_fee0/best.weights.h5,24
DOGE,doge_q6e+06,6000000.0,4320,3500.0,0.1,buy,DOGE_PPO_3,2026-01-26_steps_5s.parquet,/Users/jackfletcher/Desktop/FYP_Data/Replay_5s_DOGE/January/2026-01-26_steps_5s.parquet,7185,2694,-6.252647203699679e-05,6000000.0,0.12127404387382915,0.120775,45.30980796160999,8.117835828435017e-13,1.0,1.0,0.0,0.6252647203699716,DOGE_S2B1_lr0.0003_clip0.2_ent0.01_ep4_bs16_cl32_gamma0.99_lam0.9_seed1_H4320_Q3e+06_pov0.1_fee0,checkpoints/DOGE/DOGE_S2B1_lr0.0003_clip0.2_ent0.01_ep4_bs16_cl32_gamma0.99_lam0.9_seed1_H4320_Q3e+06_pov0.1_fee0/best.weights.h5,25
DOGE,doge_q6e+06,6000000.0,4320,3500.0,0.1,buy,DOGE_PPO_3,2026-01-17_steps_5s.parquet,/Users/jackfletcher/Desktop/FYP_Data/Replay_5s_DOGE/January/2026-01-17_steps_5s.parquet,9021,2887,-7.411026191991614e-05,5999999.9999999935,0.13815444132844024,0.13783499999999999,61.28992771038997,6.805561424148773e-13,0.9999999999999989,1.0,0.0,0.7411026191991629,DOGE_S2B1_lr0.0003_clip0.2_ent0.01_ep4_bs16_cl32_gamma0.99_lam0.9_seed1_H4320_Q3e+06_pov0.1_fee0,checkpoints/DOGE/DOGE_S2B1_lr0.0003_clip0.2_ent0.01_ep4_bs16_cl32_gamma0.99_lam0.9_seed1_H4320_Q3e+06_pov0.1_fee0/best.weights.h5,26
DOGE,doge_q6e+06,6000000.0,4320,3500.0,0.1,buy,DOGE_PPO_3,2026-01-21_steps_5s.parquet,/Users/jackfletcher/Desktop/FYP_Data/Replay_5s_DOGE/January/2026-01-21_steps_5s.parquet,3651,3146,-7.106288314623395e-05,5999999.999999992,0.1252226158054943,0.125425,53.478372711698604,5.623652108152674e-13,0.9999999999999986,1.0,0.0,0.7106288314623428,DOGE_S2B1_lr0.0003_clip0.2_ent0.01_ep4_bs16_cl32_gamma0.99_lam0.9_seed1_H4320_Q3e+06_pov0.1_fee0,checkpoints/DOGE/DOGE_S2B1_lr0.0003_clip0.2_ent0.01_ep4_bs16_cl32_gamma0.99_lam0.9_seed1_H4320_Q3e+06_pov0.1_fee0/best.weights.h5,27
DOGE,doge_q6e+06,6000000.0,4320,3500.0,0.1,buy,DOGE_PPO_3,2026-01-14_steps_5s.parquet,/Users/jackfletcher/Desktop/FYP_Data/Replay_5s_DOGE/January/2026-01-14_steps_5s.parquet,3331,3449,-9.510375707212918e-05,6000000.000000017,0.1480803811775371,0.14896500000000001,85.0027870334985,7.849595818772606e-13,1.0000000000000029,1.0,0.0,0.9510375707212936,DOGE_S2B1_lr0.0003_clip0.2_ent0.01_ep4_bs16_cl32_gamma0.99_lam0.9_seed1_H4320_Q3e+06_pov0.1_fee0,checkpoints/DOGE/DOGE_S2B1_lr0.0003_clip0.2_ent0.01_ep4_bs16_cl32_gamma0.99_lam0.9_seed1_H4320_Q3e+06_pov0.1_fee0/best.weights.h5,28
DOGE,doge_q6e+06,6000000.0,4320,3500.0,0.1,buy,DOGE_PPO_3,2026-01-30_steps_5s.parquet,/Users/jackfletcher/Desktop/FYP_Data/Replay_5s_DOGE/January/2026-01-30_steps_5s.parquet,9235,3423,-0.00012040326482042738,6000000.000000009,0.11548538981627783,0.11499999999999999,83.0782527260946,7.534957602561471e-13,1.0000000000000016,1.0,0.0,1.2040326482042696,DOGE_S2B1_lr0.0003_clip0.2_ent0.01_ep4_bs16_cl32_gamma0.99_lam0.9_seed1_H4320_Q3e+06_pov0.1_fee0,checkpoints/DOGE/DOGE_S2B1_lr0.0003_clip0.2_ent0.01_ep4_bs16_cl32_gamma0.99_lam0.9_seed1_H4320_Q3e+06_pov0.1_fee0/best.weights.h5,29
DOGE,doge_q6e+06,6000000.0,4320,3500.0,0.1,buy,DOGE_PPO_3,2026-01-08_steps_5s.parquet,/Users/jackfletcher/Desktop/FYP_Data/Replay_5s_DOGE/January/2026-01-08_steps_5s.parquet,6519,3874,-8.489415076549737e-05,6000000.000000007,0.14116662958793355,0.143455,73.07094238838536,9.223750422297472e-13,1.0000000000000013,1.0,0.0,0.8489415076549599,DOGE_S2B1_lr0.0003_clip0.2_ent0.01_ep4_bs16_cl32_gamma0.99_lam0.9_seed1_H4320_Q3e+06_pov0.1_fee0,checkpoints/DOGE/DOGE_S2B1_lr0.0003_clip0.2_ent0.01_ep4_bs16_cl32_gamma0.99_lam0.9_seed1_H4320_Q3e+06_pov0.1_fee0/best.weights.h5,30
DOGE,doge_q6e+06,6000000.0,4320,3500.0,0.1,buy,DOGE_PPO_3,2026-01-21_steps_5s.parquet,/Users/jackfletcher/Desktop/FYP_Data/Replay_5s_DOGE/January/2026-01-21_steps_5s.parquet,7846,3553,-9.868031215389186e-05,6000000.000000019,0.12403942384494211,0.124535,73.73491604450984,9.649791459536353e-13,1.000000000000003,1.0,0.0,0.9868031215389227,DOGE_S2B1_lr0.0003_clip0.2_ent0.01_ep4_bs16_cl32_gamma0.99_lam0.9_seed1_H4320_Q3e+06_pov0.1_fee0,checkpoints/DOGE/DOGE_S2B1_lr0.0003_clip0.2_ent0.01_ep4_bs16_cl32_gamma0.99_lam0.9_seed1_H4320_Q3e+06_pov0.1_fee0/best.weights.h5,31
DOGE,doge_q6e+06,6000000.0,4320,3500.0,0.1,buy,DOGE_PPO_3,2026-01-23_steps_5s.parquet,/Users/jackfletcher/Desktop/FYP_Data/Replay_5s_DOGE/January/2026-01-23_steps_5s.parquet,11293,3328,-0.00011571438034296696,5999999.999999995,0.1257909284420701,0.12389,86.01512748414032,8.097782868227616e-13,0.9999999999999992,1.0,0.0,1.1571438034296597,DOGE_S2B1_lr0.0003_clip0.2_ent0.01_ep4_bs16_cl32_gamma0.99_lam0.9_seed1_H4320_Q3e+06_pov0.1_fee0,checkpoints/DOGE/DOGE_S2B1_lr0.0003_clip0.2_ent0.01_ep4_bs16_cl32_gamma0.99_lam0.9_seed1_H4320_Q3e+06_pov0.1_fee0/best.weights.h5,32
DOGE,doge_q6e+06,6000000.0,4320,3500.0,0.1,buy,DOGE_PPO_3,2026-01-25_steps_5s.parquet,/Users/jackfletcher/Desktop/FYP_Data/Replay_5s_DOGE/January/2026-01-25_steps_5s.parquet,544,2135,-8.386748410034331e-05,6000000.0,0.1238321127287515,0.124085,62.44018058754648,7.333029412878251e-13,1.0,1.0,0.0,0.8386748410034315,DOGE_S2B1_lr0.0003_clip0.2_ent0.01_ep4_bs16_cl32_gamma0.99_lam0.9_seed1_H4320_Q3e+06_pov0.1_fee0,checkpoints/DOGE/DOGE_S2B1_lr0.0003_clip0.2_ent0.01_ep4_bs16_cl32_gamma0.99_lam0.9_seed1_H4320_Q3e+06_pov0.1_fee0/best.weights.h5,33
DOGE,doge_q6e+06,6000000.0,4320,3500.0,0.1,buy,DOGE_PPO_3,2026-01-09_steps_5s.parquet,/Users/jackfletcher/Desktop/FYP_Data/Replay_5s_DOGE/January/2026-01-09_steps_5s.parquet,4606,3239,-7.115732220243934e-05,6000000.0,0.14162790021140298,0.142765,60.95265062538819,8.498897534232248e-13,1.0,1.0,0.0,0.7115732220244012,DOGE_S2B1_lr0.0003_clip0.2_ent0.01_ep4_bs16_cl32_gamma0.99_lam0.9_seed1_H4320_Q3e+06_pov0.1_fee0,checkpoints/DOGE/DOGE_S2B1_lr0.0003_clip0.2_ent0.01_ep4_bs16_cl32_gamma0.99_lam0.9_seed1_H4320_Q3e+06_pov0.1_fee0/best.weights.h5,34
DOGE,doge_q6e+06,6000000.0,4320,3500.0,0.1,buy,DOGE_PPO_3,2026-01-22_steps_5s.parquet,/Users/jackfletcher/Desktop/FYP_Data/Replay_5s_DOGE/January/2026-01-22_steps_5s.parquet,8537,2906,-8.958442803693927e-05,6000000.000000013,0.12529318466657127,0.125865,67.65326420921637,9.11266233460522e-13,1.0000000000000022,1.0,0.0,0.8958442803693955,DOGE_S2B1_lr0.0003_clip0.2_ent0.01_ep4_bs16_cl32_gamma0.99_lam0.9_seed1_H4320_Q3e+06_pov0.1_fee0,checkpoints/DOGE/DOGE_S2B1_lr0.0003_clip0.2_ent0.01_ep4_bs16_cl32_gamma0.99_lam0.9_seed1_H4320_Q3e+06_pov0.1_fee0/best.weights.h5,35
DOGE,doge_q6e+06,6000000.0,4320,3500.0,0.1,buy,DOGE_PPO_3,2026-01-28_steps_5s.parquet,/Users/jackfletcher/Desktop/FYP_Data/Replay_5s_DOGE/January/2026-01-28_steps_5s.parquet,9967,3349,-9.744357863247511e-05,5999999.999999987,0.12489046272663995,0.126395,73.89828672750988,6.237359952422373e-13,0.9999999999999978,1.0,0.0,0.9744357863247476,DOGE_S2B1_lr0.0003_clip0.2_ent0.01_ep4_bs16_cl32_gamma0.99_lam0.9_seed1_H4320_Q3e+06_pov0.1_fee0,checkpoints/DOGE/DOGE_S2B1_lr0.0003_clip0.2_ent0.01_ep4_bs16_cl32_gamma0.99_lam0.9_seed1_H4320_Q3e+06_pov0.1_fee0/best.weights.h5,36
DOGE,doge_q6e+06,6000000.0,4320,3500.0,0.1,buy,DOGE_PPO_3,2026-01-11_steps_5s.parquet,/Users/jackfletcher/Desktop/FYP_Data/Replay_5s_DOGE/January/2026-01-11_steps_5s.parquet,611,2828,-5.867351633885829e-05,5999999.999999997,0.13904452371500559,0.13905,48.95131468151026,9.791092182051857e-13,0.9999999999999996,1.0,0.0,0.5867351633885923,DOGE_S2B1_lr0.0003_clip0.2_ent0.01_ep4_bs16_cl32_gamma0.99_lam0.9_seed1_H4320_Q3e+06_pov0.1_fee0,checkpoints/DOGE/DOGE_S2B1_lr0.0003_clip0.2_ent0.01_ep4_bs16_cl32_gamma0.99_lam0.9_seed1_H4320_Q3e+06_pov0.1_fee0/best.weights.h5,37
DOGE,doge_q6e+06,6000000.0,4320,3500.0,0.1,buy,DOGE_PPO_3,2026-01-18_steps_5s.parquet,/Users/jackfletcher/Desktop/FYP_Data/Replay_5s_DOGE/January/2026-01-18_steps_5s.parquet,6582,2530,-8.432767188736652e-05,5999999.9999999935,0.13728021363248044,0.137295,69.4666062706565,7.382441163007616e-13,0.9999999999999989,1.0,0.0,0.8432767188736723,DOGE_S2B1_lr0.0003_clip0.2_ent0.01_ep4_bs16_cl32_gamma0.99_lam0.9_seed1_H4320_Q3e+06_pov0.1_fee0,checkpoints/DOGE/DOGE_S2B1_lr0.0003_clip0.2_ent0.01_ep4_bs16_cl32_gamma0.99_lam0.9_seed1_H4320_Q3e+06_pov0.1_fee0/best.weights.h5,38
DOGE,doge_q6e+06,6000000.0,4320,3500.0,0.1,buy,DOGE_PPO_3,2026-01-18_steps_5s.parquet,/Users/jackfletcher/Desktop/FYP_Data/Replay_5s_DOGE/January/2026-01-18_steps_5s.parquet,6715,2509,-8.553583196801363e-05,5999999.999999999,0.13728228380261384,0.137295,70.46185230029134,6.557581970642501e-13,0.9999999999999999,1.0,0.0,0.8553583196801455,DOGE_S2B1_lr0.0003_clip0.2_ent0.01_ep4_bs16_cl32_gamma0.99_lam0.9_seed1_H4320_Q3e+06_pov0.1_fee0,checkpoints/DOGE/DOGE_S2B1_lr0.0003_clip0.2_ent0.01_ep4_bs16_cl32_gamma0.99_lam0.9_seed1_H4320_Q3e+06_pov0.1_fee0/best.weights.h5,39
DOGE,doge_q6e+06,6000000.0,4320,3500.0,0.1,buy,DOGE_PPO_3,2026-01-21_steps_5s.parquet,/Users/jackfletcher/Desktop/FYP_Data/Replay_5s_DOGE/January/2026-01-21_steps_5s.parquet,6646,2927,-8.230217018162344e-05,5999999.999999991,0.12401396595436294,0.124275,61.36861319592742,6.909565432265365e-13,0.9999999999999984,1.0,0.0,0.823021701816233,DOGE_S2B1_lr0.0003_clip0.2_ent0.01_ep4_bs16_cl32_gamma0.99_lam0.9_seed1_H4320_Q3e+06_pov0.1_fee0,checkpoints/DOGE/DOGE_S2B1_lr0.0003_clip0.2_ent0.01_ep4_bs16_cl32_gamma0.99_lam0.9_seed1_H4320_Q3e+06_pov0.1_fee0/best.weights.h5,40
DOGE,doge_q6e+06,6000000.0,4320,3500.0,0.1,buy,DOGE_PPO_3,2026-01-16_steps_5s.parquet,/Users/jackfletcher/Desktop/FYP_Data/Replay_5s_DOGE/January/2026-01-16_steps_5s.parquet,734,2764,-7.326667722474143e-05,5999999.99999999,0.13978336494507504,0.140125,61.59895887670163,9.985162668033818e-13,0.9999999999999983,1.0,0.0,0.7326667722474175,DOGE_S2B1_lr0.0003_clip0.2_ent0.01_ep4_bs16_cl32_gamma0.99_lam0.9_seed1_H4320_Q3e+06_pov0.1_fee0,checkpoints/DOGE/DOGE_S2B1_lr0.0003_clip0.2_ent0.01_ep4_bs16_cl32_gamma0.99_lam0.9_seed1_H4320_Q3e+06_pov0.1_fee0/best.weights.h5,41
DOGE,doge_q6e+06,6000000.0,4320,3500.0,0.1,buy,DOGE_PPO_3,2026-01-22_steps_5s.parquet,/Users/jackfletcher/Desktop/FYP_Data/Replay_5s_DOGE/January/2026-01-22_steps_5s.parquet,79,2647,-0.00011320936741614623,5999999.9999999935,0.12734065764816907,0.12682,86.14327185429359,8.707009694031397e-13,0.9999999999999989,1.0,0.0,1.1320936741614573,DOGE_S2B1_lr0.0003_clip0.2_ent0.01_ep4_bs16_cl32_gamma0.99_lam0.9_seed1_H4320_Q3e+06_pov0.1_fee0,checkpoints/DOGE/DOGE_S2B1_lr0.0003_clip0.2_ent0.01_ep4_bs16_cl32_gamma0.99_lam0.9_seed1_H4320_Q3e+06_pov0.1_fee0/best.weights.h5,42
DOGE,doge_q6e+06,6000000.0,4320,3500.0,0.1,buy,DOGE_PPO_3,2026-01-15_steps_5s.parquet,/Users/jackfletcher/Desktop/FYP_Data/Replay_5s_DOGE/January/2026-01-15_steps_5s.parquet,6780,2854,-7.394390282278876e-05,5999999.999999983,0.14409363424672453,0.14380500000000002,63.80101767258651,6.685448598606005e-13,0.9999999999999972,1.0,0.0,0.7394390282278839,DOGE_S2B1_lr0.0003_clip0.2_ent0.01_ep4_bs16_cl32_gamma0.99_lam0.9_seed1_H4320_Q3e+06_pov0.1_fee0,checkpoints/DOGE/DOGE_S2B1_lr0.0003_clip0.2_ent0.01_ep4_bs16_cl32_gamma0.99_lam0.9_seed1_H4320_Q3e+06_pov0.1_fee0/best.weights.h5,43
DOGE,doge_q6e+06,6000000.0,4320,3500.0,0.1,buy,DOGE_PPO_3,2026-01-09_steps_5s.parquet,/Users/jackfletcher/Desktop/FYP_Data/Replay_5s_DOGE/January/2026-01-09_steps_5s.parquet,7203,3184,-7.153091760984317e-05,6000000.000000002,0.1404527394148424,0.14077499999999998,60.418589559154746,9.41591337904996e-13,1.0000000000000002,1.0,0.0,0.7153091760984402,DOGE_S2B1_lr0.0003_clip0.2_ent0.01_ep4_bs16_cl32_gamma0.99_lam0.9_seed1_H4320_Q3e+06_pov0.1_fee0,checkpoints/DOGE/DOGE_S2B1_lr0.0003_clip0.2_ent0.01_ep4_bs16_cl32_gamma0.99_lam0.9_seed1_H4320_Q3e+06_pov0.1_fee0/best.weights.h5,44
DOGE,doge_q6e+06,6000000.0,4320,3500.0,0.1,buy,DOGE_PPO_3,2026-01-28_steps_5s.parquet,/Users/jackfletcher/Desktop/FYP_Data/Replay_5s_DOGE/January/2026-01-28_steps_5s.parquet,10754,3170,-0.00010309066764313853,5999999.999999992,0.12469336362511844,0.12534499999999998,77.53139841437451,7.664922277492367e-13,0.9999999999999986,1.0,0.0,1.0309066764313763,DOGE_S2B1_lr0.0003_clip0.2_ent0.01_ep4_bs16_cl32_gamma0.99_lam0.9_seed1_H4320_Q3e+06_pov0.1_fee0,checkpoints/DOGE/DOGE_S2B1_lr0.0003_clip0.2_ent0.01_ep4_bs16_cl32_gamma0.99_lam0.9_seed1_H4320_Q3e+06_pov0.1_fee0/best.weights.h5,45
DOGE,doge_q6e+06,6000000.0,4320,3500.0,0.1,buy,DOGE_PPO_3,2026-01-20_steps_5s.parquet,/Users/jackfletcher/Desktop/FYP_Data/Replay_5s_DOGE/January/2026-01-20_steps_5s.parquet,2829,3419,-8.130969966624808e-05,6000000.000000015,0.12746598508357776,0.127965,62.428774306748224,8.455591406513796e-13,1.0000000000000024,1.0,0.0,0.8130969966624757,DOGE_S2B1_lr0.0003_clip0.2_ent0.01_ep4_bs16_cl32_gamma0.99_lam0.9_seed1_H4320_Q3e+06_pov0.1_fee0,checkpoints/DOGE/DOGE_S2B1_lr0.0003_clip0.2_ent0.01_ep4_bs16_cl32_gamma0.99_lam0.9_seed1_H4320_Q3e+06_pov0.1_fee0/best.weights.h5,46
DOGE,doge_q6e+06,6000000.0,4320,3500.0,0.1,buy,DOGE_PPO_3,2026-01-13_steps_5s.parquet,/Users/jackfletcher/Desktop/FYP_Data/Replay_5s_DOGE/January/2026-01-13_steps_5s.parquet,3192,3238,-8.609380380060719e-05,6000000.000000007,0.13872897159341077,0.137605,71.08162723189537,9.417301974521221e-13,1.0000000000000013,1.0,0.0,0.8609380380060725,DOGE_S2B1_lr0.0003_clip0.2_ent0.01_ep4_bs16_cl32_gamma0.99_lam0.9_seed1_H4320_Q3e+06_pov0.1_fee0,checkpoints/DOGE/DOGE_S2B1_lr0.0003_clip0.2_ent0.01_ep4_bs16_cl32_gamma0.99_lam0.9_seed1_H4320_Q3e+06_pov0.1_fee0/best.weights.h5,47
DOGE,doge_q6e+06,6000000.0,4320,3500.0,0.1,buy,DOGE_PPO_3,2026-01-20_steps_5s.parquet,/Users/jackfletcher/Desktop/FYP_Data/Replay_5s_DOGE/January/2026-01-20_steps_5s.parquet,3172,3508,-8.3870866750107e-05,6000000.000000035,0.12719945379387254,0.127815,64.31972900198939,9.285062523775323e-13,1.000000000000006,1.0,0.0,0.8387086675010677,DOGE_S2B1_lr0.0003_clip0.2_ent0.01_ep4_bs16_cl32_gamma0.99_lam0.9_seed1_H4320_Q3e+06_pov0.1_fee0,checkpoints/DOGE/DOGE_S2B1_lr0.0003_clip0.2_ent0.01_ep4_bs16_cl32_gamma0.99_lam0.9_seed1_H4320_Q3e+06_pov0.1_fee0/best.weights.h5,48
DOGE,doge_q6e+06,6000000.0,4320,3500.0,0.1,buy,DOGE_PPO_3,2026-01-25_steps_5s.parquet,/Users/jackfletcher/Desktop/FYP_Data/Replay_5s_DOGE/January/2026-01-25_steps_5s.parquet,11522,3870,-0.00010866567878751059,5999999.999999996,0.11985239885532062,0.12223,79.69323550918408,9.979833334044126e-13,0.9999999999999993,1.0,0.0,1.0866567878751,DOGE_S2B1_lr0.0003_clip0.2_ent0.01_ep4_bs16_cl32_gamma0.99_lam0.9_seed1_H4320_Q3e+06_pov0.1_fee0,checkpoints/DOGE/DOGE_S2B1_lr0.0003_clip0.2_ent0.01_ep4_bs16_cl32_gamma0.99_lam0.9_seed1_H4320_Q3e+06_pov0.1_fee0/best.weights.h5,49
DOGE,doge_q6e+06,6000000.0,4320,3500.0,0.1,buy,DOGE_PPO_3,2026-01-17_steps_5s.parquet,/Users/jackfletcher/Desktop/FYP_Data/Replay_5s_DOGE/January/2026-01-17_steps_5s.parquet,1894,2283,-5.8588105897905254e-05,5999999.999999989,0.1376071340471421,0.13736500000000001,48.28773099999507,6.033782959559875e-13,0.9999999999999981,1.0,0.0,0.585881058979059,DOGE_S2B1_lr0.0003_clip0.2_ent0.01_ep4_bs16_cl32_gamma0.99_lam0.9_seed1_H4320_Q3e+06_pov0.1_fee0,checkpoints/DOGE/DOGE_S2B1_lr0.0003_clip0.2_ent0.01_ep4_bs16_cl32_gamma0.99_lam0.9_seed1_H4320_Q3e+06_pov0.1_fee0/best.weights.h5,50
DOGE,doge_q6e+06,6000000.0,4320,3500.0,0.1,buy,DOGE_PPO_3,2026-01-09_steps_5s.parquet,/Users/jackfletcher/Desktop/FYP_Data/Replay_5s_DOGE/January/2026-01-09_steps_5s.parquet,5696,3217,-7.157309643405038e-05,6000000.0000000065,0.1407697667097747,0.142415,61.15849517193213,5.720274898094692e-13,1.000000000000001,1.0,0.0,0.7157309643405086,DOGE_S2B1_lr0.0003_clip0.2_ent0.01_ep4_bs16_cl32_gamma0.99_lam0.9_seed1_H4320_Q3e+06_pov0.1_fee0,checkpoints/DOGE/DOGE_S2B1_lr0.0003_clip0.2_ent0.01_ep4_bs16_cl32_gamma0.99_lam0.9_seed1_H4320_Q3e+06_pov0.1_fee0/best.weights.h5,51
DOGE,doge_q6e+06,6000000.0,4320,3500.0,0.1,buy,DOGE_PPO_3,2026-01-13_steps_5s.parquet,/Users/jackfletcher/Desktop/FYP_Data/Replay_5s_DOGE/January/2026-01-13_steps_5s.parquet,391,2732,-8.400301386438967e-05,5999999.999999993,0.13695928059853474,0.136975,69.03787694444884,9.714870856617386e-13,0.9999999999999988,1.0,0.0,0.840030138643899,DOGE_S2B1_lr0.0003_clip0.2_ent0.01_ep4_bs16_cl32_gamma0.99_lam0.9_seed1_H4320_Q3e+06_pov0.1_fee0,checkpoints/DOGE/DOGE_S2B1_lr0.0003_clip0.2_ent0.01_ep4_bs16_cl32_gamma0.99_lam0.9_seed1_H4320_Q3e+06_pov0.1_fee0/best.weights.h5,52
DOGE,doge_q6e+06,6000000.0,4320,3500.0,0.1,buy,DOGE_PPO_3,2026-01-28_steps_5s.parquet,/Users/jackfletcher/Desktop/FYP_Data/Replay_5s_DOGE/January/2026-01-28_steps_5s.parquet,4778,2893,-9.45725035848963e-05,6000000.000000005,0.1259667748028193,0.125085,70.97760966550008,9.197127576654713e-13,1.0000000000000007,1.0,0.0,0.9457250358489572,DOGE_S2B1_lr0.0003_clip0.2_ent0.01_ep4_bs16_cl32_gamma0.99_lam0.9_seed1_H4320_Q3e+06_pov0.1_fee0,checkpoints/DOGE/DOGE_S2B1_lr0.0003_clip0.2_ent0.01_ep4_bs16_cl32_gamma0.99_lam0.9_seed1_H4320_Q3e+06_pov0.1_fee0/best.weights.h5,53
DOGE,doge_q6e+06,6000000.0,4320,3500.0,0.1,buy,DOGE_PPO_3,2026-01-13_steps_5s.parquet,/Users/jackfletcher/Desktop/FYP_Data/Replay_5s_DOGE/January/2026-01-13_steps_5s.parquet,6368,3254,-5.69126143048587e-05,5999999.999999997,0.13942781987477057,0.13978000000000002,47.73147136519908,8.388177439339213e-13,0.9999999999999996,1.0,0.0,0.5691261430485891,DOGE_S2B1_lr0.0003_clip0.2_ent0.01_ep4_bs16_cl32_gamma0.99_lam0.9_seed1_H4320_Q3e+06_pov0.1_fee0,checkpoints/DOGE/DOGE_S2B1_lr0.0003_clip0.2_ent0.01_ep4_bs16_cl32_gamma0.99_lam0.9_seed1_H4320_Q3e+06_pov0.1_fee0/best.weights.h5,54
DOGE,doge_q6e+06,6000000.0,4320,3500.0,0.1,buy,DOGE_PPO_3,2026-01-12_steps_5s.parquet,/Users/jackfletcher/Desktop/FYP_Data/Replay_5s_DOGE/January/2026-01-12_steps_5s.parquet,10389,3800,-9.134347209505204e-05,5999999.9999999935,0.1381976878160982,0.135745,74.39651771725663,5.737950975779752e-13,0.9999999999999989,1.0,0.0,0.9134347209505155,DOGE_S2B1_lr0.0003_clip0.2_ent0.01_ep4_bs16_cl32_gamma0.99_lam0.9_seed1_H4320_Q3e+06_pov0.1_fee0,checkpoints/DOGE/DOGE_S2B1_lr0.0003_clip0.2_ent0.01_ep4_bs16_cl32_gamma0.99_lam0.9_seed1_H4320_Q3e+06_pov0.1_fee0/best.weights.h5,55
DOGE,doge_q6e+06,6000000.0,4320,3500.0,0.1,buy,DOGE_PPO_3,2026-01-15_steps_5s.parquet,/Users/jackfletcher/Desktop/FYP_Data/Replay_5s_DOGE/January/2026-01-15_steps_5s.parquet,11996,3589,-8.018069000714152e-05,5999999.999999988,0.1403142449545651,0.14138499999999998,68.01808113995882,9.280461223247657e-13,0.999999999999998,1.0,0.0,0.8018069000714224,DOGE_S2B1_lr0.0003_clip0.2_ent0.01_ep4_bs16_cl32_gamma0.99_lam0.9_seed1_H4320_Q3e+06_pov0.1_fee0,checkpoints/DOGE/DOGE_S2B1_lr0.0003_clip0.2_ent0.01_ep4_bs16_cl32_gamma0.99_lam0.9_seed1_H4320_Q3e+06_pov0.1_fee0/best.weights.h5,56
DOGE,doge_q6e+06,6000000.0,4320,3500.0,0.1,buy,DOGE_PPO_3,2026-01-11_steps_5s.parquet,/Users/jackfletcher/Desktop/FYP_Data/Replay_5s_DOGE/January/2026-01-11_steps_5s.parquet,48,2842,-5.544330787541182e-05,5999999.9999999935,0.13907078602570802,0.139505,46.40771199095627,7.344208892635501e-13,0.9999999999999989,1.0,0.0,0.5544330787541221,DOGE_S2B1_lr0.0003_clip0.2_ent0.01_ep4_bs16_cl32_gamma0.99_lam0.9_seed1_H4320_Q3e+06_pov0.1_fee0,checkpoints/DOGE/DOGE_S2B1_lr0.0003_clip0.2_ent0.01_ep4_bs16_cl32_gamma0.99_lam0.9_seed1_H4320_Q3e+06_pov0.1_fee0/best.weights.h5,57
DOGE,doge_q6e+06,6000000.0,4320,3500.0,0.1,buy,DOGE_PPO_3,2026-01-11_steps_5s.parquet,/Users/jackfletcher/Desktop/FYP_Data/Replay_5s_DOGE/January/2026-01-11_steps_5s.parquet,10158,2880,-9.449063009479527e-05,5999999.999999986,0.1394345093730832,0.140625,79.72646914248327,7.929647335076135e-13,0.9999999999999977,1.0,0.0,0.9449063009479498,DOGE_S2B1_lr0.0003_clip0.2_ent0.01_ep4_bs16_cl32_gamma0.99_lam0.9_seed1_H4320_Q3e+06_pov0.1_fee0,checkpoints/DOGE/DOGE_S2B1_lr0.0003_clip0.2_ent0.01_ep4_bs16_cl32_gamma0.99_lam0.9_seed1_H4320_Q3e+06_pov0.1_fee0/best.weights.h5,58
DOGE,doge_q6e+06,6000000.0,4320,3500.0,0.1,buy,DOGE_PPO_3,2026-01-13_steps_5s.parquet,/Users/jackfletcher/Desktop/FYP_Data/Replay_5s_DOGE/January/2026-01-13_steps_5s.parquet,11186,3987,-0.00010689744065985994,6000000.0,0.1432274760455298,0.140425,90.06643862796525,9.011890166166872e-13,1.0,1.0,0.0,1.0689744065986027,DOGE_S2B1_lr0.0003_clip0.2_ent0.01_ep4_bs16_cl32_gamma0.99_lam0.9_seed1_H4320_Q3e+06_pov0.1_fee0,checkpoints/DOGE/DOGE_S2B1_lr0.0003_clip0.2_ent0.01_ep4_bs16_cl32_gamma0.99_lam0.9_seed1_H4320_Q3e+06_pov0.1_fee0/best.weights.h5,59
DOGE,doge_q6e+06,6000000.0,4320,3500.0,0.1,buy,DOGE_PPO_3,2026-01-19_steps_5s.parquet,/Users/jackfletcher/Desktop/FYP_Data/Replay_5s_DOGE/January/2026-01-19_steps_5s.parquet,833,3138,-7.031259734517694e-05,5999999.999999981,0.12708762291297593,0.126965,53.5634335315825,6.317034347017489e-13,0.9999999999999969,1.0,0.0,0.7031259734517714,DOGE_S2B1_lr0.0003_clip0.2_ent0.01_ep4_bs16_cl32_gamma0.99_lam0.9_seed1_H4320_Q3e+06_pov0.1_fee0,checkpoints/DOGE/DOGE_S2B1_lr0.0003_clip0.2_ent0.01_ep4_bs16_cl32_gamma0.99_lam0.9_seed1_H4320_Q3e+06_pov0.1_fee0/best.weights.h5,60
DOGE,doge_q6e+06,6000000.0,4320,3500.0,0.1,buy,DOGE_PPO_3,2026-01-21_steps_5s.parquet,/Users/jackfletcher/Desktop/FYP_Data/Replay_5s_DOGE/January/2026-01-21_steps_5s.parquet,7797,3484,-9.820524182163555e-05,6000000.000000029,0.12401867966883556,0.124515,73.36815411252572,4.94033628246771e-13,1.0000000000000049,1.0,0.0,0.9820524182163557,DOGE_S2B1_lr0.0003_clip0.2_ent0.01_ep4_bs16_cl32_gamma0.99_lam0.9_seed1_H4320_Q3e+06_pov0.1_fee0,checkpoints/DOGE/DOGE_S2B1_lr0.0003_clip0.2_ent0.01_ep4_bs16_cl32_gamma0.99_lam0.9_seed1_H4320_Q3e+06_pov0.1_fee0/best.weights.h5,61
DOGE,doge_q6e+06,6000000.0,4320,3500.0,0.1,buy,DOGE_PPO_3,2026-01-29_steps_5s.parquet,/Users/jackfletcher/Desktop/FYP_Data/Replay_5s_DOGE/January/2026-01-29_steps_5s.parquet,10814,2935,-9.778171880616917e-05,6000000.0000000065,0.1164833436841044,0.118315,69.41426436331142,7.681750168710748e-13,1.000000000000001,1.0,0.0,0.9778171880616915,DOGE_S2B1_lr0.0003_clip0.2_ent0.01_ep4_bs16_cl32_gamma0.99_lam0.9_seed1_H4320_Q3e+06_pov0.1_fee0,checkpoints/DOGE/DOGE_S2B1_lr0.0003_clip0.2_ent0.01_ep4_bs16_cl32_gamma0.99_lam0.9_seed1_H4320_Q3e+06_pov0.1_fee0/best.weights.h5,62
DOGE,doge_q6e+06,6000000.0,4320,3500.0,0.1,buy,DOGE_PPO_3,2026-01-26_steps_5s.parquet,/Users/jackfletcher/Desktop/FYP_Data/Replay_5s_DOGE/January/2026-01-26_steps_5s.parquet,7231,2687,-6.212352723439402e-05,6000000.000000005,0.12128440256092082,0.120895,45.06254295001194,8.24826028064472e-13,1.0000000000000007,1.0,0.0,0.6212352723439339,DOGE_S2B1_lr0.0003_clip0.2_ent0.01_ep4_bs16_cl32_gamma0.99_lam0.9_seed1_H4320_Q3e+06_pov0.1_fee0,checkpoints/DOGE/DOGE_S2B1_lr0.0003_clip0.2_ent0.01_ep4_bs16_cl32_gamma0.99_lam0.9_seed1_H4320_Q3e+06_pov0.1_fee0/best.weights.h5,63
DOGE,doge_q6e+06,6000000.0,4320,3500.0,0.1,buy,DOGE_PPO_3,2026-01-22_steps_5s.parquet,/Users/jackfletcher/Desktop/FYP_Data/Replay_5s_DOGE/January/2026-01-22_steps_5s.parquet,4293,2928,-7.016689953859447e-05,6000000.000000009,0.12656406994100794,0.126965,53.4524423995053,6.466370273046709e-13,1.0000000000000016,1.0,0.0,0.7016689953859371,DOGE_S2B1_lr0.0003_clip0.2_ent0.01_ep4_bs16_cl32_gamma0.99_lam0.9_seed1_H4320_Q3e+06_pov0.1_fee0,checkpoints/DOGE/DOGE_S2B1_lr0.0003_clip0.2_ent0.01_ep4_bs16_cl32_gamma0.99_lam0.9_seed1_H4320_Q3e+06_pov0.1_fee0/best.weights.h5,64
DOGE,doge_q6e+06,6000000.0,4320,3500.0,0.1,buy,DOGE_PPO_3,2026-01-24_steps_5s.parquet,/Users/jackfletcher/Desktop/FYP_Data/Replay_5s_DOGE/January/2026-01-24_steps_5s.parquet,942,2121,-0.0001278634913384783,6000000.000000007,0.12446369761567408,0.12443499999999999,95.46416126822216,7.235978728046394e-13,1.0000000000000013,1.0,0.0,1.278634913384795,DOGE_S2B1_lr0.0003_clip0.2_ent0.01_ep4_bs16_cl32_gamma0.99_lam0.9_seed1_H4320_Q3e+06_pov0.1_fee0,checkpoints/DOGE/DOGE_S2B1_lr0.0003_clip0.2_ent0.01_ep4_bs16_cl32_gamma0.99_lam0.9_seed1_H4320_Q3e+06_pov0.1_fee0/best.weights.h5,65
DOGE,doge_q6e+06,6000000.0,4320,3500.0,0.1,buy,DOGE_PPO_3,2026-01-22_steps_5s.parquet,/Users/jackfletcher/Desktop/FYP_Data/Replay_5s_DOGE/January/2026-01-22_steps_5s.parquet,7671,2649,-7.421783366944482e-05,5999999.999999983,0.1258894402712452,0.1266,56.37586645531012,9.634370926806836e-13,0.9999999999999972,1.0,0.0,0.742178336694446,DOGE_S2B1_lr0.0003_clip0.2_ent0.01_ep4_bs16_cl32_gamma0.99_lam0.9_seed1_H4320_Q3e+06_pov0.1_fee0,checkpoints/DOGE/DOGE_S2B1_lr0.0003_clip0.2_ent0.01_ep4_bs16_cl32_gamma0.99_lam0.9_seed1_H4320_Q3e+06_pov0.1_fee0/best.weights.h5,66
DOGE,doge_q6e+06,6000000.0,4320,3500.0,0.1,buy,DOGE_PPO_3,2026-01-30_steps_5s.parquet,/Users/jackfletcher/Desktop/FYP_Data/Replay_5s_DOGE/January/2026-01-30_steps_5s.parquet,5565,3102,-9.923847478425747e-05,6000000.000000005,0.11399627358742495,0.113995,67.8761395981883,5.872901820760843e-13,1.0000000000000007,1.0,0.0,0.9923847478425707,DOGE_S2B1_lr0.0003_clip0.2_ent0.01_ep4_bs16_cl32_gamma0.99_lam0.9_seed1_H4320_Q3e+06_pov0.1_fee0,checkpoints/DOGE/DOGE_S2B1_lr0.0003_clip0.2_ent0.01_ep4_bs16_cl32_gamma0.99_lam0.9_seed1_H4320_Q3e+06_pov0.1_fee0/best.weights.h5,67
DOGE,doge_q6e+06,6000000.0,4320,3500.0,0.1,buy,DOGE_PPO_3,2026-01-22_steps_5s.parquet,/Users/jackfletcher/Desktop/FYP_Data/Replay_5s_DOGE/January/2026-01-22_steps_5s.parquet,9414,3181,-9.210203513936731e-05,6000000.0,0.12494153395490089,0.125695,69.46059184105704,7.736984502387444e-13,1.0,1.0,0.0,0.9210203513936783,DOGE_S2B1_lr0.0003_clip0.2_ent0.01_ep4_bs16_cl32_gamma0.99_lam0.9_seed1_H4320_Q3e+06_pov0.1_fee0,checkpoints/DOGE/DOGE_S2B1_lr0.0003_clip0.2_ent0.01_ep4_bs16_cl32_gamma0.99_lam0.9_seed1_H4320_Q3e+06_pov0.1_fee0/best.weights.h5,68
DOGE,doge_q6e+06,6000000.0,4320,3500.0,0.1,buy,DOGE_PPO_3,2026-01-31_steps_5s.parquet,/Users/jackfletcher/Desktop/FYP_Data/Replay_5s_DOGE/January/2026-01-31_steps_5s.parquet,7077,2945,-0.00011017969205289186,5999999.999999994,0.11168959168420442,0.111875,73.95811829050375,8.694771317266167e-13,0.9999999999999991,1.0,0.0,1.1017969205289198,DOGE_S2B1_lr0.0003_clip0.2_ent0.01_ep4_bs16_cl32_gamma0.99_lam0.9_seed1_H4320_Q3e+06_pov0.1_fee0,checkpoints/DOGE/DOGE_S2B1_lr0.0003_clip0.2_ent0.01_ep4_bs16_cl32_gamma0.99_lam0.9_seed1_H4320_Q3e+06_pov0.1_fee0/best.weights.h5,69
DOGE,doge_q6e+06,6000000.0,4320,3500.0,0.1,buy,DOGE_PPO_3,2026-01-17_steps_5s.parquet,/Users/jackfletcher/Desktop/FYP_Data/Replay_5s_DOGE/January/2026-01-17_steps_5s.parquet,12396,2422,-9.231233972850458e-05,5999999.999999999,0.13876791155231183,0.13894499999999999,76.95802826146225,8.304518946262128e-13,0.9999999999999999,1.0,0.0,0.923123397285044,DOGE_S2B1_lr0.0003_clip0.2_ent0.01_ep4_bs16_cl32_gamma0.99_lam0.9_seed1_H4320_Q3e+06_pov0.1_fee0,checkpoints/DOGE/DOGE_S2B1_lr0.0003_clip0.2_ent0.01_ep4_bs16_cl32_gamma0.99_lam0.9_seed1_H4320_Q3e+06_pov0.1_fee0/best.weights.h5,70
DOGE,doge_q6e+06,6000000.0,4320,3500.0,0.1,buy,DOGE_PPO_3,2026-01-27_steps_5s.parquet,/Users/jackfletcher/Desktop/FYP_Data/Replay_5s_DOGE/January/2026-01-27_steps_5s.parquet,237,2431,-9.398767938447627e-05,5999999.9999999935,0.12263456604066088,0.122275,68.95406098042164,7.500704434613347e-13,0.9999999999999989,1.0,0.0,0.9398767938447713,DOGE_S2B1_lr0.0003_clip0.2_ent0.01_ep4_bs16_cl32_gamma0.99_lam0.9_seed1_H4320_Q3e+06_pov0.1_fee0,checkpoints/DOGE/DOGE_S2B1_lr0.0003_clip0.2_ent0.01_ep4_bs16_cl32_gamma0.99_lam0.9_seed1_H4320_Q3e+06_pov0.1_fee0/best.weights.h5,71
DOGE,doge_q6e+06,6000000.0,4320,3500.0,0.1,buy,DOGE_PPO_3,2026-01-10_steps_5s.parquet,/Users/jackfletcher/Desktop/FYP_Data/Replay_5s_DOGE/January/2026-01-10_steps_5s.parquet,1631,2434,-8.54400072990415e-05,6000000.00000001,0.14014117062446854,0.140535,72.04386855462465,7.085196580889284e-13,1.0000000000000018,1.0,0.0,0.8544000729904134,DOGE_S2B1_lr0.0003_clip0.2_ent0.01_ep4_bs16_cl32_gamma0.99_lam0.9_seed1_H4320_Q3e+06_pov0.1_fee0,checkpoints/DOGE/DOGE_S2B1_lr0.0003_clip0.2_ent0.01_ep4_bs16_cl32_gamma0.99_lam0.9_seed1_H4320_Q3e+06_pov0.1_fee0/best.weights.h5,72
DOGE,doge_q6e+06,6000000.0,4320,3500.0,0.1,buy,DOGE_PPO_3,2026-01-31_steps_5s.parquet,/Users/jackfletcher/Desktop/FYP_Data/Replay_5s_DOGE/January/2026-01-31_steps_5s.parquet,7065,2946,-0.00011002375572384132,5999999.999999998,0.1116939830090751,0.111925,73.88645315634578,9.546916674160967e-13,0.9999999999999997,1.0,0.0,1.1002375572384153,DOGE_S2B1_lr0.0003_clip0.2_ent0.01_ep4_bs16_cl32_gamma0.99_lam0.9_seed1_H4320_Q3e+06_pov0.1_fee0,checkpoints/DOGE/DOGE_S2B1_lr0.0003_clip0.2_ent0.01_ep4_bs16_cl32_gamma0.99_lam0.9_seed1_H4320_Q3e+06_pov0.1_fee0/best.weights.h5,73
DOGE,doge_q6e+06,6000000.0,4320,3500.0,0.1,buy,DOGE_PPO_3,2026-01-12_steps_5s.parquet,/Users/jackfletcher/Desktop/FYP_Data/Replay_5s_DOGE/January/2026-01-12_steps_5s.parquet,8529,3834,-8.227467744996988e-05,6000000.0,0.13709516418589,0.136685,67.47428572349463,7.495325432590852e-13,1.0,1.0,0.0,0.8227467744996968,DOGE_S2B1_lr0.0003_clip0.2_ent0.01_ep4_bs16_cl32_gamma0.99_lam0.9_seed1_H4320_Q3e+06_pov0.1_fee0,checkpoints/DOGE/DOGE_S2B1_lr0.0003_clip0.2_ent0.01_ep4_bs16_cl32_gamma0.99_lam0.9_seed1_H4320_Q3e+06_pov0.1_fee0/best.weights.h5,74
DOGE,doge_q6e+06,6000000.0,4320,3500.0,0.1,buy,DOGE_PPO_3,2026-01-12_steps_5s.parquet,/Users/jackfletcher/Desktop/FYP_Data/Replay_5s_DOGE/January/2026-01-12_steps_5s.parquet,2472,3355,-6.232925759079141e-05,5999999.999999986,0.14030685905824072,0.141875,53.05778052416197,8.510294603104488e-13,0.9999999999999977,1.0,0.0,0.6232925759079233,DOGE_S2B1_lr0.0003_clip0.2_ent0.01_ep4_bs16_cl32_gamma0.99_lam0.9_seed1_H4320_Q3e+06_pov0.1_fee0,checkpoints/DOGE/DOGE_S2B1_lr0.0003_clip0.2_ent0.01_ep4_bs16_cl32_gamma0.99_lam0.9_seed1_H4320_Q3e+06_pov0.1_fee0/best.weights.h5,75
DOGE,doge_q6e+06,6000000.0,4320,3500.0,0.1,buy,DOGE_PPO_3,2026-01-09_steps_5s.parquet,/Users/jackfletcher/Desktop/FYP_Data/Replay_5s_DOGE/January/2026-01-09_steps_5s.parquet,11361,3523,-0.00010844033690181834,5999999.999999989,0.1411485550821484,0.142945,93.0060237505827,9.585523457530761e-13,0.9999999999999981,1.0,0.0,1.0844033690181853,DOGE_S2B1_lr0.0003_clip0.2_ent0.01_ep4_bs16_cl32_gamma0.99_lam0.9_seed1_H4320_Q3e+06_pov0.1_fee0,checkpoints/DOGE/DOGE_S2B1_lr0.0003_clip0.2_ent0.01_ep4_bs16_cl32_gamma0.99_lam0.9_seed1_H4320_Q3e+06_pov0.1_fee0/best.weights.h5,76
DOGE,doge_q6e+06,6000000.0,4320,3500.0,0.1,buy,DOGE_PPO_3,2026-01-20_steps_5s.parquet,/Users/jackfletcher/Desktop/FYP_Data/Replay_5s_DOGE/January/2026-01-20_steps_5s.parquet,12550,3324,-8.75861750300659e-05,5999999.999999989,0.1239325339112156,0.123975,65.15097629611492,5.884971173329695e-13,0.9999999999999981,1.0,0.0,0.8758617503006644,DOGE_S2B1_lr0.0003_clip0.2_ent0.01_ep4_bs16_cl32_gamma0.99_lam0.9_seed1_H4320_Q3e+06_pov0.1_fee0,checkpoints/DOGE/DOGE_S2B1_lr0.0003_clip0.2_ent0.01_ep4_bs16_cl32_gamma0.99_lam0.9_seed1_H4320_Q3e+06_pov0.1_fee0/best.weights.h5,77
DOGE,doge_q6e+06,6000000.0,4320,3500.0,0.1,buy,DOGE_PPO_3,2026-01-24_steps_5s.parquet,/Users/jackfletcher/Desktop/FYP_Data/Replay_5s_DOGE/January/2026-01-24_steps_5s.parquet,4012,2306,-7.120293040660235e-05,6000000.000000009,0.12436676198582391,0.124485,53.18218074999563,8.61274161541951e-13,1.0000000000000016,1.0,0.0,0.7120293040660272,DOGE_S2B1_lr0.0003_clip0.2_ent0.01_ep4_bs16_cl32_gamma0.99_lam0.9_seed1_H4320_Q3e+06_pov0.1_fee0,checkpoints/DOGE/DOGE_S2B1_lr0.0003_clip0.2_ent0.01_ep4_bs16_cl32_gamma0.99_lam0.9_seed1_H4320_Q3e+06_pov0.1_fee0/best.weights.h5,78
DOGE,doge_q6e+06,6000000.0,4320,3500.0,0.1,buy,DOGE_PPO_3,2026-01-17_steps_5s.parquet,/Users/jackfletcher/Desktop/FYP_Data/Replay_5s_DOGE/January/2026-01-17_steps_5s.parquet,10802,2816,-8.837983041150601e-05,5999999.999999987,0.13877372526645934,0.138515,73.45159325669766,8.577335307508853e-13,0.9999999999999978,1.0,0.0,0.8837983041150497,DOGE_S2B1_lr0.0003_clip0.2_ent0.01_ep4_bs16_cl32_gamma0.99_lam0.9_seed1_H4320_Q3e+06_pov0.1_fee0,checkpoints/DOGE/DOGE_S2B1_lr0.0003_clip0.2_ent0.01_ep4_bs16_cl32_gamma0.99_lam0.9_seed1_H4320_Q3e+06_pov0.1_fee0/best.weights.h5,79
DOGE,doge_q6e+06,6000000.0,4320,3500.0,0.1,buy,DOGE_PPO_3,2026-01-28_steps_5s.parquet,/Users/jackfletcher/Desktop/FYP_Data/Replay_5s_DOGE/January/2026-01-28_steps_5s.parquet,1203,2636,-8.255864122940454e-05,6000000.000000002,0.12462270561347312,0.125055,61.94622527365885,6.605624500984338e-13,1.0000000000000002,1.0,0.0,0.825586412294042,DOGE_S2B1_lr0.0003_clip0.2_ent0.01_ep4_bs16_cl32_gamma0.99_lam0.9_seed1_H4320_Q3e+06_pov0.1_fee0,checkpoints/DOGE/DOGE_S2B1_lr0.0003_clip0.2_ent0.01_ep4_bs16_cl32_gamma0.99_lam0.9_seed1_H4320_Q3e+06_pov0.1_fee0/best.weights.h5,80
DOGE,doge_q6e+06,6000000.0,4320,3500.0,0.1,buy,DOGE_PPO_3,2026-01-26_steps_5s.parquet,/Users/jackfletcher/Desktop/FYP_Data/Replay_5s_DOGE/January/2026-01-26_steps_5s.parquet,450,3110,-9.382402572865964e-05,5999999.999999975,0.1218328101632755,0.11997,67.53641020000401,9.187671889282371e-13,0.9999999999999958,1.0,0.0,0.9382402572865995,DOGE_S2B1_lr0.0003_clip0.2_ent0.01_ep4_bs16_cl32_gamma0.99_lam0.9_seed1_H4320_Q3e+06_pov0.1_fee0,checkpoints/DOGE/DOGE_S2B1_lr0.0003_clip0.2_ent0.01_ep4_bs16_cl32_gamma0.99_lam0.9_seed1_H4320_Q3e+06_pov0.1_fee0/best.weights.h5,81
DOGE,doge_q6e+06,6000000.0,4320,3500.0,0.1,buy,DOGE_PPO_3,2026-01-24_steps_5s.parquet,/Users/jackfletcher/Desktop/FYP_Data/Replay_5s_DOGE/January/2026-01-24_steps_5s.parquet,5934,2212,-8.197131239426881e-05,6000000.000000001,0.12455057563530064,0.124285,61.12682736553065,7.534482013365202e-13,1.0000000000000002,1.0,0.0,0.8197131239426942,DOGE_S2B1_lr0.0003_clip0.2_ent0.01_ep4_bs16_cl32_gamma0.99_lam0.9_seed1_H4320_Q3e+06_pov0.1_fee0,checkpoints/DOGE/DOGE_S2B1_lr0.0003_clip0.2_ent0.01_ep4_bs16_cl32_gamma0.99_lam0.9_seed1_H4320_Q3e+06_pov0.1_fee0/best.weights.h5,82
DOGE,doge_q6e+06,6000000.0,4320,3500.0,0.1,buy,DOGE_PPO_3,2026-01-21_steps_5s.parquet,/Users/jackfletcher/Desktop/FYP_Data/Replay_5s_DOGE/January/2026-01-21_steps_5s.parquet,287,2665,-9.853689743023122e-05,6000000.000000013,0.1255290111874605,0.123385,72.94785053657411,7.321078701412815e-13,1.0000000000000022,1.0,0.0,0.9853689743023073,DOGE_S2B1_lr0.0003_clip0.2_ent0.01_ep4_bs16_cl32_gamma0.99_lam0.9_seed1_H4320_Q3e+06_pov0.1_fee0,checkpoints/DOGE/DOGE_S2B1_lr0.0003_clip0.2_ent0.01_ep4_bs16_cl32_gamma0.99_lam0.9_seed1_H4320_Q3e+06_pov0.1_fee0/best.weights.h5,83
DOGE,doge_q6e+06,6000000.0,4320,3500.0,0.1,buy,DOGE_PPO_3,2026-01-31_steps_5s.parquet,/Users/jackfletcher/Desktop/FYP_Data/Replay_5s_DOGE/January/2026-01-31_steps_5s.parquet,5512,2995,-0.00010836528573669956,6000000.000000012,0.11204234109026655,0.11232500000000001,73.03278432224893,6.159380035662137e-13,1.000000000000002,1.0,0.0,1.0836528573669995,DOGE_S2B1_lr0.0003_clip0.2_ent0.01_ep4_bs16_cl32_gamma0.99_lam0.9_seed1_H4320_Q3e+06_pov0.1_fee0,checkpoints/DOGE/DOGE_S2B1_lr0.0003_clip0.2_ent0.01_ep4_bs16_cl32_gamma0.99_lam0.9_seed1_H4320_Q3e+06_pov0.1_fee0/best.weights.h5,84
DOGE,doge_q6e+06,6000000.0,4320,3500.0,0.1,buy,DOGE_PPO_3,2026-01-21_steps_5s.parquet,/Users/jackfletcher/Desktop/FYP_Data/Replay_5s_DOGE/January/2026-01-21_steps_5s.parquet,5889,2723,-7.530224251871792e-05,5999999.999999997,0.12446162987618926,0.124985,56.46990468721267,8.629874311215387e-13,0.9999999999999996,1.0,0.0,0.7530224251871913,DOGE_S2B1_lr0.0003_clip0.2_ent0.01_ep4_bs16_cl32_gamma0.99_lam0.9_seed1_H4320_Q3e+06_pov0.1_fee0,checkpoints/DOGE/DOGE_S2B1_lr0.0003_clip0.2_ent0.01_ep4_bs16_cl32_gamma0.99_lam0.9_seed1_H4320_Q3e+06_pov0.1_fee0/best.weights.h5,85
DOGE,doge_q6e+06,6000000.0,4320,3500.0,0.1,buy,DOGE_PPO_3,2026-01-30_steps_5s.parquet,/Users/jackfletcher/Desktop/FYP_Data/Replay_5s_DOGE/January/2026-01-30_steps_5s.parquet,429,2994,-9.723834845145243e-05,5999999.999999996,0.11530355588073744,0.11702,68.2729892147335,6.913058932375299e-13,0.9999999999999993,1.0,0.0,0.9723834845145203,DOGE_S2B1_lr0.0003_clip0.2_ent0.01_ep4_bs16_cl32_gamma0.99_lam0.9_seed1_H4320_Q3e+06_pov0.1_fee0,checkpoints/DOGE/DOGE_S2B1_lr0.0003_clip0.2_ent0.01_ep4_bs16_cl32_gamma0.99_lam0.9_seed1_H4320_Q3e+06_pov0.1_fee0/best.weights.h5,86
DOGE,doge_q6e+06,6000000.0,4320,3500.0,0.1,buy,DOGE_PPO_3,2026-01-15_steps_5s.parquet,/Users/jackfletcher/Desktop/FYP_Data/Replay_5s_DOGE/January/2026-01-15_steps_5s.parquet,5847,2937,-6.580497178487477e-05,6000000.000000007,0.14403807312269723,0.144055,56.87721126282145,8.708374522699096e-13,1.0000000000000013,1.0,0.0,0.6580497178487552,DOGE_S2B1_lr0.0003_clip0.2_ent0.01_ep4_bs16_cl32_gamma0.99_lam0.9_seed1_H4320_Q3e+06_pov0.1_fee0,checkpoints/DOGE/DOGE_S2B1_lr0.0003_clip0.2_ent0.01_ep4_bs16_cl32_gamma0.99_lam0.9_seed1_H4320_Q3e+06_pov0.1_fee0/best.weights.h5,87
DOGE,doge_q6e+06,6000000.0,4320,3500.0,0.1,buy,DOGE_PPO_3,2026-01-22_steps_5s.parquet,/Users/jackfletcher/Desktop/FYP_Data/Replay_5s_DOGE/January/2026-01-22_steps_5s.parquet,10862,3055,-9.630951788665958e-05,6000000.000000002,0.12472025618113763,0.12412000000000001,71.72362416055277,5.867494255127022e-13,1.0000000000000002,1.0,0.0,0.963095178866591,DOGE_S2B1_lr0.0003_clip0.2_ent0.01_ep4_bs16_cl32_gamma0.99_lam0.9_seed1_H4320_Q3e+06_pov0.1_fee0,checkpoints/DOGE/DOGE_S2B1_lr0.0003_clip0.2_ent0.01_ep4_bs16_cl32_gamma0.99_lam0.9_seed1_H4320_Q3e+06_pov0.1_fee0/best.weights.h5,88
DOGE,doge_q6e+06,6000000.0,4320,3500.0,0.1,buy,DOGE_PPO_3,2026-01-13_steps_5s.parquet,/Users/jackfletcher/Desktop/FYP_Data/Replay_5s_DOGE/January/2026-01-13_steps_5s.parquet,1915,3008,-9.72444538717631e-05,5999999.999999985,0.13787253302298244,0.136785,79.8094957370939,9.312613438410246e-13,0.9999999999999976,1.0,0.0,0.9724445387176214,DOGE_S2B1_lr0.0003_clip0.2_ent0.01_ep4_bs16_cl32_gamma0.99_lam0.9_seed1_H4320_Q3e+06_pov0.1_fee0,checkpoints/DOGE/DOGE_S2B1_lr0.0003_clip0.2_ent0.01_ep4_bs16_cl32_gamma0.99_lam0.9_seed1_H4320_Q3e+06_pov0.1_fee0/best.weights.h5,89
DOGE,doge_q6e+06,6000000.0,4320,3500.0,0.1,buy,DOGE_PPO_3,2026-01-28_steps_5s.parquet,/Users/jackfletcher/Desktop/FYP_Data/Replay_5s_DOGE/January/2026-01-28_steps_5s.parquet,7121,2963,-8.361016750901127e-05,5999999.999999996,0.12660066491640573,0.12718000000000002,63.80124662277659,9.22760149675592e-13,0.9999999999999993,1.0,0.0,0.8361016750901161,DOGE_S2B1_lr0.0003_clip0.2_ent0.01_ep4_bs16_cl32_gamma0.99_lam0.9_seed1_H4320_Q3e+06_pov0.1_fee0,checkpoints/DOGE/DOGE_S2B1_lr0.0003_clip0.2_ent0.01_ep4_bs16_cl32_gamma0.99_lam0.9_seed1_H4320_Q3e+06_pov0.1_fee0/best.weights.h5,90
DOGE,doge_q6e+06,6000000.0,4320,3500.0,0.1,buy,DOGE_PPO_3,2026-01-10_steps_5s.parquet,/Users/jackfletcher/Desktop/FYP_Data/Replay_5s_DOGE/January/2026-01-10_steps_5s.parquet,5505,2610,-5.775750387083109e-05,6000000.000000005,0.14012427493419288,0.140305,48.621999483581824,8.809321680071175e-13,1.0000000000000007,1.0,0.0,0.5775750387083118,DOGE_S2B1_lr0.0003_clip0.2_ent0.01_ep4_bs16_cl32_gamma0.99_lam0.9_seed1_H4320_Q3e+06_pov0.1_fee0,checkpoints/DOGE/DOGE_S2B1_lr0.0003_clip0.2_ent0.01_ep4_bs16_cl32_gamma0.99_lam0.9_seed1_H4320_Q3e+06_pov0.1_fee0/best.weights.h5,91
DOGE,doge_q6e+06,6000000.0,4320,3500.0,0.1,buy,DOGE_PPO_3,2026-01-25_steps_5s.parquet,/Users/jackfletcher/Desktop/FYP_Data/Replay_5s_DOGE/January/2026-01-25_steps_5s.parquet,11616,3882,-0.00010879056059811478,6000000.000000002,0.11977523422510263,0.12139,79.23651690603087,5.730248574795111e-13,1.0000000000000002,1.0,0.0,1.0879056059811472,DOGE_S2B1_lr0.0003_clip0.2_ent0.01_ep4_bs16_cl32_gamma0.99_lam0.9_seed1_H4320_Q3e+06_pov0.1_fee0,checkpoints/DOGE/DOGE_S2B1_lr0.0003_clip0.2_ent0.01_ep4_bs16_cl32_gamma0.99_lam0.9_seed1_H4320_Q3e+06_pov0.1_fee0/best.weights.h5,92
DOGE,doge_q6e+06,6000000.0,4320,3500.0,0.1,buy,DOGE_PPO_3,2026-01-10_steps_5s.parquet,/Users/jackfletcher/Desktop/FYP_Data/Replay_5s_DOGE/January/2026-01-10_steps_5s.parquet,2493,2460,-7.319555086796548e-05,5999999.999999992,0.14008693611741269,0.140355,61.640169252440074,8.08328532679582e-13,0.9999999999999986,1.0,0.0,0.7319555086796584,DOGE_S2B1_lr0.0003_clip0.2_ent0.01_ep4_bs16_cl32_gamma0.99_lam0.9_seed1_H4320_Q3e+06_pov0.1_fee0,checkpoints/DOGE/DOGE_S2B1_lr0.0003_clip0.2_ent0.01_ep4_bs16_cl32_gamma0.99_lam0.9_seed1_H4320_Q3e+06_pov0.1_fee0/best.weights.h5,93
DOGE,doge_q6e+06,6000000.0,4320,3500.0,0.1,buy,DOGE_PPO_3,2026-01-28_steps_5s.parquet,/Users/jackfletcher/Desktop/FYP_Data/Replay_5s_DOGE/January/2026-01-28_steps_5s.parquet,11648,3053,-0.00011346633166519921,5999999.999999995,0.12482213078225628,0.12454499999999999,84.78998566345378,5.790978451680886e-13,0.9999999999999992,1.0,0.0,1.1346633166519973,DOGE_S2B1_lr0.0003_clip0.2_ent0.01_ep4_bs16_cl32_gamma0.99_lam0.9_seed1_H4320_Q3e+06_pov0.1_fee0,checkpoints/DOGE/DOGE_S2B1_lr0.0003_clip0.2_ent0.01_ep4_bs16_cl32_gamma0.99_lam0.9_seed1_H4320_Q3e+06_pov0.1_fee0/best.weights.h5,94
DOGE,doge_q6e+06,6000000.0,4320,3500.0,0.1,buy,DOGE_PPO_3,2026-01-15_steps_5s.parquet,/Users/jackfletcher/Desktop/FYP_Data/Replay_5s_DOGE/January/2026-01-15_steps_5s.parquet,11127,3853,-8.730874176003527e-05,6000000.000000008,0.14071911466961265,0.141845,74.30585084971283,5.042857877036862e-13,1.0000000000000013,1.0,0.0,0.8730874176003481,DOGE_S2B1_lr0.0003_clip0.2_ent0.01_ep4_bs16_cl32_gamma0.99_lam0.9_seed1_H4320_Q3e+06_pov0.1_fee0,checkpoints/DOGE/DOGE_S2B1_lr0.0003_clip0.2_ent0.01_ep4_bs16_cl32_gamma0.99_lam0.9_seed1_H4320_Q3e+06_pov0.1_fee0/best.weights.h5,95
DOGE,doge_q6e+06,6000000.0,4320,3500.0,0.1,buy,DOGE_PPO_3,2026-01-16_steps_5s.parquet,/Users/jackfletcher/Desktop/FYP_Data/Replay_5s_DOGE/January/2026-01-16_steps_5s.parquet,8495,3057,-5.902407049360356e-05,6000000.000000011,0.1376778300834906,0.138065,48.894949756196596,7.772678519462764e-13,1.0000000000000018,1.0,0.0,0.5902407049360398,DOGE_S2B1_lr0.0003_clip0.2_ent0.01_ep4_bs16_cl32_gamma0.99_lam0.9_seed1_H4320_Q3e+06_pov0.1_fee0,checkpoints/DOGE/DOGE_S2B1_lr0.0003_clip0.2_ent0.01_ep4_bs16_cl32_gamma0.99_lam0.9_seed1_H4320_Q3e+06_pov0.1_fee0/best.weights.h5,96
DOGE,doge_q6e+06,6000000.0,4320,3500.0,0.1,buy,DOGE_PPO_3,2026-01-30_steps_5s.parquet,/Users/jackfletcher/Desktop/FYP_Data/Replay_5s_DOGE/January/2026-01-30_steps_5s.parquet,1329,3084,-8.850819290702866e-05,5999999.999999995,0.1147525021437605,0.11465,60.88478590074651,8.311224132211413e-13,0.9999999999999992,1.0,0.0,0.8850819290703082,DOGE_S2B1_lr0.0003_clip0.2_ent0.01_ep4_bs16_cl32_gamma0.99_lam0.9_seed1_H4320_Q3e+06_pov0.1_fee0,checkpoints/DOGE/DOGE_S2B1_lr0.0003_clip0.2_ent0.01_ep4_bs16_cl32_gamma0.99_lam0.9_seed1_H4320_Q3e+06_pov0.1_fee0/best.weights.h5,97
DOGE,doge_q6e+06,6000000.0,4320,3500.0,0.1,buy,DOGE_PPO_3,2026-01-28_steps_5s.parquet,/Users/jackfletcher/Desktop/FYP_Data/Replay_5s_DOGE/January/2026-01-28_steps_5s.parquet,1753,2615,-8.10480370739977e-05,5999999.99999999,0.12459927357121413,0.124855,60.71551601324528,9.435168631576124e-13,0.9999999999999983,1.0,0.0,0.8104803707399953,DOGE_S2B1_lr0.0003_clip0.2_ent0.01_ep4_bs16_cl32_gamma0.99_lam0.9_seed1_H4320_Q3e+06_pov0.1_fee0,checkpoints/DOGE/DOGE_S2B1_lr0.0003_clip0.2_ent0.01_ep4_bs16_cl32_gamma0.99_lam0.9_seed1_H4320_Q3e+06_pov0.1_fee0/best.weights.h5,98
DOGE,doge_q6e+06,6000000.0,4320,3500.0,0.1,buy,DOGE_PPO_3,2026-01-23_steps_5s.parquet,/Users/jackfletcher/Desktop/FYP_Data/Replay_5s_DOGE/January/2026-01-23_steps_5s.parquet,8152,2384,-9.536140851642327e-05,5999999.999999992,0.12498177917290777,0.12526500000000002,71.67268102685864,6.512784436341189e-13,0.9999999999999986,1.0,0.0,0.9536140851642335,DOGE_S2B1_lr0.0003_clip0.2_ent0.01_ep4_bs16_cl32_gamma0.99_lam0.9_seed1_H4320_Q3e+06_pov0.1_fee0,checkpoints/DOGE/DOGE_S2B1_lr0.0003_clip0.2_ent0.01_ep4_bs16_cl32_gamma0.99_lam0.9_seed1_H4320_Q3e+06_pov0.1_fee0/best.weights.h5,99
