asset,scenario_name,target_qty,horizon_steps,max_child_qty,pov_cap,side,policy_name,day_name,day_path,start_idx,steps_used,episode_return,filled_total,exec_vwap,arrival_mid,cost_cash_vs_mid,remaining_qty,completion,completion_100pct,terminated_at_horizon,is_bps,run_name,ckpt,episode_id
DOGE,doge_q1p2e+07,12000000.0,4320,3500.0,0.1,buy,TWAP,2026-01-29_steps_5s.parquet,/Users/jackfletcher/Desktop/FYP_Data/Replay_5s_DOGE/January/2026-01-29_steps_5s.parquet,5081,4320,-5.949925770722839e-05,9336555.319369238,0.12144378598374819,0.122195,87.24614154641687,2663444.680630755,0.7780462766141032,0.0,1.0,0.594992577072281,TWAP,,0
DOGE,doge_q1p2e+07,12000000.0,4320,3500.0,0.1,buy,TWAP,2026-01-25_steps_5s.parquet,/Users/jackfletcher/Desktop/FYP_Data/Replay_5s_DOGE/January/2026-01-25_steps_5s.parquet,6643,4320,-8.179713110879715e-05,10027450.420339473,0.12303108481229467,0.122725,120.46263498392705,1972549.5796605768,0.8356208683616227,0.0,1.0,0.8179713110879815,TWAP,,1
DOGE,doge_q1p2e+07,12000000.0,4320,3500.0,0.1,buy,TWAP,2026-01-28_steps_5s.parquet,/Users/jackfletcher/Desktop/FYP_Data/Replay_5s_DOGE/January/2026-01-28_steps_5s.parquet,11486,4320,-8.99491451677834e-05,8678849.588042855,0.12499586709791195,0.12465999999999999,134.55672523939066,3321150.4119571815,0.723237465670238,0.0,1.0,0.8994914516778347,TWAP,,2
DOGE,doge_q1p2e+07,12000000.0,4320,3500.0,0.1,buy,TWAP,2026-01-31_steps_5s.parquet,/Users/jackfletcher/Desktop/FYP_Data/Replay_5s_DOGE/January/2026-01-31_steps_5s.parquet,1579,4320,-8.264568195228775e-05,9632708.076513551,0.11453413778603938,0.11522,114.26922569451108,2367291.923486502,0.802725673042796,0.0,1.0,0.8264568195228772,TWAP,,3
DOGE,doge_q1p2e+07,12000000.0,4320,3500.0,0.1,buy,TWAP,2026-01-23_steps_5s.parquet,/Users/jackfletcher/Desktop/FYP_Data/Replay_5s_DOGE/January/2026-01-23_steps_5s.parquet,3876,4320,-9.402415141003179e-05,9938985.01356472,0.1251218244709261,0.12556499999999998,141.67371086160682,2061014.9864352394,0.8282487511303934,0.0,1.0,0.9402415141003122,TWAP,,4
DOGE,doge_q1p2e+07,12000000.0,4320,3500.0,0.1,buy,TWAP,2026-01-26_steps_5s.parquet,/Users/jackfletcher/Desktop/FYP_Data/Replay_5s_DOGE/January/2026-01-26_steps_5s.parquet,6599,4320,-6.0227698375053504e-05,9212434.83684084,0.12143760390437355,0.121395,87.73609733087545,2787565.1631591627,0.76770290307007,0.0,1.0,0.6022769837505351,TWAP,,5
DOGE,doge_q1p2e+07,12000000.0,4320,3500.0,0.1,buy,TWAP,2026-01-09_steps_5s.parquet,/Users/jackfletcher/Desktop/FYP_Data/Replay_5s_DOGE/January/2026-01-09_steps_5s.parquet,2723,4320,-5.013498548415175e-05,8399854.413480263,0.1422164176759492,0.142955,86.00456219864266,3600145.5865197615,0.699987867790022,0.0,1.0,0.5013498548415157,TWAP,,6
DOGE,doge_q1p2e+07,12000000.0,4320,3500.0,0.1,buy,TWAP,2026-01-29_steps_5s.parquet,/Users/jackfletcher/Desktop/FYP_Data/Replay_5s_DOGE/January/2026-01-29_steps_5s.parquet,4263,4320,-8.884999394049377e-05,9958975.004074821,0.12162345014477145,0.121865,129.93245413869806,2041024.9959251909,0.8299145836729017,0.0,1.0,0.8884999394049293,TWAP,,7
DOGE,doge_q1p2e+07,12000000.0,4320,3500.0,0.1,buy,TWAP,2026-01-19_steps_5s.parquet,/Users/jackfletcher/Desktop/FYP_Data/Replay_5s_DOGE/January/2026-01-19_steps_5s.parquet,1176,4320,-5.3303938205646454e-05,8412648.243956812,0.12709041152780629,0.127355,81.4622766021613,3587351.7560431813,0.7010540203297343,0.0,1.0,0.5330393820564648,TWAP,,8
DOGE,doge_q1p2e+07,12000000.0,4320,3500.0,0.1,buy,TWAP,2026-01-21_steps_5s.parquet,/Users/jackfletcher/Desktop/FYP_Data/Replay_5s_DOGE/January/2026-01-21_steps_5s.parquet,8839,4320,-9.957671849737105e-05,7758554.381273901,0.12346139602304403,0.12219,146.00735079832543,4241445.618726085,0.6465461984394918,0.0,1.0,0.9957671849737119,TWAP,,9
DOGE,doge_q1p2e+07,12000000.0,4320,3500.0,0.1,buy,TWAP,2026-01-26_steps_5s.parquet,/Users/jackfletcher/Desktop/FYP_Data/Replay_5s_DOGE/January/2026-01-26_steps_5s.parquet,12098,4320,-9.224041034676484e-05,9671672.464457981,0.12244777137517952,0.12248,135.57126551126186,2328327.53554199,0.8059727053714985,0.0,1.0,0.9224041034676537,TWAP,,10
DOGE,doge_q1p2e+07,12000000.0,4320,3500.0,0.1,buy,TWAP,2026-01-27_steps_5s.parquet,/Users/jackfletcher/Desktop/FYP_Data/Replay_5s_DOGE/January/2026-01-27_steps_5s.parquet,868,4320,-9.315783193274157e-05,11087262.577484831,0.12269826819285742,0.12204999999999999,136.4389606486918,912737.4225151499,0.9239385481237359,0.0,1.0,0.9315783193274054,TWAP,,11
DOGE,doge_q1p2e+07,12000000.0,4320,3500.0,0.1,buy,TWAP,2026-01-28_steps_5s.parquet,/Users/jackfletcher/Desktop/FYP_Data/Replay_5s_DOGE/January/2026-01-28_steps_5s.parquet,5122,4320,-8.617371955419316e-05,9248951.634989513,0.1262955349883394,0.125685,129.96892730602647,2751048.365010418,0.7707459695824594,0.0,1.0,0.8617371955419401,TWAP,,12
DOGE,doge_q1p2e+07,12000000.0,4320,3500.0,0.1,buy,TWAP,2026-01-20_steps_5s.parquet,/Users/jackfletcher/Desktop/FYP_Data/Replay_5s_DOGE/January/2026-01-20_steps_5s.parquet,2352,4320,-6.593880386454653e-05,7787466.879705306,0.12729676873588955,0.12826500000000002,101.491688132233,4212533.120294732,0.6489555733087755,0.0,1.0,0.6593880386454669,TWAP,,13
DOGE,doge_q1p2e+07,12000000.0,4320,3500.0,0.1,buy,TWAP,2026-01-20_steps_5s.parquet,/Users/jackfletcher/Desktop/FYP_Data/Replay_5s_DOGE/January/2026-01-20_steps_5s.parquet,1029,4320,-6.349259355563724e-05,8804651.409952885,0.1279247006894404,0.128945,98.24462971237996,3195348.590047095,0.733720950829407,0.0,1.0,0.6349259355563739,TWAP,,14
DOGE,doge_q1p2e+07,12000000.0,4320,3500.0,0.1,buy,TWAP,2026-01-15_steps_5s.parquet,/Users/jackfletcher/Desktop/FYP_Data/Replay_5s_DOGE/January/2026-01-15_steps_5s.parquet,6645,4320,-6.493848933208148e-05,8422933.498560388,0.14401152986575166,0.14369500000000002,111.97603469488176,3577066.501439571,0.7019111248800323,0.0,1.0,0.649384893320817,TWAP,,15
DOGE,doge_q1p2e+07,12000000.0,4320,3500.0,0.1,buy,TWAP,2026-01-12_steps_5s.parquet,/Users/jackfletcher/Desktop/FYP_Data/Replay_5s_DOGE/January/2026-01-12_steps_5s.parquet,6855,4320,-6.870904530259063e-05,7826332.563722966,0.13662855253135006,0.13693499999999997,112.90407742212275,4173667.436277059,0.6521943803102472,0.0,1.0,0.687090453025905,TWAP,,16
DOGE,doge_q1p2e+07,12000000.0,4320,3500.0,0.1,buy,TWAP,2026-01-12_steps_5s.parquet,/Users/jackfletcher/Desktop/FYP_Data/Replay_5s_DOGE/January/2026-01-12_steps_5s.parquet,12043,4320,-7.885675936195291e-05,8638647.58392824,0.1377128180108307,0.13939000000000001,131.90212424955288,3361352.4160717963,0.7198872986606867,0.0,1.0,0.7885675936195379,TWAP,,17
DOGE,doge_q1p2e+07,12000000.0,4320,3500.0,0.1,buy,TWAP,2026-01-30_steps_5s.parquet,/Users/jackfletcher/Desktop/FYP_Data/Replay_5s_DOGE/January/2026-01-30_steps_5s.parquet,6817,4320,-0.00012263994253581748,9081284.981417708,0.11462762525183644,0.11358,167.1533360786171,2918715.0185823003,0.7567737484514757,0.0,1.0,1.2263994253581696,TWAP,,18
DOGE,doge_q1p2e+07,12000000.0,4320,3500.0,0.1,buy,TWAP,2026-01-16_steps_5s.parquet,/Users/jackfletcher/Desktop/FYP_Data/Replay_5s_DOGE/January/2026-01-16_steps_5s.parquet,6796,4320,-4.70941311487268e-05,8786335.260185996,0.13831535648526064,0.139625,78.90621673969237,3213664.7398140104,0.7321946050154997,0.0,1.0,0.47094131148727164,TWAP,,19
DOGE,doge_q1p2e+07,12000000.0,4320,3500.0,0.1,buy,TWAP,2026-01-23_steps_5s.parquet,/Users/jackfletcher/Desktop/FYP_Data/Replay_5s_DOGE/January/2026-01-23_steps_5s.parquet,4529,4320,-0.00010340772922485403,10437021.973069388,0.12509306422572322,0.12576500000000002,156.0608767915654,1562978.0269305687,0.8697518310891157,0.0,1.0,1.0340772922485415,TWAP,,20
DOGE,doge_q1p2e+07,12000000.0,4320,3500.0,0.1,buy,TWAP,2026-01-19_steps_5s.parquet,/Users/jackfletcher/Desktop/FYP_Data/Replay_5s_DOGE/January/2026-01-19_steps_5s.parquet,7727,4320,-7.144892157831515e-05,9230686.863282092,0.12807831060224786,0.127715,109.50118823249441,2769313.1367179095,0.7692239052735077,0.0,1.0,0.7144892157831527,TWAP,,21
DOGE,doge_q1p2e+07,12000000.0,4320,3500.0,0.1,buy,TWAP,2026-01-08_steps_5s.parquet,/Users/jackfletcher/Desktop/FYP_Data/Replay_5s_DOGE/January/2026-01-08_steps_5s.parquet,4699,4320,-5.479472470290042e-05,6752745.101235063,0.1425745007834582,0.14393,94.63925671786112,5247254.8987649465,0.5627287584362552,0.0,1.0,0.547947247029002,TWAP,,22
DOGE,doge_q1p2e+07,12000000.0,4320,3500.0,0.1,buy,TWAP,2026-01-22_steps_5s.parquet,/Users/jackfletcher/Desktop/FYP_Data/Replay_5s_DOGE/January/2026-01-22_steps_5s.parquet,2162,4320,-7.44384434463268e-05,9588460.32901003,0.12678775193213243,0.127135,113.56477809058491,2411539.670989934,0.7990383607508359,0.0,1.0,0.7443844344632667,TWAP,,23
DOGE,doge_q1p2e+07,12000000.0,4320,3500.0,0.1,buy,TWAP,2026-01-24_steps_5s.parquet,/Users/jackfletcher/Desktop/FYP_Data/Replay_5s_DOGE/January/2026-01-24_steps_5s.parquet,7883,4320,-0.00010656950810932636,11393019.801883187,0.12422180063792317,0.124775,159.5665244920939,606980.1981168521,0.9494183168235989,0.0,1.0,1.0656950810932606,TWAP,,24
DOGE,doge_q1p2e+07,12000000.0,4320,3500.0,0.1,buy,TWAP,2026-01-09_steps_5s.parquet,/Users/jackfletcher/Desktop/FYP_Data/Replay_5s_DOGE/January/2026-01-09_steps_5s.parquet,8497,4320,-5.446826937072331e-05,6754066.858819258,0.1410582154522539,0.140225,91.65375687011564,5245933.141180762,0.5628389049016048,0.0,1.0,0.5446826937072303,TWAP,,25
DOGE,doge_q1p2e+07,12000000.0,4320,3500.0,0.1,buy,TWAP,2026-01-19_steps_5s.parquet,/Users/jackfletcher/Desktop/FYP_Data/Replay_5s_DOGE/January/2026-01-19_steps_5s.parquet,7418,4320,-7.088237605416981e-05,9312511.295172494,0.12801450348030993,0.127715,108.63291189309982,2687488.704827503,0.7760426079310412,0.0,1.0,0.7088237605416998,TWAP,,26
DOGE,doge_q1p2e+07,12000000.0,4320,3500.0,0.1,buy,TWAP,2026-01-10_steps_5s.parquet,/Users/jackfletcher/Desktop/FYP_Data/Replay_5s_DOGE/January/2026-01-10_steps_5s.parquet,6750,4320,-6.372062685534296e-05,10443840.13473675,0.14010293329216209,0.139845,106.93213275102465,1556159.8652632707,0.8703200112280626,0.0,1.0,0.6372062685534261,TWAP,,27
DOGE,doge_q1p2e+07,12000000.0,4320,3500.0,0.1,buy,TWAP,2026-01-25_steps_5s.parquet,/Users/jackfletcher/Desktop/FYP_Data/Replay_5s_DOGE/January/2026-01-25_steps_5s.parquet,10256,4320,-7.003072924286505e-05,7248306.247561217,0.12086311653939064,0.122775,103.17627339351314,4751693.752438802,0.6040255206301014,0.0,1.0,0.700307292428651,TWAP,,28
DOGE,doge_q1p2e+07,12000000.0,4320,3500.0,0.1,buy,TWAP,2026-01-10_steps_5s.parquet,/Users/jackfletcher/Desktop/FYP_Data/Replay_5s_DOGE/January/2026-01-10_steps_5s.parquet,11247,4320,-5.893462521719212e-05,10796198.149928592,0.14007062602026527,0.139995,99.0066342873661,1203801.8500713813,0.899683179160716,0.0,1.0,0.5893462521718996,TWAP,,29
DOGE,doge_q1p2e+07,12000000.0,4320,3500.0,0.1,buy,TWAP,2026-01-10_steps_5s.parquet,/Users/jackfletcher/Desktop/FYP_Data/Replay_5s_DOGE/January/2026-01-10_steps_5s.parquet,3162,4320,-5.418519221530132e-05,9775991.566993518,0.14008176145362022,0.139935,90.98885847177746,2224008.4330064594,0.8146659639161264,0.0,1.0,0.5418519221530084,TWAP,,30
DOGE,doge_q1p2e+07,12000000.0,4320,3500.0,0.1,buy,TWAP,2026-01-20_steps_5s.parquet,/Users/jackfletcher/Desktop/FYP_Data/Replay_5s_DOGE/January/2026-01-20_steps_5s.parquet,570,4320,-6.156619536396478e-05,8971805.271547742,0.12807602538085253,0.128935,95.25644879103368,3028194.728452289,0.7476504392956452,0.0,1.0,0.6156619536396484,TWAP,,31
DOGE,doge_q1p2e+07,12000000.0,4320,3500.0,0.1,buy,TWAP,2026-01-08_steps_5s.parquet,/Users/jackfletcher/Desktop/FYP_Data/Replay_5s_DOGE/January/2026-01-08_steps_5s.parquet,10832,4320,-5.6448162156669825e-05,6056605.157985475,0.1419718420132484,0.13945000000000002,94.46035455297064,5943394.842014588,0.5047170964987896,0.0,1.0,0.5644816215666943,TWAP,,32
DOGE,doge_q1p2e+07,12000000.0,4320,3500.0,0.1,buy,TWAP,2026-01-11_steps_5s.parquet,/Users/jackfletcher/Desktop/FYP_Data/Replay_5s_DOGE/January/2026-01-11_steps_5s.parquet,2359,4320,-6.851667948487224e-05,9897927.514476147,0.1395204337843653,0.138995,114.28171037999999,2102072.48552383,0.8248272928730123,0.0,1.0,0.6851667948487355,TWAP,,33
DOGE,doge_q1p2e+07,12000000.0,4320,3500.0,0.1,buy,TWAP,2026-01-28_steps_5s.parquet,/Users/jackfletcher/Desktop/FYP_Data/Replay_5s_DOGE/January/2026-01-28_steps_5s.parquet,9171,4320,-7.588266135685894e-05,8130488.656272966,0.12511973307597765,0.126215,114.93036123787121,3869511.3437270448,0.6775407213560806,0.0,1.0,0.758826613568588,TWAP,,34
DOGE,doge_q1p2e+07,12000000.0,4320,3500.0,0.1,buy,TWAP,2026-01-30_steps_5s.parquet,/Users/jackfletcher/Desktop/FYP_Data/Replay_5s_DOGE/January/2026-01-30_steps_5s.parquet,10067,4320,-8.992655061698692e-05,7104957.337578519,0.11636348723999601,0.114495,123.55368495470339,4895042.662421472,0.5920797781315432,0.0,1.0,0.899265506169872,TWAP,,35
DOGE,doge_q1p2e+07,12000000.0,4320,3500.0,0.1,buy,TWAP,2026-01-29_steps_5s.parquet,/Users/jackfletcher/Desktop/FYP_Data/Replay_5s_DOGE/January/2026-01-29_steps_5s.parquet,5113,4320,-5.810158280891952e-05,9303234.50058287,0.12143687855022965,0.122225,85.2175915058416,2696765.499417101,0.7752695417152392,0.0,1.0,0.5810158280891907,TWAP,,36
DOGE,doge_q1p2e+07,12000000.0,4320,3500.0,0.1,buy,TWAP,2026-01-18_steps_5s.parquet,/Users/jackfletcher/Desktop/FYP_Data/Replay_5s_DOGE/January/2026-01-18_steps_5s.parquet,9752,4320,-7.096084428216286e-05,10065910.924248073,0.1370517240856427,0.136715,116.41694191242769,1934089.0757519156,0.8388259103540061,0.0,1.0,0.70960844282161,TWAP,,37
DOGE,doge_q1p2e+07,12000000.0,4320,3500.0,0.1,buy,TWAP,2026-01-17_steps_5s.parquet,/Users/jackfletcher/Desktop/FYP_Data/Replay_5s_DOGE/January/2026-01-17_steps_5s.parquet,6273,4320,-7.073605660701712e-05,10355168.266868059,0.137709397709324,0.13746,116.68054009440712,1644831.7331319794,0.8629306889056716,0.0,1.0,0.7073605660701726,TWAP,,38
DOGE,doge_q1p2e+07,12000000.0,4320,3500.0,0.1,buy,TWAP,2026-01-11_steps_5s.parquet,/Users/jackfletcher/Desktop/FYP_Data/Replay_5s_DOGE/January/2026-01-11_steps_5s.parquet,10131,4320,-7.331848609423988e-05,9402686.66836049,0.13886530116043358,0.140425,123.54898091740223,2597313.3316395027,0.7835572223633742,0.0,1.0,0.7331848609423905,TWAP,,39
DOGE,doge_q1p2e+07,12000000.0,4320,3500.0,0.1,buy,TWAP,2026-01-25_steps_5s.parquet,/Users/jackfletcher/Desktop/FYP_Data/Replay_5s_DOGE/January/2026-01-25_steps_5s.parquet,5408,4320,-9.157097850536525e-05,10650987.586569136,0.12315049928673774,0.12293499999999999,135.08733891068493,1349012.4134308635,0.8875822988807613,0.0,1.0,0.9157097850536527,TWAP,,40
DOGE,doge_q1p2e+07,12000000.0,4320,3500.0,0.1,buy,TWAP,2026-01-28_steps_5s.parquet,/Users/jackfletcher/Desktop/FYP_Data/Replay_5s_DOGE/January/2026-01-28_steps_5s.parquet,12380,4320,-0.00010644080295574229,9310362.18093393,0.1251472623829661,0.12467500000000001,159.2460853020856,2689637.819066089,0.7758635150778275,0.0,1.0,1.0644080295574199,TWAP,,41
DOGE,doge_q1p2e+07,12000000.0,4320,3500.0,0.1,buy,TWAP,2026-01-30_steps_5s.parquet,/Users/jackfletcher/Desktop/FYP_Data/Replay_5s_DOGE/January/2026-01-30_steps_5s.parquet,9517,4320,-9.592387859031713e-05,7457559.191361026,0.11590976446729935,0.11471,132.041137357143,4542440.808638969,0.6214632659467522,0.0,1.0,0.9592387859031688,TWAP,,42
DOGE,doge_q1p2e+07,12000000.0,4320,3500.0,0.1,buy,TWAP,2026-01-19_steps_5s.parquet,/Users/jackfletcher/Desktop/FYP_Data/Replay_5s_DOGE/January/2026-01-19_steps_5s.parquet,8156,4320,-7.141073541150122e-05,9030148.419435566,0.12821847845970988,0.127665,109.39981843571258,2969851.5805644114,0.7525123682862972,0.0,1.0,0.7141073541150184,TWAP,,43
DOGE,doge_q1p2e+07,12000000.0,4320,3500.0,0.1,buy,TWAP,2026-01-22_steps_5s.parquet,/Users/jackfletcher/Desktop/FYP_Data/Replay_5s_DOGE/January/2026-01-22_steps_5s.parquet,3356,4320,-5.880410673367032e-05,9107726.640978558,0.12670516879596316,0.127245,89.79034273591017,2892273.3590214667,0.7589772200815464,0.0,1.0,0.5880410673367007,TWAP,,44
DOGE,doge_q1p2e+07,12000000.0,4320,3500.0,0.1,buy,TWAP,2026-01-21_steps_5s.parquet,/Users/jackfletcher/Desktop/FYP_Data/Replay_5s_DOGE/January/2026-01-21_steps_5s.parquet,4881,4320,-7.839127334979227e-05,8763908.024065202,0.12423297476930963,0.125225,117.79856646273433,3236091.975934854,0.7303256686721001,0.0,1.0,0.7839127334979326,TWAP,,45
DOGE,doge_q1p2e+07,12000000.0,4320,3500.0,0.1,buy,TWAP,2026-01-30_steps_5s.parquet,/Users/jackfletcher/Desktop/FYP_Data/Replay_5s_DOGE/January/2026-01-30_steps_5s.parquet,2452,4320,-8.08855861489684e-05,8206728.949456488,0.11432491879522662,0.11485000000000001,111.47651483050787,3793271.050543515,0.683894079121374,0.0,1.0,0.8088558614896812,TWAP,,46
DOGE,doge_q1p2e+07,12000000.0,4320,3500.0,0.1,buy,TWAP,2026-01-18_steps_5s.parquet,/Users/jackfletcher/Desktop/FYP_Data/Replay_5s_DOGE/January/2026-01-18_steps_5s.parquet,8667,4320,-9.00342863702716e-05,10187414.177705161,0.136963287587083,0.137105,148.1298099935504,1812585.8222948678,0.8489511814754301,0.0,1.0,0.9003428637026998,TWAP,,47
DOGE,doge_q1p2e+07,12000000.0,4320,3500.0,0.1,buy,TWAP,2026-01-28_steps_5s.parquet,/Users/jackfletcher/Desktop/FYP_Data/Replay_5s_DOGE/January/2026-01-28_steps_5s.parquet,12724,4320,-0.00010782490764239774,9533494.359177023,0.12518880397571922,0.124665,161.30390533487466,2466505.640823005,0.794457863264752,0.0,1.0,1.0782490764239807,TWAP,,48
DOGE,doge_q1p2e+07,12000000.0,4320,3500.0,0.1,buy,TWAP,2026-01-29_steps_5s.parquet,/Users/jackfletcher/Desktop/FYP_Data/Replay_5s_DOGE/January/2026-01-29_steps_5s.parquet,11925,4320,-7.177148133631538e-05,8154006.393114363,0.11636296160816167,0.11579500000000001,99.72934417606288,3845993.6068856316,0.6795005327595303,0.0,1.0,0.7177148133631481,TWAP,,49
DOGE,doge_q1p2e+07,12000000.0,4320,3500.0,0.1,buy,TWAP,2026-01-12_steps_5s.parquet,/Users/jackfletcher/Desktop/FYP_Data/Replay_5s_DOGE/January/2026-01-12_steps_5s.parquet,3419,4320,-5.3491552742570424e-05,7901685.810938218,0.138613428621939,0.140925,90.45956484296173,4098314.189061812,0.6584738175781848,0.0,1.0,0.5349155274257095,TWAP,,50
DOGE,doge_q1p2e+07,12000000.0,4320,3500.0,0.1,buy,TWAP,2026-01-30_steps_5s.parquet,/Users/jackfletcher/Desktop/FYP_Data/Replay_5s_DOGE/January/2026-01-30_steps_5s.parquet,6149,4320,-9.32564022688786e-05,9033304.810219442,0.11440663956358953,0.11388000000000001,127.44046908455857,2966695.189780565,0.7527754008516202,0.0,1.0,0.9325640226887847,TWAP,,51
DOGE,doge_q1p2e+07,12000000.0,4320,3500.0,0.1,buy,TWAP,2026-01-09_steps_5s.parquet,/Users/jackfletcher/Desktop/FYP_Data/Replay_5s_DOGE/January/2026-01-09_steps_5s.parquet,3935,4320,-5.436416982724323e-05,8249652.033233397,0.14163734861869862,0.142575,93.01165815743006,3750347.9667666187,0.6874710027694497,0.0,1.0,0.5436416982724301,TWAP,,52
DOGE,doge_q1p2e+07,12000000.0,4320,3500.0,0.1,buy,TWAP,2026-01-22_steps_5s.parquet,/Users/jackfletcher/Desktop/FYP_Data/Replay_5s_DOGE/January/2026-01-22_steps_5s.parquet,12702,4320,-0.0001333916825641235,10655077.899705958,0.12439012189602491,0.12473999999999999,199.67134179658666,1344922.100294126,0.8879231583088298,0.0,1.0,1.333916825641245,TWAP,,53
DOGE,doge_q1p2e+07,12000000.0,4320,3500.0,0.1,buy,TWAP,2026-01-10_steps_5s.parquet,/Users/jackfletcher/Desktop/FYP_Data/Replay_5s_DOGE/January/2026-01-10_steps_5s.parquet,2486,4320,-5.5939302560305736e-05,9856253.865279123,0.14006424049834296,0.140355,94.2163297302185,2143746.134720871,0.8213544887732602,0.0,1.0,0.5593930256030453,TWAP,,54
DOGE,doge_q1p2e+07,12000000.0,4320,3500.0,0.1,buy,TWAP,2026-01-24_steps_5s.parquet,/Users/jackfletcher/Desktop/FYP_Data/Replay_5s_DOGE/January/2026-01-24_steps_5s.parquet,368,4320,-0.00013879121114580083,11999999.999999965,0.12450183621961272,0.12468499999999999,207.66218594056755,0.0,0.999999999999997,1.0,1.0,1.3879121114579913,TWAP,,55
DOGE,doge_q1p2e+07,12000000.0,4320,3500.0,0.1,buy,TWAP,2026-01-18_steps_5s.parquet,/Users/jackfletcher/Desktop/FYP_Data/Replay_5s_DOGE/January/2026-01-18_steps_5s.parquet,10156,4320,-7.507964766071955e-05,10290395.148356926,0.13706354687718922,0.136895,123.33634039816842,1709604.8516430631,0.8575329290297438,0.0,1.0,0.7507964766071834,TWAP,,56
DOGE,doge_q1p2e+07,12000000.0,4320,3500.0,0.1,buy,TWAP,2026-01-21_steps_5s.parquet,/Users/jackfletcher/Desktop/FYP_Data/Replay_5s_DOGE/January/2026-01-21_steps_5s.parquet,5464,4320,-6.895595231735401e-05,8501036.143325184,0.12402542599559463,0.12526500000000002,103.6532084044006,3498963.8566748286,0.708419678610432,0.0,1.0,0.6895595231735426,TWAP,,57
DOGE,doge_q1p2e+07,12000000.0,4320,3500.0,0.1,buy,TWAP,2026-01-26_steps_5s.parquet,/Users/jackfletcher/Desktop/FYP_Data/Replay_5s_DOGE/January/2026-01-26_steps_5s.parquet,12127,4320,-9.433169079518615e-05,9741516.544377863,0.12244873110769429,0.123165,139.4203523614691,2258483.455622148,0.811793045364822,0.0,1.0,0.9433169079518607,TWAP,,58
DOGE,doge_q1p2e+07,12000000.0,4320,3500.0,0.1,buy,TWAP,2026-01-25_steps_5s.parquet,/Users/jackfletcher/Desktop/FYP_Data/Replay_5s_DOGE/January/2026-01-25_steps_5s.parquet,6235,4320,-8.544696786078073e-05,10154241.352724843,0.12308032403057984,0.12272,125.83262275050157,1845758.6472751792,0.8461867793937369,0.0,1.0,0.8544696786078171,TWAP,,59
DOGE,doge_q1p2e+07,12000000.0,4320,3500.0,0.1,buy,TWAP,2026-01-26_steps_5s.parquet,/Users/jackfletcher/Desktop/FYP_Data/Replay_5s_DOGE/January/2026-01-26_steps_5s.parquet,11337,4320,-7.582699015788423e-05,8916067.825924627,0.12240537465729608,0.12189,110.91062196413553,3083932.1740753404,0.7430056521603856,0.0,1.0,0.7582699015788521,TWAP,,60
DOGE,doge_q1p2e+07,12000000.0,4320,3500.0,0.1,buy,TWAP,2026-01-18_steps_5s.parquet,/Users/jackfletcher/Desktop/FYP_Data/Replay_5s_DOGE/January/2026-01-18_steps_5s.parquet,81,4320,-8.402139496945187e-05,10727826.348188534,0.13738200996804392,0.13783499999999999,138.97306770737282,1272173.651811445,0.8939855290157112,0.0,1.0,0.8402139496945191,TWAP,,61
DOGE,doge_q1p2e+07,12000000.0,4320,3500.0,0.1,buy,TWAP,2026-01-20_steps_5s.parquet,/Users/jackfletcher/Desktop/FYP_Data/Replay_5s_DOGE/January/2026-01-20_steps_5s.parquet,2539,4320,-6.301616762226597e-05,7787313.067046703,0.1271644014714,0.128015,96.80417637797211,4212686.932953308,0.6489427555872253,0.0,1.0,0.6301616762226571,TWAP,,62
DOGE,doge_q1p2e+07,12000000.0,4320,3500.0,0.1,buy,TWAP,2026-01-23_steps_5s.parquet,/Users/jackfletcher/Desktop/FYP_Data/Replay_5s_DOGE/January/2026-01-23_steps_5s.parquet,7148,4320,-9.844887559860074e-05,10074054.829064451,0.12463378295243184,0.124855,147.50201235436003,1925945.1709355605,0.8395045690887043,0.0,1.0,0.9844887559860106,TWAP,,63
DOGE,doge_q1p2e+07,12000000.0,4320,3500.0,0.1,buy,TWAP,2026-01-26_steps_5s.parquet,/Users/jackfletcher/Desktop/FYP_Data/Replay_5s_DOGE/January/2026-01-26_steps_5s.parquet,4398,4320,-6.181331442225928e-05,9474426.181630947,0.12139801980439673,0.12151500000000001,90.13493882425206,2525573.818369088,0.7895355151359122,0.0,1.0,0.6181331442226066,TWAP,,64
DOGE,doge_q1p2e+07,12000000.0,4320,3500.0,0.1,buy,TWAP,2026-01-10_steps_5s.parquet,/Users/jackfletcher/Desktop/FYP_Data/Replay_5s_DOGE/January/2026-01-10_steps_5s.parquet,4191,4320,-5.865659149668928e-05,10062985.7126341,0.14008055337569827,0.14032,98.76831502578555,1937014.2873658785,0.8385821427195083,0.0,1.0,0.5865659149668945,TWAP,,65
DOGE,doge_q1p2e+07,12000000.0,4320,3500.0,0.1,buy,TWAP,2026-01-22_steps_5s.parquet,/Users/jackfletcher/Desktop/FYP_Data/Replay_5s_DOGE/January/2026-01-22_steps_5s.parquet,11691,4320,-0.00010290521283331467,9796965.515599025,0.1245647132353068,0.124365,153.5736815281819,2203034.4844009355,0.8164137929665854,0.0,1.0,1.029052128333145,TWAP,,66
DOGE,doge_q1p2e+07,12000000.0,4320,3500.0,0.1,buy,TWAP,2026-01-10_steps_5s.parquet,/Users/jackfletcher/Desktop/FYP_Data/Replay_5s_DOGE/January/2026-01-10_steps_5s.parquet,3458,4320,-5.1216854088018075e-05,9700799.51747189,0.1401097198356863,0.139995,86.04124185662263,2299200.482528107,0.8083999597893242,0.0,1.0,0.5121685408801662,TWAP,,67
DOGE,doge_q1p2e+07,12000000.0,4320,3500.0,0.1,buy,TWAP,2026-01-10_steps_5s.parquet,/Users/jackfletcher/Desktop/FYP_Data/Replay_5s_DOGE/January/2026-01-10_steps_5s.parquet,2954,4320,-5.2425479273999455e-05,9710417.714145591,0.14005579541647975,0.139795,87.94583850130688,2289582.285854445,0.8092014761787993,0.0,1.0,0.5242547927400055,TWAP,,68
DOGE,doge_q1p2e+07,12000000.0,4320,3500.0,0.1,buy,TWAP,2026-01-16_steps_5s.parquet,/Users/jackfletcher/Desktop/FYP_Data/Replay_5s_DOGE/January/2026-01-16_steps_5s.parquet,9149,4320,-6.136923537537036e-05,8023597.320332554,0.1371320955066481,0.13786500000000002,101.5280356203049,3976402.6796674486,0.6686331100277129,0.0,1.0,0.6136923537537017,TWAP,,69
DOGE,doge_q1p2e+07,12000000.0,4320,3500.0,0.1,buy,TWAP,2026-01-14_steps_5s.parquet,/Users/jackfletcher/Desktop/FYP_Data/Replay_5s_DOGE/January/2026-01-14_steps_5s.parquet,3427,4320,-7.195997665368138e-05,7986783.586739977,0.1480607191128876,0.148675,128.38379434783394,4013216.413260041,0.665565298894998,0.0,1.0,0.7195997665368193,TWAP,,70
DOGE,doge_q1p2e+07,12000000.0,4320,3500.0,0.1,buy,TWAP,2026-01-28_steps_5s.parquet,/Users/jackfletcher/Desktop/FYP_Data/Replay_5s_DOGE/January/2026-01-28_steps_5s.parquet,9645,4320,-7.72677705238607e-05,8116915.962777815,0.12495459670561024,0.12627,117.07921660857454,3883084.037222222,0.6764096635648179,0.0,1.0,0.772677705238606,TWAP,,71
DOGE,doge_q1p2e+07,12000000.0,4320,3500.0,0.1,buy,TWAP,2026-01-21_steps_5s.parquet,/Users/jackfletcher/Desktop/FYP_Data/Replay_5s_DOGE/January/2026-01-21_steps_5s.parquet,4037,4320,-6.994867342669656e-05,8885266.170700347,0.12482938464049885,0.125635,105.45601903155716,3114733.8292996837,0.7404388475583622,0.0,1.0,0.6994867342669715,TWAP,,72
DOGE,doge_q1p2e+07,12000000.0,4320,3500.0,0.1,buy,TWAP,2026-01-23_steps_5s.parquet,/Users/jackfletcher/Desktop/FYP_Data/Replay_5s_DOGE/January/2026-01-23_steps_5s.parquet,6555,4320,-0.00010207400802745512,10605700.996930217,0.12469214810648394,0.124855,152.9334032672159,1394299.0030698047,0.8838084164108514,0.0,1.0,1.0207400802745579,TWAP,,73
DOGE,doge_q1p2e+07,12000000.0,4320,3500.0,0.1,buy,TWAP,2026-01-27_steps_5s.parquet,/Users/jackfletcher/Desktop/FYP_Data/Replay_5s_DOGE/January/2026-01-27_steps_5s.parquet,5373,4320,-7.376527085870635e-05,10388895.958976645,0.12213863799916244,0.12234500000000001,108.29774475850182,1611104.0410234192,0.8657413299147204,0.0,1.0,0.7376527085870681,TWAP,,74
DOGE,doge_q1p2e+07,12000000.0,4320,3500.0,0.1,buy,TWAP,2026-01-27_steps_5s.parquet,/Users/jackfletcher/Desktop/FYP_Data/Replay_5s_DOGE/January/2026-01-27_steps_5s.parquet,1580,4320,-9.525463220188857e-05,10996702.204697436,0.12265548241770502,0.12276000000000001,140.32150378924445,1003297.7953025555,0.916391850391453,0.0,1.0,0.9525463220188746,TWAP,,75
DOGE,doge_q1p2e+07,12000000.0,4320,3500.0,0.1,buy,TWAP,2026-01-10_steps_5s.parquet,/Users/jackfletcher/Desktop/FYP_Data/Replay_5s_DOGE/January/2026-01-10_steps_5s.parquet,1378,4320,-6.565912969801939e-05,10071712.54747832,0.1401426171423355,0.140215,110.47673844729087,1928287.4525216948,0.8393093789565267,0.0,1.0,0.6565912969801785,TWAP,,76
DOGE,doge_q1p2e+07,12000000.0,4320,3500.0,0.1,buy,TWAP,2026-01-09_steps_5s.parquet,/Users/jackfletcher/Desktop/FYP_Data/Replay_5s_DOGE/January/2026-01-09_steps_5s.parquet,10394,4320,-7.409474822560345e-05,7223262.792798341,0.14103409229861577,0.13929,123.84788976413142,4776737.207201661,0.6019385660665284,0.0,1.0,0.7409474822560331,TWAP,,77
DOGE,doge_q1p2e+07,12000000.0,4320,3500.0,0.1,buy,TWAP,2026-01-12_steps_5s.parquet,/Users/jackfletcher/Desktop/FYP_Data/Replay_5s_DOGE/January/2026-01-12_steps_5s.parquet,9090,4320,-7.55656780958861e-05,7286076.16372111,0.1376276721734971,0.136295,123.59068915294495,4713923.836278893,0.6071730136434258,0.0,1.0,0.7556567809588574,TWAP,,78
DOGE,doge_q1p2e+07,12000000.0,4320,3500.0,0.1,buy,TWAP,2026-01-11_steps_5s.parquet,/Users/jackfletcher/Desktop/FYP_Data/Replay_5s_DOGE/January/2026-01-11_steps_5s.parquet,4014,4320,-6.841118325116541e-05,9914859.166885212,0.13981786993144907,0.139245,114.31098254170065,2085140.833114783,0.826238263907101,0.0,1.0,0.6841118325116441,TWAP,,79
DOGE,doge_q1p2e+07,12000000.0,4320,3500.0,0.1,buy,TWAP,2026-01-09_steps_5s.parquet,/Users/jackfletcher/Desktop/FYP_Data/Replay_5s_DOGE/January/2026-01-09_steps_5s.parquet,10257,4320,-7.13065142915576e-05,7157823.291951784,0.14103386940395113,0.13916499999999998,119.08045273661507,4842176.708048198,0.5964852743293153,0.0,1.0,0.7130651429155743,TWAP,,80
DOGE,doge_q1p2e+07,12000000.0,4320,3500.0,0.1,buy,TWAP,2026-01-08_steps_5s.parquet,/Users/jackfletcher/Desktop/FYP_Data/Replay_5s_DOGE/January/2026-01-08_steps_5s.parquet,10024,4320,-5.5934518665250075e-05,5990049.235149762,0.14156017401929025,0.139675,93.75184673482534,6009950.764850269,0.49917076959581347,0.0,1.0,0.5593451866524989,TWAP,,81
DOGE,doge_q1p2e+07,12000000.0,4320,3500.0,0.1,buy,TWAP,2026-01-31_steps_5s.parquet,/Users/jackfletcher/Desktop/FYP_Data/Replay_5s_DOGE/January/2026-01-31_steps_5s.parquet,5087,4320,-9.17777714573308e-05,8856889.94575582,0.1120252845527985,0.113885,125.42533802901677,3143110.0542441816,0.7380741621463184,0.0,1.0,0.9177777145733033,TWAP,,82
DOGE,doge_q1p2e+07,12000000.0,4320,3500.0,0.1,buy,TWAP,2026-01-10_steps_5s.parquet,/Users/jackfletcher/Desktop/FYP_Data/Replay_5s_DOGE/January/2026-01-10_steps_5s.parquet,6411,4320,-6.147697945099827e-05,10418164.678998947,0.14008669627519457,0.13966499999999998,103.03418802028504,1581835.321001073,0.868180389916579,0.0,1.0,0.6147697945099886,TWAP,,83
DOGE,doge_q1p2e+07,12000000.0,4320,3500.0,0.1,buy,TWAP,2026-01-25_steps_5s.parquet,/Users/jackfletcher/Desktop/FYP_Data/Replay_5s_DOGE/January/2026-01-25_steps_5s.parquet,10823,4320,-7.106075770850243e-05,7129768.729819473,0.12030086237371913,0.122025,104.05426751256093,4870231.270180506,0.5941473941516228,0.0,1.0,0.7106075770850299,TWAP,,84
DOGE,doge_q1p2e+07,12000000.0,4320,3500.0,0.1,buy,TWAP,2026-01-10_steps_5s.parquet,/Users/jackfletcher/Desktop/FYP_Data/Replay_5s_DOGE/January/2026-01-10_steps_5s.parquet,7484,4320,-5.3607015293457287e-05,10217928.815753773,0.1400714201189482,0.140225,90.20452463430003,1782071.1842462379,0.851494067979481,0.0,1.0,0.5360701529345697,TWAP,,85
DOGE,doge_q1p2e+07,12000000.0,4320,3500.0,0.1,buy,TWAP,2026-01-28_steps_5s.parquet,/Users/jackfletcher/Desktop/FYP_Data/Replay_5s_DOGE/January/2026-01-28_steps_5s.parquet,6282,4320,-8.305924382337327e-05,8845585.095731022,0.12633422173317704,0.12564,125.22676072762425,3154414.9042689493,0.7371320913109185,0.0,1.0,0.8305924382337382,TWAP,,86
DOGE,doge_q1p2e+07,12000000.0,4320,3500.0,0.1,buy,TWAP,2026-01-09_steps_5s.parquet,/Users/jackfletcher/Desktop/FYP_Data/Replay_5s_DOGE/January/2026-01-09_steps_5s.parquet,3602,4320,-4.98813964365212e-05,8191208.840465564,0.141812075350992,0.142455,85.2702519523751,3808791.1595344488,0.6826007367054637,0.0,1.0,0.49881396436520953,TWAP,,87
DOGE,doge_q1p2e+07,12000000.0,4320,3500.0,0.1,buy,TWAP,2026-01-16_steps_5s.parquet,/Users/jackfletcher/Desktop/FYP_Data/Replay_5s_DOGE/January/2026-01-16_steps_5s.parquet,7500,4320,-6.059204451354307e-05,8923361.262747472,0.1377132884237453,0.139125,101.15841831536137,3076638.737252515,0.7436134385622893,0.0,1.0,0.605920445135438,TWAP,,88
DOGE,doge_q1p2e+07,12000000.0,4320,3500.0,0.1,buy,TWAP,2026-01-18_steps_5s.parquet,/Users/jackfletcher/Desktop/FYP_Data/Replay_5s_DOGE/January/2026-01-18_steps_5s.parquet,10745,4320,-7.978462050214098e-05,10525133.250460183,0.13709171615175503,0.137175,131.3334638085739,1474866.7495398757,0.8770944375383486,0.0,1.0,0.7978462050214076,TWAP,,89
DOGE,doge_q1p2e+07,12000000.0,4320,3500.0,0.1,buy,TWAP,2026-01-16_steps_5s.parquet,/Users/jackfletcher/Desktop/FYP_Data/Replay_5s_DOGE/January/2026-01-16_steps_5s.parquet,3534,4320,-7.778442382790584e-05,9651458.06347093,0.13977032625203079,0.138635,129.40372316857767,2348541.9365291046,0.8042881719559108,0.0,1.0,0.7778442382790401,TWAP,,90
DOGE,doge_q1p2e+07,12000000.0,4320,3500.0,0.1,buy,TWAP,2026-01-27_steps_5s.parquet,/Users/jackfletcher/Desktop/FYP_Data/Replay_5s_DOGE/January/2026-01-27_steps_5s.parquet,9263,4320,-7.535402385364649e-05,7797967.950426046,0.12273907421416072,0.12223,110.52626802757388,4202032.049573924,0.6498306625355038,0.0,1.0,0.7535402385364605,TWAP,,91
DOGE,doge_q1p2e+07,12000000.0,4320,3500.0,0.1,buy,TWAP,2026-01-10_steps_5s.parquet,/Users/jackfletcher/Desktop/FYP_Data/Replay_5s_DOGE/January/2026-01-10_steps_5s.parquet,5886,4320,-5.383395390116983e-05,10227469.555616446,0.14009321792765014,0.140345,90.6639151231158,1772530.4443835688,0.8522891296347038,0.0,1.0,0.5383395390116962,TWAP,,92
DOGE,doge_q1p2e+07,12000000.0,4320,3500.0,0.1,buy,TWAP,2026-01-18_steps_5s.parquet,/Users/jackfletcher/Desktop/FYP_Data/Replay_5s_DOGE/January/2026-01-18_steps_5s.parquet,116,4320,-8.446526172204354e-05,10855209.023270894,0.13738209595164463,0.13799499999999998,139.8694054960009,1144790.9767291276,0.9046007519392412,0.0,1.0,0.8446526172204362,TWAP,,93
DOGE,doge_q1p2e+07,12000000.0,4320,3500.0,0.1,buy,TWAP,2026-01-11_steps_5s.parquet,/Users/jackfletcher/Desktop/FYP_Data/Replay_5s_DOGE/January/2026-01-11_steps_5s.parquet,11887,4320,-6.019711962629723e-05,9314883.096968556,0.13772272599447324,0.139155,100.5207621791693,2685116.903031437,0.776240258080713,0.0,1.0,0.6019711962629759,TWAP,,94
DOGE,doge_q1p2e+07,12000000.0,4320,3500.0,0.1,buy,TWAP,2026-01-22_steps_5s.parquet,/Users/jackfletcher/Desktop/FYP_Data/Replay_5s_DOGE/January/2026-01-22_steps_5s.parquet,4421,4320,-6.165921989429364e-05,9177000.058212858,0.126459908493692,0.126865,93.86876318267454,2822999.941787206,0.7647500048510715,0.0,1.0,0.616592198942935,TWAP,,95
DOGE,doge_q1p2e+07,12000000.0,4320,3500.0,0.1,buy,TWAP,2026-01-27_steps_5s.parquet,/Users/jackfletcher/Desktop/FYP_Data/Replay_5s_DOGE/January/2026-01-27_steps_5s.parquet,1769,4320,-8.539705355981188e-05,10777339.148649398,0.12262793126213709,0.122705,125.74374548468148,1222660.8513506101,0.8981115957207831,0.0,1.0,0.8539705355981247,TWAP,,96
DOGE,doge_q1p2e+07,12000000.0,4320,3500.0,0.1,buy,TWAP,2026-01-08_steps_5s.parquet,/Users/jackfletcher/Desktop/FYP_Data/Replay_5s_DOGE/January/2026-01-08_steps_5s.parquet,3456,4320,-5.949866783992481e-05,6984112.703508226,0.14403238200130514,0.146895,104.88068174814934,5015887.296491796,0.5820093919590188,0.0,1.0,0.5949866783992497,TWAP,,97
DOGE,doge_q1p2e+07,12000000.0,4320,3500.0,0.1,buy,TWAP,2026-01-25_steps_5s.parquet,/Users/jackfletcher/Desktop/FYP_Data/Replay_5s_DOGE/January/2026-01-25_steps_5s.parquet,5179,4320,-7.949970876600486e-05,10246922.361720657,0.12315018765686715,0.12306500000000001,117.4035799114597,1753077.638279391,0.8539101968100548,0.0,1.0,0.7949970876600422,TWAP,,98
DOGE,doge_q1p2e+07,12000000.0,4320,3500.0,0.1,buy,TWAP,2026-01-23_steps_5s.parquet,/Users/jackfletcher/Desktop/FYP_Data/Replay_5s_DOGE/January/2026-01-23_steps_5s.parquet,648,4320,-0.00011846603054241314,11358712.15819142,0.12534373590245843,0.124555,177.0664372105197,641287.841808622,0.9465593465159516,0.0,1.0,1.1846603054241078,TWAP,,99
DOGE,doge_q1p2e+07,12000000.0,4320,3500.0,0.1,buy,DOGE_PPO_1,2026-01-29_steps_5s.parquet,/Users/jackfletcher/Desktop/FYP_Data/Replay_5s_DOGE/January/2026-01-29_steps_5s.parquet,5081,4320,-6.308249260062586e-05,9835055.450000009,0.12146981742528974,0.122195,92.50038220000059,2164944.549999977,0.8195879541666674,0.0,1.0,0.6308249260062508,DOGE_S2B1_lr0.0003_clip0.2_ent0.01_ep4_bs16_cl32_gamma0.999_lam0.95_seed1_H4320_Q3e+06_pov0.1_fee0,checkpoints/DOGE/DOGE_S2B1_lr0.0003_clip0.2_ent0.01_ep4_bs16_cl32_gamma0.999_lam0.95_seed1_H4320_Q3e+06_pov0.1_fee0/best.weights.h5,0
DOGE,doge_q1p2e+07,12000000.0,4320,3500.0,0.1,buy,DOGE_PPO_1,2026-01-25_steps_5s.parquet,/Users/jackfletcher/Desktop/FYP_Data/Replay_5s_DOGE/January/2026-01-25_steps_5s.parquet,6643,4320,-8.64287563658598e-05,10625191.20999999,0.12304270728020139,0.122725,127.28362950000324,1374808.7900000385,0.8854326008333325,0.0,1.0,0.8642875636586084,DOGE_S2B1_lr0.0003_clip0.2_ent0.01_ep4_bs16_cl32_gamma0.999_lam0.95_seed1_H4320_Q3e+06_pov0.1_fee0,checkpoints/DOGE/DOGE_S2B1_lr0.0003_clip0.2_ent0.01_ep4_bs16_cl32_gamma0.999_lam0.95_seed1_H4320_Q3e+06_pov0.1_fee0/best.weights.h5,1
DOGE,doge_q1p2e+07,12000000.0,4320,3500.0,0.1,buy,DOGE_PPO_1,2026-01-28_steps_5s.parquet,/Users/jackfletcher/Desktop/FYP_Data/Replay_5s_DOGE/January/2026-01-28_steps_5s.parquet,11486,4320,-9.418843574522117e-05,9064933.49,0.12498000771969292,0.12465999999999999,140.8983647999916,2935066.5100000114,0.7554111241666667,0.0,1.0,0.9418843574522142,DOGE_S2B1_lr0.0003_clip0.2_ent0.01_ep4_bs16_cl32_gamma0.999_lam0.95_seed1_H4320_Q3e+06_pov0.1_fee0,checkpoints/DOGE/DOGE_S2B1_lr0.0003_clip0.2_ent0.01_ep4_bs16_cl32_gamma0.999_lam0.95_seed1_H4320_Q3e+06_pov0.1_fee0/best.weights.h5,2
DOGE,doge_q1p2e+07,12000000.0,4320,3500.0,0.1,buy,DOGE_PPO_1,2026-01-31_steps_5s.parquet,/Users/jackfletcher/Desktop/FYP_Data/Replay_5s_DOGE/January/2026-01-31_steps_5s.parquet,1579,4320,-8.81584285858947e-05,10248949.750000007,0.11457892110203761,0.11522,121.89136970000175,1751050.2500000028,0.854079145833334,0.0,1.0,0.8815842858589491,DOGE_S2B1_lr0.0003_clip0.2_ent0.01_ep4_bs16_cl32_gamma0.999_lam0.95_seed1_H4320_Q3e+06_pov0.1_fee0,checkpoints/DOGE/DOGE_S2B1_lr0.0003_clip0.2_ent0.01_ep4_bs16_cl32_gamma0.999_lam0.95_seed1_H4320_Q3e+06_pov0.1_fee0/best.weights.h5,3
DOGE,doge_q1p2e+07,12000000.0,4320,3500.0,0.1,buy,DOGE_PPO_1,2026-01-23_steps_5s.parquet,/Users/jackfletcher/Desktop/FYP_Data/Replay_5s_DOGE/January/2026-01-23_steps_5s.parquet,3876,4320,-9.904520570355624e-05,10509912.11000001,0.1251366518740752,0.12556499999999998,149.23933505000363,1490087.8899999682,0.8758260091666675,0.0,1.0,0.9904520570355569,DOGE_S2B1_lr0.0003_clip0.2_ent0.01_ep4_bs16_cl32_gamma0.999_lam0.95_seed1_H4320_Q3e+06_pov0.1_fee0,checkpoints/DOGE/DOGE_S2B1_lr0.0003_clip0.2_ent0.01_ep4_bs16_cl32_gamma0.999_lam0.95_seed1_H4320_Q3e+06_pov0.1_fee0/best.weights.h5,4
DOGE,doge_q1p2e+07,12000000.0,4320,3500.0,0.1,buy,DOGE_PPO_1,2026-01-26_steps_5s.parquet,/Users/jackfletcher/Desktop/FYP_Data/Replay_5s_DOGE/January/2026-01-26_steps_5s.parquet,6599,4320,-6.375430210607456e-05,9744191.95000002,0.12142171813329239,0.121395,92.87344205000292,2255808.0499999914,0.812015995833335,0.0,1.0,0.6375430210607447,DOGE_S2B1_lr0.0003_clip0.2_ent0.01_ep4_bs16_cl32_gamma0.999_lam0.95_seed1_H4320_Q3e+06_pov0.1_fee0,checkpoints/DOGE/DOGE_S2B1_lr0.0003_clip0.2_ent0.01_ep4_bs16_cl32_gamma0.999_lam0.95_seed1_H4320_Q3e+06_pov0.1_fee0/best.weights.h5,5
DOGE,doge_q1p2e+07,12000000.0,4320,3500.0,0.1,buy,DOGE_PPO_1,2026-01-09_steps_5s.parquet,/Users/jackfletcher/Desktop/FYP_Data/Replay_5s_DOGE/January/2026-01-09_steps_5s.parquet,2723,4320,-5.4126017627929156e-05,8975964.229999976,0.14224353589533034,0.142955,92.85101820000641,3024035.7700000396,0.7479970191666647,0.0,1.0,0.541260176279286,DOGE_S2B1_lr0.0003_clip0.2_ent0.01_ep4_bs16_cl32_gamma0.999_lam0.95_seed1_H4320_Q3e+06_pov0.1_fee0,checkpoints/DOGE/DOGE_S2B1_lr0.0003_clip0.2_ent0.01_ep4_bs16_cl32_gamma0.999_lam0.95_seed1_H4320_Q3e+06_pov0.1_fee0/best.weights.h5,6
DOGE,doge_q1p2e+07,12000000.0,4320,3500.0,0.1,buy,DOGE_PPO_1,2026-01-29_steps_5s.parquet,/Users/jackfletcher/Desktop/FYP_Data/Replay_5s_DOGE/January/2026-01-29_steps_5s.parquet,4263,4320,-9.22320217727152e-05,10463992.759999977,0.12164050643796583,0.121865,134.87826399998062,1536007.2399999956,0.8719993966666648,0.0,1.0,0.922320217727134,DOGE_S2B1_lr0.0003_clip0.2_ent0.01_ep4_bs16_cl32_gamma0.999_lam0.95_seed1_H4320_Q3e+06_pov0.1_fee0,checkpoints/DOGE/DOGE_S2B1_lr0.0003_clip0.2_ent0.01_ep4_bs16_cl32_gamma0.999_lam0.95_seed1_H4320_Q3e+06_pov0.1_fee0/best.weights.h5,7
DOGE,doge_q1p2e+07,12000000.0,4320,3500.0,0.1,buy,DOGE_PPO_1,2026-01-19_steps_5s.parquet,/Users/jackfletcher/Desktop/FYP_Data/Replay_5s_DOGE/January/2026-01-19_steps_5s.parquet,1176,4320,-5.5504440213055626e-05,8677043.13999998,0.12708592610817682,0.127355,84.82521580000429,3322956.860000003,0.7230869283333317,0.0,1.0,0.5550444021305556,DOGE_S2B1_lr0.0003_clip0.2_ent0.01_ep4_bs16_cl32_gamma0.999_lam0.95_seed1_H4320_Q3e+06_pov0.1_fee0,checkpoints/DOGE/DOGE_S2B1_lr0.0003_clip0.2_ent0.01_ep4_bs16_cl32_gamma0.999_lam0.95_seed1_H4320_Q3e+06_pov0.1_fee0/best.weights.h5,8
DOGE,doge_q1p2e+07,12000000.0,4320,3500.0,0.1,buy,DOGE_PPO_1,2026-01-21_steps_5s.parquet,/Users/jackfletcher/Desktop/FYP_Data/Replay_5s_DOGE/January/2026-01-21_steps_5s.parquet,8839,4320,-0.00010128745075975566,7950349.49000001,0.12344333102763985,0.12219,148.51576330001478,4049650.5099999895,0.6625291241666674,0.0,1.0,1.0128745075975583,DOGE_S2B1_lr0.0003_clip0.2_ent0.01_ep4_bs16_cl32_gamma0.999_lam0.95_seed1_H4320_Q3e+06_pov0.1_fee0,checkpoints/DOGE/DOGE_S2B1_lr0.0003_clip0.2_ent0.01_ep4_bs16_cl32_gamma0.999_lam0.95_seed1_H4320_Q3e+06_pov0.1_fee0/best.weights.h5,9
DOGE,doge_q1p2e+07,12000000.0,4320,3500.0,0.1,buy,DOGE_PPO_1,2026-01-26_steps_5s.parquet,/Users/jackfletcher/Desktop/FYP_Data/Replay_5s_DOGE/January/2026-01-26_steps_5s.parquet,12098,4320,-9.500776524739145e-05,9992989.97999999,0.12244907073791508,0.12248,139.6386130500067,2007010.0200000172,0.8327491649999991,0.0,1.0,0.9500776524739188,DOGE_S2B1_lr0.0003_clip0.2_ent0.01_ep4_bs16_cl32_gamma0.999_lam0.95_seed1_H4320_Q3e+06_pov0.1_fee0,checkpoints/DOGE/DOGE_S2B1_lr0.0003_clip0.2_ent0.01_ep4_bs16_cl32_gamma0.999_lam0.95_seed1_H4320_Q3e+06_pov0.1_fee0/best.weights.h5,10
DOGE,doge_q1p2e+07,12000000.0,4320,3500.0,0.1,buy,DOGE_PPO_1,2026-01-27_steps_5s.parquet,/Users/jackfletcher/Desktop/FYP_Data/Replay_5s_DOGE/January/2026-01-27_steps_5s.parquet,868,4320,-0.00010028395449268833,11845528.419999992,0.12270310573304047,0.12204999999999999,146.87587974998965,154471.5799999981,0.9871273683333327,0.0,1.0,1.0028395449268719,DOGE_S2B1_lr0.0003_clip0.2_ent0.01_ep4_bs16_cl32_gamma0.999_lam0.95_seed1_H4320_Q3e+06_pov0.1_fee0,checkpoints/DOGE/DOGE_S2B1_lr0.0003_clip0.2_ent0.01_ep4_bs16_cl32_gamma0.999_lam0.95_seed1_H4320_Q3e+06_pov0.1_fee0/best.weights.h5,11
DOGE,doge_q1p2e+07,12000000.0,4320,3500.0,0.1,buy,DOGE_PPO_1,2026-01-28_steps_5s.parquet,/Users/jackfletcher/Desktop/FYP_Data/Replay_5s_DOGE/January/2026-01-28_steps_5s.parquet,5122,4320,-9.081747523571364e-05,9726788.729999997,0.12626463259050374,0.125685,136.97273250000845,2273211.2699999474,0.8105657274999998,0.0,1.0,0.9081747523571392,DOGE_S2B1_lr0.0003_clip0.2_ent0.01_ep4_bs16_cl32_gamma0.999_lam0.95_seed1_H4320_Q3e+06_pov0.1_fee0,checkpoints/DOGE/DOGE_S2B1_lr0.0003_clip0.2_ent0.01_ep4_bs16_cl32_gamma0.999_lam0.95_seed1_H4320_Q3e+06_pov0.1_fee0/best.weights.h5,12
DOGE,doge_q1p2e+07,12000000.0,4320,3500.0,0.1,buy,DOGE_PPO_1,2026-01-20_steps_5s.parquet,/Users/jackfletcher/Desktop/FYP_Data/Replay_5s_DOGE/January/2026-01-20_steps_5s.parquet,2352,4320,-6.895220971556883e-05,8258444.560000026,0.12733479789787405,0.12826500000000002,106.12986215000991,3741555.440000004,0.6882037133333355,0.0,1.0,0.6895220971556926,DOGE_S2B1_lr0.0003_clip0.2_ent0.01_ep4_bs16_cl32_gamma0.999_lam0.95_seed1_H4320_Q3e+06_pov0.1_fee0,checkpoints/DOGE/DOGE_S2B1_lr0.0003_clip0.2_ent0.01_ep4_bs16_cl32_gamma0.999_lam0.95_seed1_H4320_Q3e+06_pov0.1_fee0/best.weights.h5,13
DOGE,doge_q1p2e+07,12000000.0,4320,3500.0,0.1,buy,DOGE_PPO_1,2026-01-20_steps_5s.parquet,/Users/jackfletcher/Desktop/FYP_Data/Replay_5s_DOGE/January/2026-01-20_steps_5s.parquet,1029,4320,-6.662057576227775e-05,9287853.230000008,0.12795435173040468,0.128945,103.08468170000323,2712146.7700000224,0.7739877691666673,0.0,1.0,0.6662057576227799,DOGE_S2B1_lr0.0003_clip0.2_ent0.01_ep4_bs16_cl32_gamma0.999_lam0.95_seed1_H4320_Q3e+06_pov0.1_fee0,checkpoints/DOGE/DOGE_S2B1_lr0.0003_clip0.2_ent0.01_ep4_bs16_cl32_gamma0.999_lam0.95_seed1_H4320_Q3e+06_pov0.1_fee0/best.weights.h5,14
DOGE,doge_q1p2e+07,12000000.0,4320,3500.0,0.1,buy,DOGE_PPO_1,2026-01-15_steps_5s.parquet,/Users/jackfletcher/Desktop/FYP_Data/Replay_5s_DOGE/January/2026-01-15_steps_5s.parquet,6645,4320,-6.772689808854671e-05,8790617.17999999,0.1440187830420687,0.14369500000000002,116.78419945000483,3209382.8199999644,0.7325514316666659,0.0,1.0,0.6772689808854683,DOGE_S2B1_lr0.0003_clip0.2_ent0.01_ep4_bs16_cl32_gamma0.999_lam0.95_seed1_H4320_Q3e+06_pov0.1_fee0,checkpoints/DOGE/DOGE_S2B1_lr0.0003_clip0.2_ent0.01_ep4_bs16_cl32_gamma0.999_lam0.95_seed1_H4320_Q3e+06_pov0.1_fee0/best.weights.h5,15
DOGE,doge_q1p2e+07,12000000.0,4320,3500.0,0.1,buy,DOGE_PPO_1,2026-01-12_steps_5s.parquet,/Users/jackfletcher/Desktop/FYP_Data/Replay_5s_DOGE/January/2026-01-12_steps_5s.parquet,6855,4320,-7.223969818405501e-05,8162190.309999993,0.13663226781997204,0.13693499999999997,118.70571685000246,3837809.690000003,0.6801825258333327,0.0,1.0,0.7223969818405477,DOGE_S2B1_lr0.0003_clip0.2_ent0.01_ep4_bs16_cl32_gamma0.999_lam0.95_seed1_H4320_Q3e+06_pov0.1_fee0,checkpoints/DOGE/DOGE_S2B1_lr0.0003_clip0.2_ent0.01_ep4_bs16_cl32_gamma0.999_lam0.95_seed1_H4320_Q3e+06_pov0.1_fee0/best.weights.h5,16
DOGE,doge_q1p2e+07,12000000.0,4320,3500.0,0.1,buy,DOGE_PPO_1,2026-01-12_steps_5s.parquet,/Users/jackfletcher/Desktop/FYP_Data/Replay_5s_DOGE/January/2026-01-12_steps_5s.parquet,12043,4320,-8.04722116005446e-05,8847118.649999999,0.1377334702459767,0.13939000000000001,134.60425890000042,3152881.3500000564,0.7372598874999998,0.0,1.0,0.8047221160054546,DOGE_S2B1_lr0.0003_clip0.2_ent0.01_ep4_bs16_cl32_gamma0.999_lam0.95_seed1_H4320_Q3e+06_pov0.1_fee0,checkpoints/DOGE/DOGE_S2B1_lr0.0003_clip0.2_ent0.01_ep4_bs16_cl32_gamma0.999_lam0.95_seed1_H4320_Q3e+06_pov0.1_fee0/best.weights.h5,17
DOGE,doge_q1p2e+07,12000000.0,4320,3500.0,0.1,buy,DOGE_PPO_1,2026-01-30_steps_5s.parquet,/Users/jackfletcher/Desktop/FYP_Data/Replay_5s_DOGE/January/2026-01-30_steps_5s.parquet,6817,4320,-0.00012620546908933563,9484153.259999981,0.11459238237112865,0.11358,172.01300614999985,2515846.740000018,0.7903461049999985,0.0,1.0,1.2620546908933485,DOGE_S2B1_lr0.0003_clip0.2_ent0.01_ep4_bs16_cl32_gamma0.999_lam0.95_seed1_H4320_Q3e+06_pov0.1_fee0,checkpoints/DOGE/DOGE_S2B1_lr0.0003_clip0.2_ent0.01_ep4_bs16_cl32_gamma0.999_lam0.95_seed1_H4320_Q3e+06_pov0.1_fee0/best.weights.h5,18
DOGE,doge_q1p2e+07,12000000.0,4320,3500.0,0.1,buy,DOGE_PPO_1,2026-01-16_steps_5s.parquet,/Users/jackfletcher/Desktop/FYP_Data/Replay_5s_DOGE/January/2026-01-16_steps_5s.parquet,6796,4320,-5.0361550164131335e-05,9303719.630000012,0.13835925697122517,0.139625,84.38077730000275,2696280.369999991,0.7753099691666676,0.0,1.0,0.5036155016413175,DOGE_S2B1_lr0.0003_clip0.2_ent0.01_ep4_bs16_cl32_gamma0.999_lam0.95_seed1_H4320_Q3e+06_pov0.1_fee0,checkpoints/DOGE/DOGE_S2B1_lr0.0003_clip0.2_ent0.01_ep4_bs16_cl32_gamma0.999_lam0.95_seed1_H4320_Q3e+06_pov0.1_fee0/best.weights.h5,19
DOGE,doge_q1p2e+07,12000000.0,4320,3500.0,0.1,buy,DOGE_PPO_1,2026-01-23_steps_5s.parquet,/Users/jackfletcher/Desktop/FYP_Data/Replay_5s_DOGE/January/2026-01-23_steps_5s.parquet,4529,4320,-0.00010682323327902136,10924376.080000002,0.12510012481283045,0.12576500000000002,161.21548720003335,1075623.9199999776,0.9103646733333335,0.0,1.0,1.0682323327902128,DOGE_S2B1_lr0.0003_clip0.2_ent0.01_ep4_bs16_cl32_gamma0.999_lam0.95_seed1_H4320_Q3e+06_pov0.1_fee0,checkpoints/DOGE/DOGE_S2B1_lr0.0003_clip0.2_ent0.01_ep4_bs16_cl32_gamma0.999_lam0.95_seed1_H4320_Q3e+06_pov0.1_fee0/best.weights.h5,20
DOGE,doge_q1p2e+07,12000000.0,4320,3500.0,0.1,buy,DOGE_PPO_1,2026-01-19_steps_5s.parquet,/Users/jackfletcher/Desktop/FYP_Data/Replay_5s_DOGE/January/2026-01-19_steps_5s.parquet,7727,4320,-7.518361922380419e-05,9782633.250000004,0.128063918998088,0.127715,115.22491115001783,2217366.749999999,0.8152194375000004,0.0,1.0,0.7518361922380419,DOGE_S2B1_lr0.0003_clip0.2_ent0.01_ep4_bs16_cl32_gamma0.999_lam0.95_seed1_H4320_Q3e+06_pov0.1_fee0,checkpoints/DOGE/DOGE_S2B1_lr0.0003_clip0.2_ent0.01_ep4_bs16_cl32_gamma0.999_lam0.95_seed1_H4320_Q3e+06_pov0.1_fee0/best.weights.h5,21
DOGE,doge_q1p2e+07,12000000.0,4320,3500.0,0.1,buy,DOGE_PPO_1,2026-01-08_steps_5s.parquet,/Users/jackfletcher/Desktop/FYP_Data/Replay_5s_DOGE/January/2026-01-08_steps_5s.parquet,4699,4320,-5.6547729654463734e-05,6939391.519999996,0.14260069184332463,0.14393,97.66697675000313,5060608.479999993,0.5782826266666663,0.0,1.0,0.5654772965446347,DOGE_S2B1_lr0.0003_clip0.2_ent0.01_ep4_bs16_cl32_gamma0.999_lam0.95_seed1_H4320_Q3e+06_pov0.1_fee0,checkpoints/DOGE/DOGE_S2B1_lr0.0003_clip0.2_ent0.01_ep4_bs16_cl32_gamma0.999_lam0.95_seed1_H4320_Q3e+06_pov0.1_fee0/best.weights.h5,22
DOGE,doge_q1p2e+07,12000000.0,4320,3500.0,0.1,buy,DOGE_PPO_1,2026-01-22_steps_5s.parquet,/Users/jackfletcher/Desktop/FYP_Data/Replay_5s_DOGE/January/2026-01-22_steps_5s.parquet,2162,4320,-8.104332966270222e-05,10285602.529999977,0.12681115243607471,0.127135,123.6413246000114,1714397.4699999676,0.8571335441666648,0.0,1.0,0.8104332966270199,DOGE_S2B1_lr0.0003_clip0.2_ent0.01_ep4_bs16_cl32_gamma0.999_lam0.95_seed1_H4320_Q3e+06_pov0.1_fee0,checkpoints/DOGE/DOGE_S2B1_lr0.0003_clip0.2_ent0.01_ep4_bs16_cl32_gamma0.999_lam0.95_seed1_H4320_Q3e+06_pov0.1_fee0/best.weights.h5,23
DOGE,doge_q1p2e+07,12000000.0,4320,3500.0,0.1,buy,DOGE_PPO_1,2026-01-24_steps_5s.parquet,/Users/jackfletcher/Desktop/FYP_Data/Replay_5s_DOGE/January/2026-01-24_steps_5s.parquet,7883,4320,-9.058371258264823e-05,12000000.000000013,0.12426074600218394,0.124775,135.63099284999998,0.0,1.000000000000001,1.0,1.0,0.9058371258264877,DOGE_S2B1_lr0.0003_clip0.2_ent0.01_ep4_bs16_cl32_gamma0.999_lam0.95_seed1_H4320_Q3e+06_pov0.1_fee0,checkpoints/DOGE/DOGE_S2B1_lr0.0003_clip0.2_ent0.01_ep4_bs16_cl32_gamma0.999_lam0.95_seed1_H4320_Q3e+06_pov0.1_fee0/best.weights.h5,24
DOGE,doge_q1p2e+07,12000000.0,4320,3500.0,0.1,buy,DOGE_PPO_1,2026-01-09_steps_5s.parquet,/Users/jackfletcher/Desktop/FYP_Data/Replay_5s_DOGE/January/2026-01-09_steps_5s.parquet,8497,4320,-5.667839757532706e-05,7112443.789999999,0.14101355517250408,0.140225,95.37273960000209,4887556.210000011,0.5927036491666666,0.0,1.0,0.5667839757532662,DOGE_S2B1_lr0.0003_clip0.2_ent0.01_ep4_bs16_cl32_gamma0.999_lam0.95_seed1_H4320_Q3e+06_pov0.1_fee0,checkpoints/DOGE/DOGE_S2B1_lr0.0003_clip0.2_ent0.01_ep4_bs16_cl32_gamma0.999_lam0.95_seed1_H4320_Q3e+06_pov0.1_fee0/best.weights.h5,25
DOGE,doge_q1p2e+07,12000000.0,4320,3500.0,0.1,buy,DOGE_PPO_1,2026-01-19_steps_5s.parquet,/Users/jackfletcher/Desktop/FYP_Data/Replay_5s_DOGE/January/2026-01-19_steps_5s.parquet,7418,4320,-7.501567686515117e-05,9878647.169999985,0.12800176682117542,0.127715,114.9675260499931,2121352.830000005,0.8232205974999988,0.0,1.0,0.7501567686515098,DOGE_S2B1_lr0.0003_clip0.2_ent0.01_ep4_bs16_cl32_gamma0.999_lam0.95_seed1_H4320_Q3e+06_pov0.1_fee0,checkpoints/DOGE/DOGE_S2B1_lr0.0003_clip0.2_ent0.01_ep4_bs16_cl32_gamma0.999_lam0.95_seed1_H4320_Q3e+06_pov0.1_fee0/best.weights.h5,26
DOGE,doge_q1p2e+07,12000000.0,4320,3500.0,0.1,buy,DOGE_PPO_1,2026-01-10_steps_5s.parquet,/Users/jackfletcher/Desktop/FYP_Data/Replay_5s_DOGE/January/2026-01-10_steps_5s.parquet,6750,4320,-6.773927002514665e-05,11098988.389999991,0.14010632085296756,0.139845,113.67597859999879,901011.6100000166,0.9249156991666659,0.0,1.0,0.6773927002514616,DOGE_S2B1_lr0.0003_clip0.2_ent0.01_ep4_bs16_cl32_gamma0.999_lam0.95_seed1_H4320_Q3e+06_pov0.1_fee0,checkpoints/DOGE/DOGE_S2B1_lr0.0003_clip0.2_ent0.01_ep4_bs16_cl32_gamma0.999_lam0.95_seed1_H4320_Q3e+06_pov0.1_fee0/best.weights.h5,27
DOGE,doge_q1p2e+07,12000000.0,4320,3500.0,0.1,buy,DOGE_PPO_1,2026-01-25_steps_5s.parquet,/Users/jackfletcher/Desktop/FYP_Data/Replay_5s_DOGE/January/2026-01-25_steps_5s.parquet,10256,4320,-7.347027679359324e-05,7677216.699999978,0.12093562365233275,0.122775,108.24375880000076,4322783.300000045,0.6397680583333315,0.0,1.0,0.7347027679359314,DOGE_S2B1_lr0.0003_clip0.2_ent0.01_ep4_bs16_cl32_gamma0.999_lam0.95_seed1_H4320_Q3e+06_pov0.1_fee0,checkpoints/DOGE/DOGE_S2B1_lr0.0003_clip0.2_ent0.01_ep4_bs16_cl32_gamma0.999_lam0.95_seed1_H4320_Q3e+06_pov0.1_fee0/best.weights.h5,28
DOGE,doge_q1p2e+07,12000000.0,4320,3500.0,0.1,buy,DOGE_PPO_1,2026-01-10_steps_5s.parquet,/Users/jackfletcher/Desktop/FYP_Data/Replay_5s_DOGE/January/2026-01-10_steps_5s.parquet,11247,4320,-6.352274000857329e-05,11522377.990000008,0.14006884371828335,0.139995,106.71439184999775,477622.00999999256,0.960198165833334,0.0,1.0,0.635227400085704,DOGE_S2B1_lr0.0003_clip0.2_ent0.01_ep4_bs16_cl32_gamma0.999_lam0.95_seed1_H4320_Q3e+06_pov0.1_fee0,checkpoints/DOGE/DOGE_S2B1_lr0.0003_clip0.2_ent0.01_ep4_bs16_cl32_gamma0.999_lam0.95_seed1_H4320_Q3e+06_pov0.1_fee0/best.weights.h5,29
DOGE,doge_q1p2e+07,12000000.0,4320,3500.0,0.1,buy,DOGE_PPO_1,2026-01-10_steps_5s.parquet,/Users/jackfletcher/Desktop/FYP_Data/Replay_5s_DOGE/January/2026-01-10_steps_5s.parquet,3162,4320,-6.0635605102376827e-05,10496056.959999988,0.14008254977577825,0.139935,101.82052080001151,1503943.0400000066,0.8746714133333323,0.0,1.0,0.6063560510237581,DOGE_S2B1_lr0.0003_clip0.2_ent0.01_ep4_bs16_cl32_gamma0.999_lam0.95_seed1_H4320_Q3e+06_pov0.1_fee0,checkpoints/DOGE/DOGE_S2B1_lr0.0003_clip0.2_ent0.01_ep4_bs16_cl32_gamma0.999_lam0.95_seed1_H4320_Q3e+06_pov0.1_fee0/best.weights.h5,30
DOGE,doge_q1p2e+07,12000000.0,4320,3500.0,0.1,buy,DOGE_PPO_1,2026-01-20_steps_5s.parquet,/Users/jackfletcher/Desktop/FYP_Data/Replay_5s_DOGE/January/2026-01-20_steps_5s.parquet,570,4320,-6.440437384470174e-05,9426261.989999998,0.12810127148586709,0.128935,99.64773529999923,2573738.0100000096,0.7855218324999999,0.0,1.0,0.6440437384470161,DOGE_S2B1_lr0.0003_clip0.2_ent0.01_ep4_bs16_cl32_gamma0.999_lam0.95_seed1_H4320_Q3e+06_pov0.1_fee0,checkpoints/DOGE/DOGE_S2B1_lr0.0003_clip0.2_ent0.01_ep4_bs16_cl32_gamma0.999_lam0.95_seed1_H4320_Q3e+06_pov0.1_fee0/best.weights.h5,31
DOGE,doge_q1p2e+07,12000000.0,4320,3500.0,0.1,buy,DOGE_PPO_1,2026-01-08_steps_5s.parquet,/Users/jackfletcher/Desktop/FYP_Data/Replay_5s_DOGE/January/2026-01-08_steps_5s.parquet,10832,4320,-5.783775687223581e-05,6167645.700000005,0.1419559159401132,0.13945000000000002,96.78570234999867,5832354.300000041,0.5139704750000004,0.0,1.0,0.5783775687223537,DOGE_S2B1_lr0.0003_clip0.2_ent0.01_ep4_bs16_cl32_gamma0.999_lam0.95_seed1_H4320_Q3e+06_pov0.1_fee0,checkpoints/DOGE/DOGE_S2B1_lr0.0003_clip0.2_ent0.01_ep4_bs16_cl32_gamma0.999_lam0.95_seed1_H4320_Q3e+06_pov0.1_fee0/best.weights.h5,32
DOGE,doge_q1p2e+07,12000000.0,4320,3500.0,0.1,buy,DOGE_PPO_1,2026-01-11_steps_5s.parquet,/Users/jackfletcher/Desktop/FYP_Data/Replay_5s_DOGE/January/2026-01-11_steps_5s.parquet,2359,4320,-7.267571852105551e-05,10440891.72999999,0.13949867133148616,0.138995,121.21873795001147,1559108.2699999805,0.8700743108333324,0.0,1.0,0.726757185210568,DOGE_S2B1_lr0.0003_clip0.2_ent0.01_ep4_bs16_cl32_gamma0.999_lam0.95_seed1_H4320_Q3e+06_pov0.1_fee0,checkpoints/DOGE/DOGE_S2B1_lr0.0003_clip0.2_ent0.01_ep4_bs16_cl32_gamma0.999_lam0.95_seed1_H4320_Q3e+06_pov0.1_fee0/best.weights.h5,33
DOGE,doge_q1p2e+07,12000000.0,4320,3500.0,0.1,buy,DOGE_PPO_1,2026-01-28_steps_5s.parquet,/Users/jackfletcher/Desktop/FYP_Data/Replay_5s_DOGE/January/2026-01-28_steps_5s.parquet,9171,4320,-7.90171341229962e-05,8492451.720000008,0.1251677423538888,0.126215,119.67777100000706,3507548.2800000245,0.7077043100000007,0.0,1.0,0.7901713412299585,DOGE_S2B1_lr0.0003_clip0.2_ent0.01_ep4_bs16_cl32_gamma0.999_lam0.95_seed1_H4320_Q3e+06_pov0.1_fee0,checkpoints/DOGE/DOGE_S2B1_lr0.0003_clip0.2_ent0.01_ep4_bs16_cl32_gamma0.999_lam0.95_seed1_H4320_Q3e+06_pov0.1_fee0/best.weights.h5,34
DOGE,doge_q1p2e+07,12000000.0,4320,3500.0,0.1,buy,DOGE_PPO_1,2026-01-30_steps_5s.parquet,/Users/jackfletcher/Desktop/FYP_Data/Replay_5s_DOGE/January/2026-01-30_steps_5s.parquet,10067,4320,-9.30741116788315e-05,7357504.639999989,0.11633243294223768,0.114495,127.87824500001403,4642495.359999998,0.6131253866666658,0.0,1.0,0.9307411167883171,DOGE_S2B1_lr0.0003_clip0.2_ent0.01_ep4_bs16_cl32_gamma0.999_lam0.95_seed1_H4320_Q3e+06_pov0.1_fee0,checkpoints/DOGE/DOGE_S2B1_lr0.0003_clip0.2_ent0.01_ep4_bs16_cl32_gamma0.999_lam0.95_seed1_H4320_Q3e+06_pov0.1_fee0/best.weights.h5,35
DOGE,doge_q1p2e+07,12000000.0,4320,3500.0,0.1,buy,DOGE_PPO_1,2026-01-29_steps_5s.parquet,/Users/jackfletcher/Desktop/FYP_Data/Replay_5s_DOGE/January/2026-01-29_steps_5s.parquet,5113,4320,-6.163677933456562e-05,9799802.830000013,0.12146266620843822,0.122225,90.40266425000607,2200197.16999998,0.8166502358333344,0.0,1.0,0.6163677933456472,DOGE_S2B1_lr0.0003_clip0.2_ent0.01_ep4_bs16_cl32_gamma0.999_lam0.95_seed1_H4320_Q3e+06_pov0.1_fee0,checkpoints/DOGE/DOGE_S2B1_lr0.0003_clip0.2_ent0.01_ep4_bs16_cl32_gamma0.999_lam0.95_seed1_H4320_Q3e+06_pov0.1_fee0/best.weights.h5,36
DOGE,doge_q1p2e+07,12000000.0,4320,3500.0,0.1,buy,DOGE_PPO_1,2026-01-18_steps_5s.parquet,/Users/jackfletcher/Desktop/FYP_Data/Replay_5s_DOGE/January/2026-01-18_steps_5s.parquet,9752,4320,-7.661581117654432e-05,10607626.82999999,0.13705381088608634,0.136715,125.69436750001125,1392373.1700000097,0.8839689024999993,0.0,1.0,0.7661581117654198,DOGE_S2B1_lr0.0003_clip0.2_ent0.01_ep4_bs16_cl32_gamma0.999_lam0.95_seed1_H4320_Q3e+06_pov0.1_fee0,checkpoints/DOGE/DOGE_S2B1_lr0.0003_clip0.2_ent0.01_ep4_bs16_cl32_gamma0.999_lam0.95_seed1_H4320_Q3e+06_pov0.1_fee0/best.weights.h5,37
DOGE,doge_q1p2e+07,12000000.0,4320,3500.0,0.1,buy,DOGE_PPO_1,2026-01-17_steps_5s.parquet,/Users/jackfletcher/Desktop/FYP_Data/Replay_5s_DOGE/January/2026-01-17_steps_5s.parquet,6273,4320,-7.553158973518875e-05,11089445.61999999,0.1376987385138476,0.13746,124.59086789998912,910554.3800000092,0.9241204683333325,0.0,1.0,0.755315897351891,DOGE_S2B1_lr0.0003_clip0.2_ent0.01_ep4_bs16_cl32_gamma0.999_lam0.95_seed1_H4320_Q3e+06_pov0.1_fee0,checkpoints/DOGE/DOGE_S2B1_lr0.0003_clip0.2_ent0.01_ep4_bs16_cl32_gamma0.999_lam0.95_seed1_H4320_Q3e+06_pov0.1_fee0/best.weights.h5,38
DOGE,doge_q1p2e+07,12000000.0,4320,3500.0,0.1,buy,DOGE_PPO_1,2026-01-11_steps_5s.parquet,/Users/jackfletcher/Desktop/FYP_Data/Replay_5s_DOGE/January/2026-01-11_steps_5s.parquet,10131,4320,-7.917486781199707e-05,9891683.009999994,0.13893261211002952,0.140425,133.4175697499948,2108316.9899999932,0.8243069174999995,0.0,1.0,0.7917486781199621,DOGE_S2B1_lr0.0003_clip0.2_ent0.01_ep4_bs16_cl32_gamma0.999_lam0.95_seed1_H4320_Q3e+06_pov0.1_fee0,checkpoints/DOGE/DOGE_S2B1_lr0.0003_clip0.2_ent0.01_ep4_bs16_cl32_gamma0.999_lam0.95_seed1_H4320_Q3e+06_pov0.1_fee0/best.weights.h5,39
DOGE,doge_q1p2e+07,12000000.0,4320,3500.0,0.1,buy,DOGE_PPO_1,2026-01-25_steps_5s.parquet,/Users/jackfletcher/Desktop/FYP_Data/Replay_5s_DOGE/January/2026-01-25_steps_5s.parquet,5408,4320,-9.685608919346595e-05,11323582.120000022,0.12313916587555915,0.12293499999999999,142.8840398999845,676417.8800000199,0.9436318433333352,0.0,1.0,0.9685608919346573,DOGE_S2B1_lr0.0003_clip0.2_ent0.01_ep4_bs16_cl32_gamma0.999_lam0.95_seed1_H4320_Q3e+06_pov0.1_fee0,checkpoints/DOGE/DOGE_S2B1_lr0.0003_clip0.2_ent0.01_ep4_bs16_cl32_gamma0.999_lam0.95_seed1_H4320_Q3e+06_pov0.1_fee0/best.weights.h5,40
DOGE,doge_q1p2e+07,12000000.0,4320,3500.0,0.1,buy,DOGE_PPO_1,2026-01-28_steps_5s.parquet,/Users/jackfletcher/Desktop/FYP_Data/Replay_5s_DOGE/January/2026-01-28_steps_5s.parquet,12380,4320,-0.00011085393523159439,9744832.820000011,0.12512820106247902,0.12467500000000001,165.84857249998822,2255167.18,0.8120694016666676,0.0,1.0,1.108539352315943,DOGE_S2B1_lr0.0003_clip0.2_ent0.01_ep4_bs16_cl32_gamma0.999_lam0.95_seed1_H4320_Q3e+06_pov0.1_fee0,checkpoints/DOGE/DOGE_S2B1_lr0.0003_clip0.2_ent0.01_ep4_bs16_cl32_gamma0.999_lam0.95_seed1_H4320_Q3e+06_pov0.1_fee0/best.weights.h5,41
DOGE,doge_q1p2e+07,12000000.0,4320,3500.0,0.1,buy,DOGE_PPO_1,2026-01-30_steps_5s.parquet,/Users/jackfletcher/Desktop/FYP_Data/Replay_5s_DOGE/January/2026-01-30_steps_5s.parquet,9517,4320,-9.966716934732968e-05,7793655.590000008,0.11586791606662461,0.11471,137.19385194998594,4206344.409999988,0.6494712991666673,0.0,1.0,0.9966716934732944,DOGE_S2B1_lr0.0003_clip0.2_ent0.01_ep4_bs16_cl32_gamma0.999_lam0.95_seed1_H4320_Q3e+06_pov0.1_fee0,checkpoints/DOGE/DOGE_S2B1_lr0.0003_clip0.2_ent0.01_ep4_bs16_cl32_gamma0.999_lam0.95_seed1_H4320_Q3e+06_pov0.1_fee0/best.weights.h5,42
DOGE,doge_q1p2e+07,12000000.0,4320,3500.0,0.1,buy,DOGE_PPO_1,2026-01-19_steps_5s.parquet,/Users/jackfletcher/Desktop/FYP_Data/Replay_5s_DOGE/January/2026-01-19_steps_5s.parquet,8156,4320,-7.439987966552615e-05,9542693.21000002,0.1281986734814772,0.127665,113.97912764999381,2457306.790000004,0.7952244341666683,0.0,1.0,0.7439987966552685,DOGE_S2B1_lr0.0003_clip0.2_ent0.01_ep4_bs16_cl32_gamma0.999_lam0.95_seed1_H4320_Q3e+06_pov0.1_fee0,checkpoints/DOGE/DOGE_S2B1_lr0.0003_clip0.2_ent0.01_ep4_bs16_cl32_gamma0.999_lam0.95_seed1_H4320_Q3e+06_pov0.1_fee0/best.weights.h5,43
DOGE,doge_q1p2e+07,12000000.0,4320,3500.0,0.1,buy,DOGE_PPO_1,2026-01-22_steps_5s.parquet,/Users/jackfletcher/Desktop/FYP_Data/Replay_5s_DOGE/January/2026-01-22_steps_5s.parquet,3356,4320,-6.41310717840917e-05,9718479.229999974,0.12672544611823053,0.127245,97.92429874999999,2281520.7700000214,0.8098732691666646,0.0,1.0,0.6413107178409105,DOGE_S2B1_lr0.0003_clip0.2_ent0.01_ep4_bs16_cl32_gamma0.999_lam0.95_seed1_H4320_Q3e+06_pov0.1_fee0,checkpoints/DOGE/DOGE_S2B1_lr0.0003_clip0.2_ent0.01_ep4_bs16_cl32_gamma0.999_lam0.95_seed1_H4320_Q3e+06_pov0.1_fee0/best.weights.h5,44
DOGE,doge_q1p2e+07,12000000.0,4320,3500.0,0.1,buy,DOGE_PPO_1,2026-01-21_steps_5s.parquet,/Users/jackfletcher/Desktop/FYP_Data/Replay_5s_DOGE/January/2026-01-21_steps_5s.parquet,4881,4320,-8.024349773740804e-05,8999717.23999998,0.12426104108619798,0.125225,120.581904050005,3000282.7600000543,0.749976436666665,0.0,1.0,0.8024349773740933,DOGE_S2B1_lr0.0003_clip0.2_ent0.01_ep4_bs16_cl32_gamma0.999_lam0.95_seed1_H4320_Q3e+06_pov0.1_fee0,checkpoints/DOGE/DOGE_S2B1_lr0.0003_clip0.2_ent0.01_ep4_bs16_cl32_gamma0.999_lam0.95_seed1_H4320_Q3e+06_pov0.1_fee0/best.weights.h5,45
DOGE,doge_q1p2e+07,12000000.0,4320,3500.0,0.1,buy,DOGE_PPO_1,2026-01-30_steps_5s.parquet,/Users/jackfletcher/Desktop/FYP_Data/Replay_5s_DOGE/January/2026-01-30_steps_5s.parquet,2452,4320,-8.363272239153986e-05,8572053.769999998,0.11434333013327544,0.11485000000000001,115.26261800001994,3427946.2299999874,0.7143378141666665,0.0,1.0,0.8363272239153965,DOGE_S2B1_lr0.0003_clip0.2_ent0.01_ep4_bs16_cl32_gamma0.999_lam0.95_seed1_H4320_Q3e+06_pov0.1_fee0,checkpoints/DOGE/DOGE_S2B1_lr0.0003_clip0.2_ent0.01_ep4_bs16_cl32_gamma0.999_lam0.95_seed1_H4320_Q3e+06_pov0.1_fee0/best.weights.h5,46
DOGE,doge_q1p2e+07,12000000.0,4320,3500.0,0.1,buy,DOGE_PPO_1,2026-01-18_steps_5s.parquet,/Users/jackfletcher/Desktop/FYP_Data/Replay_5s_DOGE/January/2026-01-18_steps_5s.parquet,8667,4320,-9.718269969488425e-05,10847443.010000017,0.13697562195970459,0.137105,159.89080850000175,1152556.9899999676,0.903953584166668,0.0,1.0,0.9718269969488211,DOGE_S2B1_lr0.0003_clip0.2_ent0.01_ep4_bs16_cl32_gamma0.999_lam0.95_seed1_H4320_Q3e+06_pov0.1_fee0,checkpoints/DOGE/DOGE_S2B1_lr0.0003_clip0.2_ent0.01_ep4_bs16_cl32_gamma0.999_lam0.95_seed1_H4320_Q3e+06_pov0.1_fee0/best.weights.h5,47
DOGE,doge_q1p2e+07,12000000.0,4320,3500.0,0.1,buy,DOGE_PPO_1,2026-01-28_steps_5s.parquet,/Users/jackfletcher/Desktop/FYP_Data/Replay_5s_DOGE/January/2026-01-28_steps_5s.parquet,12724,4320,-0.00011161235895532841,9914044.250000022,0.12517669253275746,0.124665,166.9698567499929,2085955.749999988,0.8261703541666685,0.0,1.0,1.1161235895532888,DOGE_S2B1_lr0.0003_clip0.2_ent0.01_ep4_bs16_cl32_gamma0.999_lam0.95_seed1_H4320_Q3e+06_pov0.1_fee0,checkpoints/DOGE/DOGE_S2B1_lr0.0003_clip0.2_ent0.01_ep4_bs16_cl32_gamma0.999_lam0.95_seed1_H4320_Q3e+06_pov0.1_fee0/best.weights.h5,48
DOGE,doge_q1p2e+07,12000000.0,4320,3500.0,0.1,buy,DOGE_PPO_1,2026-01-29_steps_5s.parquet,/Users/jackfletcher/Desktop/FYP_Data/Replay_5s_DOGE/January/2026-01-29_steps_5s.parquet,11925,4320,-7.43435898930495e-05,8394778.870000003,0.11638302530105853,0.11579500000000001,103.30339189998708,3605221.1299999966,0.6995649058333335,0.0,1.0,0.7434358989304883,DOGE_S2B1_lr0.0003_clip0.2_ent0.01_ep4_bs16_cl32_gamma0.999_lam0.95_seed1_H4320_Q3e+06_pov0.1_fee0,checkpoints/DOGE/DOGE_S2B1_lr0.0003_clip0.2_ent0.01_ep4_bs16_cl32_gamma0.999_lam0.95_seed1_H4320_Q3e+06_pov0.1_fee0/best.weights.h5,49
DOGE,doge_q1p2e+07,12000000.0,4320,3500.0,0.1,buy,DOGE_PPO_1,2026-01-12_steps_5s.parquet,/Users/jackfletcher/Desktop/FYP_Data/Replay_5s_DOGE/January/2026-01-12_steps_5s.parquet,3419,4320,-5.608073957778713e-05,8272820.819999995,0.13871109744748455,0.140925,94.83813869999659,3727179.1800000453,0.6894017349999996,0.0,1.0,0.5608073957778759,DOGE_S2B1_lr0.0003_clip0.2_ent0.01_ep4_bs16_cl32_gamma0.999_lam0.95_seed1_H4320_Q3e+06_pov0.1_fee0,checkpoints/DOGE/DOGE_S2B1_lr0.0003_clip0.2_ent0.01_ep4_bs16_cl32_gamma0.999_lam0.95_seed1_H4320_Q3e+06_pov0.1_fee0/best.weights.h5,50
DOGE,doge_q1p2e+07,12000000.0,4320,3500.0,0.1,buy,DOGE_PPO_1,2026-01-30_steps_5s.parquet,/Users/jackfletcher/Desktop/FYP_Data/Replay_5s_DOGE/January/2026-01-30_steps_5s.parquet,6149,4320,-9.700114330874744e-05,9435746.219999988,0.11438183515967917,0.11388000000000001,132.5578824000016,2564253.780000009,0.786312184999999,0.0,1.0,0.9700114330874723,DOGE_S2B1_lr0.0003_clip0.2_ent0.01_ep4_bs16_cl32_gamma0.999_lam0.95_seed1_H4320_Q3e+06_pov0.1_fee0,checkpoints/DOGE/DOGE_S2B1_lr0.0003_clip0.2_ent0.01_ep4_bs16_cl32_gamma0.999_lam0.95_seed1_H4320_Q3e+06_pov0.1_fee0/best.weights.h5,51
DOGE,doge_q1p2e+07,12000000.0,4320,3500.0,0.1,buy,DOGE_PPO_1,2026-01-09_steps_5s.parquet,/Users/jackfletcher/Desktop/FYP_Data/Replay_5s_DOGE/January/2026-01-09_steps_5s.parquet,3935,4320,-5.788051417383119e-05,8721919.18,0.14169936050736257,0.142575,99.02777170000734,3278080.8200000236,0.7268265983333333,0.0,1.0,0.5788051417383093,DOGE_S2B1_lr0.0003_clip0.2_ent0.01_ep4_bs16_cl32_gamma0.999_lam0.95_seed1_H4320_Q3e+06_pov0.1_fee0,checkpoints/DOGE/DOGE_S2B1_lr0.0003_clip0.2_ent0.01_ep4_bs16_cl32_gamma0.999_lam0.95_seed1_H4320_Q3e+06_pov0.1_fee0/best.weights.h5,52
DOGE,doge_q1p2e+07,12000000.0,4320,3500.0,0.1,buy,DOGE_PPO_1,2026-01-22_steps_5s.parquet,/Users/jackfletcher/Desktop/FYP_Data/Replay_5s_DOGE/January/2026-01-22_steps_5s.parquet,12702,4320,-0.00013861888371145397,11146572.579999998,0.12440944970541819,0.12473999999999999,207.4958346500028,853427.4200000258,0.9288810483333332,0.0,1.0,1.3861888371145503,DOGE_S2B1_lr0.0003_clip0.2_ent0.01_ep4_bs16_cl32_gamma0.999_lam0.95_seed1_H4320_Q3e+06_pov0.1_fee0,checkpoints/DOGE/DOGE_S2B1_lr0.0003_clip0.2_ent0.01_ep4_bs16_cl32_gamma0.999_lam0.95_seed1_H4320_Q3e+06_pov0.1_fee0/best.weights.h5,53
DOGE,doge_q1p2e+07,12000000.0,4320,3500.0,0.1,buy,DOGE_PPO_1,2026-01-10_steps_5s.parquet,/Users/jackfletcher/Desktop/FYP_Data/Replay_5s_DOGE/January/2026-01-10_steps_5s.parquet,2486,4320,-6.285060412288649e-05,10566541.63999997,0.14006816415693504,0.140355,105.85675850000952,1433458.3600000173,0.8805451366666642,0.0,1.0,0.6285060412288455,DOGE_S2B1_lr0.0003_clip0.2_ent0.01_ep4_bs16_cl32_gamma0.999_lam0.95_seed1_H4320_Q3e+06_pov0.1_fee0,checkpoints/DOGE/DOGE_S2B1_lr0.0003_clip0.2_ent0.01_ep4_bs16_cl32_gamma0.999_lam0.95_seed1_H4320_Q3e+06_pov0.1_fee0/best.weights.h5,54
DOGE,doge_q1p2e+07,12000000.0,4320,3500.0,0.1,buy,DOGE_PPO_1,2026-01-24_steps_5s.parquet,/Users/jackfletcher/Desktop/FYP_Data/Replay_5s_DOGE/January/2026-01-24_steps_5s.parquet,368,4133,-0.00012190040353706056,11999999.999999983,0.124505256266561,0.12468499999999999,182.3898217802195,9.01307126291753e-13,0.9999999999999986,1.0,0.0,1.2190040353705975,DOGE_S2B1_lr0.0003_clip0.2_ent0.01_ep4_bs16_cl32_gamma0.999_lam0.95_seed1_H4320_Q3e+06_pov0.1_fee0,checkpoints/DOGE/DOGE_S2B1_lr0.0003_clip0.2_ent0.01_ep4_bs16_cl32_gamma0.999_lam0.95_seed1_H4320_Q3e+06_pov0.1_fee0/best.weights.h5,55
DOGE,doge_q1p2e+07,12000000.0,4320,3500.0,0.1,buy,DOGE_PPO_1,2026-01-18_steps_5s.parquet,/Users/jackfletcher/Desktop/FYP_Data/Replay_5s_DOGE/January/2026-01-18_steps_5s.parquet,10156,4320,-7.954797825584329e-05,10813870.909999989,0.13706400556109483,0.136895,130.6766458000007,1186129.0900000148,0.9011559091666658,0.0,1.0,0.7954797825584129,DOGE_S2B1_lr0.0003_clip0.2_ent0.01_ep4_bs16_cl32_gamma0.999_lam0.95_seed1_H4320_Q3e+06_pov0.1_fee0,checkpoints/DOGE/DOGE_S2B1_lr0.0003_clip0.2_ent0.01_ep4_bs16_cl32_gamma0.999_lam0.95_seed1_H4320_Q3e+06_pov0.1_fee0/best.weights.h5,56
DOGE,doge_q1p2e+07,12000000.0,4320,3500.0,0.1,buy,DOGE_PPO_1,2026-01-21_steps_5s.parquet,/Users/jackfletcher/Desktop/FYP_Data/Replay_5s_DOGE/January/2026-01-21_steps_5s.parquet,5464,4320,-7.040342520521999e-05,8698178.44999998,0.12403761869966026,0.12526500000000002,105.82902069998298,3301821.5500000417,0.7248482041666651,0.0,1.0,0.7040342520522024,DOGE_S2B1_lr0.0003_clip0.2_ent0.01_ep4_bs16_cl32_gamma0.999_lam0.95_seed1_H4320_Q3e+06_pov0.1_fee0,checkpoints/DOGE/DOGE_S2B1_lr0.0003_clip0.2_ent0.01_ep4_bs16_cl32_gamma0.999_lam0.95_seed1_H4320_Q3e+06_pov0.1_fee0/best.weights.h5,57
DOGE,doge_q1p2e+07,12000000.0,4320,3500.0,0.1,buy,DOGE_PPO_1,2026-01-26_steps_5s.parquet,/Users/jackfletcher/Desktop/FYP_Data/Replay_5s_DOGE/January/2026-01-26_steps_5s.parquet,12127,4320,-9.707848939092917e-05,10067000.889999986,0.12244997970877267,0.123165,143.48006575000537,1932999.1100000178,0.8389167408333321,0.0,1.0,0.9707848939092909,DOGE_S2B1_lr0.0003_clip0.2_ent0.01_ep4_bs16_cl32_gamma0.999_lam0.95_seed1_H4320_Q3e+06_pov0.1_fee0,checkpoints/DOGE/DOGE_S2B1_lr0.0003_clip0.2_ent0.01_ep4_bs16_cl32_gamma0.999_lam0.95_seed1_H4320_Q3e+06_pov0.1_fee0/best.weights.h5,58
DOGE,doge_q1p2e+07,12000000.0,4320,3500.0,0.1,buy,DOGE_PPO_1,2026-01-25_steps_5s.parquet,/Users/jackfletcher/Desktop/FYP_Data/Replay_5s_DOGE/January/2026-01-25_steps_5s.parquet,6235,4320,-8.965041934891763e-05,10671532.220000003,0.1230789209866992,0.12272,132.0227935499917,1328467.7800000384,0.8892943516666669,0.0,1.0,0.8965041934891873,DOGE_S2B1_lr0.0003_clip0.2_ent0.01_ep4_bs16_cl32_gamma0.999_lam0.95_seed1_H4320_Q3e+06_pov0.1_fee0,checkpoints/DOGE/DOGE_S2B1_lr0.0003_clip0.2_ent0.01_ep4_bs16_cl32_gamma0.999_lam0.95_seed1_H4320_Q3e+06_pov0.1_fee0/best.weights.h5,59
DOGE,doge_q1p2e+07,12000000.0,4320,3500.0,0.1,buy,DOGE_PPO_1,2026-01-26_steps_5s.parquet,/Users/jackfletcher/Desktop/FYP_Data/Replay_5s_DOGE/January/2026-01-26_steps_5s.parquet,11337,4320,-7.759405051002694e-05,9102191.869999988,0.12240623532038312,0.12189,113.49526580000746,2897808.129999988,0.7585159891666656,0.0,1.0,0.775940505100278,DOGE_S2B1_lr0.0003_clip0.2_ent0.01_ep4_bs16_cl32_gamma0.999_lam0.95_seed1_H4320_Q3e+06_pov0.1_fee0,checkpoints/DOGE/DOGE_S2B1_lr0.0003_clip0.2_ent0.01_ep4_bs16_cl32_gamma0.999_lam0.95_seed1_H4320_Q3e+06_pov0.1_fee0/best.weights.h5,60
DOGE,doge_q1p2e+07,12000000.0,4320,3500.0,0.1,buy,DOGE_PPO_1,2026-01-18_steps_5s.parquet,/Users/jackfletcher/Desktop/FYP_Data/Replay_5s_DOGE/January/2026-01-18_steps_5s.parquet,81,4320,-9.057424889057807e-05,11411912.490000023,0.13739403881200743,0.13783499999999999,149.81161914999333,588087.5099999807,0.9509927075000019,0.0,1.0,0.9057424889057771,DOGE_S2B1_lr0.0003_clip0.2_ent0.01_ep4_bs16_cl32_gamma0.999_lam0.95_seed1_H4320_Q3e+06_pov0.1_fee0,checkpoints/DOGE/DOGE_S2B1_lr0.0003_clip0.2_ent0.01_ep4_bs16_cl32_gamma0.999_lam0.95_seed1_H4320_Q3e+06_pov0.1_fee0/best.weights.h5,61
DOGE,doge_q1p2e+07,12000000.0,4320,3500.0,0.1,buy,DOGE_PPO_1,2026-01-20_steps_5s.parquet,/Users/jackfletcher/Desktop/FYP_Data/Replay_5s_DOGE/January/2026-01-20_steps_5s.parquet,2539,4320,-6.575981652541102e-05,8240667.150000024,0.1272053652105457,0.128015,101.01891495000541,3759332.85000001,0.686722262500002,0.0,1.0,0.6575981652541071,DOGE_S2B1_lr0.0003_clip0.2_ent0.01_ep4_bs16_cl32_gamma0.999_lam0.95_seed1_H4320_Q3e+06_pov0.1_fee0,checkpoints/DOGE/DOGE_S2B1_lr0.0003_clip0.2_ent0.01_ep4_bs16_cl32_gamma0.999_lam0.95_seed1_H4320_Q3e+06_pov0.1_fee0/best.weights.h5,62
DOGE,doge_q1p2e+07,12000000.0,4320,3500.0,0.1,buy,DOGE_PPO_1,2026-01-23_steps_5s.parquet,/Users/jackfletcher/Desktop/FYP_Data/Replay_5s_DOGE/January/2026-01-23_steps_5s.parquet,7148,4320,-0.00010388985019289828,10708173.189999988,0.12466340502649216,0.124855,155.654006950012,1291826.8100000047,0.8923477658333323,0.0,1.0,1.0388985019289843,DOGE_S2B1_lr0.0003_clip0.2_ent0.01_ep4_bs16_cl32_gamma0.999_lam0.95_seed1_H4320_Q3e+06_pov0.1_fee0,checkpoints/DOGE/DOGE_S2B1_lr0.0003_clip0.2_ent0.01_ep4_bs16_cl32_gamma0.999_lam0.95_seed1_H4320_Q3e+06_pov0.1_fee0/best.weights.h5,63
DOGE,doge_q1p2e+07,12000000.0,4320,3500.0,0.1,buy,DOGE_PPO_1,2026-01-26_steps_5s.parquet,/Users/jackfletcher/Desktop/FYP_Data/Replay_5s_DOGE/January/2026-01-26_steps_5s.parquet,4398,4320,-6.524918624586756e-05,9930979.65000001,0.12140715340790167,0.12151500000000001,95.14505840000072,2069020.350000014,0.8275816375000008,0.0,1.0,0.6524918624586863,DOGE_S2B1_lr0.0003_clip0.2_ent0.01_ep4_bs16_cl32_gamma0.999_lam0.95_seed1_H4320_Q3e+06_pov0.1_fee0,checkpoints/DOGE/DOGE_S2B1_lr0.0003_clip0.2_ent0.01_ep4_bs16_cl32_gamma0.999_lam0.95_seed1_H4320_Q3e+06_pov0.1_fee0/best.weights.h5,64
DOGE,doge_q1p2e+07,12000000.0,4320,3500.0,0.1,buy,DOGE_PPO_1,2026-01-10_steps_5s.parquet,/Users/jackfletcher/Desktop/FYP_Data/Replay_5s_DOGE/January/2026-01-10_steps_5s.parquet,4191,4320,-6.279698142342373e-05,10670121.730000006,0.1400802961439686,0.14032,105.74006920001786,1329878.2699999649,0.8891768108333339,0.0,1.0,0.6279698142342376,DOGE_S2B1_lr0.0003_clip0.2_ent0.01_ep4_bs16_cl32_gamma0.999_lam0.95_seed1_H4320_Q3e+06_pov0.1_fee0,checkpoints/DOGE/DOGE_S2B1_lr0.0003_clip0.2_ent0.01_ep4_bs16_cl32_gamma0.999_lam0.95_seed1_H4320_Q3e+06_pov0.1_fee0/best.weights.h5,65
DOGE,doge_q1p2e+07,12000000.0,4320,3500.0,0.1,buy,DOGE_PPO_1,2026-01-22_steps_5s.parquet,/Users/jackfletcher/Desktop/FYP_Data/Replay_5s_DOGE/January/2026-01-22_steps_5s.parquet,11691,4320,-0.00010650495456920723,10202023.079999993,0.12457997728678954,0.124365,158.94586409999357,1797976.9199999685,0.8501685899999993,0.0,1.0,1.065049545692073,DOGE_S2B1_lr0.0003_clip0.2_ent0.01_ep4_bs16_cl32_gamma0.999_lam0.95_seed1_H4320_Q3e+06_pov0.1_fee0,checkpoints/DOGE/DOGE_S2B1_lr0.0003_clip0.2_ent0.01_ep4_bs16_cl32_gamma0.999_lam0.95_seed1_H4320_Q3e+06_pov0.1_fee0/best.weights.h5,66
DOGE,doge_q1p2e+07,12000000.0,4320,3500.0,0.1,buy,DOGE_PPO_1,2026-01-10_steps_5s.parquet,/Users/jackfletcher/Desktop/FYP_Data/Replay_5s_DOGE/January/2026-01-10_steps_5s.parquet,3458,4320,-5.704784751241463e-05,10376082.009999998,0.14011150646520376,0.139995,95.83696095000232,1623917.9899999935,0.8646735008333332,0.0,1.0,0.5704784751241254,DOGE_S2B1_lr0.0003_clip0.2_ent0.01_ep4_bs16_cl32_gamma0.999_lam0.95_seed1_H4320_Q3e+06_pov0.1_fee0,checkpoints/DOGE/DOGE_S2B1_lr0.0003_clip0.2_ent0.01_ep4_bs16_cl32_gamma0.999_lam0.95_seed1_H4320_Q3e+06_pov0.1_fee0/best.weights.h5,67
DOGE,doge_q1p2e+07,12000000.0,4320,3500.0,0.1,buy,DOGE_PPO_1,2026-01-10_steps_5s.parquet,/Users/jackfletcher/Desktop/FYP_Data/Replay_5s_DOGE/January/2026-01-10_steps_5s.parquet,2954,4320,-5.8786452007107954e-05,10419603.01999997,0.14005601370056878,0.139795,98.61662470000623,1580396.9800000084,0.8683002516666641,0.0,1.0,0.5878645200710936,DOGE_S2B1_lr0.0003_clip0.2_ent0.01_ep4_bs16_cl32_gamma0.999_lam0.95_seed1_H4320_Q3e+06_pov0.1_fee0,checkpoints/DOGE/DOGE_S2B1_lr0.0003_clip0.2_ent0.01_ep4_bs16_cl32_gamma0.999_lam0.95_seed1_H4320_Q3e+06_pov0.1_fee0/best.weights.h5,68
DOGE,doge_q1p2e+07,12000000.0,4320,3500.0,0.1,buy,DOGE_PPO_1,2026-01-16_steps_5s.parquet,/Users/jackfletcher/Desktop/FYP_Data/Replay_5s_DOGE/January/2026-01-16_steps_5s.parquet,9149,4320,-6.350591414911102e-05,8436431.740000008,0.13717380467634735,0.13786500000000002,105.06291425000562,3563568.259999985,0.703035978333334,0.0,1.0,0.6350591414911061,DOGE_S2B1_lr0.0003_clip0.2_ent0.01_ep4_bs16_cl32_gamma0.999_lam0.95_seed1_H4320_Q3e+06_pov0.1_fee0,checkpoints/DOGE/DOGE_S2B1_lr0.0003_clip0.2_ent0.01_ep4_bs16_cl32_gamma0.999_lam0.95_seed1_H4320_Q3e+06_pov0.1_fee0/best.weights.h5,69
DOGE,doge_q1p2e+07,12000000.0,4320,3500.0,0.1,buy,DOGE_PPO_1,2026-01-14_steps_5s.parquet,/Users/jackfletcher/Desktop/FYP_Data/Replay_5s_DOGE/January/2026-01-14_steps_5s.parquet,3427,4320,-7.471524026119849e-05,8281952.960000007,0.14805761026821831,0.148675,133.29946015000493,3718047.0400000033,0.6901627466666673,0.0,1.0,0.7471524026119888,DOGE_S2B1_lr0.0003_clip0.2_ent0.01_ep4_bs16_cl32_gamma0.999_lam0.95_seed1_H4320_Q3e+06_pov0.1_fee0,checkpoints/DOGE/DOGE_S2B1_lr0.0003_clip0.2_ent0.01_ep4_bs16_cl32_gamma0.999_lam0.95_seed1_H4320_Q3e+06_pov0.1_fee0/best.weights.h5,70
DOGE,doge_q1p2e+07,12000000.0,4320,3500.0,0.1,buy,DOGE_PPO_1,2026-01-28_steps_5s.parquet,/Users/jackfletcher/Desktop/FYP_Data/Replay_5s_DOGE/January/2026-01-28_steps_5s.parquet,9645,4320,-7.942706399645315e-05,8384041.019999988,0.1249863787717133,0.12627,120.35106444998567,3615958.980000053,0.698670084999999,0.0,1.0,0.7942706399645315,DOGE_S2B1_lr0.0003_clip0.2_ent0.01_ep4_bs16_cl32_gamma0.999_lam0.95_seed1_H4320_Q3e+06_pov0.1_fee0,checkpoints/DOGE/DOGE_S2B1_lr0.0003_clip0.2_ent0.01_ep4_bs16_cl32_gamma0.999_lam0.95_seed1_H4320_Q3e+06_pov0.1_fee0/best.weights.h5,71
DOGE,doge_q1p2e+07,12000000.0,4320,3500.0,0.1,buy,DOGE_PPO_1,2026-01-21_steps_5s.parquet,/Users/jackfletcher/Desktop/FYP_Data/Replay_5s_DOGE/January/2026-01-21_steps_5s.parquet,4037,4320,-7.289535512928056e-05,9302437.509999987,0.12486801354987004,0.125635,109.89849530000612,2697562.490000047,0.7752031258333322,0.0,1.0,0.7289535512928067,DOGE_S2B1_lr0.0003_clip0.2_ent0.01_ep4_bs16_cl32_gamma0.999_lam0.95_seed1_H4320_Q3e+06_pov0.1_fee0,checkpoints/DOGE/DOGE_S2B1_lr0.0003_clip0.2_ent0.01_ep4_bs16_cl32_gamma0.999_lam0.95_seed1_H4320_Q3e+06_pov0.1_fee0/best.weights.h5,72
DOGE,doge_q1p2e+07,12000000.0,4320,3500.0,0.1,buy,DOGE_PPO_1,2026-01-23_steps_5s.parquet,/Users/jackfletcher/Desktop/FYP_Data/Replay_5s_DOGE/January/2026-01-23_steps_5s.parquet,6555,4320,-0.00010666052694457417,11164888.199999988,0.12470655608272013,0.124855,159.80520109997863,835111.8000000103,0.930407349999999,0.0,1.0,1.066605269445748,DOGE_S2B1_lr0.0003_clip0.2_ent0.01_ep4_bs16_cl32_gamma0.999_lam0.95_seed1_H4320_Q3e+06_pov0.1_fee0,checkpoints/DOGE/DOGE_S2B1_lr0.0003_clip0.2_ent0.01_ep4_bs16_cl32_gamma0.999_lam0.95_seed1_H4320_Q3e+06_pov0.1_fee0/best.weights.h5,73
DOGE,doge_q1p2e+07,12000000.0,4320,3500.0,0.1,buy,DOGE_PPO_1,2026-01-27_steps_5s.parquet,/Users/jackfletcher/Desktop/FYP_Data/Replay_5s_DOGE/January/2026-01-27_steps_5s.parquet,5373,4320,-7.787888672061306e-05,10976845.730000002,0.1221428968608633,0.12234500000000001,114.33710875000183,1023154.2700000393,0.9147371441666668,0.0,1.0,0.7787888672061373,DOGE_S2B1_lr0.0003_clip0.2_ent0.01_ep4_bs16_cl32_gamma0.999_lam0.95_seed1_H4320_Q3e+06_pov0.1_fee0,checkpoints/DOGE/DOGE_S2B1_lr0.0003_clip0.2_ent0.01_ep4_bs16_cl32_gamma0.999_lam0.95_seed1_H4320_Q3e+06_pov0.1_fee0/best.weights.h5,74
DOGE,doge_q1p2e+07,12000000.0,4320,3500.0,0.1,buy,DOGE_PPO_1,2026-01-27_steps_5s.parquet,/Users/jackfletcher/Desktop/FYP_Data/Replay_5s_DOGE/January/2026-01-27_steps_5s.parquet,1580,4320,-0.00010262468050803002,11885704.05999999,0.12267483327103805,0.12276000000000001,151.17846934998715,114295.9400000202,0.9904753383333325,0.0,1.0,1.0262468050802864,DOGE_S2B1_lr0.0003_clip0.2_ent0.01_ep4_bs16_cl32_gamma0.999_lam0.95_seed1_H4320_Q3e+06_pov0.1_fee0,checkpoints/DOGE/DOGE_S2B1_lr0.0003_clip0.2_ent0.01_ep4_bs16_cl32_gamma0.999_lam0.95_seed1_H4320_Q3e+06_pov0.1_fee0/best.weights.h5,75
DOGE,doge_q1p2e+07,12000000.0,4320,3500.0,0.1,buy,DOGE_PPO_1,2026-01-10_steps_5s.parquet,/Users/jackfletcher/Desktop/FYP_Data/Replay_5s_DOGE/January/2026-01-10_steps_5s.parquet,1378,4320,-7.316721136588501e-05,10756789.780000009,0.14014810357883528,0.140215,123.10968650000984,1243210.2199999948,0.896399148333334,0.0,1.0,0.7316721136588444,DOGE_S2B1_lr0.0003_clip0.2_ent0.01_ep4_bs16_cl32_gamma0.999_lam0.95_seed1_H4320_Q3e+06_pov0.1_fee0,checkpoints/DOGE/DOGE_S2B1_lr0.0003_clip0.2_ent0.01_ep4_bs16_cl32_gamma0.999_lam0.95_seed1_H4320_Q3e+06_pov0.1_fee0/best.weights.h5,76
DOGE,doge_q1p2e+07,12000000.0,4320,3500.0,0.1,buy,DOGE_PPO_1,2026-01-09_steps_5s.parquet,/Users/jackfletcher/Desktop/FYP_Data/Replay_5s_DOGE/January/2026-01-09_steps_5s.parquet,10394,4320,-7.576285603178239e-05,7374133.279999984,0.14102465517424193,0.13929,126.63609860000341,4625866.7199999895,0.6145111066666654,0.0,1.0,0.7576285603178226,DOGE_S2B1_lr0.0003_clip0.2_ent0.01_ep4_bs16_cl32_gamma0.999_lam0.95_seed1_H4320_Q3e+06_pov0.1_fee0,checkpoints/DOGE/DOGE_S2B1_lr0.0003_clip0.2_ent0.01_ep4_bs16_cl32_gamma0.999_lam0.95_seed1_H4320_Q3e+06_pov0.1_fee0/best.weights.h5,77
DOGE,doge_q1p2e+07,12000000.0,4320,3500.0,0.1,buy,DOGE_PPO_1,2026-01-12_steps_5s.parquet,/Users/jackfletcher/Desktop/FYP_Data/Replay_5s_DOGE/January/2026-01-12_steps_5s.parquet,9090,4320,-7.834907718551818e-05,7605200.960000007,0.13757083726078134,0.136295,128.14304970000185,4394799.040000011,0.6337667466666673,0.0,1.0,0.7834907718551785,DOGE_S2B1_lr0.0003_clip0.2_ent0.01_ep4_bs16_cl32_gamma0.999_lam0.95_seed1_H4320_Q3e+06_pov0.1_fee0,checkpoints/DOGE/DOGE_S2B1_lr0.0003_clip0.2_ent0.01_ep4_bs16_cl32_gamma0.999_lam0.95_seed1_H4320_Q3e+06_pov0.1_fee0/best.weights.h5,78
DOGE,doge_q1p2e+07,12000000.0,4320,3500.0,0.1,buy,DOGE_PPO_1,2026-01-11_steps_5s.parquet,/Users/jackfletcher/Desktop/FYP_Data/Replay_5s_DOGE/January/2026-01-11_steps_5s.parquet,4014,4320,-7.18418259183449e-05,10448158.899999999,0.13980304750767134,0.139245,120.04338059999672,1551841.0999999961,0.8706799083333332,0.0,1.0,0.718418259183434,DOGE_S2B1_lr0.0003_clip0.2_ent0.01_ep4_bs16_cl32_gamma0.999_lam0.95_seed1_H4320_Q3e+06_pov0.1_fee0,checkpoints/DOGE/DOGE_S2B1_lr0.0003_clip0.2_ent0.01_ep4_bs16_cl32_gamma0.999_lam0.95_seed1_H4320_Q3e+06_pov0.1_fee0/best.weights.h5,79
DOGE,doge_q1p2e+07,12000000.0,4320,3500.0,0.1,buy,DOGE_PPO_1,2026-01-09_steps_5s.parquet,/Users/jackfletcher/Desktop/FYP_Data/Replay_5s_DOGE/January/2026-01-09_steps_5s.parquet,10257,4320,-7.290494751434012e-05,7318352.019999986,0.14101363766558758,0.13916499999999998,121.74980424999755,4681647.979999974,0.6098626683333321,0.0,1.0,0.7290494751434003,DOGE_S2B1_lr0.0003_clip0.2_ent0.01_ep4_bs16_cl32_gamma0.999_lam0.95_seed1_H4320_Q3e+06_pov0.1_fee0,checkpoints/DOGE/DOGE_S2B1_lr0.0003_clip0.2_ent0.01_ep4_bs16_cl32_gamma0.999_lam0.95_seed1_H4320_Q3e+06_pov0.1_fee0/best.weights.h5,80
DOGE,doge_q1p2e+07,12000000.0,4320,3500.0,0.1,buy,DOGE_PPO_1,2026-01-08_steps_5s.parquet,/Users/jackfletcher/Desktop/FYP_Data/Replay_5s_DOGE/January/2026-01-08_steps_5s.parquet,10024,4320,-5.756075583199188e-05,6157474.969999995,0.14150616921796452,0.139675,96.47758285000114,5842525.03000005,0.5131229141666662,0.0,1.0,0.5756075583199162,DOGE_S2B1_lr0.0003_clip0.2_ent0.01_ep4_bs16_cl32_gamma0.999_lam0.95_seed1_H4320_Q3e+06_pov0.1_fee0,checkpoints/DOGE/DOGE_S2B1_lr0.0003_clip0.2_ent0.01_ep4_bs16_cl32_gamma0.999_lam0.95_seed1_H4320_Q3e+06_pov0.1_fee0/best.weights.h5,81
DOGE,doge_q1p2e+07,12000000.0,4320,3500.0,0.1,buy,DOGE_PPO_1,2026-01-31_steps_5s.parquet,/Users/jackfletcher/Desktop/FYP_Data/Replay_5s_DOGE/January/2026-01-31_steps_5s.parquet,5087,4320,-9.510377332397251e-05,9184447.24000003,0.11205612291226932,0.113885,129.9707187000069,2815552.759999963,0.7653706033333358,0.0,1.0,0.9510377332397222,DOGE_S2B1_lr0.0003_clip0.2_ent0.01_ep4_bs16_cl32_gamma0.999_lam0.95_seed1_H4320_Q3e+06_pov0.1_fee0,checkpoints/DOGE/DOGE_S2B1_lr0.0003_clip0.2_ent0.01_ep4_bs16_cl32_gamma0.999_lam0.95_seed1_H4320_Q3e+06_pov0.1_fee0/best.weights.h5,82
DOGE,doge_q1p2e+07,12000000.0,4320,3500.0,0.1,buy,DOGE_PPO_1,2026-01-10_steps_5s.parquet,/Users/jackfletcher/Desktop/FYP_Data/Replay_5s_DOGE/January/2026-01-10_steps_5s.parquet,6411,4320,-6.500675670354745e-05,11022252.259999987,0.14008691690777944,0.13966499999999998,108.95002410001347,977747.7400000396,0.9185210216666656,0.0,1.0,0.6500675670354866,DOGE_S2B1_lr0.0003_clip0.2_ent0.01_ep4_bs16_cl32_gamma0.999_lam0.95_seed1_H4320_Q3e+06_pov0.1_fee0,checkpoints/DOGE/DOGE_S2B1_lr0.0003_clip0.2_ent0.01_ep4_bs16_cl32_gamma0.999_lam0.95_seed1_H4320_Q3e+06_pov0.1_fee0/best.weights.h5,83
DOGE,doge_q1p2e+07,12000000.0,4320,3500.0,0.1,buy,DOGE_PPO_1,2026-01-25_steps_5s.parquet,/Users/jackfletcher/Desktop/FYP_Data/Replay_5s_DOGE/January/2026-01-25_steps_5s.parquet,10823,4320,-7.423988414258866e-05,7497693.479999979,0.1203803967553902,0.122025,108.70946234999334,4502306.520000011,0.6248077899999982,0.0,1.0,0.7423988414258919,DOGE_S2B1_lr0.0003_clip0.2_ent0.01_ep4_bs16_cl32_gamma0.999_lam0.95_seed1_H4320_Q3e+06_pov0.1_fee0,checkpoints/DOGE/DOGE_S2B1_lr0.0003_clip0.2_ent0.01_ep4_bs16_cl32_gamma0.999_lam0.95_seed1_H4320_Q3e+06_pov0.1_fee0/best.weights.h5,84
DOGE,doge_q1p2e+07,12000000.0,4320,3500.0,0.1,buy,DOGE_PPO_1,2026-01-10_steps_5s.parquet,/Users/jackfletcher/Desktop/FYP_Data/Replay_5s_DOGE/January/2026-01-10_steps_5s.parquet,7484,4320,-5.810683972188224e-05,10983122.159999993,0.14007524308369287,0.140225,97.7763792000094,1016877.8400000124,0.9152601799999994,0.0,1.0,0.5810683972188115,DOGE_S2B1_lr0.0003_clip0.2_ent0.01_ep4_bs16_cl32_gamma0.999_lam0.95_seed1_H4320_Q3e+06_pov0.1_fee0,checkpoints/DOGE/DOGE_S2B1_lr0.0003_clip0.2_ent0.01_ep4_bs16_cl32_gamma0.999_lam0.95_seed1_H4320_Q3e+06_pov0.1_fee0/best.weights.h5,85
DOGE,doge_q1p2e+07,12000000.0,4320,3500.0,0.1,buy,DOGE_PPO_1,2026-01-28_steps_5s.parquet,/Users/jackfletcher/Desktop/FYP_Data/Replay_5s_DOGE/January/2026-01-28_steps_5s.parquet,6282,4320,-8.717072621510657e-05,9293750.19999999,0.12633105499090122,0.12564,131.42556049999345,2706249.7999999877,0.7744791833333325,0.0,1.0,0.8717072621510762,DOGE_S2B1_lr0.0003_clip0.2_ent0.01_ep4_bs16_cl32_gamma0.999_lam0.95_seed1_H4320_Q3e+06_pov0.1_fee0,checkpoints/DOGE/DOGE_S2B1_lr0.0003_clip0.2_ent0.01_ep4_bs16_cl32_gamma0.999_lam0.95_seed1_H4320_Q3e+06_pov0.1_fee0/best.weights.h5,86
DOGE,doge_q1p2e+07,12000000.0,4320,3500.0,0.1,buy,DOGE_PPO_1,2026-01-09_steps_5s.parquet,/Users/jackfletcher/Desktop/FYP_Data/Replay_5s_DOGE/January/2026-01-09_steps_5s.parquet,3602,4320,-5.3731295526075065e-05,8710169.809999982,0.1418665588447589,0.142455,91.85150045000319,3289830.190000039,0.7258474841666651,0.0,1.0,0.5373129552607442,DOGE_S2B1_lr0.0003_clip0.2_ent0.01_ep4_bs16_cl32_gamma0.999_lam0.95_seed1_H4320_Q3e+06_pov0.1_fee0,checkpoints/DOGE/DOGE_S2B1_lr0.0003_clip0.2_ent0.01_ep4_bs16_cl32_gamma0.999_lam0.95_seed1_H4320_Q3e+06_pov0.1_fee0/best.weights.h5,87
DOGE,doge_q1p2e+07,12000000.0,4320,3500.0,0.1,buy,DOGE_PPO_1,2026-01-16_steps_5s.parquet,/Users/jackfletcher/Desktop/FYP_Data/Replay_5s_DOGE/January/2026-01-16_steps_5s.parquet,7500,4320,-6.359304860737797e-05,9423383.740000017,0.13775490116504555,0.139125,106.16859465001882,2576616.2599999695,0.7852819783333348,0.0,1.0,0.6359304860737874,DOGE_S2B1_lr0.0003_clip0.2_ent0.01_ep4_bs16_cl32_gamma0.999_lam0.95_seed1_H4320_Q3e+06_pov0.1_fee0,checkpoints/DOGE/DOGE_S2B1_lr0.0003_clip0.2_ent0.01_ep4_bs16_cl32_gamma0.999_lam0.95_seed1_H4320_Q3e+06_pov0.1_fee0/best.weights.h5,88
DOGE,doge_q1p2e+07,12000000.0,4320,3500.0,0.1,buy,DOGE_PPO_1,2026-01-18_steps_5s.parquet,/Users/jackfletcher/Desktop/FYP_Data/Replay_5s_DOGE/January/2026-01-18_steps_5s.parquet,10745,4320,-8.332482245914387e-05,11029791.789999979,0.13707896604954886,0.137175,137.16099024999633,970208.210000009,0.9191493158333316,0.0,1.0,0.8332482245914363,DOGE_S2B1_lr0.0003_clip0.2_ent0.01_ep4_bs16_cl32_gamma0.999_lam0.95_seed1_H4320_Q3e+06_pov0.1_fee0,checkpoints/DOGE/DOGE_S2B1_lr0.0003_clip0.2_ent0.01_ep4_bs16_cl32_gamma0.999_lam0.95_seed1_H4320_Q3e+06_pov0.1_fee0/best.weights.h5,89
DOGE,doge_q1p2e+07,12000000.0,4320,3500.0,0.1,buy,DOGE_PPO_1,2026-01-16_steps_5s.parquet,/Users/jackfletcher/Desktop/FYP_Data/Replay_5s_DOGE/January/2026-01-16_steps_5s.parquet,3534,4320,-8.340103058390204e-05,10209882.969999997,0.13977264448098764,0.138635,138.74762249998912,1790117.0300000329,0.8508235808333331,0.0,1.0,0.8340103058390084,DOGE_S2B1_lr0.0003_clip0.2_ent0.01_ep4_bs16_cl32_gamma0.999_lam0.95_seed1_H4320_Q3e+06_pov0.1_fee0,checkpoints/DOGE/DOGE_S2B1_lr0.0003_clip0.2_ent0.01_ep4_bs16_cl32_gamma0.999_lam0.95_seed1_H4320_Q3e+06_pov0.1_fee0/best.weights.h5,90
DOGE,doge_q1p2e+07,12000000.0,4320,3500.0,0.1,buy,DOGE_PPO_1,2026-01-27_steps_5s.parquet,/Users/jackfletcher/Desktop/FYP_Data/Replay_5s_DOGE/January/2026-01-27_steps_5s.parquet,9263,4320,-8.009243502686153e-05,8277259.33,0.12269871644339311,0.12223,117.47637999999868,3722740.669999998,0.6897716108333334,0.0,1.0,0.8009243502686103,DOGE_S2B1_lr0.0003_clip0.2_ent0.01_ep4_bs16_cl32_gamma0.999_lam0.95_seed1_H4320_Q3e+06_pov0.1_fee0,checkpoints/DOGE/DOGE_S2B1_lr0.0003_clip0.2_ent0.01_ep4_bs16_cl32_gamma0.999_lam0.95_seed1_H4320_Q3e+06_pov0.1_fee0/best.weights.h5,91
DOGE,doge_q1p2e+07,12000000.0,4320,3500.0,0.1,buy,DOGE_PPO_1,2026-01-10_steps_5s.parquet,/Users/jackfletcher/Desktop/FYP_Data/Replay_5s_DOGE/January/2026-01-10_steps_5s.parquet,5886,4320,-5.720061755555365e-05,10794454.220000003,0.14008919524091518,0.140345,96.33384805000946,1205545.7800000147,0.8995378516666669,0.0,1.0,0.5720061755555326,DOGE_S2B1_lr0.0003_clip0.2_ent0.01_ep4_bs16_cl32_gamma0.999_lam0.95_seed1_H4320_Q3e+06_pov0.1_fee0,checkpoints/DOGE/DOGE_S2B1_lr0.0003_clip0.2_ent0.01_ep4_bs16_cl32_gamma0.999_lam0.95_seed1_H4320_Q3e+06_pov0.1_fee0/best.weights.h5,92
DOGE,doge_q1p2e+07,12000000.0,4320,3500.0,0.1,buy,DOGE_PPO_1,2026-01-18_steps_5s.parquet,/Users/jackfletcher/Desktop/FYP_Data/Replay_5s_DOGE/January/2026-01-18_steps_5s.parquet,116,4320,-9.09233036221105e-05,11531780.820000023,0.13739312736602063,0.13799499999999998,150.56353539999878,468219.17999998934,0.9609817350000018,0.0,1.0,0.909233036221112,DOGE_S2B1_lr0.0003_clip0.2_ent0.01_ep4_bs16_cl32_gamma0.999_lam0.95_seed1_H4320_Q3e+06_pov0.1_fee0,checkpoints/DOGE/DOGE_S2B1_lr0.0003_clip0.2_ent0.01_ep4_bs16_cl32_gamma0.999_lam0.95_seed1_H4320_Q3e+06_pov0.1_fee0/best.weights.h5,93
DOGE,doge_q1p2e+07,12000000.0,4320,3500.0,0.1,buy,DOGE_PPO_1,2026-01-11_steps_5s.parquet,/Users/jackfletcher/Desktop/FYP_Data/Replay_5s_DOGE/January/2026-01-11_steps_5s.parquet,11887,4320,-6.373895880492855e-05,9765139.380000005,0.13776514099883688,0.139155,106.43513774999802,2234860.620000016,0.8137616150000003,0.0,1.0,0.6373895880492857,DOGE_S2B1_lr0.0003_clip0.2_ent0.01_ep4_bs16_cl32_gamma0.999_lam0.95_seed1_H4320_Q3e+06_pov0.1_fee0,checkpoints/DOGE/DOGE_S2B1_lr0.0003_clip0.2_ent0.01_ep4_bs16_cl32_gamma0.999_lam0.95_seed1_H4320_Q3e+06_pov0.1_fee0/best.weights.h5,94
DOGE,doge_q1p2e+07,12000000.0,4320,3500.0,0.1,buy,DOGE_PPO_1,2026-01-22_steps_5s.parquet,/Users/jackfletcher/Desktop/FYP_Data/Replay_5s_DOGE/January/2026-01-22_steps_5s.parquet,4421,4320,-6.523274031451028e-05,9629423.179999996,0.1264670363543415,0.126865,99.30901920000352,2370576.820000059,0.8024519316666663,0.0,1.0,0.6523274031450986,DOGE_S2B1_lr0.0003_clip0.2_ent0.01_ep4_bs16_cl32_gamma0.999_lam0.95_seed1_H4320_Q3e+06_pov0.1_fee0,checkpoints/DOGE/DOGE_S2B1_lr0.0003_clip0.2_ent0.01_ep4_bs16_cl32_gamma0.999_lam0.95_seed1_H4320_Q3e+06_pov0.1_fee0/best.weights.h5,95
DOGE,doge_q1p2e+07,12000000.0,4320,3500.0,0.1,buy,DOGE_PPO_1,2026-01-27_steps_5s.parquet,/Users/jackfletcher/Desktop/FYP_Data/Replay_5s_DOGE/January/2026-01-27_steps_5s.parquet,1769,4320,-9.253718698639743e-05,11632242.65999998,0.12264870375011645,0.122705,136.2573063499923,367757.3400000237,0.9693535549999983,0.0,1.0,0.9253718698639847,DOGE_S2B1_lr0.0003_clip0.2_ent0.01_ep4_bs16_cl32_gamma0.999_lam0.95_seed1_H4320_Q3e+06_pov0.1_fee0,checkpoints/DOGE/DOGE_S2B1_lr0.0003_clip0.2_ent0.01_ep4_bs16_cl32_gamma0.999_lam0.95_seed1_H4320_Q3e+06_pov0.1_fee0/best.weights.h5,96
DOGE,doge_q1p2e+07,12000000.0,4320,3500.0,0.1,buy,DOGE_PPO_1,2026-01-08_steps_5s.parquet,/Users/jackfletcher/Desktop/FYP_Data/Replay_5s_DOGE/January/2026-01-08_steps_5s.parquet,3456,4320,-6.20586739678075e-05,7268163.939999995,0.1441181561110744,0.146895,109.39330695001263,4731836.060000018,0.6056803283333329,0.0,1.0,0.620586739678073,DOGE_S2B1_lr0.0003_clip0.2_ent0.01_ep4_bs16_cl32_gamma0.999_lam0.95_seed1_H4320_Q3e+06_pov0.1_fee0,checkpoints/DOGE/DOGE_S2B1_lr0.0003_clip0.2_ent0.01_ep4_bs16_cl32_gamma0.999_lam0.95_seed1_H4320_Q3e+06_pov0.1_fee0/best.weights.h5,97
DOGE,doge_q1p2e+07,12000000.0,4320,3500.0,0.1,buy,DOGE_PPO_1,2026-01-25_steps_5s.parquet,/Users/jackfletcher/Desktop/FYP_Data/Replay_5s_DOGE/January/2026-01-25_steps_5s.parquet,5179,4320,-8.487189181869347e-05,10925092.21000003,0.12313718189295657,0.12306500000000001,125.33711240000866,1074907.790000019,0.9104243508333358,0.0,1.0,0.8487189181869247,DOGE_S2B1_lr0.0003_clip0.2_ent0.01_ep4_bs16_cl32_gamma0.999_lam0.95_seed1_H4320_Q3e+06_pov0.1_fee0,checkpoints/DOGE/DOGE_S2B1_lr0.0003_clip0.2_ent0.01_ep4_bs16_cl32_gamma0.999_lam0.95_seed1_H4320_Q3e+06_pov0.1_fee0/best.weights.h5,98
DOGE,doge_q1p2e+07,12000000.0,4320,3500.0,0.1,buy,DOGE_PPO_1,2026-01-23_steps_5s.parquet,/Users/jackfletcher/Desktop/FYP_Data/Replay_5s_DOGE/January/2026-01-23_steps_5s.parquet,648,4320,-0.00011119116922914574,12000000.000000028,0.1253238053151666,0.124555,166.1929930000306,0.0,1.0000000000000022,1.0,1.0,1.1119116922914283,DOGE_S2B1_lr0.0003_clip0.2_ent0.01_ep4_bs16_cl32_gamma0.999_lam0.95_seed1_H4320_Q3e+06_pov0.1_fee0,checkpoints/DOGE/DOGE_S2B1_lr0.0003_clip0.2_ent0.01_ep4_bs16_cl32_gamma0.999_lam0.95_seed1_H4320_Q3e+06_pov0.1_fee0/best.weights.h5,99
DOGE,doge_q1p2e+07,12000000.0,4320,3500.0,0.1,buy,DOGE_PPO_2,2026-01-29_steps_5s.parquet,/Users/jackfletcher/Desktop/FYP_Data/Replay_5s_DOGE/January/2026-01-29_steps_5s.parquet,5081,4320,-6.308249260062586e-05,9835055.450000009,0.12146981742528974,0.122195,92.50038220000059,2164944.549999977,0.8195879541666674,0.0,1.0,0.6308249260062508,DOGE_S2B2_lr0.0003_clip0.2_ent0.005_ep4_bs16_cl32_gamma0.999_lam0.95_seed1_H4320_Q3e+06_pov0.1_fee0,checkpoints/DOGE/DOGE_S2B2_lr0.0003_clip0.2_ent0.005_ep4_bs16_cl32_gamma0.999_lam0.95_seed1_H4320_Q3e+06_pov0.1_fee0/best.weights.h5,0
DOGE,doge_q1p2e+07,12000000.0,4320,3500.0,0.1,buy,DOGE_PPO_2,2026-01-25_steps_5s.parquet,/Users/jackfletcher/Desktop/FYP_Data/Replay_5s_DOGE/January/2026-01-25_steps_5s.parquet,6643,4320,-8.64287563658598e-05,10625191.20999999,0.12304270728020139,0.122725,127.28362950000324,1374808.7900000385,0.8854326008333325,0.0,1.0,0.8642875636586084,DOGE_S2B2_lr0.0003_clip0.2_ent0.005_ep4_bs16_cl32_gamma0.999_lam0.95_seed1_H4320_Q3e+06_pov0.1_fee0,checkpoints/DOGE/DOGE_S2B2_lr0.0003_clip0.2_ent0.005_ep4_bs16_cl32_gamma0.999_lam0.95_seed1_H4320_Q3e+06_pov0.1_fee0/best.weights.h5,1
DOGE,doge_q1p2e+07,12000000.0,4320,3500.0,0.1,buy,DOGE_PPO_2,2026-01-28_steps_5s.parquet,/Users/jackfletcher/Desktop/FYP_Data/Replay_5s_DOGE/January/2026-01-28_steps_5s.parquet,11486,4320,-9.418843574522117e-05,9064933.49,0.12498000771969292,0.12465999999999999,140.8983647999916,2935066.5100000114,0.7554111241666667,0.0,1.0,0.9418843574522142,DOGE_S2B2_lr0.0003_clip0.2_ent0.005_ep4_bs16_cl32_gamma0.999_lam0.95_seed1_H4320_Q3e+06_pov0.1_fee0,checkpoints/DOGE/DOGE_S2B2_lr0.0003_clip0.2_ent0.005_ep4_bs16_cl32_gamma0.999_lam0.95_seed1_H4320_Q3e+06_pov0.1_fee0/best.weights.h5,2
DOGE,doge_q1p2e+07,12000000.0,4320,3500.0,0.1,buy,DOGE_PPO_2,2026-01-31_steps_5s.parquet,/Users/jackfletcher/Desktop/FYP_Data/Replay_5s_DOGE/January/2026-01-31_steps_5s.parquet,1579,4320,-8.81584285858947e-05,10248949.750000007,0.11457892110203761,0.11522,121.89136970000175,1751050.2500000028,0.854079145833334,0.0,1.0,0.8815842858589491,DOGE_S2B2_lr0.0003_clip0.2_ent0.005_ep4_bs16_cl32_gamma0.999_lam0.95_seed1_H4320_Q3e+06_pov0.1_fee0,checkpoints/DOGE/DOGE_S2B2_lr0.0003_clip0.2_ent0.005_ep4_bs16_cl32_gamma0.999_lam0.95_seed1_H4320_Q3e+06_pov0.1_fee0/best.weights.h5,3
DOGE,doge_q1p2e+07,12000000.0,4320,3500.0,0.1,buy,DOGE_PPO_2,2026-01-23_steps_5s.parquet,/Users/jackfletcher/Desktop/FYP_Data/Replay_5s_DOGE/January/2026-01-23_steps_5s.parquet,3876,4320,-9.904520570355624e-05,10509912.11000001,0.1251366518740752,0.12556499999999998,149.23933505000363,1490087.8899999682,0.8758260091666675,0.0,1.0,0.9904520570355569,DOGE_S2B2_lr0.0003_clip0.2_ent0.005_ep4_bs16_cl32_gamma0.999_lam0.95_seed1_H4320_Q3e+06_pov0.1_fee0,checkpoints/DOGE/DOGE_S2B2_lr0.0003_clip0.2_ent0.005_ep4_bs16_cl32_gamma0.999_lam0.95_seed1_H4320_Q3e+06_pov0.1_fee0/best.weights.h5,4
DOGE,doge_q1p2e+07,12000000.0,4320,3500.0,0.1,buy,DOGE_PPO_2,2026-01-26_steps_5s.parquet,/Users/jackfletcher/Desktop/FYP_Data/Replay_5s_DOGE/January/2026-01-26_steps_5s.parquet,6599,4320,-6.375430210607456e-05,9744191.95000002,0.12142171813329239,0.121395,92.87344205000292,2255808.0499999914,0.812015995833335,0.0,1.0,0.6375430210607447,DOGE_S2B2_lr0.0003_clip0.2_ent0.005_ep4_bs16_cl32_gamma0.999_lam0.95_seed1_H4320_Q3e+06_pov0.1_fee0,checkpoints/DOGE/DOGE_S2B2_lr0.0003_clip0.2_ent0.005_ep4_bs16_cl32_gamma0.999_lam0.95_seed1_H4320_Q3e+06_pov0.1_fee0/best.weights.h5,5
DOGE,doge_q1p2e+07,12000000.0,4320,3500.0,0.1,buy,DOGE_PPO_2,2026-01-09_steps_5s.parquet,/Users/jackfletcher/Desktop/FYP_Data/Replay_5s_DOGE/January/2026-01-09_steps_5s.parquet,2723,4320,-5.4126017627929156e-05,8975964.229999976,0.14224353589533034,0.142955,92.85101820000641,3024035.7700000396,0.7479970191666647,0.0,1.0,0.541260176279286,DOGE_S2B2_lr0.0003_clip0.2_ent0.005_ep4_bs16_cl32_gamma0.999_lam0.95_seed1_H4320_Q3e+06_pov0.1_fee0,checkpoints/DOGE/DOGE_S2B2_lr0.0003_clip0.2_ent0.005_ep4_bs16_cl32_gamma0.999_lam0.95_seed1_H4320_Q3e+06_pov0.1_fee0/best.weights.h5,6
DOGE,doge_q1p2e+07,12000000.0,4320,3500.0,0.1,buy,DOGE_PPO_2,2026-01-29_steps_5s.parquet,/Users/jackfletcher/Desktop/FYP_Data/Replay_5s_DOGE/January/2026-01-29_steps_5s.parquet,4263,4320,-9.22320217727152e-05,10463992.759999977,0.12164050643796583,0.121865,134.87826399998062,1536007.2399999956,0.8719993966666648,0.0,1.0,0.922320217727134,DOGE_S2B2_lr0.0003_clip0.2_ent0.005_ep4_bs16_cl32_gamma0.999_lam0.95_seed1_H4320_Q3e+06_pov0.1_fee0,checkpoints/DOGE/DOGE_S2B2_lr0.0003_clip0.2_ent0.005_ep4_bs16_cl32_gamma0.999_lam0.95_seed1_H4320_Q3e+06_pov0.1_fee0/best.weights.h5,7
DOGE,doge_q1p2e+07,12000000.0,4320,3500.0,0.1,buy,DOGE_PPO_2,2026-01-19_steps_5s.parquet,/Users/jackfletcher/Desktop/FYP_Data/Replay_5s_DOGE/January/2026-01-19_steps_5s.parquet,1176,4320,-5.5504440213055626e-05,8677043.13999998,0.12708592610817682,0.127355,84.82521580000429,3322956.860000003,0.7230869283333317,0.0,1.0,0.5550444021305556,DOGE_S2B2_lr0.0003_clip0.2_ent0.005_ep4_bs16_cl32_gamma0.999_lam0.95_seed1_H4320_Q3e+06_pov0.1_fee0,checkpoints/DOGE/DOGE_S2B2_lr0.0003_clip0.2_ent0.005_ep4_bs16_cl32_gamma0.999_lam0.95_seed1_H4320_Q3e+06_pov0.1_fee0/best.weights.h5,8
DOGE,doge_q1p2e+07,12000000.0,4320,3500.0,0.1,buy,DOGE_PPO_2,2026-01-21_steps_5s.parquet,/Users/jackfletcher/Desktop/FYP_Data/Replay_5s_DOGE/January/2026-01-21_steps_5s.parquet,8839,4320,-0.00010128745075975566,7950349.49000001,0.12344333102763985,0.12219,148.51576330001478,4049650.5099999895,0.6625291241666674,0.0,1.0,1.0128745075975583,DOGE_S2B2_lr0.0003_clip0.2_ent0.005_ep4_bs16_cl32_gamma0.999_lam0.95_seed1_H4320_Q3e+06_pov0.1_fee0,checkpoints/DOGE/DOGE_S2B2_lr0.0003_clip0.2_ent0.005_ep4_bs16_cl32_gamma0.999_lam0.95_seed1_H4320_Q3e+06_pov0.1_fee0/best.weights.h5,9
DOGE,doge_q1p2e+07,12000000.0,4320,3500.0,0.1,buy,DOGE_PPO_2,2026-01-26_steps_5s.parquet,/Users/jackfletcher/Desktop/FYP_Data/Replay_5s_DOGE/January/2026-01-26_steps_5s.parquet,12098,4320,-9.500776524739145e-05,9992989.97999999,0.12244907073791508,0.12248,139.6386130500067,2007010.0200000172,0.8327491649999991,0.0,1.0,0.9500776524739188,DOGE_S2B2_lr0.0003_clip0.2_ent0.005_ep4_bs16_cl32_gamma0.999_lam0.95_seed1_H4320_Q3e+06_pov0.1_fee0,checkpoints/DOGE/DOGE_S2B2_lr0.0003_clip0.2_ent0.005_ep4_bs16_cl32_gamma0.999_lam0.95_seed1_H4320_Q3e+06_pov0.1_fee0/best.weights.h5,10
DOGE,doge_q1p2e+07,12000000.0,4320,3500.0,0.1,buy,DOGE_PPO_2,2026-01-27_steps_5s.parquet,/Users/jackfletcher/Desktop/FYP_Data/Replay_5s_DOGE/January/2026-01-27_steps_5s.parquet,868,4320,-0.00010028395449268833,11845528.419999992,0.12270310573304047,0.12204999999999999,146.87587974998965,154471.5799999981,0.9871273683333327,0.0,1.0,1.0028395449268719,DOGE_S2B2_lr0.0003_clip0.2_ent0.005_ep4_bs16_cl32_gamma0.999_lam0.95_seed1_H4320_Q3e+06_pov0.1_fee0,checkpoints/DOGE/DOGE_S2B2_lr0.0003_clip0.2_ent0.005_ep4_bs16_cl32_gamma0.999_lam0.95_seed1_H4320_Q3e+06_pov0.1_fee0/best.weights.h5,11
DOGE,doge_q1p2e+07,12000000.0,4320,3500.0,0.1,buy,DOGE_PPO_2,2026-01-28_steps_5s.parquet,/Users/jackfletcher/Desktop/FYP_Data/Replay_5s_DOGE/January/2026-01-28_steps_5s.parquet,5122,4320,-9.081747523571364e-05,9726788.729999997,0.12626463259050374,0.125685,136.97273250000845,2273211.2699999474,0.8105657274999998,0.0,1.0,0.9081747523571392,DOGE_S2B2_lr0.0003_clip0.2_ent0.005_ep4_bs16_cl32_gamma0.999_lam0.95_seed1_H4320_Q3e+06_pov0.1_fee0,checkpoints/DOGE/DOGE_S2B2_lr0.0003_clip0.2_ent0.005_ep4_bs16_cl32_gamma0.999_lam0.95_seed1_H4320_Q3e+06_pov0.1_fee0/best.weights.h5,12
DOGE,doge_q1p2e+07,12000000.0,4320,3500.0,0.1,buy,DOGE_PPO_2,2026-01-20_steps_5s.parquet,/Users/jackfletcher/Desktop/FYP_Data/Replay_5s_DOGE/January/2026-01-20_steps_5s.parquet,2352,4320,-6.895220971556883e-05,8258444.560000026,0.12733479789787405,0.12826500000000002,106.12986215000991,3741555.440000004,0.6882037133333355,0.0,1.0,0.6895220971556926,DOGE_S2B2_lr0.0003_clip0.2_ent0.005_ep4_bs16_cl32_gamma0.999_lam0.95_seed1_H4320_Q3e+06_pov0.1_fee0,checkpoints/DOGE/DOGE_S2B2_lr0.0003_clip0.2_ent0.005_ep4_bs16_cl32_gamma0.999_lam0.95_seed1_H4320_Q3e+06_pov0.1_fee0/best.weights.h5,13
DOGE,doge_q1p2e+07,12000000.0,4320,3500.0,0.1,buy,DOGE_PPO_2,2026-01-20_steps_5s.parquet,/Users/jackfletcher/Desktop/FYP_Data/Replay_5s_DOGE/January/2026-01-20_steps_5s.parquet,1029,4320,-6.662057576227775e-05,9287853.230000008,0.12795435173040468,0.128945,103.08468170000323,2712146.7700000224,0.7739877691666673,0.0,1.0,0.6662057576227799,DOGE_S2B2_lr0.0003_clip0.2_ent0.005_ep4_bs16_cl32_gamma0.999_lam0.95_seed1_H4320_Q3e+06_pov0.1_fee0,checkpoints/DOGE/DOGE_S2B2_lr0.0003_clip0.2_ent0.005_ep4_bs16_cl32_gamma0.999_lam0.95_seed1_H4320_Q3e+06_pov0.1_fee0/best.weights.h5,14
DOGE,doge_q1p2e+07,12000000.0,4320,3500.0,0.1,buy,DOGE_PPO_2,2026-01-15_steps_5s.parquet,/Users/jackfletcher/Desktop/FYP_Data/Replay_5s_DOGE/January/2026-01-15_steps_5s.parquet,6645,4320,-6.772689808854671e-05,8790617.17999999,0.1440187830420687,0.14369500000000002,116.78419945000483,3209382.8199999644,0.7325514316666659,0.0,1.0,0.6772689808854683,DOGE_S2B2_lr0.0003_clip0.2_ent0.005_ep4_bs16_cl32_gamma0.999_lam0.95_seed1_H4320_Q3e+06_pov0.1_fee0,checkpoints/DOGE/DOGE_S2B2_lr0.0003_clip0.2_ent0.005_ep4_bs16_cl32_gamma0.999_lam0.95_seed1_H4320_Q3e+06_pov0.1_fee0/best.weights.h5,15
DOGE,doge_q1p2e+07,12000000.0,4320,3500.0,0.1,buy,DOGE_PPO_2,2026-01-12_steps_5s.parquet,/Users/jackfletcher/Desktop/FYP_Data/Replay_5s_DOGE/January/2026-01-12_steps_5s.parquet,6855,4320,-7.223969818405501e-05,8162190.309999993,0.13663226781997204,0.13693499999999997,118.70571685000246,3837809.690000003,0.6801825258333327,0.0,1.0,0.7223969818405477,DOGE_S2B2_lr0.0003_clip0.2_ent0.005_ep4_bs16_cl32_gamma0.999_lam0.95_seed1_H4320_Q3e+06_pov0.1_fee0,checkpoints/DOGE/DOGE_S2B2_lr0.0003_clip0.2_ent0.005_ep4_bs16_cl32_gamma0.999_lam0.95_seed1_H4320_Q3e+06_pov0.1_fee0/best.weights.h5,16
DOGE,doge_q1p2e+07,12000000.0,4320,3500.0,0.1,buy,DOGE_PPO_2,2026-01-12_steps_5s.parquet,/Users/jackfletcher/Desktop/FYP_Data/Replay_5s_DOGE/January/2026-01-12_steps_5s.parquet,12043,4320,-8.04722116005446e-05,8847118.649999999,0.1377334702459767,0.13939000000000001,134.60425890000042,3152881.3500000564,0.7372598874999998,0.0,1.0,0.8047221160054546,DOGE_S2B2_lr0.0003_clip0.2_ent0.005_ep4_bs16_cl32_gamma0.999_lam0.95_seed1_H4320_Q3e+06_pov0.1_fee0,checkpoints/DOGE/DOGE_S2B2_lr0.0003_clip0.2_ent0.005_ep4_bs16_cl32_gamma0.999_lam0.95_seed1_H4320_Q3e+06_pov0.1_fee0/best.weights.h5,17
DOGE,doge_q1p2e+07,12000000.0,4320,3500.0,0.1,buy,DOGE_PPO_2,2026-01-30_steps_5s.parquet,/Users/jackfletcher/Desktop/FYP_Data/Replay_5s_DOGE/January/2026-01-30_steps_5s.parquet,6817,4320,-0.00012620546908933563,9484153.259999981,0.11459238237112865,0.11358,172.01300614999985,2515846.740000018,0.7903461049999985,0.0,1.0,1.2620546908933485,DOGE_S2B2_lr0.0003_clip0.2_ent0.005_ep4_bs16_cl32_gamma0.999_lam0.95_seed1_H4320_Q3e+06_pov0.1_fee0,checkpoints/DOGE/DOGE_S2B2_lr0.0003_clip0.2_ent0.005_ep4_bs16_cl32_gamma0.999_lam0.95_seed1_H4320_Q3e+06_pov0.1_fee0/best.weights.h5,18
DOGE,doge_q1p2e+07,12000000.0,4320,3500.0,0.1,buy,DOGE_PPO_2,2026-01-16_steps_5s.parquet,/Users/jackfletcher/Desktop/FYP_Data/Replay_5s_DOGE/January/2026-01-16_steps_5s.parquet,6796,4320,-5.0361550164131335e-05,9303719.630000012,0.13835925697122517,0.139625,84.38077730000275,2696280.369999991,0.7753099691666676,0.0,1.0,0.5036155016413175,DOGE_S2B2_lr0.0003_clip0.2_ent0.005_ep4_bs16_cl32_gamma0.999_lam0.95_seed1_H4320_Q3e+06_pov0.1_fee0,checkpoints/DOGE/DOGE_S2B2_lr0.0003_clip0.2_ent0.005_ep4_bs16_cl32_gamma0.999_lam0.95_seed1_H4320_Q3e+06_pov0.1_fee0/best.weights.h5,19
DOGE,doge_q1p2e+07,12000000.0,4320,3500.0,0.1,buy,DOGE_PPO_2,2026-01-23_steps_5s.parquet,/Users/jackfletcher/Desktop/FYP_Data/Replay_5s_DOGE/January/2026-01-23_steps_5s.parquet,4529,4320,-0.00010682323327902136,10924376.080000002,0.12510012481283045,0.12576500000000002,161.21548720003335,1075623.9199999776,0.9103646733333335,0.0,1.0,1.0682323327902128,DOGE_S2B2_lr0.0003_clip0.2_ent0.005_ep4_bs16_cl32_gamma0.999_lam0.95_seed1_H4320_Q3e+06_pov0.1_fee0,checkpoints/DOGE/DOGE_S2B2_lr0.0003_clip0.2_ent0.005_ep4_bs16_cl32_gamma0.999_lam0.95_seed1_H4320_Q3e+06_pov0.1_fee0/best.weights.h5,20
DOGE,doge_q1p2e+07,12000000.0,4320,3500.0,0.1,buy,DOGE_PPO_2,2026-01-19_steps_5s.parquet,/Users/jackfletcher/Desktop/FYP_Data/Replay_5s_DOGE/January/2026-01-19_steps_5s.parquet,7727,4320,-7.518361922380419e-05,9782633.250000004,0.128063918998088,0.127715,115.22491115001783,2217366.749999999,0.8152194375000004,0.0,1.0,0.7518361922380419,DOGE_S2B2_lr0.0003_clip0.2_ent0.005_ep4_bs16_cl32_gamma0.999_lam0.95_seed1_H4320_Q3e+06_pov0.1_fee0,checkpoints/DOGE/DOGE_S2B2_lr0.0003_clip0.2_ent0.005_ep4_bs16_cl32_gamma0.999_lam0.95_seed1_H4320_Q3e+06_pov0.1_fee0/best.weights.h5,21
DOGE,doge_q1p2e+07,12000000.0,4320,3500.0,0.1,buy,DOGE_PPO_2,2026-01-08_steps_5s.parquet,/Users/jackfletcher/Desktop/FYP_Data/Replay_5s_DOGE/January/2026-01-08_steps_5s.parquet,4699,4320,-5.6547729654463734e-05,6939391.519999996,0.14260069184332463,0.14393,97.66697675000313,5060608.479999993,0.5782826266666663,0.0,1.0,0.5654772965446347,DOGE_S2B2_lr0.0003_clip0.2_ent0.005_ep4_bs16_cl32_gamma0.999_lam0.95_seed1_H4320_Q3e+06_pov0.1_fee0,checkpoints/DOGE/DOGE_S2B2_lr0.0003_clip0.2_ent0.005_ep4_bs16_cl32_gamma0.999_lam0.95_seed1_H4320_Q3e+06_pov0.1_fee0/best.weights.h5,22
DOGE,doge_q1p2e+07,12000000.0,4320,3500.0,0.1,buy,DOGE_PPO_2,2026-01-22_steps_5s.parquet,/Users/jackfletcher/Desktop/FYP_Data/Replay_5s_DOGE/January/2026-01-22_steps_5s.parquet,2162,4320,-8.104332966270222e-05,10285602.529999977,0.12681115243607471,0.127135,123.6413246000114,1714397.4699999676,0.8571335441666648,0.0,1.0,0.8104332966270199,DOGE_S2B2_lr0.0003_clip0.2_ent0.005_ep4_bs16_cl32_gamma0.999_lam0.95_seed1_H4320_Q3e+06_pov0.1_fee0,checkpoints/DOGE/DOGE_S2B2_lr0.0003_clip0.2_ent0.005_ep4_bs16_cl32_gamma0.999_lam0.95_seed1_H4320_Q3e+06_pov0.1_fee0/best.weights.h5,23
DOGE,doge_q1p2e+07,12000000.0,4320,3500.0,0.1,buy,DOGE_PPO_2,2026-01-24_steps_5s.parquet,/Users/jackfletcher/Desktop/FYP_Data/Replay_5s_DOGE/January/2026-01-24_steps_5s.parquet,7883,4320,-9.058371258264823e-05,12000000.000000013,0.12426074600218394,0.124775,135.63099284999998,0.0,1.000000000000001,1.0,1.0,0.9058371258264877,DOGE_S2B2_lr0.0003_clip0.2_ent0.005_ep4_bs16_cl32_gamma0.999_lam0.95_seed1_H4320_Q3e+06_pov0.1_fee0,checkpoints/DOGE/DOGE_S2B2_lr0.0003_clip0.2_ent0.005_ep4_bs16_cl32_gamma0.999_lam0.95_seed1_H4320_Q3e+06_pov0.1_fee0/best.weights.h5,24
DOGE,doge_q1p2e+07,12000000.0,4320,3500.0,0.1,buy,DOGE_PPO_2,2026-01-09_steps_5s.parquet,/Users/jackfletcher/Desktop/FYP_Data/Replay_5s_DOGE/January/2026-01-09_steps_5s.parquet,8497,4320,-5.667839757532706e-05,7112443.789999999,0.14101355517250408,0.140225,95.37273960000209,4887556.210000011,0.5927036491666666,0.0,1.0,0.5667839757532662,DOGE_S2B2_lr0.0003_clip0.2_ent0.005_ep4_bs16_cl32_gamma0.999_lam0.95_seed1_H4320_Q3e+06_pov0.1_fee0,checkpoints/DOGE/DOGE_S2B2_lr0.0003_clip0.2_ent0.005_ep4_bs16_cl32_gamma0.999_lam0.95_seed1_H4320_Q3e+06_pov0.1_fee0/best.weights.h5,25
DOGE,doge_q1p2e+07,12000000.0,4320,3500.0,0.1,buy,DOGE_PPO_2,2026-01-19_steps_5s.parquet,/Users/jackfletcher/Desktop/FYP_Data/Replay_5s_DOGE/January/2026-01-19_steps_5s.parquet,7418,4320,-7.501567686515117e-05,9878647.169999985,0.12800176682117542,0.127715,114.9675260499931,2121352.830000005,0.8232205974999988,0.0,1.0,0.7501567686515098,DOGE_S2B2_lr0.0003_clip0.2_ent0.005_ep4_bs16_cl32_gamma0.999_lam0.95_seed1_H4320_Q3e+06_pov0.1_fee0,checkpoints/DOGE/DOGE_S2B2_lr0.0003_clip0.2_ent0.005_ep4_bs16_cl32_gamma0.999_lam0.95_seed1_H4320_Q3e+06_pov0.1_fee0/best.weights.h5,26
DOGE,doge_q1p2e+07,12000000.0,4320,3500.0,0.1,buy,DOGE_PPO_2,2026-01-10_steps_5s.parquet,/Users/jackfletcher/Desktop/FYP_Data/Replay_5s_DOGE/January/2026-01-10_steps_5s.parquet,6750,4320,-6.773927002514665e-05,11098988.389999991,0.14010632085296756,0.139845,113.67597859999879,901011.6100000166,0.9249156991666659,0.0,1.0,0.6773927002514616,DOGE_S2B2_lr0.0003_clip0.2_ent0.005_ep4_bs16_cl32_gamma0.999_lam0.95_seed1_H4320_Q3e+06_pov0.1_fee0,checkpoints/DOGE/DOGE_S2B2_lr0.0003_clip0.2_ent0.005_ep4_bs16_cl32_gamma0.999_lam0.95_seed1_H4320_Q3e+06_pov0.1_fee0/best.weights.h5,27
DOGE,doge_q1p2e+07,12000000.0,4320,3500.0,0.1,buy,DOGE_PPO_2,2026-01-25_steps_5s.parquet,/Users/jackfletcher/Desktop/FYP_Data/Replay_5s_DOGE/January/2026-01-25_steps_5s.parquet,10256,4320,-7.347027679359324e-05,7677216.699999978,0.12093562365233275,0.122775,108.24375880000076,4322783.300000045,0.6397680583333315,0.0,1.0,0.7347027679359314,DOGE_S2B2_lr0.0003_clip0.2_ent0.005_ep4_bs16_cl32_gamma0.999_lam0.95_seed1_H4320_Q3e+06_pov0.1_fee0,checkpoints/DOGE/DOGE_S2B2_lr0.0003_clip0.2_ent0.005_ep4_bs16_cl32_gamma0.999_lam0.95_seed1_H4320_Q3e+06_pov0.1_fee0/best.weights.h5,28
DOGE,doge_q1p2e+07,12000000.0,4320,3500.0,0.1,buy,DOGE_PPO_2,2026-01-10_steps_5s.parquet,/Users/jackfletcher/Desktop/FYP_Data/Replay_5s_DOGE/January/2026-01-10_steps_5s.parquet,11247,4320,-6.352274000857329e-05,11522377.990000008,0.14006884371828335,0.139995,106.71439184999775,477622.00999999256,0.960198165833334,0.0,1.0,0.635227400085704,DOGE_S2B2_lr0.0003_clip0.2_ent0.005_ep4_bs16_cl32_gamma0.999_lam0.95_seed1_H4320_Q3e+06_pov0.1_fee0,checkpoints/DOGE/DOGE_S2B2_lr0.0003_clip0.2_ent0.005_ep4_bs16_cl32_gamma0.999_lam0.95_seed1_H4320_Q3e+06_pov0.1_fee0/best.weights.h5,29
DOGE,doge_q1p2e+07,12000000.0,4320,3500.0,0.1,buy,DOGE_PPO_2,2026-01-10_steps_5s.parquet,/Users/jackfletcher/Desktop/FYP_Data/Replay_5s_DOGE/January/2026-01-10_steps_5s.parquet,3162,4320,-6.0635605102376827e-05,10496056.959999988,0.14008254977577825,0.139935,101.82052080001151,1503943.0400000066,0.8746714133333323,0.0,1.0,0.6063560510237581,DOGE_S2B2_lr0.0003_clip0.2_ent0.005_ep4_bs16_cl32_gamma0.999_lam0.95_seed1_H4320_Q3e+06_pov0.1_fee0,checkpoints/DOGE/DOGE_S2B2_lr0.0003_clip0.2_ent0.005_ep4_bs16_cl32_gamma0.999_lam0.95_seed1_H4320_Q3e+06_pov0.1_fee0/best.weights.h5,30
DOGE,doge_q1p2e+07,12000000.0,4320,3500.0,0.1,buy,DOGE_PPO_2,2026-01-20_steps_5s.parquet,/Users/jackfletcher/Desktop/FYP_Data/Replay_5s_DOGE/January/2026-01-20_steps_5s.parquet,570,4320,-6.440437384470174e-05,9426261.989999998,0.12810127148586709,0.128935,99.64773529999923,2573738.0100000096,0.7855218324999999,0.0,1.0,0.6440437384470161,DOGE_S2B2_lr0.0003_clip0.2_ent0.005_ep4_bs16_cl32_gamma0.999_lam0.95_seed1_H4320_Q3e+06_pov0.1_fee0,checkpoints/DOGE/DOGE_S2B2_lr0.0003_clip0.2_ent0.005_ep4_bs16_cl32_gamma0.999_lam0.95_seed1_H4320_Q3e+06_pov0.1_fee0/best.weights.h5,31
DOGE,doge_q1p2e+07,12000000.0,4320,3500.0,0.1,buy,DOGE_PPO_2,2026-01-08_steps_5s.parquet,/Users/jackfletcher/Desktop/FYP_Data/Replay_5s_DOGE/January/2026-01-08_steps_5s.parquet,10832,4320,-5.783775687223581e-05,6167645.700000005,0.1419559159401132,0.13945000000000002,96.78570234999867,5832354.300000041,0.5139704750000004,0.0,1.0,0.5783775687223537,DOGE_S2B2_lr0.0003_clip0.2_ent0.005_ep4_bs16_cl32_gamma0.999_lam0.95_seed1_H4320_Q3e+06_pov0.1_fee0,checkpoints/DOGE/DOGE_S2B2_lr0.0003_clip0.2_ent0.005_ep4_bs16_cl32_gamma0.999_lam0.95_seed1_H4320_Q3e+06_pov0.1_fee0/best.weights.h5,32
DOGE,doge_q1p2e+07,12000000.0,4320,3500.0,0.1,buy,DOGE_PPO_2,2026-01-11_steps_5s.parquet,/Users/jackfletcher/Desktop/FYP_Data/Replay_5s_DOGE/January/2026-01-11_steps_5s.parquet,2359,4320,-7.267571852105551e-05,10440891.72999999,0.13949867133148616,0.138995,121.21873795001147,1559108.2699999805,0.8700743108333324,0.0,1.0,0.726757185210568,DOGE_S2B2_lr0.0003_clip0.2_ent0.005_ep4_bs16_cl32_gamma0.999_lam0.95_seed1_H4320_Q3e+06_pov0.1_fee0,checkpoints/DOGE/DOGE_S2B2_lr0.0003_clip0.2_ent0.005_ep4_bs16_cl32_gamma0.999_lam0.95_seed1_H4320_Q3e+06_pov0.1_fee0/best.weights.h5,33
DOGE,doge_q1p2e+07,12000000.0,4320,3500.0,0.1,buy,DOGE_PPO_2,2026-01-28_steps_5s.parquet,/Users/jackfletcher/Desktop/FYP_Data/Replay_5s_DOGE/January/2026-01-28_steps_5s.parquet,9171,4320,-7.90171341229962e-05,8492451.720000008,0.1251677423538888,0.126215,119.67777100000706,3507548.2800000245,0.7077043100000007,0.0,1.0,0.7901713412299585,DOGE_S2B2_lr0.0003_clip0.2_ent0.005_ep4_bs16_cl32_gamma0.999_lam0.95_seed1_H4320_Q3e+06_pov0.1_fee0,checkpoints/DOGE/DOGE_S2B2_lr0.0003_clip0.2_ent0.005_ep4_bs16_cl32_gamma0.999_lam0.95_seed1_H4320_Q3e+06_pov0.1_fee0/best.weights.h5,34
DOGE,doge_q1p2e+07,12000000.0,4320,3500.0,0.1,buy,DOGE_PPO_2,2026-01-30_steps_5s.parquet,/Users/jackfletcher/Desktop/FYP_Data/Replay_5s_DOGE/January/2026-01-30_steps_5s.parquet,10067,4320,-9.30741116788315e-05,7357504.639999989,0.11633243294223768,0.114495,127.87824500001403,4642495.359999998,0.6131253866666658,0.0,1.0,0.9307411167883171,DOGE_S2B2_lr0.0003_clip0.2_ent0.005_ep4_bs16_cl32_gamma0.999_lam0.95_seed1_H4320_Q3e+06_pov0.1_fee0,checkpoints/DOGE/DOGE_S2B2_lr0.0003_clip0.2_ent0.005_ep4_bs16_cl32_gamma0.999_lam0.95_seed1_H4320_Q3e+06_pov0.1_fee0/best.weights.h5,35
DOGE,doge_q1p2e+07,12000000.0,4320,3500.0,0.1,buy,DOGE_PPO_2,2026-01-29_steps_5s.parquet,/Users/jackfletcher/Desktop/FYP_Data/Replay_5s_DOGE/January/2026-01-29_steps_5s.parquet,5113,4320,-6.163677933456562e-05,9799802.830000013,0.12146266620843822,0.122225,90.40266425000607,2200197.16999998,0.8166502358333344,0.0,1.0,0.6163677933456472,DOGE_S2B2_lr0.0003_clip0.2_ent0.005_ep4_bs16_cl32_gamma0.999_lam0.95_seed1_H4320_Q3e+06_pov0.1_fee0,checkpoints/DOGE/DOGE_S2B2_lr0.0003_clip0.2_ent0.005_ep4_bs16_cl32_gamma0.999_lam0.95_seed1_H4320_Q3e+06_pov0.1_fee0/best.weights.h5,36
DOGE,doge_q1p2e+07,12000000.0,4320,3500.0,0.1,buy,DOGE_PPO_2,2026-01-18_steps_5s.parquet,/Users/jackfletcher/Desktop/FYP_Data/Replay_5s_DOGE/January/2026-01-18_steps_5s.parquet,9752,4320,-7.661581117654432e-05,10607626.82999999,0.13705381088608634,0.136715,125.69436750001125,1392373.1700000097,0.8839689024999993,0.0,1.0,0.7661581117654198,DOGE_S2B2_lr0.0003_clip0.2_ent0.005_ep4_bs16_cl32_gamma0.999_lam0.95_seed1_H4320_Q3e+06_pov0.1_fee0,checkpoints/DOGE/DOGE_S2B2_lr0.0003_clip0.2_ent0.005_ep4_bs16_cl32_gamma0.999_lam0.95_seed1_H4320_Q3e+06_pov0.1_fee0/best.weights.h5,37
DOGE,doge_q1p2e+07,12000000.0,4320,3500.0,0.1,buy,DOGE_PPO_2,2026-01-17_steps_5s.parquet,/Users/jackfletcher/Desktop/FYP_Data/Replay_5s_DOGE/January/2026-01-17_steps_5s.parquet,6273,4320,-7.553158973518875e-05,11089445.61999999,0.1376987385138476,0.13746,124.59086789998912,910554.3800000092,0.9241204683333325,0.0,1.0,0.755315897351891,DOGE_S2B2_lr0.0003_clip0.2_ent0.005_ep4_bs16_cl32_gamma0.999_lam0.95_seed1_H4320_Q3e+06_pov0.1_fee0,checkpoints/DOGE/DOGE_S2B2_lr0.0003_clip0.2_ent0.005_ep4_bs16_cl32_gamma0.999_lam0.95_seed1_H4320_Q3e+06_pov0.1_fee0/best.weights.h5,38
DOGE,doge_q1p2e+07,12000000.0,4320,3500.0,0.1,buy,DOGE_PPO_2,2026-01-11_steps_5s.parquet,/Users/jackfletcher/Desktop/FYP_Data/Replay_5s_DOGE/January/2026-01-11_steps_5s.parquet,10131,4320,-7.917486781199707e-05,9891683.009999994,0.13893261211002952,0.140425,133.4175697499948,2108316.9899999932,0.8243069174999995,0.0,1.0,0.7917486781199621,DOGE_S2B2_lr0.0003_clip0.2_ent0.005_ep4_bs16_cl32_gamma0.999_lam0.95_seed1_H4320_Q3e+06_pov0.1_fee0,checkpoints/DOGE/DOGE_S2B2_lr0.0003_clip0.2_ent0.005_ep4_bs16_cl32_gamma0.999_lam0.95_seed1_H4320_Q3e+06_pov0.1_fee0/best.weights.h5,39
DOGE,doge_q1p2e+07,12000000.0,4320,3500.0,0.1,buy,DOGE_PPO_2,2026-01-25_steps_5s.parquet,/Users/jackfletcher/Desktop/FYP_Data/Replay_5s_DOGE/January/2026-01-25_steps_5s.parquet,5408,4320,-9.685608919346595e-05,11323582.120000022,0.12313916587555915,0.12293499999999999,142.8840398999845,676417.8800000199,0.9436318433333352,0.0,1.0,0.9685608919346573,DOGE_S2B2_lr0.0003_clip0.2_ent0.005_ep4_bs16_cl32_gamma0.999_lam0.95_seed1_H4320_Q3e+06_pov0.1_fee0,checkpoints/DOGE/DOGE_S2B2_lr0.0003_clip0.2_ent0.005_ep4_bs16_cl32_gamma0.999_lam0.95_seed1_H4320_Q3e+06_pov0.1_fee0/best.weights.h5,40
DOGE,doge_q1p2e+07,12000000.0,4320,3500.0,0.1,buy,DOGE_PPO_2,2026-01-28_steps_5s.parquet,/Users/jackfletcher/Desktop/FYP_Data/Replay_5s_DOGE/January/2026-01-28_steps_5s.parquet,12380,4320,-0.00011085393523159439,9744832.820000011,0.12512820106247902,0.12467500000000001,165.84857249998822,2255167.18,0.8120694016666676,0.0,1.0,1.108539352315943,DOGE_S2B2_lr0.0003_clip0.2_ent0.005_ep4_bs16_cl32_gamma0.999_lam0.95_seed1_H4320_Q3e+06_pov0.1_fee0,checkpoints/DOGE/DOGE_S2B2_lr0.0003_clip0.2_ent0.005_ep4_bs16_cl32_gamma0.999_lam0.95_seed1_H4320_Q3e+06_pov0.1_fee0/best.weights.h5,41
DOGE,doge_q1p2e+07,12000000.0,4320,3500.0,0.1,buy,DOGE_PPO_2,2026-01-30_steps_5s.parquet,/Users/jackfletcher/Desktop/FYP_Data/Replay_5s_DOGE/January/2026-01-30_steps_5s.parquet,9517,4320,-9.966716934732968e-05,7793655.590000008,0.11586791606662461,0.11471,137.19385194998594,4206344.409999988,0.6494712991666673,0.0,1.0,0.9966716934732944,DOGE_S2B2_lr0.0003_clip0.2_ent0.005_ep4_bs16_cl32_gamma0.999_lam0.95_seed1_H4320_Q3e+06_pov0.1_fee0,checkpoints/DOGE/DOGE_S2B2_lr0.0003_clip0.2_ent0.005_ep4_bs16_cl32_gamma0.999_lam0.95_seed1_H4320_Q3e+06_pov0.1_fee0/best.weights.h5,42
DOGE,doge_q1p2e+07,12000000.0,4320,3500.0,0.1,buy,DOGE_PPO_2,2026-01-19_steps_5s.parquet,/Users/jackfletcher/Desktop/FYP_Data/Replay_5s_DOGE/January/2026-01-19_steps_5s.parquet,8156,4320,-7.439987966552615e-05,9542693.21000002,0.1281986734814772,0.127665,113.97912764999381,2457306.790000004,0.7952244341666683,0.0,1.0,0.7439987966552685,DOGE_S2B2_lr0.0003_clip0.2_ent0.005_ep4_bs16_cl32_gamma0.999_lam0.95_seed1_H4320_Q3e+06_pov0.1_fee0,checkpoints/DOGE/DOGE_S2B2_lr0.0003_clip0.2_ent0.005_ep4_bs16_cl32_gamma0.999_lam0.95_seed1_H4320_Q3e+06_pov0.1_fee0/best.weights.h5,43
DOGE,doge_q1p2e+07,12000000.0,4320,3500.0,0.1,buy,DOGE_PPO_2,2026-01-22_steps_5s.parquet,/Users/jackfletcher/Desktop/FYP_Data/Replay_5s_DOGE/January/2026-01-22_steps_5s.parquet,3356,4320,-6.41310717840917e-05,9718479.229999974,0.12672544611823053,0.127245,97.92429874999999,2281520.7700000214,0.8098732691666646,0.0,1.0,0.6413107178409105,DOGE_S2B2_lr0.0003_clip0.2_ent0.005_ep4_bs16_cl32_gamma0.999_lam0.95_seed1_H4320_Q3e+06_pov0.1_fee0,checkpoints/DOGE/DOGE_S2B2_lr0.0003_clip0.2_ent0.005_ep4_bs16_cl32_gamma0.999_lam0.95_seed1_H4320_Q3e+06_pov0.1_fee0/best.weights.h5,44
DOGE,doge_q1p2e+07,12000000.0,4320,3500.0,0.1,buy,DOGE_PPO_2,2026-01-21_steps_5s.parquet,/Users/jackfletcher/Desktop/FYP_Data/Replay_5s_DOGE/January/2026-01-21_steps_5s.parquet,4881,4320,-8.024349773740804e-05,8999717.23999998,0.12426104108619798,0.125225,120.581904050005,3000282.7600000543,0.749976436666665,0.0,1.0,0.8024349773740933,DOGE_S2B2_lr0.0003_clip0.2_ent0.005_ep4_bs16_cl32_gamma0.999_lam0.95_seed1_H4320_Q3e+06_pov0.1_fee0,checkpoints/DOGE/DOGE_S2B2_lr0.0003_clip0.2_ent0.005_ep4_bs16_cl32_gamma0.999_lam0.95_seed1_H4320_Q3e+06_pov0.1_fee0/best.weights.h5,45
DOGE,doge_q1p2e+07,12000000.0,4320,3500.0,0.1,buy,DOGE_PPO_2,2026-01-30_steps_5s.parquet,/Users/jackfletcher/Desktop/FYP_Data/Replay_5s_DOGE/January/2026-01-30_steps_5s.parquet,2452,4320,-8.363272239153986e-05,8572053.769999998,0.11434333013327544,0.11485000000000001,115.26261800001994,3427946.2299999874,0.7143378141666665,0.0,1.0,0.8363272239153965,DOGE_S2B2_lr0.0003_clip0.2_ent0.005_ep4_bs16_cl32_gamma0.999_lam0.95_seed1_H4320_Q3e+06_pov0.1_fee0,checkpoints/DOGE/DOGE_S2B2_lr0.0003_clip0.2_ent0.005_ep4_bs16_cl32_gamma0.999_lam0.95_seed1_H4320_Q3e+06_pov0.1_fee0/best.weights.h5,46
DOGE,doge_q1p2e+07,12000000.0,4320,3500.0,0.1,buy,DOGE_PPO_2,2026-01-18_steps_5s.parquet,/Users/jackfletcher/Desktop/FYP_Data/Replay_5s_DOGE/January/2026-01-18_steps_5s.parquet,8667,4320,-9.718269969488425e-05,10847443.010000017,0.13697562195970459,0.137105,159.89080850000175,1152556.9899999676,0.903953584166668,0.0,1.0,0.9718269969488211,DOGE_S2B2_lr0.0003_clip0.2_ent0.005_ep4_bs16_cl32_gamma0.999_lam0.95_seed1_H4320_Q3e+06_pov0.1_fee0,checkpoints/DOGE/DOGE_S2B2_lr0.0003_clip0.2_ent0.005_ep4_bs16_cl32_gamma0.999_lam0.95_seed1_H4320_Q3e+06_pov0.1_fee0/best.weights.h5,47
DOGE,doge_q1p2e+07,12000000.0,4320,3500.0,0.1,buy,DOGE_PPO_2,2026-01-28_steps_5s.parquet,/Users/jackfletcher/Desktop/FYP_Data/Replay_5s_DOGE/January/2026-01-28_steps_5s.parquet,12724,4320,-0.00011161235895532841,9914044.250000022,0.12517669253275746,0.124665,166.9698567499929,2085955.749999988,0.8261703541666685,0.0,1.0,1.1161235895532888,DOGE_S2B2_lr0.0003_clip0.2_ent0.005_ep4_bs16_cl32_gamma0.999_lam0.95_seed1_H4320_Q3e+06_pov0.1_fee0,checkpoints/DOGE/DOGE_S2B2_lr0.0003_clip0.2_ent0.005_ep4_bs16_cl32_gamma0.999_lam0.95_seed1_H4320_Q3e+06_pov0.1_fee0/best.weights.h5,48
DOGE,doge_q1p2e+07,12000000.0,4320,3500.0,0.1,buy,DOGE_PPO_2,2026-01-29_steps_5s.parquet,/Users/jackfletcher/Desktop/FYP_Data/Replay_5s_DOGE/January/2026-01-29_steps_5s.parquet,11925,4320,-7.43435898930495e-05,8394778.870000003,0.11638302530105853,0.11579500000000001,103.30339189998708,3605221.1299999966,0.6995649058333335,0.0,1.0,0.7434358989304883,DOGE_S2B2_lr0.0003_clip0.2_ent0.005_ep4_bs16_cl32_gamma0.999_lam0.95_seed1_H4320_Q3e+06_pov0.1_fee0,checkpoints/DOGE/DOGE_S2B2_lr0.0003_clip0.2_ent0.005_ep4_bs16_cl32_gamma0.999_lam0.95_seed1_H4320_Q3e+06_pov0.1_fee0/best.weights.h5,49
DOGE,doge_q1p2e+07,12000000.0,4320,3500.0,0.1,buy,DOGE_PPO_2,2026-01-12_steps_5s.parquet,/Users/jackfletcher/Desktop/FYP_Data/Replay_5s_DOGE/January/2026-01-12_steps_5s.parquet,3419,4320,-5.608073957778713e-05,8272820.819999995,0.13871109744748455,0.140925,94.83813869999659,3727179.1800000453,0.6894017349999996,0.0,1.0,0.5608073957778759,DOGE_S2B2_lr0.0003_clip0.2_ent0.005_ep4_bs16_cl32_gamma0.999_lam0.95_seed1_H4320_Q3e+06_pov0.1_fee0,checkpoints/DOGE/DOGE_S2B2_lr0.0003_clip0.2_ent0.005_ep4_bs16_cl32_gamma0.999_lam0.95_seed1_H4320_Q3e+06_pov0.1_fee0/best.weights.h5,50
DOGE,doge_q1p2e+07,12000000.0,4320,3500.0,0.1,buy,DOGE_PPO_2,2026-01-30_steps_5s.parquet,/Users/jackfletcher/Desktop/FYP_Data/Replay_5s_DOGE/January/2026-01-30_steps_5s.parquet,6149,4320,-9.700114330874744e-05,9435746.219999988,0.11438183515967917,0.11388000000000001,132.5578824000016,2564253.780000009,0.786312184999999,0.0,1.0,0.9700114330874723,DOGE_S2B2_lr0.0003_clip0.2_ent0.005_ep4_bs16_cl32_gamma0.999_lam0.95_seed1_H4320_Q3e+06_pov0.1_fee0,checkpoints/DOGE/DOGE_S2B2_lr0.0003_clip0.2_ent0.005_ep4_bs16_cl32_gamma0.999_lam0.95_seed1_H4320_Q3e+06_pov0.1_fee0/best.weights.h5,51
DOGE,doge_q1p2e+07,12000000.0,4320,3500.0,0.1,buy,DOGE_PPO_2,2026-01-09_steps_5s.parquet,/Users/jackfletcher/Desktop/FYP_Data/Replay_5s_DOGE/January/2026-01-09_steps_5s.parquet,3935,4320,-5.788051417383119e-05,8721919.18,0.14169936050736257,0.142575,99.02777170000734,3278080.8200000236,0.7268265983333333,0.0,1.0,0.5788051417383093,DOGE_S2B2_lr0.0003_clip0.2_ent0.005_ep4_bs16_cl32_gamma0.999_lam0.95_seed1_H4320_Q3e+06_pov0.1_fee0,checkpoints/DOGE/DOGE_S2B2_lr0.0003_clip0.2_ent0.005_ep4_bs16_cl32_gamma0.999_lam0.95_seed1_H4320_Q3e+06_pov0.1_fee0/best.weights.h5,52
DOGE,doge_q1p2e+07,12000000.0,4320,3500.0,0.1,buy,DOGE_PPO_2,2026-01-22_steps_5s.parquet,/Users/jackfletcher/Desktop/FYP_Data/Replay_5s_DOGE/January/2026-01-22_steps_5s.parquet,12702,4320,-0.00013861888371145397,11146572.579999998,0.12440944970541819,0.12473999999999999,207.4958346500028,853427.4200000258,0.9288810483333332,0.0,1.0,1.3861888371145503,DOGE_S2B2_lr0.0003_clip0.2_ent0.005_ep4_bs16_cl32_gamma0.999_lam0.95_seed1_H4320_Q3e+06_pov0.1_fee0,checkpoints/DOGE/DOGE_S2B2_lr0.0003_clip0.2_ent0.005_ep4_bs16_cl32_gamma0.999_lam0.95_seed1_H4320_Q3e+06_pov0.1_fee0/best.weights.h5,53
DOGE,doge_q1p2e+07,12000000.0,4320,3500.0,0.1,buy,DOGE_PPO_2,2026-01-10_steps_5s.parquet,/Users/jackfletcher/Desktop/FYP_Data/Replay_5s_DOGE/January/2026-01-10_steps_5s.parquet,2486,4320,-6.285060412288649e-05,10566541.63999997,0.14006816415693504,0.140355,105.85675850000952,1433458.3600000173,0.8805451366666642,0.0,1.0,0.6285060412288455,DOGE_S2B2_lr0.0003_clip0.2_ent0.005_ep4_bs16_cl32_gamma0.999_lam0.95_seed1_H4320_Q3e+06_pov0.1_fee0,checkpoints/DOGE/DOGE_S2B2_lr0.0003_clip0.2_ent0.005_ep4_bs16_cl32_gamma0.999_lam0.95_seed1_H4320_Q3e+06_pov0.1_fee0/best.weights.h5,54
DOGE,doge_q1p2e+07,12000000.0,4320,3500.0,0.1,buy,DOGE_PPO_2,2026-01-24_steps_5s.parquet,/Users/jackfletcher/Desktop/FYP_Data/Replay_5s_DOGE/January/2026-01-24_steps_5s.parquet,368,4132,-0.00012190089322522953,11999999.999999987,0.12450525631922536,0.12468499999999999,182.39055446145173,5.825487117230552e-13,0.9999999999999989,1.0,0.0,1.2190089322522875,DOGE_S2B2_lr0.0003_clip0.2_ent0.005_ep4_bs16_cl32_gamma0.999_lam0.95_seed1_H4320_Q3e+06_pov0.1_fee0,checkpoints/DOGE/DOGE_S2B2_lr0.0003_clip0.2_ent0.005_ep4_bs16_cl32_gamma0.999_lam0.95_seed1_H4320_Q3e+06_pov0.1_fee0/best.weights.h5,55
DOGE,doge_q1p2e+07,12000000.0,4320,3500.0,0.1,buy,DOGE_PPO_2,2026-01-18_steps_5s.parquet,/Users/jackfletcher/Desktop/FYP_Data/Replay_5s_DOGE/January/2026-01-18_steps_5s.parquet,10156,4320,-7.954797825584329e-05,10813870.909999989,0.13706400556109483,0.136895,130.6766458000007,1186129.0900000148,0.9011559091666658,0.0,1.0,0.7954797825584129,DOGE_S2B2_lr0.0003_clip0.2_ent0.005_ep4_bs16_cl32_gamma0.999_lam0.95_seed1_H4320_Q3e+06_pov0.1_fee0,checkpoints/DOGE/DOGE_S2B2_lr0.0003_clip0.2_ent0.005_ep4_bs16_cl32_gamma0.999_lam0.95_seed1_H4320_Q3e+06_pov0.1_fee0/best.weights.h5,56
DOGE,doge_q1p2e+07,12000000.0,4320,3500.0,0.1,buy,DOGE_PPO_2,2026-01-21_steps_5s.parquet,/Users/jackfletcher/Desktop/FYP_Data/Replay_5s_DOGE/January/2026-01-21_steps_5s.parquet,5464,4320,-7.040342520521999e-05,8698178.44999998,0.12403761869966026,0.12526500000000002,105.82902069998298,3301821.5500000417,0.7248482041666651,0.0,1.0,0.7040342520522024,DOGE_S2B2_lr0.0003_clip0.2_ent0.005_ep4_bs16_cl32_gamma0.999_lam0.95_seed1_H4320_Q3e+06_pov0.1_fee0,checkpoints/DOGE/DOGE_S2B2_lr0.0003_clip0.2_ent0.005_ep4_bs16_cl32_gamma0.999_lam0.95_seed1_H4320_Q3e+06_pov0.1_fee0/best.weights.h5,57
DOGE,doge_q1p2e+07,12000000.0,4320,3500.0,0.1,buy,DOGE_PPO_2,2026-01-26_steps_5s.parquet,/Users/jackfletcher/Desktop/FYP_Data/Replay_5s_DOGE/January/2026-01-26_steps_5s.parquet,12127,4320,-9.707848939092917e-05,10067000.889999986,0.12244997970877267,0.123165,143.48006575000537,1932999.1100000178,0.8389167408333321,0.0,1.0,0.9707848939092909,DOGE_S2B2_lr0.0003_clip0.2_ent0.005_ep4_bs16_cl32_gamma0.999_lam0.95_seed1_H4320_Q3e+06_pov0.1_fee0,checkpoints/DOGE/DOGE_S2B2_lr0.0003_clip0.2_ent0.005_ep4_bs16_cl32_gamma0.999_lam0.95_seed1_H4320_Q3e+06_pov0.1_fee0/best.weights.h5,58
DOGE,doge_q1p2e+07,12000000.0,4320,3500.0,0.1,buy,DOGE_PPO_2,2026-01-25_steps_5s.parquet,/Users/jackfletcher/Desktop/FYP_Data/Replay_5s_DOGE/January/2026-01-25_steps_5s.parquet,6235,4320,-8.965041934891763e-05,10671532.220000003,0.1230789209866992,0.12272,132.0227935499917,1328467.7800000384,0.8892943516666669,0.0,1.0,0.8965041934891873,DOGE_S2B2_lr0.0003_clip0.2_ent0.005_ep4_bs16_cl32_gamma0.999_lam0.95_seed1_H4320_Q3e+06_pov0.1_fee0,checkpoints/DOGE/DOGE_S2B2_lr0.0003_clip0.2_ent0.005_ep4_bs16_cl32_gamma0.999_lam0.95_seed1_H4320_Q3e+06_pov0.1_fee0/best.weights.h5,59
DOGE,doge_q1p2e+07,12000000.0,4320,3500.0,0.1,buy,DOGE_PPO_2,2026-01-26_steps_5s.parquet,/Users/jackfletcher/Desktop/FYP_Data/Replay_5s_DOGE/January/2026-01-26_steps_5s.parquet,11337,4320,-7.759405051002694e-05,9102191.869999988,0.12240623532038312,0.12189,113.49526580000746,2897808.129999988,0.7585159891666656,0.0,1.0,0.775940505100278,DOGE_S2B2_lr0.0003_clip0.2_ent0.005_ep4_bs16_cl32_gamma0.999_lam0.95_seed1_H4320_Q3e+06_pov0.1_fee0,checkpoints/DOGE/DOGE_S2B2_lr0.0003_clip0.2_ent0.005_ep4_bs16_cl32_gamma0.999_lam0.95_seed1_H4320_Q3e+06_pov0.1_fee0/best.weights.h5,60
DOGE,doge_q1p2e+07,12000000.0,4320,3500.0,0.1,buy,DOGE_PPO_2,2026-01-18_steps_5s.parquet,/Users/jackfletcher/Desktop/FYP_Data/Replay_5s_DOGE/January/2026-01-18_steps_5s.parquet,81,4320,-9.057424889057807e-05,11411912.490000023,0.13739403881200743,0.13783499999999999,149.81161914999333,588087.5099999807,0.9509927075000019,0.0,1.0,0.9057424889057771,DOGE_S2B2_lr0.0003_clip0.2_ent0.005_ep4_bs16_cl32_gamma0.999_lam0.95_seed1_H4320_Q3e+06_pov0.1_fee0,checkpoints/DOGE/DOGE_S2B2_lr0.0003_clip0.2_ent0.005_ep4_bs16_cl32_gamma0.999_lam0.95_seed1_H4320_Q3e+06_pov0.1_fee0/best.weights.h5,61
DOGE,doge_q1p2e+07,12000000.0,4320,3500.0,0.1,buy,DOGE_PPO_2,2026-01-20_steps_5s.parquet,/Users/jackfletcher/Desktop/FYP_Data/Replay_5s_DOGE/January/2026-01-20_steps_5s.parquet,2539,4320,-6.575981652541102e-05,8240667.150000024,0.1272053652105457,0.128015,101.01891495000541,3759332.85000001,0.686722262500002,0.0,1.0,0.6575981652541071,DOGE_S2B2_lr0.0003_clip0.2_ent0.005_ep4_bs16_cl32_gamma0.999_lam0.95_seed1_H4320_Q3e+06_pov0.1_fee0,checkpoints/DOGE/DOGE_S2B2_lr0.0003_clip0.2_ent0.005_ep4_bs16_cl32_gamma0.999_lam0.95_seed1_H4320_Q3e+06_pov0.1_fee0/best.weights.h5,62
DOGE,doge_q1p2e+07,12000000.0,4320,3500.0,0.1,buy,DOGE_PPO_2,2026-01-23_steps_5s.parquet,/Users/jackfletcher/Desktop/FYP_Data/Replay_5s_DOGE/January/2026-01-23_steps_5s.parquet,7148,4320,-0.00010388985019289828,10708173.189999988,0.12466340502649216,0.124855,155.654006950012,1291826.8100000047,0.8923477658333323,0.0,1.0,1.0388985019289843,DOGE_S2B2_lr0.0003_clip0.2_ent0.005_ep4_bs16_cl32_gamma0.999_lam0.95_seed1_H4320_Q3e+06_pov0.1_fee0,checkpoints/DOGE/DOGE_S2B2_lr0.0003_clip0.2_ent0.005_ep4_bs16_cl32_gamma0.999_lam0.95_seed1_H4320_Q3e+06_pov0.1_fee0/best.weights.h5,63
DOGE,doge_q1p2e+07,12000000.0,4320,3500.0,0.1,buy,DOGE_PPO_2,2026-01-26_steps_5s.parquet,/Users/jackfletcher/Desktop/FYP_Data/Replay_5s_DOGE/January/2026-01-26_steps_5s.parquet,4398,4320,-6.524918624586756e-05,9930979.65000001,0.12140715340790167,0.12151500000000001,95.14505840000072,2069020.350000014,0.8275816375000008,0.0,1.0,0.6524918624586863,DOGE_S2B2_lr0.0003_clip0.2_ent0.005_ep4_bs16_cl32_gamma0.999_lam0.95_seed1_H4320_Q3e+06_pov0.1_fee0,checkpoints/DOGE/DOGE_S2B2_lr0.0003_clip0.2_ent0.005_ep4_bs16_cl32_gamma0.999_lam0.95_seed1_H4320_Q3e+06_pov0.1_fee0/best.weights.h5,64
DOGE,doge_q1p2e+07,12000000.0,4320,3500.0,0.1,buy,DOGE_PPO_2,2026-01-10_steps_5s.parquet,/Users/jackfletcher/Desktop/FYP_Data/Replay_5s_DOGE/January/2026-01-10_steps_5s.parquet,4191,4320,-6.279698142342373e-05,10670121.730000006,0.1400802961439686,0.14032,105.74006920001786,1329878.2699999649,0.8891768108333339,0.0,1.0,0.6279698142342376,DOGE_S2B2_lr0.0003_clip0.2_ent0.005_ep4_bs16_cl32_gamma0.999_lam0.95_seed1_H4320_Q3e+06_pov0.1_fee0,checkpoints/DOGE/DOGE_S2B2_lr0.0003_clip0.2_ent0.005_ep4_bs16_cl32_gamma0.999_lam0.95_seed1_H4320_Q3e+06_pov0.1_fee0/best.weights.h5,65
DOGE,doge_q1p2e+07,12000000.0,4320,3500.0,0.1,buy,DOGE_PPO_2,2026-01-22_steps_5s.parquet,/Users/jackfletcher/Desktop/FYP_Data/Replay_5s_DOGE/January/2026-01-22_steps_5s.parquet,11691,4320,-0.00010650495456920723,10202023.079999993,0.12457997728678954,0.124365,158.94586409999357,1797976.9199999685,0.8501685899999993,0.0,1.0,1.065049545692073,DOGE_S2B2_lr0.0003_clip0.2_ent0.005_ep4_bs16_cl32_gamma0.999_lam0.95_seed1_H4320_Q3e+06_pov0.1_fee0,checkpoints/DOGE/DOGE_S2B2_lr0.0003_clip0.2_ent0.005_ep4_bs16_cl32_gamma0.999_lam0.95_seed1_H4320_Q3e+06_pov0.1_fee0/best.weights.h5,66
DOGE,doge_q1p2e+07,12000000.0,4320,3500.0,0.1,buy,DOGE_PPO_2,2026-01-10_steps_5s.parquet,/Users/jackfletcher/Desktop/FYP_Data/Replay_5s_DOGE/January/2026-01-10_steps_5s.parquet,3458,4320,-5.704784751241463e-05,10376082.009999998,0.14011150646520376,0.139995,95.83696095000232,1623917.9899999935,0.8646735008333332,0.0,1.0,0.5704784751241254,DOGE_S2B2_lr0.0003_clip0.2_ent0.005_ep4_bs16_cl32_gamma0.999_lam0.95_seed1_H4320_Q3e+06_pov0.1_fee0,checkpoints/DOGE/DOGE_S2B2_lr0.0003_clip0.2_ent0.005_ep4_bs16_cl32_gamma0.999_lam0.95_seed1_H4320_Q3e+06_pov0.1_fee0/best.weights.h5,67
DOGE,doge_q1p2e+07,12000000.0,4320,3500.0,0.1,buy,DOGE_PPO_2,2026-01-10_steps_5s.parquet,/Users/jackfletcher/Desktop/FYP_Data/Replay_5s_DOGE/January/2026-01-10_steps_5s.parquet,2954,4320,-5.8786452007107954e-05,10419603.01999997,0.14005601370056878,0.139795,98.61662470000623,1580396.9800000084,0.8683002516666641,0.0,1.0,0.5878645200710936,DOGE_S2B2_lr0.0003_clip0.2_ent0.005_ep4_bs16_cl32_gamma0.999_lam0.95_seed1_H4320_Q3e+06_pov0.1_fee0,checkpoints/DOGE/DOGE_S2B2_lr0.0003_clip0.2_ent0.005_ep4_bs16_cl32_gamma0.999_lam0.95_seed1_H4320_Q3e+06_pov0.1_fee0/best.weights.h5,68
DOGE,doge_q1p2e+07,12000000.0,4320,3500.0,0.1,buy,DOGE_PPO_2,2026-01-16_steps_5s.parquet,/Users/jackfletcher/Desktop/FYP_Data/Replay_5s_DOGE/January/2026-01-16_steps_5s.parquet,9149,4320,-6.350591414911102e-05,8436431.740000008,0.13717380467634735,0.13786500000000002,105.06291425000562,3563568.259999985,0.703035978333334,0.0,1.0,0.6350591414911061,DOGE_S2B2_lr0.0003_clip0.2_ent0.005_ep4_bs16_cl32_gamma0.999_lam0.95_seed1_H4320_Q3e+06_pov0.1_fee0,checkpoints/DOGE/DOGE_S2B2_lr0.0003_clip0.2_ent0.005_ep4_bs16_cl32_gamma0.999_lam0.95_seed1_H4320_Q3e+06_pov0.1_fee0/best.weights.h5,69
DOGE,doge_q1p2e+07,12000000.0,4320,3500.0,0.1,buy,DOGE_PPO_2,2026-01-14_steps_5s.parquet,/Users/jackfletcher/Desktop/FYP_Data/Replay_5s_DOGE/January/2026-01-14_steps_5s.parquet,3427,4320,-7.471524026119849e-05,8281952.960000007,0.14805761026821831,0.148675,133.29946015000493,3718047.0400000033,0.6901627466666673,0.0,1.0,0.7471524026119888,DOGE_S2B2_lr0.0003_clip0.2_ent0.005_ep4_bs16_cl32_gamma0.999_lam0.95_seed1_H4320_Q3e+06_pov0.1_fee0,checkpoints/DOGE/DOGE_S2B2_lr0.0003_clip0.2_ent0.005_ep4_bs16_cl32_gamma0.999_lam0.95_seed1_H4320_Q3e+06_pov0.1_fee0/best.weights.h5,70
DOGE,doge_q1p2e+07,12000000.0,4320,3500.0,0.1,buy,DOGE_PPO_2,2026-01-28_steps_5s.parquet,/Users/jackfletcher/Desktop/FYP_Data/Replay_5s_DOGE/January/2026-01-28_steps_5s.parquet,9645,4320,-7.942706399645315e-05,8384041.019999988,0.1249863787717133,0.12627,120.35106444998567,3615958.980000053,0.698670084999999,0.0,1.0,0.7942706399645315,DOGE_S2B2_lr0.0003_clip0.2_ent0.005_ep4_bs16_cl32_gamma0.999_lam0.95_seed1_H4320_Q3e+06_pov0.1_fee0,checkpoints/DOGE/DOGE_S2B2_lr0.0003_clip0.2_ent0.005_ep4_bs16_cl32_gamma0.999_lam0.95_seed1_H4320_Q3e+06_pov0.1_fee0/best.weights.h5,71
DOGE,doge_q1p2e+07,12000000.0,4320,3500.0,0.1,buy,DOGE_PPO_2,2026-01-21_steps_5s.parquet,/Users/jackfletcher/Desktop/FYP_Data/Replay_5s_DOGE/January/2026-01-21_steps_5s.parquet,4037,4320,-7.289535512928056e-05,9302437.509999987,0.12486801354987004,0.125635,109.89849530000612,2697562.490000047,0.7752031258333322,0.0,1.0,0.7289535512928067,DOGE_S2B2_lr0.0003_clip0.2_ent0.005_ep4_bs16_cl32_gamma0.999_lam0.95_seed1_H4320_Q3e+06_pov0.1_fee0,checkpoints/DOGE/DOGE_S2B2_lr0.0003_clip0.2_ent0.005_ep4_bs16_cl32_gamma0.999_lam0.95_seed1_H4320_Q3e+06_pov0.1_fee0/best.weights.h5,72
DOGE,doge_q1p2e+07,12000000.0,4320,3500.0,0.1,buy,DOGE_PPO_2,2026-01-23_steps_5s.parquet,/Users/jackfletcher/Desktop/FYP_Data/Replay_5s_DOGE/January/2026-01-23_steps_5s.parquet,6555,4320,-0.00010666052694457417,11164888.199999988,0.12470655608272013,0.124855,159.80520109997863,835111.8000000103,0.930407349999999,0.0,1.0,1.066605269445748,DOGE_S2B2_lr0.0003_clip0.2_ent0.005_ep4_bs16_cl32_gamma0.999_lam0.95_seed1_H4320_Q3e+06_pov0.1_fee0,checkpoints/DOGE/DOGE_S2B2_lr0.0003_clip0.2_ent0.005_ep4_bs16_cl32_gamma0.999_lam0.95_seed1_H4320_Q3e+06_pov0.1_fee0/best.weights.h5,73
DOGE,doge_q1p2e+07,12000000.0,4320,3500.0,0.1,buy,DOGE_PPO_2,2026-01-27_steps_5s.parquet,/Users/jackfletcher/Desktop/FYP_Data/Replay_5s_DOGE/January/2026-01-27_steps_5s.parquet,5373,4320,-7.787888672061306e-05,10976845.730000002,0.1221428968608633,0.12234500000000001,114.33710875000183,1023154.2700000393,0.9147371441666668,0.0,1.0,0.7787888672061373,DOGE_S2B2_lr0.0003_clip0.2_ent0.005_ep4_bs16_cl32_gamma0.999_lam0.95_seed1_H4320_Q3e+06_pov0.1_fee0,checkpoints/DOGE/DOGE_S2B2_lr0.0003_clip0.2_ent0.005_ep4_bs16_cl32_gamma0.999_lam0.95_seed1_H4320_Q3e+06_pov0.1_fee0/best.weights.h5,74
DOGE,doge_q1p2e+07,12000000.0,4320,3500.0,0.1,buy,DOGE_PPO_2,2026-01-27_steps_5s.parquet,/Users/jackfletcher/Desktop/FYP_Data/Replay_5s_DOGE/January/2026-01-27_steps_5s.parquet,1580,4320,-0.00010262468050803002,11885704.05999999,0.12267483327103805,0.12276000000000001,151.17846934998715,114295.9400000202,0.9904753383333325,0.0,1.0,1.0262468050802864,DOGE_S2B2_lr0.0003_clip0.2_ent0.005_ep4_bs16_cl32_gamma0.999_lam0.95_seed1_H4320_Q3e+06_pov0.1_fee0,checkpoints/DOGE/DOGE_S2B2_lr0.0003_clip0.2_ent0.005_ep4_bs16_cl32_gamma0.999_lam0.95_seed1_H4320_Q3e+06_pov0.1_fee0/best.weights.h5,75
DOGE,doge_q1p2e+07,12000000.0,4320,3500.0,0.1,buy,DOGE_PPO_2,2026-01-10_steps_5s.parquet,/Users/jackfletcher/Desktop/FYP_Data/Replay_5s_DOGE/January/2026-01-10_steps_5s.parquet,1378,4320,-7.316721136588501e-05,10756789.780000009,0.14014810357883528,0.140215,123.10968650000984,1243210.2199999948,0.896399148333334,0.0,1.0,0.7316721136588444,DOGE_S2B2_lr0.0003_clip0.2_ent0.005_ep4_bs16_cl32_gamma0.999_lam0.95_seed1_H4320_Q3e+06_pov0.1_fee0,checkpoints/DOGE/DOGE_S2B2_lr0.0003_clip0.2_ent0.005_ep4_bs16_cl32_gamma0.999_lam0.95_seed1_H4320_Q3e+06_pov0.1_fee0/best.weights.h5,76
DOGE,doge_q1p2e+07,12000000.0,4320,3500.0,0.1,buy,DOGE_PPO_2,2026-01-09_steps_5s.parquet,/Users/jackfletcher/Desktop/FYP_Data/Replay_5s_DOGE/January/2026-01-09_steps_5s.parquet,10394,4320,-7.576285603178239e-05,7374133.279999984,0.14102465517424193,0.13929,126.63609860000341,4625866.7199999895,0.6145111066666654,0.0,1.0,0.7576285603178226,DOGE_S2B2_lr0.0003_clip0.2_ent0.005_ep4_bs16_cl32_gamma0.999_lam0.95_seed1_H4320_Q3e+06_pov0.1_fee0,checkpoints/DOGE/DOGE_S2B2_lr0.0003_clip0.2_ent0.005_ep4_bs16_cl32_gamma0.999_lam0.95_seed1_H4320_Q3e+06_pov0.1_fee0/best.weights.h5,77
DOGE,doge_q1p2e+07,12000000.0,4320,3500.0,0.1,buy,DOGE_PPO_2,2026-01-12_steps_5s.parquet,/Users/jackfletcher/Desktop/FYP_Data/Replay_5s_DOGE/January/2026-01-12_steps_5s.parquet,9090,4320,-7.834907718551818e-05,7605200.960000007,0.13757083726078134,0.136295,128.14304970000185,4394799.040000011,0.6337667466666673,0.0,1.0,0.7834907718551785,DOGE_S2B2_lr0.0003_clip0.2_ent0.005_ep4_bs16_cl32_gamma0.999_lam0.95_seed1_H4320_Q3e+06_pov0.1_fee0,checkpoints/DOGE/DOGE_S2B2_lr0.0003_clip0.2_ent0.005_ep4_bs16_cl32_gamma0.999_lam0.95_seed1_H4320_Q3e+06_pov0.1_fee0/best.weights.h5,78
DOGE,doge_q1p2e+07,12000000.0,4320,3500.0,0.1,buy,DOGE_PPO_2,2026-01-11_steps_5s.parquet,/Users/jackfletcher/Desktop/FYP_Data/Replay_5s_DOGE/January/2026-01-11_steps_5s.parquet,4014,4320,-7.18418259183449e-05,10448158.899999999,0.13980304750767134,0.139245,120.04338059999672,1551841.0999999961,0.8706799083333332,0.0,1.0,0.718418259183434,DOGE_S2B2_lr0.0003_clip0.2_ent0.005_ep4_bs16_cl32_gamma0.999_lam0.95_seed1_H4320_Q3e+06_pov0.1_fee0,checkpoints/DOGE/DOGE_S2B2_lr0.0003_clip0.2_ent0.005_ep4_bs16_cl32_gamma0.999_lam0.95_seed1_H4320_Q3e+06_pov0.1_fee0/best.weights.h5,79
DOGE,doge_q1p2e+07,12000000.0,4320,3500.0,0.1,buy,DOGE_PPO_2,2026-01-09_steps_5s.parquet,/Users/jackfletcher/Desktop/FYP_Data/Replay_5s_DOGE/January/2026-01-09_steps_5s.parquet,10257,4320,-7.290494751434012e-05,7318352.019999986,0.14101363766558758,0.13916499999999998,121.74980424999755,4681647.979999974,0.6098626683333321,0.0,1.0,0.7290494751434003,DOGE_S2B2_lr0.0003_clip0.2_ent0.005_ep4_bs16_cl32_gamma0.999_lam0.95_seed1_H4320_Q3e+06_pov0.1_fee0,checkpoints/DOGE/DOGE_S2B2_lr0.0003_clip0.2_ent0.005_ep4_bs16_cl32_gamma0.999_lam0.95_seed1_H4320_Q3e+06_pov0.1_fee0/best.weights.h5,80
DOGE,doge_q1p2e+07,12000000.0,4320,3500.0,0.1,buy,DOGE_PPO_2,2026-01-08_steps_5s.parquet,/Users/jackfletcher/Desktop/FYP_Data/Replay_5s_DOGE/January/2026-01-08_steps_5s.parquet,10024,4320,-5.756075583199188e-05,6157474.969999995,0.14150616921796452,0.139675,96.47758285000114,5842525.03000005,0.5131229141666662,0.0,1.0,0.5756075583199162,DOGE_S2B2_lr0.0003_clip0.2_ent0.005_ep4_bs16_cl32_gamma0.999_lam0.95_seed1_H4320_Q3e+06_pov0.1_fee0,checkpoints/DOGE/DOGE_S2B2_lr0.0003_clip0.2_ent0.005_ep4_bs16_cl32_gamma0.999_lam0.95_seed1_H4320_Q3e+06_pov0.1_fee0/best.weights.h5,81
DOGE,doge_q1p2e+07,12000000.0,4320,3500.0,0.1,buy,DOGE_PPO_2,2026-01-31_steps_5s.parquet,/Users/jackfletcher/Desktop/FYP_Data/Replay_5s_DOGE/January/2026-01-31_steps_5s.parquet,5087,4320,-9.510377332397251e-05,9184447.24000003,0.11205612291226932,0.113885,129.9707187000069,2815552.759999963,0.7653706033333358,0.0,1.0,0.9510377332397222,DOGE_S2B2_lr0.0003_clip0.2_ent0.005_ep4_bs16_cl32_gamma0.999_lam0.95_seed1_H4320_Q3e+06_pov0.1_fee0,checkpoints/DOGE/DOGE_S2B2_lr0.0003_clip0.2_ent0.005_ep4_bs16_cl32_gamma0.999_lam0.95_seed1_H4320_Q3e+06_pov0.1_fee0/best.weights.h5,82
DOGE,doge_q1p2e+07,12000000.0,4320,3500.0,0.1,buy,DOGE_PPO_2,2026-01-10_steps_5s.parquet,/Users/jackfletcher/Desktop/FYP_Data/Replay_5s_DOGE/January/2026-01-10_steps_5s.parquet,6411,4320,-6.500675670354745e-05,11022252.259999987,0.14008691690777944,0.13966499999999998,108.95002410001347,977747.7400000396,0.9185210216666656,0.0,1.0,0.6500675670354866,DOGE_S2B2_lr0.0003_clip0.2_ent0.005_ep4_bs16_cl32_gamma0.999_lam0.95_seed1_H4320_Q3e+06_pov0.1_fee0,checkpoints/DOGE/DOGE_S2B2_lr0.0003_clip0.2_ent0.005_ep4_bs16_cl32_gamma0.999_lam0.95_seed1_H4320_Q3e+06_pov0.1_fee0/best.weights.h5,83
DOGE,doge_q1p2e+07,12000000.0,4320,3500.0,0.1,buy,DOGE_PPO_2,2026-01-25_steps_5s.parquet,/Users/jackfletcher/Desktop/FYP_Data/Replay_5s_DOGE/January/2026-01-25_steps_5s.parquet,10823,4320,-7.423988414258866e-05,7497693.479999979,0.1203803967553902,0.122025,108.70946234999334,4502306.520000011,0.6248077899999982,0.0,1.0,0.7423988414258919,DOGE_S2B2_lr0.0003_clip0.2_ent0.005_ep4_bs16_cl32_gamma0.999_lam0.95_seed1_H4320_Q3e+06_pov0.1_fee0,checkpoints/DOGE/DOGE_S2B2_lr0.0003_clip0.2_ent0.005_ep4_bs16_cl32_gamma0.999_lam0.95_seed1_H4320_Q3e+06_pov0.1_fee0/best.weights.h5,84
DOGE,doge_q1p2e+07,12000000.0,4320,3500.0,0.1,buy,DOGE_PPO_2,2026-01-10_steps_5s.parquet,/Users/jackfletcher/Desktop/FYP_Data/Replay_5s_DOGE/January/2026-01-10_steps_5s.parquet,7484,4320,-5.810683972188224e-05,10983122.159999993,0.14007524308369287,0.140225,97.7763792000094,1016877.8400000124,0.9152601799999994,0.0,1.0,0.5810683972188115,DOGE_S2B2_lr0.0003_clip0.2_ent0.005_ep4_bs16_cl32_gamma0.999_lam0.95_seed1_H4320_Q3e+06_pov0.1_fee0,checkpoints/DOGE/DOGE_S2B2_lr0.0003_clip0.2_ent0.005_ep4_bs16_cl32_gamma0.999_lam0.95_seed1_H4320_Q3e+06_pov0.1_fee0/best.weights.h5,85
DOGE,doge_q1p2e+07,12000000.0,4320,3500.0,0.1,buy,DOGE_PPO_2,2026-01-28_steps_5s.parquet,/Users/jackfletcher/Desktop/FYP_Data/Replay_5s_DOGE/January/2026-01-28_steps_5s.parquet,6282,4320,-8.717072621510657e-05,9293750.19999999,0.12633105499090122,0.12564,131.42556049999345,2706249.7999999877,0.7744791833333325,0.0,1.0,0.8717072621510762,DOGE_S2B2_lr0.0003_clip0.2_ent0.005_ep4_bs16_cl32_gamma0.999_lam0.95_seed1_H4320_Q3e+06_pov0.1_fee0,checkpoints/DOGE/DOGE_S2B2_lr0.0003_clip0.2_ent0.005_ep4_bs16_cl32_gamma0.999_lam0.95_seed1_H4320_Q3e+06_pov0.1_fee0/best.weights.h5,86
DOGE,doge_q1p2e+07,12000000.0,4320,3500.0,0.1,buy,DOGE_PPO_2,2026-01-09_steps_5s.parquet,/Users/jackfletcher/Desktop/FYP_Data/Replay_5s_DOGE/January/2026-01-09_steps_5s.parquet,3602,4320,-5.3731295526075065e-05,8710169.809999982,0.1418665588447589,0.142455,91.85150045000319,3289830.190000039,0.7258474841666651,0.0,1.0,0.5373129552607442,DOGE_S2B2_lr0.0003_clip0.2_ent0.005_ep4_bs16_cl32_gamma0.999_lam0.95_seed1_H4320_Q3e+06_pov0.1_fee0,checkpoints/DOGE/DOGE_S2B2_lr0.0003_clip0.2_ent0.005_ep4_bs16_cl32_gamma0.999_lam0.95_seed1_H4320_Q3e+06_pov0.1_fee0/best.weights.h5,87
DOGE,doge_q1p2e+07,12000000.0,4320,3500.0,0.1,buy,DOGE_PPO_2,2026-01-16_steps_5s.parquet,/Users/jackfletcher/Desktop/FYP_Data/Replay_5s_DOGE/January/2026-01-16_steps_5s.parquet,7500,4320,-6.359304860737797e-05,9423383.740000017,0.13775490116504555,0.139125,106.16859465001882,2576616.2599999695,0.7852819783333348,0.0,1.0,0.6359304860737874,DOGE_S2B2_lr0.0003_clip0.2_ent0.005_ep4_bs16_cl32_gamma0.999_lam0.95_seed1_H4320_Q3e+06_pov0.1_fee0,checkpoints/DOGE/DOGE_S2B2_lr0.0003_clip0.2_ent0.005_ep4_bs16_cl32_gamma0.999_lam0.95_seed1_H4320_Q3e+06_pov0.1_fee0/best.weights.h5,88
DOGE,doge_q1p2e+07,12000000.0,4320,3500.0,0.1,buy,DOGE_PPO_2,2026-01-18_steps_5s.parquet,/Users/jackfletcher/Desktop/FYP_Data/Replay_5s_DOGE/January/2026-01-18_steps_5s.parquet,10745,4320,-8.332482245914387e-05,11029791.789999979,0.13707896604954886,0.137175,137.16099024999633,970208.210000009,0.9191493158333316,0.0,1.0,0.8332482245914363,DOGE_S2B2_lr0.0003_clip0.2_ent0.005_ep4_bs16_cl32_gamma0.999_lam0.95_seed1_H4320_Q3e+06_pov0.1_fee0,checkpoints/DOGE/DOGE_S2B2_lr0.0003_clip0.2_ent0.005_ep4_bs16_cl32_gamma0.999_lam0.95_seed1_H4320_Q3e+06_pov0.1_fee0/best.weights.h5,89
DOGE,doge_q1p2e+07,12000000.0,4320,3500.0,0.1,buy,DOGE_PPO_2,2026-01-16_steps_5s.parquet,/Users/jackfletcher/Desktop/FYP_Data/Replay_5s_DOGE/January/2026-01-16_steps_5s.parquet,3534,4320,-8.340103058390204e-05,10209882.969999997,0.13977264448098764,0.138635,138.74762249998912,1790117.0300000329,0.8508235808333331,0.0,1.0,0.8340103058390084,DOGE_S2B2_lr0.0003_clip0.2_ent0.005_ep4_bs16_cl32_gamma0.999_lam0.95_seed1_H4320_Q3e+06_pov0.1_fee0,checkpoints/DOGE/DOGE_S2B2_lr0.0003_clip0.2_ent0.005_ep4_bs16_cl32_gamma0.999_lam0.95_seed1_H4320_Q3e+06_pov0.1_fee0/best.weights.h5,90
DOGE,doge_q1p2e+07,12000000.0,4320,3500.0,0.1,buy,DOGE_PPO_2,2026-01-27_steps_5s.parquet,/Users/jackfletcher/Desktop/FYP_Data/Replay_5s_DOGE/January/2026-01-27_steps_5s.parquet,9263,4320,-8.009243502686153e-05,8277259.33,0.12269871644339311,0.12223,117.47637999999868,3722740.669999998,0.6897716108333334,0.0,1.0,0.8009243502686103,DOGE_S2B2_lr0.0003_clip0.2_ent0.005_ep4_bs16_cl32_gamma0.999_lam0.95_seed1_H4320_Q3e+06_pov0.1_fee0,checkpoints/DOGE/DOGE_S2B2_lr0.0003_clip0.2_ent0.005_ep4_bs16_cl32_gamma0.999_lam0.95_seed1_H4320_Q3e+06_pov0.1_fee0/best.weights.h5,91
DOGE,doge_q1p2e+07,12000000.0,4320,3500.0,0.1,buy,DOGE_PPO_2,2026-01-10_steps_5s.parquet,/Users/jackfletcher/Desktop/FYP_Data/Replay_5s_DOGE/January/2026-01-10_steps_5s.parquet,5886,4320,-5.720061755555365e-05,10794454.220000003,0.14008919524091518,0.140345,96.33384805000946,1205545.7800000147,0.8995378516666669,0.0,1.0,0.5720061755555326,DOGE_S2B2_lr0.0003_clip0.2_ent0.005_ep4_bs16_cl32_gamma0.999_lam0.95_seed1_H4320_Q3e+06_pov0.1_fee0,checkpoints/DOGE/DOGE_S2B2_lr0.0003_clip0.2_ent0.005_ep4_bs16_cl32_gamma0.999_lam0.95_seed1_H4320_Q3e+06_pov0.1_fee0/best.weights.h5,92
DOGE,doge_q1p2e+07,12000000.0,4320,3500.0,0.1,buy,DOGE_PPO_2,2026-01-18_steps_5s.parquet,/Users/jackfletcher/Desktop/FYP_Data/Replay_5s_DOGE/January/2026-01-18_steps_5s.parquet,116,4320,-9.09233036221105e-05,11531780.820000023,0.13739312736602063,0.13799499999999998,150.56353539999878,468219.17999998934,0.9609817350000018,0.0,1.0,0.909233036221112,DOGE_S2B2_lr0.0003_clip0.2_ent0.005_ep4_bs16_cl32_gamma0.999_lam0.95_seed1_H4320_Q3e+06_pov0.1_fee0,checkpoints/DOGE/DOGE_S2B2_lr0.0003_clip0.2_ent0.005_ep4_bs16_cl32_gamma0.999_lam0.95_seed1_H4320_Q3e+06_pov0.1_fee0/best.weights.h5,93
DOGE,doge_q1p2e+07,12000000.0,4320,3500.0,0.1,buy,DOGE_PPO_2,2026-01-11_steps_5s.parquet,/Users/jackfletcher/Desktop/FYP_Data/Replay_5s_DOGE/January/2026-01-11_steps_5s.parquet,11887,4320,-6.373895880492855e-05,9765139.380000005,0.13776514099883688,0.139155,106.43513774999802,2234860.620000016,0.8137616150000003,0.0,1.0,0.6373895880492857,DOGE_S2B2_lr0.0003_clip0.2_ent0.005_ep4_bs16_cl32_gamma0.999_lam0.95_seed1_H4320_Q3e+06_pov0.1_fee0,checkpoints/DOGE/DOGE_S2B2_lr0.0003_clip0.2_ent0.005_ep4_bs16_cl32_gamma0.999_lam0.95_seed1_H4320_Q3e+06_pov0.1_fee0/best.weights.h5,94
DOGE,doge_q1p2e+07,12000000.0,4320,3500.0,0.1,buy,DOGE_PPO_2,2026-01-22_steps_5s.parquet,/Users/jackfletcher/Desktop/FYP_Data/Replay_5s_DOGE/January/2026-01-22_steps_5s.parquet,4421,4320,-6.523274031451028e-05,9629423.179999996,0.1264670363543415,0.126865,99.30901920000352,2370576.820000059,0.8024519316666663,0.0,1.0,0.6523274031450986,DOGE_S2B2_lr0.0003_clip0.2_ent0.005_ep4_bs16_cl32_gamma0.999_lam0.95_seed1_H4320_Q3e+06_pov0.1_fee0,checkpoints/DOGE/DOGE_S2B2_lr0.0003_clip0.2_ent0.005_ep4_bs16_cl32_gamma0.999_lam0.95_seed1_H4320_Q3e+06_pov0.1_fee0/best.weights.h5,95
DOGE,doge_q1p2e+07,12000000.0,4320,3500.0,0.1,buy,DOGE_PPO_2,2026-01-27_steps_5s.parquet,/Users/jackfletcher/Desktop/FYP_Data/Replay_5s_DOGE/January/2026-01-27_steps_5s.parquet,1769,4320,-9.253718698639743e-05,11632242.65999998,0.12264870375011645,0.122705,136.2573063499923,367757.3400000237,0.9693535549999983,0.0,1.0,0.9253718698639847,DOGE_S2B2_lr0.0003_clip0.2_ent0.005_ep4_bs16_cl32_gamma0.999_lam0.95_seed1_H4320_Q3e+06_pov0.1_fee0,checkpoints/DOGE/DOGE_S2B2_lr0.0003_clip0.2_ent0.005_ep4_bs16_cl32_gamma0.999_lam0.95_seed1_H4320_Q3e+06_pov0.1_fee0/best.weights.h5,96
DOGE,doge_q1p2e+07,12000000.0,4320,3500.0,0.1,buy,DOGE_PPO_2,2026-01-08_steps_5s.parquet,/Users/jackfletcher/Desktop/FYP_Data/Replay_5s_DOGE/January/2026-01-08_steps_5s.parquet,3456,4320,-6.20586739678075e-05,7268163.939999995,0.1441181561110744,0.146895,109.39330695001263,4731836.060000018,0.6056803283333329,0.0,1.0,0.620586739678073,DOGE_S2B2_lr0.0003_clip0.2_ent0.005_ep4_bs16_cl32_gamma0.999_lam0.95_seed1_H4320_Q3e+06_pov0.1_fee0,checkpoints/DOGE/DOGE_S2B2_lr0.0003_clip0.2_ent0.005_ep4_bs16_cl32_gamma0.999_lam0.95_seed1_H4320_Q3e+06_pov0.1_fee0/best.weights.h5,97
DOGE,doge_q1p2e+07,12000000.0,4320,3500.0,0.1,buy,DOGE_PPO_2,2026-01-25_steps_5s.parquet,/Users/jackfletcher/Desktop/FYP_Data/Replay_5s_DOGE/January/2026-01-25_steps_5s.parquet,5179,4320,-8.487189181869347e-05,10925092.21000003,0.12313718189295657,0.12306500000000001,125.33711240000866,1074907.790000019,0.9104243508333358,0.0,1.0,0.8487189181869247,DOGE_S2B2_lr0.0003_clip0.2_ent0.005_ep4_bs16_cl32_gamma0.999_lam0.95_seed1_H4320_Q3e+06_pov0.1_fee0,checkpoints/DOGE/DOGE_S2B2_lr0.0003_clip0.2_ent0.005_ep4_bs16_cl32_gamma0.999_lam0.95_seed1_H4320_Q3e+06_pov0.1_fee0/best.weights.h5,98
DOGE,doge_q1p2e+07,12000000.0,4320,3500.0,0.1,buy,DOGE_PPO_2,2026-01-23_steps_5s.parquet,/Users/jackfletcher/Desktop/FYP_Data/Replay_5s_DOGE/January/2026-01-23_steps_5s.parquet,648,4320,-0.00011119116922914574,12000000.000000028,0.1253238053151666,0.124555,166.1929930000306,0.0,1.0000000000000022,1.0,1.0,1.1119116922914283,DOGE_S2B2_lr0.0003_clip0.2_ent0.005_ep4_bs16_cl32_gamma0.999_lam0.95_seed1_H4320_Q3e+06_pov0.1_fee0,checkpoints/DOGE/DOGE_S2B2_lr0.0003_clip0.2_ent0.005_ep4_bs16_cl32_gamma0.999_lam0.95_seed1_H4320_Q3e+06_pov0.1_fee0/best.weights.h5,99
DOGE,doge_q1p2e+07,12000000.0,4320,3500.0,0.1,buy,DOGE_PPO_3,2026-01-29_steps_5s.parquet,/Users/jackfletcher/Desktop/FYP_Data/Replay_5s_DOGE/January/2026-01-29_steps_5s.parquet,5081,4320,-6.308249260062586e-05,9835055.450000009,0.12146981742528974,0.122195,92.50038220000059,2164944.549999977,0.8195879541666674,0.0,1.0,0.6308249260062508,DOGE_S2B1_lr0.0003_clip0.2_ent0.01_ep4_bs16_cl32_gamma0.99_lam0.9_seed1_H4320_Q3e+06_pov0.1_fee0,checkpoints/DOGE/DOGE_S2B1_lr0.0003_clip0.2_ent0.01_ep4_bs16_cl32_gamma0.99_lam0.9_seed1_H4320_Q3e+06_pov0.1_fee0/best.weights.h5,0
DOGE,doge_q1p2e+07,12000000.0,4320,3500.0,0.1,buy,DOGE_PPO_3,2026-01-25_steps_5s.parquet,/Users/jackfletcher/Desktop/FYP_Data/Replay_5s_DOGE/January/2026-01-25_steps_5s.parquet,6643,4320,-8.64287563658598e-05,10625191.20999999,0.12304270728020139,0.122725,127.28362950000324,1374808.7900000385,0.8854326008333325,0.0,1.0,0.8642875636586084,DOGE_S2B1_lr0.0003_clip0.2_ent0.01_ep4_bs16_cl32_gamma0.99_lam0.9_seed1_H4320_Q3e+06_pov0.1_fee0,checkpoints/DOGE/DOGE_S2B1_lr0.0003_clip0.2_ent0.01_ep4_bs16_cl32_gamma0.99_lam0.9_seed1_H4320_Q3e+06_pov0.1_fee0/best.weights.h5,1
DOGE,doge_q1p2e+07,12000000.0,4320,3500.0,0.1,buy,DOGE_PPO_3,2026-01-28_steps_5s.parquet,/Users/jackfletcher/Desktop/FYP_Data/Replay_5s_DOGE/January/2026-01-28_steps_5s.parquet,11486,4320,-9.418843574522117e-05,9064933.49,0.12498000771969292,0.12465999999999999,140.8983647999916,2935066.5100000114,0.7554111241666667,0.0,1.0,0.9418843574522142,DOGE_S2B1_lr0.0003_clip0.2_ent0.01_ep4_bs16_cl32_gamma0.99_lam0.9_seed1_H4320_Q3e+06_pov0.1_fee0,checkpoints/DOGE/DOGE_S2B1_lr0.0003_clip0.2_ent0.01_ep4_bs16_cl32_gamma0.99_lam0.9_seed1_H4320_Q3e+06_pov0.1_fee0/best.weights.h5,2
DOGE,doge_q1p2e+07,12000000.0,4320,3500.0,0.1,buy,DOGE_PPO_3,2026-01-31_steps_5s.parquet,/Users/jackfletcher/Desktop/FYP_Data/Replay_5s_DOGE/January/2026-01-31_steps_5s.parquet,1579,4320,-8.81584285858947e-05,10248949.750000007,0.11457892110203761,0.11522,121.89136970000175,1751050.2500000028,0.854079145833334,0.0,1.0,0.8815842858589491,DOGE_S2B1_lr0.0003_clip0.2_ent0.01_ep4_bs16_cl32_gamma0.99_lam0.9_seed1_H4320_Q3e+06_pov0.1_fee0,checkpoints/DOGE/DOGE_S2B1_lr0.0003_clip0.2_ent0.01_ep4_bs16_cl32_gamma0.99_lam0.9_seed1_H4320_Q3e+06_pov0.1_fee0/best.weights.h5,3
DOGE,doge_q1p2e+07,12000000.0,4320,3500.0,0.1,buy,DOGE_PPO_3,2026-01-23_steps_5s.parquet,/Users/jackfletcher/Desktop/FYP_Data/Replay_5s_DOGE/January/2026-01-23_steps_5s.parquet,3876,4320,-9.904520570355624e-05,10509912.11000001,0.1251366518740752,0.12556499999999998,149.23933505000363,1490087.8899999682,0.8758260091666675,0.0,1.0,0.9904520570355569,DOGE_S2B1_lr0.0003_clip0.2_ent0.01_ep4_bs16_cl32_gamma0.99_lam0.9_seed1_H4320_Q3e+06_pov0.1_fee0,checkpoints/DOGE/DOGE_S2B1_lr0.0003_clip0.2_ent0.01_ep4_bs16_cl32_gamma0.99_lam0.9_seed1_H4320_Q3e+06_pov0.1_fee0/best.weights.h5,4
DOGE,doge_q1p2e+07,12000000.0,4320,3500.0,0.1,buy,DOGE_PPO_3,2026-01-26_steps_5s.parquet,/Users/jackfletcher/Desktop/FYP_Data/Replay_5s_DOGE/January/2026-01-26_steps_5s.parquet,6599,4320,-6.375430210607456e-05,9744191.95000002,0.12142171813329239,0.121395,92.87344205000292,2255808.0499999914,0.812015995833335,0.0,1.0,0.6375430210607447,DOGE_S2B1_lr0.0003_clip0.2_ent0.01_ep4_bs16_cl32_gamma0.99_lam0.9_seed1_H4320_Q3e+06_pov0.1_fee0,checkpoints/DOGE/DOGE_S2B1_lr0.0003_clip0.2_ent0.01_ep4_bs16_cl32_gamma0.99_lam0.9_seed1_H4320_Q3e+06_pov0.1_fee0/best.weights.h5,5
DOGE,doge_q1p2e+07,12000000.0,4320,3500.0,0.1,buy,DOGE_PPO_3,2026-01-09_steps_5s.parquet,/Users/jackfletcher/Desktop/FYP_Data/Replay_5s_DOGE/January/2026-01-09_steps_5s.parquet,2723,4320,-5.4126017627929156e-05,8975964.229999976,0.14224353589533034,0.142955,92.85101820000641,3024035.7700000396,0.7479970191666647,0.0,1.0,0.541260176279286,DOGE_S2B1_lr0.0003_clip0.2_ent0.01_ep4_bs16_cl32_gamma0.99_lam0.9_seed1_H4320_Q3e+06_pov0.1_fee0,checkpoints/DOGE/DOGE_S2B1_lr0.0003_clip0.2_ent0.01_ep4_bs16_cl32_gamma0.99_lam0.9_seed1_H4320_Q3e+06_pov0.1_fee0/best.weights.h5,6
DOGE,doge_q1p2e+07,12000000.0,4320,3500.0,0.1,buy,DOGE_PPO_3,2026-01-29_steps_5s.parquet,/Users/jackfletcher/Desktop/FYP_Data/Replay_5s_DOGE/January/2026-01-29_steps_5s.parquet,4263,4320,-9.22320217727152e-05,10463992.759999977,0.12164050643796583,0.121865,134.87826399998062,1536007.2399999956,0.8719993966666648,0.0,1.0,0.922320217727134,DOGE_S2B1_lr0.0003_clip0.2_ent0.01_ep4_bs16_cl32_gamma0.99_lam0.9_seed1_H4320_Q3e+06_pov0.1_fee0,checkpoints/DOGE/DOGE_S2B1_lr0.0003_clip0.2_ent0.01_ep4_bs16_cl32_gamma0.99_lam0.9_seed1_H4320_Q3e+06_pov0.1_fee0/best.weights.h5,7
DOGE,doge_q1p2e+07,12000000.0,4320,3500.0,0.1,buy,DOGE_PPO_3,2026-01-19_steps_5s.parquet,/Users/jackfletcher/Desktop/FYP_Data/Replay_5s_DOGE/January/2026-01-19_steps_5s.parquet,1176,4320,-5.5504440213055626e-05,8677043.13999998,0.12708592610817682,0.127355,84.82521580000429,3322956.860000003,0.7230869283333317,0.0,1.0,0.5550444021305556,DOGE_S2B1_lr0.0003_clip0.2_ent0.01_ep4_bs16_cl32_gamma0.99_lam0.9_seed1_H4320_Q3e+06_pov0.1_fee0,checkpoints/DOGE/DOGE_S2B1_lr0.0003_clip0.2_ent0.01_ep4_bs16_cl32_gamma0.99_lam0.9_seed1_H4320_Q3e+06_pov0.1_fee0/best.weights.h5,8
DOGE,doge_q1p2e+07,12000000.0,4320,3500.0,0.1,buy,DOGE_PPO_3,2026-01-21_steps_5s.parquet,/Users/jackfletcher/Desktop/FYP_Data/Replay_5s_DOGE/January/2026-01-21_steps_5s.parquet,8839,4320,-0.00010128745075975566,7950349.49000001,0.12344333102763985,0.12219,148.51576330001478,4049650.5099999895,0.6625291241666674,0.0,1.0,1.0128745075975583,DOGE_S2B1_lr0.0003_clip0.2_ent0.01_ep4_bs16_cl32_gamma0.99_lam0.9_seed1_H4320_Q3e+06_pov0.1_fee0,checkpoints/DOGE/DOGE_S2B1_lr0.0003_clip0.2_ent0.01_ep4_bs16_cl32_gamma0.99_lam0.9_seed1_H4320_Q3e+06_pov0.1_fee0/best.weights.h5,9
DOGE,doge_q1p2e+07,12000000.0,4320,3500.0,0.1,buy,DOGE_PPO_3,2026-01-26_steps_5s.parquet,/Users/jackfletcher/Desktop/FYP_Data/Replay_5s_DOGE/January/2026-01-26_steps_5s.parquet,12098,4320,-9.500776524739145e-05,9992989.97999999,0.12244907073791508,0.12248,139.6386130500067,2007010.0200000172,0.8327491649999991,0.0,1.0,0.9500776524739188,DOGE_S2B1_lr0.0003_clip0.2_ent0.01_ep4_bs16_cl32_gamma0.99_lam0.9_seed1_H4320_Q3e+06_pov0.1_fee0,checkpoints/DOGE/DOGE_S2B1_lr0.0003_clip0.2_ent0.01_ep4_bs16_cl32_gamma0.99_lam0.9_seed1_H4320_Q3e+06_pov0.1_fee0/best.weights.h5,10
DOGE,doge_q1p2e+07,12000000.0,4320,3500.0,0.1,buy,DOGE_PPO_3,2026-01-27_steps_5s.parquet,/Users/jackfletcher/Desktop/FYP_Data/Replay_5s_DOGE/January/2026-01-27_steps_5s.parquet,868,4320,-0.00010028395449268833,11845528.419999992,0.12270310573304047,0.12204999999999999,146.87587974998965,154471.5799999981,0.9871273683333327,0.0,1.0,1.0028395449268719,DOGE_S2B1_lr0.0003_clip0.2_ent0.01_ep4_bs16_cl32_gamma0.99_lam0.9_seed1_H4320_Q3e+06_pov0.1_fee0,checkpoints/DOGE/DOGE_S2B1_lr0.0003_clip0.2_ent0.01_ep4_bs16_cl32_gamma0.99_lam0.9_seed1_H4320_Q3e+06_pov0.1_fee0/best.weights.h5,11
DOGE,doge_q1p2e+07,12000000.0,4320,3500.0,0.1,buy,DOGE_PPO_3,2026-01-28_steps_5s.parquet,/Users/jackfletcher/Desktop/FYP_Data/Replay_5s_DOGE/January/2026-01-28_steps_5s.parquet,5122,4320,-9.081747523571364e-05,9726788.729999997,0.12626463259050374,0.125685,136.97273250000845,2273211.2699999474,0.8105657274999998,0.0,1.0,0.9081747523571392,DOGE_S2B1_lr0.0003_clip0.2_ent0.01_ep4_bs16_cl32_gamma0.99_lam0.9_seed1_H4320_Q3e+06_pov0.1_fee0,checkpoints/DOGE/DOGE_S2B1_lr0.0003_clip0.2_ent0.01_ep4_bs16_cl32_gamma0.99_lam0.9_seed1_H4320_Q3e+06_pov0.1_fee0/best.weights.h5,12
DOGE,doge_q1p2e+07,12000000.0,4320,3500.0,0.1,buy,DOGE_PPO_3,2026-01-20_steps_5s.parquet,/Users/jackfletcher/Desktop/FYP_Data/Replay_5s_DOGE/January/2026-01-20_steps_5s.parquet,2352,4320,-6.895220971556883e-05,8258444.560000026,0.12733479789787405,0.12826500000000002,106.12986215000991,3741555.440000004,0.6882037133333355,0.0,1.0,0.6895220971556926,DOGE_S2B1_lr0.0003_clip0.2_ent0.01_ep4_bs16_cl32_gamma0.99_lam0.9_seed1_H4320_Q3e+06_pov0.1_fee0,checkpoints/DOGE/DOGE_S2B1_lr0.0003_clip0.2_ent0.01_ep4_bs16_cl32_gamma0.99_lam0.9_seed1_H4320_Q3e+06_pov0.1_fee0/best.weights.h5,13
DOGE,doge_q1p2e+07,12000000.0,4320,3500.0,0.1,buy,DOGE_PPO_3,2026-01-20_steps_5s.parquet,/Users/jackfletcher/Desktop/FYP_Data/Replay_5s_DOGE/January/2026-01-20_steps_5s.parquet,1029,4320,-6.662057576227775e-05,9287853.230000008,0.12795435173040468,0.128945,103.08468170000323,2712146.7700000224,0.7739877691666673,0.0,1.0,0.6662057576227799,DOGE_S2B1_lr0.0003_clip0.2_ent0.01_ep4_bs16_cl32_gamma0.99_lam0.9_seed1_H4320_Q3e+06_pov0.1_fee0,checkpoints/DOGE/DOGE_S2B1_lr0.0003_clip0.2_ent0.01_ep4_bs16_cl32_gamma0.99_lam0.9_seed1_H4320_Q3e+06_pov0.1_fee0/best.weights.h5,14
DOGE,doge_q1p2e+07,12000000.0,4320,3500.0,0.1,buy,DOGE_PPO_3,2026-01-15_steps_5s.parquet,/Users/jackfletcher/Desktop/FYP_Data/Replay_5s_DOGE/January/2026-01-15_steps_5s.parquet,6645,4320,-6.772689808854671e-05,8790617.17999999,0.1440187830420687,0.14369500000000002,116.78419945000483,3209382.8199999644,0.7325514316666659,0.0,1.0,0.6772689808854683,DOGE_S2B1_lr0.0003_clip0.2_ent0.01_ep4_bs16_cl32_gamma0.99_lam0.9_seed1_H4320_Q3e+06_pov0.1_fee0,checkpoints/DOGE/DOGE_S2B1_lr0.0003_clip0.2_ent0.01_ep4_bs16_cl32_gamma0.99_lam0.9_seed1_H4320_Q3e+06_pov0.1_fee0/best.weights.h5,15
DOGE,doge_q1p2e+07,12000000.0,4320,3500.0,0.1,buy,DOGE_PPO_3,2026-01-12_steps_5s.parquet,/Users/jackfletcher/Desktop/FYP_Data/Replay_5s_DOGE/January/2026-01-12_steps_5s.parquet,6855,4320,-7.223969818405501e-05,8162190.309999993,0.13663226781997204,0.13693499999999997,118.70571685000246,3837809.690000003,0.6801825258333327,0.0,1.0,0.7223969818405477,DOGE_S2B1_lr0.0003_clip0.2_ent0.01_ep4_bs16_cl32_gamma0.99_lam0.9_seed1_H4320_Q3e+06_pov0.1_fee0,checkpoints/DOGE/DOGE_S2B1_lr0.0003_clip0.2_ent0.01_ep4_bs16_cl32_gamma0.99_lam0.9_seed1_H4320_Q3e+06_pov0.1_fee0/best.weights.h5,16
DOGE,doge_q1p2e+07,12000000.0,4320,3500.0,0.1,buy,DOGE_PPO_3,2026-01-12_steps_5s.parquet,/Users/jackfletcher/Desktop/FYP_Data/Replay_5s_DOGE/January/2026-01-12_steps_5s.parquet,12043,4320,-8.04722116005446e-05,8847118.649999999,0.1377334702459767,0.13939000000000001,134.60425890000042,3152881.3500000564,0.7372598874999998,0.0,1.0,0.8047221160054546,DOGE_S2B1_lr0.0003_clip0.2_ent0.01_ep4_bs16_cl32_gamma0.99_lam0.9_seed1_H4320_Q3e+06_pov0.1_fee0,checkpoints/DOGE/DOGE_S2B1_lr0.0003_clip0.2_ent0.01_ep4_bs16_cl32_gamma0.99_lam0.9_seed1_H4320_Q3e+06_pov0.1_fee0/best.weights.h5,17
DOGE,doge_q1p2e+07,12000000.0,4320,3500.0,0.1,buy,DOGE_PPO_3,2026-01-30_steps_5s.parquet,/Users/jackfletcher/Desktop/FYP_Data/Replay_5s_DOGE/January/2026-01-30_steps_5s.parquet,6817,4320,-0.00012620546908933563,9484153.259999981,0.11459238237112865,0.11358,172.01300614999985,2515846.740000018,0.7903461049999985,0.0,1.0,1.2620546908933485,DOGE_S2B1_lr0.0003_clip0.2_ent0.01_ep4_bs16_cl32_gamma0.99_lam0.9_seed1_H4320_Q3e+06_pov0.1_fee0,checkpoints/DOGE/DOGE_S2B1_lr0.0003_clip0.2_ent0.01_ep4_bs16_cl32_gamma0.99_lam0.9_seed1_H4320_Q3e+06_pov0.1_fee0/best.weights.h5,18
DOGE,doge_q1p2e+07,12000000.0,4320,3500.0,0.1,buy,DOGE_PPO_3,2026-01-16_steps_5s.parquet,/Users/jackfletcher/Desktop/FYP_Data/Replay_5s_DOGE/January/2026-01-16_steps_5s.parquet,6796,4320,-5.0361550164131335e-05,9303719.630000012,0.13835925697122517,0.139625,84.38077730000275,2696280.369999991,0.7753099691666676,0.0,1.0,0.5036155016413175,DOGE_S2B1_lr0.0003_clip0.2_ent0.01_ep4_bs16_cl32_gamma0.99_lam0.9_seed1_H4320_Q3e+06_pov0.1_fee0,checkpoints/DOGE/DOGE_S2B1_lr0.0003_clip0.2_ent0.01_ep4_bs16_cl32_gamma0.99_lam0.9_seed1_H4320_Q3e+06_pov0.1_fee0/best.weights.h5,19
DOGE,doge_q1p2e+07,12000000.0,4320,3500.0,0.1,buy,DOGE_PPO_3,2026-01-23_steps_5s.parquet,/Users/jackfletcher/Desktop/FYP_Data/Replay_5s_DOGE/January/2026-01-23_steps_5s.parquet,4529,4320,-0.00010682323327902136,10924376.080000002,0.12510012481283045,0.12576500000000002,161.21548720003335,1075623.9199999776,0.9103646733333335,0.0,1.0,1.0682323327902128,DOGE_S2B1_lr0.0003_clip0.2_ent0.01_ep4_bs16_cl32_gamma0.99_lam0.9_seed1_H4320_Q3e+06_pov0.1_fee0,checkpoints/DOGE/DOGE_S2B1_lr0.0003_clip0.2_ent0.01_ep4_bs16_cl32_gamma0.99_lam0.9_seed1_H4320_Q3e+06_pov0.1_fee0/best.weights.h5,20
DOGE,doge_q1p2e+07,12000000.0,4320,3500.0,0.1,buy,DOGE_PPO_3,2026-01-19_steps_5s.parquet,/Users/jackfletcher/Desktop/FYP_Data/Replay_5s_DOGE/January/2026-01-19_steps_5s.parquet,7727,4320,-7.518361922380419e-05,9782633.250000004,0.128063918998088,0.127715,115.22491115001783,2217366.749999999,0.8152194375000004,0.0,1.0,0.7518361922380419,DOGE_S2B1_lr0.0003_clip0.2_ent0.01_ep4_bs16_cl32_gamma0.99_lam0.9_seed1_H4320_Q3e+06_pov0.1_fee0,checkpoints/DOGE/DOGE_S2B1_lr0.0003_clip0.2_ent0.01_ep4_bs16_cl32_gamma0.99_lam0.9_seed1_H4320_Q3e+06_pov0.1_fee0/best.weights.h5,21
DOGE,doge_q1p2e+07,12000000.0,4320,3500.0,0.1,buy,DOGE_PPO_3,2026-01-08_steps_5s.parquet,/Users/jackfletcher/Desktop/FYP_Data/Replay_5s_DOGE/January/2026-01-08_steps_5s.parquet,4699,4320,-5.6547729654463734e-05,6939391.519999996,0.14260069184332463,0.14393,97.66697675000313,5060608.479999993,0.5782826266666663,0.0,1.0,0.5654772965446347,DOGE_S2B1_lr0.0003_clip0.2_ent0.01_ep4_bs16_cl32_gamma0.99_lam0.9_seed1_H4320_Q3e+06_pov0.1_fee0,checkpoints/DOGE/DOGE_S2B1_lr0.0003_clip0.2_ent0.01_ep4_bs16_cl32_gamma0.99_lam0.9_seed1_H4320_Q3e+06_pov0.1_fee0/best.weights.h5,22
DOGE,doge_q1p2e+07,12000000.0,4320,3500.0,0.1,buy,DOGE_PPO_3,2026-01-22_steps_5s.parquet,/Users/jackfletcher/Desktop/FYP_Data/Replay_5s_DOGE/January/2026-01-22_steps_5s.parquet,2162,4320,-8.104332966270222e-05,10285602.529999977,0.12681115243607471,0.127135,123.6413246000114,1714397.4699999676,0.8571335441666648,0.0,1.0,0.8104332966270199,DOGE_S2B1_lr0.0003_clip0.2_ent0.01_ep4_bs16_cl32_gamma0.99_lam0.9_seed1_H4320_Q3e+06_pov0.1_fee0,checkpoints/DOGE/DOGE_S2B1_lr0.0003_clip0.2_ent0.01_ep4_bs16_cl32_gamma0.99_lam0.9_seed1_H4320_Q3e+06_pov0.1_fee0/best.weights.h5,23
DOGE,doge_q1p2e+07,12000000.0,4320,3500.0,0.1,buy,DOGE_PPO_3,2026-01-24_steps_5s.parquet,/Users/jackfletcher/Desktop/FYP_Data/Replay_5s_DOGE/January/2026-01-24_steps_5s.parquet,7883,4320,-9.058371258264823e-05,12000000.000000013,0.12426074600218394,0.124775,135.63099284999998,0.0,1.000000000000001,1.0,1.0,0.9058371258264877,DOGE_S2B1_lr0.0003_clip0.2_ent0.01_ep4_bs16_cl32_gamma0.99_lam0.9_seed1_H4320_Q3e+06_pov0.1_fee0,checkpoints/DOGE/DOGE_S2B1_lr0.0003_clip0.2_ent0.01_ep4_bs16_cl32_gamma0.99_lam0.9_seed1_H4320_Q3e+06_pov0.1_fee0/best.weights.h5,24
DOGE,doge_q1p2e+07,12000000.0,4320,3500.0,0.1,buy,DOGE_PPO_3,2026-01-09_steps_5s.parquet,/Users/jackfletcher/Desktop/FYP_Data/Replay_5s_DOGE/January/2026-01-09_steps_5s.parquet,8497,4320,-5.667839757532706e-05,7112443.789999999,0.14101355517250408,0.140225,95.37273960000209,4887556.210000011,0.5927036491666666,0.0,1.0,0.5667839757532662,DOGE_S2B1_lr0.0003_clip0.2_ent0.01_ep4_bs16_cl32_gamma0.99_lam0.9_seed1_H4320_Q3e+06_pov0.1_fee0,checkpoints/DOGE/DOGE_S2B1_lr0.0003_clip0.2_ent0.01_ep4_bs16_cl32_gamma0.99_lam0.9_seed1_H4320_Q3e+06_pov0.1_fee0/best.weights.h5,25
DOGE,doge_q1p2e+07,12000000.0,4320,3500.0,0.1,buy,DOGE_PPO_3,2026-01-19_steps_5s.parquet,/Users/jackfletcher/Desktop/FYP_Data/Replay_5s_DOGE/January/2026-01-19_steps_5s.parquet,7418,4320,-7.501567686515117e-05,9878647.169999985,0.12800176682117542,0.127715,114.9675260499931,2121352.830000005,0.8232205974999988,0.0,1.0,0.7501567686515098,DOGE_S2B1_lr0.0003_clip0.2_ent0.01_ep4_bs16_cl32_gamma0.99_lam0.9_seed1_H4320_Q3e+06_pov0.1_fee0,checkpoints/DOGE/DOGE_S2B1_lr0.0003_clip0.2_ent0.01_ep4_bs16_cl32_gamma0.99_lam0.9_seed1_H4320_Q3e+06_pov0.1_fee0/best.weights.h5,26
DOGE,doge_q1p2e+07,12000000.0,4320,3500.0,0.1,buy,DOGE_PPO_3,2026-01-10_steps_5s.parquet,/Users/jackfletcher/Desktop/FYP_Data/Replay_5s_DOGE/January/2026-01-10_steps_5s.parquet,6750,4320,-6.773927002514665e-05,11098988.389999991,0.14010632085296756,0.139845,113.67597859999879,901011.6100000166,0.9249156991666659,0.0,1.0,0.6773927002514616,DOGE_S2B1_lr0.0003_clip0.2_ent0.01_ep4_bs16_cl32_gamma0.99_lam0.9_seed1_H4320_Q3e+06_pov0.1_fee0,checkpoints/DOGE/DOGE_S2B1_lr0.0003_clip0.2_ent0.01_ep4_bs16_cl32_gamma0.99_lam0.9_seed1_H4320_Q3e+06_pov0.1_fee0/best.weights.h5,27
DOGE,doge_q1p2e+07,12000000.0,4320,3500.0,0.1,buy,DOGE_PPO_3,2026-01-25_steps_5s.parquet,/Users/jackfletcher/Desktop/FYP_Data/Replay_5s_DOGE/January/2026-01-25_steps_5s.parquet,10256,4320,-7.347027679359324e-05,7677216.699999978,0.12093562365233275,0.122775,108.24375880000076,4322783.300000045,0.6397680583333315,0.0,1.0,0.7347027679359314,DOGE_S2B1_lr0.0003_clip0.2_ent0.01_ep4_bs16_cl32_gamma0.99_lam0.9_seed1_H4320_Q3e+06_pov0.1_fee0,checkpoints/DOGE/DOGE_S2B1_lr0.0003_clip0.2_ent0.01_ep4_bs16_cl32_gamma0.99_lam0.9_seed1_H4320_Q3e+06_pov0.1_fee0/best.weights.h5,28
DOGE,doge_q1p2e+07,12000000.0,4320,3500.0,0.1,buy,DOGE_PPO_3,2026-01-10_steps_5s.parquet,/Users/jackfletcher/Desktop/FYP_Data/Replay_5s_DOGE/January/2026-01-10_steps_5s.parquet,11247,4320,-6.352274000857329e-05,11522377.990000008,0.14006884371828335,0.139995,106.71439184999775,477622.00999999256,0.960198165833334,0.0,1.0,0.635227400085704,DOGE_S2B1_lr0.0003_clip0.2_ent0.01_ep4_bs16_cl32_gamma0.99_lam0.9_seed1_H4320_Q3e+06_pov0.1_fee0,checkpoints/DOGE/DOGE_S2B1_lr0.0003_clip0.2_ent0.01_ep4_bs16_cl32_gamma0.99_lam0.9_seed1_H4320_Q3e+06_pov0.1_fee0/best.weights.h5,29
DOGE,doge_q1p2e+07,12000000.0,4320,3500.0,0.1,buy,DOGE_PPO_3,2026-01-10_steps_5s.parquet,/Users/jackfletcher/Desktop/FYP_Data/Replay_5s_DOGE/January/2026-01-10_steps_5s.parquet,3162,4320,-6.0635605102376827e-05,10496056.959999988,0.14008254977577825,0.139935,101.82052080001151,1503943.0400000066,0.8746714133333323,0.0,1.0,0.6063560510237581,DOGE_S2B1_lr0.0003_clip0.2_ent0.01_ep4_bs16_cl32_gamma0.99_lam0.9_seed1_H4320_Q3e+06_pov0.1_fee0,checkpoints/DOGE/DOGE_S2B1_lr0.0003_clip0.2_ent0.01_ep4_bs16_cl32_gamma0.99_lam0.9_seed1_H4320_Q3e+06_pov0.1_fee0/best.weights.h5,30
DOGE,doge_q1p2e+07,12000000.0,4320,3500.0,0.1,buy,DOGE_PPO_3,2026-01-20_steps_5s.parquet,/Users/jackfletcher/Desktop/FYP_Data/Replay_5s_DOGE/January/2026-01-20_steps_5s.parquet,570,4320,-6.440437384470174e-05,9426261.989999998,0.12810127148586709,0.128935,99.64773529999923,2573738.0100000096,0.7855218324999999,0.0,1.0,0.6440437384470161,DOGE_S2B1_lr0.0003_clip0.2_ent0.01_ep4_bs16_cl32_gamma0.99_lam0.9_seed1_H4320_Q3e+06_pov0.1_fee0,checkpoints/DOGE/DOGE_S2B1_lr0.0003_clip0.2_ent0.01_ep4_bs16_cl32_gamma0.99_lam0.9_seed1_H4320_Q3e+06_pov0.1_fee0/best.weights.h5,31
DOGE,doge_q1p2e+07,12000000.0,4320,3500.0,0.1,buy,DOGE_PPO_3,2026-01-08_steps_5s.parquet,/Users/jackfletcher/Desktop/FYP_Data/Replay_5s_DOGE/January/2026-01-08_steps_5s.parquet,10832,4320,-5.783775687223581e-05,6167645.700000005,0.1419559159401132,0.13945000000000002,96.78570234999867,5832354.300000041,0.5139704750000004,0.0,1.0,0.5783775687223537,DOGE_S2B1_lr0.0003_clip0.2_ent0.01_ep4_bs16_cl32_gamma0.99_lam0.9_seed1_H4320_Q3e+06_pov0.1_fee0,checkpoints/DOGE/DOGE_S2B1_lr0.0003_clip0.2_ent0.01_ep4_bs16_cl32_gamma0.99_lam0.9_seed1_H4320_Q3e+06_pov0.1_fee0/best.weights.h5,32
DOGE,doge_q1p2e+07,12000000.0,4320,3500.0,0.1,buy,DOGE_PPO_3,2026-01-11_steps_5s.parquet,/Users/jackfletcher/Desktop/FYP_Data/Replay_5s_DOGE/January/2026-01-11_steps_5s.parquet,2359,4320,-7.267571852105551e-05,10440891.72999999,0.13949867133148616,0.138995,121.21873795001147,1559108.2699999805,0.8700743108333324,0.0,1.0,0.726757185210568,DOGE_S2B1_lr0.0003_clip0.2_ent0.01_ep4_bs16_cl32_gamma0.99_lam0.9_seed1_H4320_Q3e+06_pov0.1_fee0,checkpoints/DOGE/DOGE_S2B1_lr0.0003_clip0.2_ent0.01_ep4_bs16_cl32_gamma0.99_lam0.9_seed1_H4320_Q3e+06_pov0.1_fee0/best.weights.h5,33
DOGE,doge_q1p2e+07,12000000.0,4320,3500.0,0.1,buy,DOGE_PPO_3,2026-01-28_steps_5s.parquet,/Users/jackfletcher/Desktop/FYP_Data/Replay_5s_DOGE/January/2026-01-28_steps_5s.parquet,9171,4320,-7.90171341229962e-05,8492451.720000008,0.1251677423538888,0.126215,119.67777100000706,3507548.2800000245,0.7077043100000007,0.0,1.0,0.7901713412299585,DOGE_S2B1_lr0.0003_clip0.2_ent0.01_ep4_bs16_cl32_gamma0.99_lam0.9_seed1_H4320_Q3e+06_pov0.1_fee0,checkpoints/DOGE/DOGE_S2B1_lr0.0003_clip0.2_ent0.01_ep4_bs16_cl32_gamma0.99_lam0.9_seed1_H4320_Q3e+06_pov0.1_fee0/best.weights.h5,34
DOGE,doge_q1p2e+07,12000000.0,4320,3500.0,0.1,buy,DOGE_PPO_3,2026-01-30_steps_5s.parquet,/Users/jackfletcher/Desktop/FYP_Data/Replay_5s_DOGE/January/2026-01-30_steps_5s.parquet,10067,4320,-9.30741116788315e-05,7357504.639999989,0.11633243294223768,0.114495,127.87824500001403,4642495.359999998,0.6131253866666658,0.0,1.0,0.9307411167883171,DOGE_S2B1_lr0.0003_clip0.2_ent0.01_ep4_bs16_cl32_gamma0.99_lam0.9_seed1_H4320_Q3e+06_pov0.1_fee0,checkpoints/DOGE/DOGE_S2B1_lr0.0003_clip0.2_ent0.01_ep4_bs16_cl32_gamma0.99_lam0.9_seed1_H4320_Q3e+06_pov0.1_fee0/best.weights.h5,35
DOGE,doge_q1p2e+07,12000000.0,4320,3500.0,0.1,buy,DOGE_PPO_3,2026-01-29_steps_5s.parquet,/Users/jackfletcher/Desktop/FYP_Data/Replay_5s_DOGE/January/2026-01-29_steps_5s.parquet,5113,4320,-6.163677933456562e-05,9799802.830000013,0.12146266620843822,0.122225,90.40266425000607,2200197.16999998,0.8166502358333344,0.0,1.0,0.6163677933456472,DOGE_S2B1_lr0.0003_clip0.2_ent0.01_ep4_bs16_cl32_gamma0.99_lam0.9_seed1_H4320_Q3e+06_pov0.1_fee0,checkpoints/DOGE/DOGE_S2B1_lr0.0003_clip0.2_ent0.01_ep4_bs16_cl32_gamma0.99_lam0.9_seed1_H4320_Q3e+06_pov0.1_fee0/best.weights.h5,36
DOGE,doge_q1p2e+07,12000000.0,4320,3500.0,0.1,buy,DOGE_PPO_3,2026-01-18_steps_5s.parquet,/Users/jackfletcher/Desktop/FYP_Data/Replay_5s_DOGE/January/2026-01-18_steps_5s.parquet,9752,4320,-7.661581117654432e-05,10607626.82999999,0.13705381088608634,0.136715,125.69436750001125,1392373.1700000097,0.8839689024999993,0.0,1.0,0.7661581117654198,DOGE_S2B1_lr0.0003_clip0.2_ent0.01_ep4_bs16_cl32_gamma0.99_lam0.9_seed1_H4320_Q3e+06_pov0.1_fee0,checkpoints/DOGE/DOGE_S2B1_lr0.0003_clip0.2_ent0.01_ep4_bs16_cl32_gamma0.99_lam0.9_seed1_H4320_Q3e+06_pov0.1_fee0/best.weights.h5,37
DOGE,doge_q1p2e+07,12000000.0,4320,3500.0,0.1,buy,DOGE_PPO_3,2026-01-17_steps_5s.parquet,/Users/jackfletcher/Desktop/FYP_Data/Replay_5s_DOGE/January/2026-01-17_steps_5s.parquet,6273,4320,-7.553158973518875e-05,11089445.61999999,0.1376987385138476,0.13746,124.59086789998912,910554.3800000092,0.9241204683333325,0.0,1.0,0.755315897351891,DOGE_S2B1_lr0.0003_clip0.2_ent0.01_ep4_bs16_cl32_gamma0.99_lam0.9_seed1_H4320_Q3e+06_pov0.1_fee0,checkpoints/DOGE/DOGE_S2B1_lr0.0003_clip0.2_ent0.01_ep4_bs16_cl32_gamma0.99_lam0.9_seed1_H4320_Q3e+06_pov0.1_fee0/best.weights.h5,38
DOGE,doge_q1p2e+07,12000000.0,4320,3500.0,0.1,buy,DOGE_PPO_3,2026-01-11_steps_5s.parquet,/Users/jackfletcher/Desktop/FYP_Data/Replay_5s_DOGE/January/2026-01-11_steps_5s.parquet,10131,4320,-7.917486781199707e-05,9891683.009999994,0.13893261211002952,0.140425,133.4175697499948,2108316.9899999932,0.8243069174999995,0.0,1.0,0.7917486781199621,DOGE_S2B1_lr0.0003_clip0.2_ent0.01_ep4_bs16_cl32_gamma0.99_lam0.9_seed1_H4320_Q3e+06_pov0.1_fee0,checkpoints/DOGE/DOGE_S2B1_lr0.0003_clip0.2_ent0.01_ep4_bs16_cl32_gamma0.99_lam0.9_seed1_H4320_Q3e+06_pov0.1_fee0/best.weights.h5,39
DOGE,doge_q1p2e+07,12000000.0,4320,3500.0,0.1,buy,DOGE_PPO_3,2026-01-25_steps_5s.parquet,/Users/jackfletcher/Desktop/FYP_Data/Replay_5s_DOGE/January/2026-01-25_steps_5s.parquet,5408,4320,-9.685608919346595e-05,11323582.120000022,0.12313916587555915,0.12293499999999999,142.8840398999845,676417.8800000199,0.9436318433333352,0.0,1.0,0.9685608919346573,DOGE_S2B1_lr0.0003_clip0.2_ent0.01_ep4_bs16_cl32_gamma0.99_lam0.9_seed1_H4320_Q3e+06_pov0.1_fee0,checkpoints/DOGE/DOGE_S2B1_lr0.0003_clip0.2_ent0.01_ep4_bs16_cl32_gamma0.99_lam0.9_seed1_H4320_Q3e+06_pov0.1_fee0/best.weights.h5,40
DOGE,doge_q1p2e+07,12000000.0,4320,3500.0,0.1,buy,DOGE_PPO_3,2026-01-28_steps_5s.parquet,/Users/jackfletcher/Desktop/FYP_Data/Replay_5s_DOGE/January/2026-01-28_steps_5s.parquet,12380,4320,-0.00011085393523159439,9744832.820000011,0.12512820106247902,0.12467500000000001,165.84857249998822,2255167.18,0.8120694016666676,0.0,1.0,1.108539352315943,DOGE_S2B1_lr0.0003_clip0.2_ent0.01_ep4_bs16_cl32_gamma0.99_lam0.9_seed1_H4320_Q3e+06_pov0.1_fee0,checkpoints/DOGE/DOGE_S2B1_lr0.0003_clip0.2_ent0.01_ep4_bs16_cl32_gamma0.99_lam0.9_seed1_H4320_Q3e+06_pov0.1_fee0/best.weights.h5,41
DOGE,doge_q1p2e+07,12000000.0,4320,3500.0,0.1,buy,DOGE_PPO_3,2026-01-30_steps_5s.parquet,/Users/jackfletcher/Desktop/FYP_Data/Replay_5s_DOGE/January/2026-01-30_steps_5s.parquet,9517,4320,-9.966716934732968e-05,7793655.590000008,0.11586791606662461,0.11471,137.19385194998594,4206344.409999988,0.6494712991666673,0.0,1.0,0.9966716934732944,DOGE_S2B1_lr0.0003_clip0.2_ent0.01_ep4_bs16_cl32_gamma0.99_lam0.9_seed1_H4320_Q3e+06_pov0.1_fee0,checkpoints/DOGE/DOGE_S2B1_lr0.0003_clip0.2_ent0.01_ep4_bs16_cl32_gamma0.99_lam0.9_seed1_H4320_Q3e+06_pov0.1_fee0/best.weights.h5,42
DOGE,doge_q1p2e+07,12000000.0,4320,3500.0,0.1,buy,DOGE_PPO_3,2026-01-19_steps_5s.parquet,/Users/jackfletcher/Desktop/FYP_Data/Replay_5s_DOGE/January/2026-01-19_steps_5s.parquet,8156,4320,-7.439987966552615e-05,9542693.21000002,0.1281986734814772,0.127665,113.97912764999381,2457306.790000004,0.7952244341666683,0.0,1.0,0.7439987966552685,DOGE_S2B1_lr0.0003_clip0.2_ent0.01_ep4_bs16_cl32_gamma0.99_lam0.9_seed1_H4320_Q3e+06_pov0.1_fee0,checkpoints/DOGE/DOGE_S2B1_lr0.0003_clip0.2_ent0.01_ep4_bs16_cl32_gamma0.99_lam0.9_seed1_H4320_Q3e+06_pov0.1_fee0/best.weights.h5,43
DOGE,doge_q1p2e+07,12000000.0,4320,3500.0,0.1,buy,DOGE_PPO_3,2026-01-22_steps_5s.parquet,/Users/jackfletcher/Desktop/FYP_Data/Replay_5s_DOGE/January/2026-01-22_steps_5s.parquet,3356,4320,-6.41310717840917e-05,9718479.229999974,0.12672544611823053,0.127245,97.92429874999999,2281520.7700000214,0.8098732691666646,0.0,1.0,0.6413107178409105,DOGE_S2B1_lr0.0003_clip0.2_ent0.01_ep4_bs16_cl32_gamma0.99_lam0.9_seed1_H4320_Q3e+06_pov0.1_fee0,checkpoints/DOGE/DOGE_S2B1_lr0.0003_clip0.2_ent0.01_ep4_bs16_cl32_gamma0.99_lam0.9_seed1_H4320_Q3e+06_pov0.1_fee0/best.weights.h5,44
DOGE,doge_q1p2e+07,12000000.0,4320,3500.0,0.1,buy,DOGE_PPO_3,2026-01-21_steps_5s.parquet,/Users/jackfletcher/Desktop/FYP_Data/Replay_5s_DOGE/January/2026-01-21_steps_5s.parquet,4881,4320,-8.024349773740804e-05,8999717.23999998,0.12426104108619798,0.125225,120.581904050005,3000282.7600000543,0.749976436666665,0.0,1.0,0.8024349773740933,DOGE_S2B1_lr0.0003_clip0.2_ent0.01_ep4_bs16_cl32_gamma0.99_lam0.9_seed1_H4320_Q3e+06_pov0.1_fee0,checkpoints/DOGE/DOGE_S2B1_lr0.0003_clip0.2_ent0.01_ep4_bs16_cl32_gamma0.99_lam0.9_seed1_H4320_Q3e+06_pov0.1_fee0/best.weights.h5,45
DOGE,doge_q1p2e+07,12000000.0,4320,3500.0,0.1,buy,DOGE_PPO_3,2026-01-30_steps_5s.parquet,/Users/jackfletcher/Desktop/FYP_Data/Replay_5s_DOGE/January/2026-01-30_steps_5s.parquet,2452,4320,-8.363272239153986e-05,8572053.769999998,0.11434333013327544,0.11485000000000001,115.26261800001994,3427946.2299999874,0.7143378141666665,0.0,1.0,0.8363272239153965,DOGE_S2B1_lr0.0003_clip0.2_ent0.01_ep4_bs16_cl32_gamma0.99_lam0.9_seed1_H4320_Q3e+06_pov0.1_fee0,checkpoints/DOGE/DOGE_S2B1_lr0.0003_clip0.2_ent0.01_ep4_bs16_cl32_gamma0.99_lam0.9_seed1_H4320_Q3e+06_pov0.1_fee0/best.weights.h5,46
DOGE,doge_q1p2e+07,12000000.0,4320,3500.0,0.1,buy,DOGE_PPO_3,2026-01-18_steps_5s.parquet,/Users/jackfletcher/Desktop/FYP_Data/Replay_5s_DOGE/January/2026-01-18_steps_5s.parquet,8667,4320,-9.718269969488425e-05,10847443.010000017,0.13697562195970459,0.137105,159.89080850000175,1152556.9899999676,0.903953584166668,0.0,1.0,0.9718269969488211,DOGE_S2B1_lr0.0003_clip0.2_ent0.01_ep4_bs16_cl32_gamma0.99_lam0.9_seed1_H4320_Q3e+06_pov0.1_fee0,checkpoints/DOGE/DOGE_S2B1_lr0.0003_clip0.2_ent0.01_ep4_bs16_cl32_gamma0.99_lam0.9_seed1_H4320_Q3e+06_pov0.1_fee0/best.weights.h5,47
DOGE,doge_q1p2e+07,12000000.0,4320,3500.0,0.1,buy,DOGE_PPO_3,2026-01-28_steps_5s.parquet,/Users/jackfletcher/Desktop/FYP_Data/Replay_5s_DOGE/January/2026-01-28_steps_5s.parquet,12724,4320,-0.00011161235895532841,9914044.250000022,0.12517669253275746,0.124665,166.9698567499929,2085955.749999988,0.8261703541666685,0.0,1.0,1.1161235895532888,DOGE_S2B1_lr0.0003_clip0.2_ent0.01_ep4_bs16_cl32_gamma0.99_lam0.9_seed1_H4320_Q3e+06_pov0.1_fee0,checkpoints/DOGE/DOGE_S2B1_lr0.0003_clip0.2_ent0.01_ep4_bs16_cl32_gamma0.99_lam0.9_seed1_H4320_Q3e+06_pov0.1_fee0/best.weights.h5,48
DOGE,doge_q1p2e+07,12000000.0,4320,3500.0,0.1,buy,DOGE_PPO_3,2026-01-29_steps_5s.parquet,/Users/jackfletcher/Desktop/FYP_Data/Replay_5s_DOGE/January/2026-01-29_steps_5s.parquet,11925,4320,-7.43435898930495e-05,8394778.870000003,0.11638302530105853,0.11579500000000001,103.30339189998708,3605221.1299999966,0.6995649058333335,0.0,1.0,0.7434358989304883,DOGE_S2B1_lr0.0003_clip0.2_ent0.01_ep4_bs16_cl32_gamma0.99_lam0.9_seed1_H4320_Q3e+06_pov0.1_fee0,checkpoints/DOGE/DOGE_S2B1_lr0.0003_clip0.2_ent0.01_ep4_bs16_cl32_gamma0.99_lam0.9_seed1_H4320_Q3e+06_pov0.1_fee0/best.weights.h5,49
DOGE,doge_q1p2e+07,12000000.0,4320,3500.0,0.1,buy,DOGE_PPO_3,2026-01-12_steps_5s.parquet,/Users/jackfletcher/Desktop/FYP_Data/Replay_5s_DOGE/January/2026-01-12_steps_5s.parquet,3419,4320,-5.608073957778713e-05,8272820.819999995,0.13871109744748455,0.140925,94.83813869999659,3727179.1800000453,0.6894017349999996,0.0,1.0,0.5608073957778759,DOGE_S2B1_lr0.0003_clip0.2_ent0.01_ep4_bs16_cl32_gamma0.99_lam0.9_seed1_H4320_Q3e+06_pov0.1_fee0,checkpoints/DOGE/DOGE_S2B1_lr0.0003_clip0.2_ent0.01_ep4_bs16_cl32_gamma0.99_lam0.9_seed1_H4320_Q3e+06_pov0.1_fee0/best.weights.h5,50
DOGE,doge_q1p2e+07,12000000.0,4320,3500.0,0.1,buy,DOGE_PPO_3,2026-01-30_steps_5s.parquet,/Users/jackfletcher/Desktop/FYP_Data/Replay_5s_DOGE/January/2026-01-30_steps_5s.parquet,6149,4320,-9.700114330874744e-05,9435746.219999988,0.11438183515967917,0.11388000000000001,132.5578824000016,2564253.780000009,0.786312184999999,0.0,1.0,0.9700114330874723,DOGE_S2B1_lr0.0003_clip0.2_ent0.01_ep4_bs16_cl32_gamma0.99_lam0.9_seed1_H4320_Q3e+06_pov0.1_fee0,checkpoints/DOGE/DOGE_S2B1_lr0.0003_clip0.2_ent0.01_ep4_bs16_cl32_gamma0.99_lam0.9_seed1_H4320_Q3e+06_pov0.1_fee0/best.weights.h5,51
DOGE,doge_q1p2e+07,12000000.0,4320,3500.0,0.1,buy,DOGE_PPO_3,2026-01-09_steps_5s.parquet,/Users/jackfletcher/Desktop/FYP_Data/Replay_5s_DOGE/January/2026-01-09_steps_5s.parquet,3935,4320,-5.788051417383119e-05,8721919.18,0.14169936050736257,0.142575,99.02777170000734,3278080.8200000236,0.7268265983333333,0.0,1.0,0.5788051417383093,DOGE_S2B1_lr0.0003_clip0.2_ent0.01_ep4_bs16_cl32_gamma0.99_lam0.9_seed1_H4320_Q3e+06_pov0.1_fee0,checkpoints/DOGE/DOGE_S2B1_lr0.0003_clip0.2_ent0.01_ep4_bs16_cl32_gamma0.99_lam0.9_seed1_H4320_Q3e+06_pov0.1_fee0/best.weights.h5,52
DOGE,doge_q1p2e+07,12000000.0,4320,3500.0,0.1,buy,DOGE_PPO_3,2026-01-22_steps_5s.parquet,/Users/jackfletcher/Desktop/FYP_Data/Replay_5s_DOGE/January/2026-01-22_steps_5s.parquet,12702,4320,-0.00013861888371145397,11146572.579999998,0.12440944970541819,0.12473999999999999,207.4958346500028,853427.4200000258,0.9288810483333332,0.0,1.0,1.3861888371145503,DOGE_S2B1_lr0.0003_clip0.2_ent0.01_ep4_bs16_cl32_gamma0.99_lam0.9_seed1_H4320_Q3e+06_pov0.1_fee0,checkpoints/DOGE/DOGE_S2B1_lr0.0003_clip0.2_ent0.01_ep4_bs16_cl32_gamma0.99_lam0.9_seed1_H4320_Q3e+06_pov0.1_fee0/best.weights.h5,53
DOGE,doge_q1p2e+07,12000000.0,4320,3500.0,0.1,buy,DOGE_PPO_3,2026-01-10_steps_5s.parquet,/Users/jackfletcher/Desktop/FYP_Data/Replay_5s_DOGE/January/2026-01-10_steps_5s.parquet,2486,4320,-6.285060412288649e-05,10566541.63999997,0.14006816415693504,0.140355,105.85675850000952,1433458.3600000173,0.8805451366666642,0.0,1.0,0.6285060412288455,DOGE_S2B1_lr0.0003_clip0.2_ent0.01_ep4_bs16_cl32_gamma0.99_lam0.9_seed1_H4320_Q3e+06_pov0.1_fee0,checkpoints/DOGE/DOGE_S2B1_lr0.0003_clip0.2_ent0.01_ep4_bs16_cl32_gamma0.99_lam0.9_seed1_H4320_Q3e+06_pov0.1_fee0/best.weights.h5,54
DOGE,doge_q1p2e+07,12000000.0,4320,3500.0,0.1,buy,DOGE_PPO_3,2026-01-24_steps_5s.parquet,/Users/jackfletcher/Desktop/FYP_Data/Replay_5s_DOGE/January/2026-01-24_steps_5s.parquet,368,4131,-0.00012190088584519347,11999999.999999981,0.12450525630745381,0.12468499999999999,182.39054341929415,7.465278120152954e-13,0.9999999999999984,1.0,0.0,1.2190088584519267,DOGE_S2B1_lr0.0003_clip0.2_ent0.01_ep4_bs16_cl32_gamma0.99_lam0.9_seed1_H4320_Q3e+06_pov0.1_fee0,checkpoints/DOGE/DOGE_S2B1_lr0.0003_clip0.2_ent0.01_ep4_bs16_cl32_gamma0.99_lam0.9_seed1_H4320_Q3e+06_pov0.1_fee0/best.weights.h5,55
DOGE,doge_q1p2e+07,12000000.0,4320,3500.0,0.1,buy,DOGE_PPO_3,2026-01-18_steps_5s.parquet,/Users/jackfletcher/Desktop/FYP_Data/Replay_5s_DOGE/January/2026-01-18_steps_5s.parquet,10156,4320,-7.954797825584329e-05,10813870.909999989,0.13706400556109483,0.136895,130.6766458000007,1186129.0900000148,0.9011559091666658,0.0,1.0,0.7954797825584129,DOGE_S2B1_lr0.0003_clip0.2_ent0.01_ep4_bs16_cl32_gamma0.99_lam0.9_seed1_H4320_Q3e+06_pov0.1_fee0,checkpoints/DOGE/DOGE_S2B1_lr0.0003_clip0.2_ent0.01_ep4_bs16_cl32_gamma0.99_lam0.9_seed1_H4320_Q3e+06_pov0.1_fee0/best.weights.h5,56
DOGE,doge_q1p2e+07,12000000.0,4320,3500.0,0.1,buy,DOGE_PPO_3,2026-01-21_steps_5s.parquet,/Users/jackfletcher/Desktop/FYP_Data/Replay_5s_DOGE/January/2026-01-21_steps_5s.parquet,5464,4320,-7.040342520521999e-05,8698178.44999998,0.12403761869966026,0.12526500000000002,105.82902069998298,3301821.5500000417,0.7248482041666651,0.0,1.0,0.7040342520522024,DOGE_S2B1_lr0.0003_clip0.2_ent0.01_ep4_bs16_cl32_gamma0.99_lam0.9_seed1_H4320_Q3e+06_pov0.1_fee0,checkpoints/DOGE/DOGE_S2B1_lr0.0003_clip0.2_ent0.01_ep4_bs16_cl32_gamma0.99_lam0.9_seed1_H4320_Q3e+06_pov0.1_fee0/best.weights.h5,57
DOGE,doge_q1p2e+07,12000000.0,4320,3500.0,0.1,buy,DOGE_PPO_3,2026-01-26_steps_5s.parquet,/Users/jackfletcher/Desktop/FYP_Data/Replay_5s_DOGE/January/2026-01-26_steps_5s.parquet,12127,4320,-9.707848939092917e-05,10067000.889999986,0.12244997970877267,0.123165,143.48006575000537,1932999.1100000178,0.8389167408333321,0.0,1.0,0.9707848939092909,DOGE_S2B1_lr0.0003_clip0.2_ent0.01_ep4_bs16_cl32_gamma0.99_lam0.9_seed1_H4320_Q3e+06_pov0.1_fee0,checkpoints/DOGE/DOGE_S2B1_lr0.0003_clip0.2_ent0.01_ep4_bs16_cl32_gamma0.99_lam0.9_seed1_H4320_Q3e+06_pov0.1_fee0/best.weights.h5,58
DOGE,doge_q1p2e+07,12000000.0,4320,3500.0,0.1,buy,DOGE_PPO_3,2026-01-25_steps_5s.parquet,/Users/jackfletcher/Desktop/FYP_Data/Replay_5s_DOGE/January/2026-01-25_steps_5s.parquet,6235,4320,-8.965041934891763e-05,10671532.220000003,0.1230789209866992,0.12272,132.0227935499917,1328467.7800000384,0.8892943516666669,0.0,1.0,0.8965041934891873,DOGE_S2B1_lr0.0003_clip0.2_ent0.01_ep4_bs16_cl32_gamma0.99_lam0.9_seed1_H4320_Q3e+06_pov0.1_fee0,checkpoints/DOGE/DOGE_S2B1_lr0.0003_clip0.2_ent0.01_ep4_bs16_cl32_gamma0.99_lam0.9_seed1_H4320_Q3e+06_pov0.1_fee0/best.weights.h5,59
DOGE,doge_q1p2e+07,12000000.0,4320,3500.0,0.1,buy,DOGE_PPO_3,2026-01-26_steps_5s.parquet,/Users/jackfletcher/Desktop/FYP_Data/Replay_5s_DOGE/January/2026-01-26_steps_5s.parquet,11337,4320,-7.759405051002694e-05,9102191.869999988,0.12240623532038312,0.12189,113.49526580000746,2897808.129999988,0.7585159891666656,0.0,1.0,0.775940505100278,DOGE_S2B1_lr0.0003_clip0.2_ent0.01_ep4_bs16_cl32_gamma0.99_lam0.9_seed1_H4320_Q3e+06_pov0.1_fee0,checkpoints/DOGE/DOGE_S2B1_lr0.0003_clip0.2_ent0.01_ep4_bs16_cl32_gamma0.99_lam0.9_seed1_H4320_Q3e+06_pov0.1_fee0/best.weights.h5,60
DOGE,doge_q1p2e+07,12000000.0,4320,3500.0,0.1,buy,DOGE_PPO_3,2026-01-18_steps_5s.parquet,/Users/jackfletcher/Desktop/FYP_Data/Replay_5s_DOGE/January/2026-01-18_steps_5s.parquet,81,4320,-9.057424889057807e-05,11411912.490000023,0.13739403881200743,0.13783499999999999,149.81161914999333,588087.5099999807,0.9509927075000019,0.0,1.0,0.9057424889057771,DOGE_S2B1_lr0.0003_clip0.2_ent0.01_ep4_bs16_cl32_gamma0.99_lam0.9_seed1_H4320_Q3e+06_pov0.1_fee0,checkpoints/DOGE/DOGE_S2B1_lr0.0003_clip0.2_ent0.01_ep4_bs16_cl32_gamma0.99_lam0.9_seed1_H4320_Q3e+06_pov0.1_fee0/best.weights.h5,61
DOGE,doge_q1p2e+07,12000000.0,4320,3500.0,0.1,buy,DOGE_PPO_3,2026-01-20_steps_5s.parquet,/Users/jackfletcher/Desktop/FYP_Data/Replay_5s_DOGE/January/2026-01-20_steps_5s.parquet,2539,4320,-6.575981652541102e-05,8240667.150000024,0.1272053652105457,0.128015,101.01891495000541,3759332.85000001,0.686722262500002,0.0,1.0,0.6575981652541071,DOGE_S2B1_lr0.0003_clip0.2_ent0.01_ep4_bs16_cl32_gamma0.99_lam0.9_seed1_H4320_Q3e+06_pov0.1_fee0,checkpoints/DOGE/DOGE_S2B1_lr0.0003_clip0.2_ent0.01_ep4_bs16_cl32_gamma0.99_lam0.9_seed1_H4320_Q3e+06_pov0.1_fee0/best.weights.h5,62
DOGE,doge_q1p2e+07,12000000.0,4320,3500.0,0.1,buy,DOGE_PPO_3,2026-01-23_steps_5s.parquet,/Users/jackfletcher/Desktop/FYP_Data/Replay_5s_DOGE/January/2026-01-23_steps_5s.parquet,7148,4320,-0.00010388985019289828,10708173.189999988,0.12466340502649216,0.124855,155.654006950012,1291826.8100000047,0.8923477658333323,0.0,1.0,1.0388985019289843,DOGE_S2B1_lr0.0003_clip0.2_ent0.01_ep4_bs16_cl32_gamma0.99_lam0.9_seed1_H4320_Q3e+06_pov0.1_fee0,checkpoints/DOGE/DOGE_S2B1_lr0.0003_clip0.2_ent0.01_ep4_bs16_cl32_gamma0.99_lam0.9_seed1_H4320_Q3e+06_pov0.1_fee0/best.weights.h5,63
DOGE,doge_q1p2e+07,12000000.0,4320,3500.0,0.1,buy,DOGE_PPO_3,2026-01-26_steps_5s.parquet,/Users/jackfletcher/Desktop/FYP_Data/Replay_5s_DOGE/January/2026-01-26_steps_5s.parquet,4398,4320,-6.524918624586756e-05,9930979.65000001,0.12140715340790167,0.12151500000000001,95.14505840000072,2069020.350000014,0.8275816375000008,0.0,1.0,0.6524918624586863,DOGE_S2B1_lr0.0003_clip0.2_ent0.01_ep4_bs16_cl32_gamma0.99_lam0.9_seed1_H4320_Q3e+06_pov0.1_fee0,checkpoints/DOGE/DOGE_S2B1_lr0.0003_clip0.2_ent0.01_ep4_bs16_cl32_gamma0.99_lam0.9_seed1_H4320_Q3e+06_pov0.1_fee0/best.weights.h5,64
DOGE,doge_q1p2e+07,12000000.0,4320,3500.0,0.1,buy,DOGE_PPO_3,2026-01-10_steps_5s.parquet,/Users/jackfletcher/Desktop/FYP_Data/Replay_5s_DOGE/January/2026-01-10_steps_5s.parquet,4191,4320,-6.279698142342373e-05,10670121.730000006,0.1400802961439686,0.14032,105.74006920001786,1329878.2699999649,0.8891768108333339,0.0,1.0,0.6279698142342376,DOGE_S2B1_lr0.0003_clip0.2_ent0.01_ep4_bs16_cl32_gamma0.99_lam0.9_seed1_H4320_Q3e+06_pov0.1_fee0,checkpoints/DOGE/DOGE_S2B1_lr0.0003_clip0.2_ent0.01_ep4_bs16_cl32_gamma0.99_lam0.9_seed1_H4320_Q3e+06_pov0.1_fee0/best.weights.h5,65
DOGE,doge_q1p2e+07,12000000.0,4320,3500.0,0.1,buy,DOGE_PPO_3,2026-01-22_steps_5s.parquet,/Users/jackfletcher/Desktop/FYP_Data/Replay_5s_DOGE/January/2026-01-22_steps_5s.parquet,11691,4320,-0.00010650495456920723,10202023.079999993,0.12457997728678954,0.124365,158.94586409999357,1797976.9199999685,0.8501685899999993,0.0,1.0,1.065049545692073,DOGE_S2B1_lr0.0003_clip0.2_ent0.01_ep4_bs16_cl32_gamma0.99_lam0.9_seed1_H4320_Q3e+06_pov0.1_fee0,checkpoints/DOGE/DOGE_S2B1_lr0.0003_clip0.2_ent0.01_ep4_bs16_cl32_gamma0.99_lam0.9_seed1_H4320_Q3e+06_pov0.1_fee0/best.weights.h5,66
DOGE,doge_q1p2e+07,12000000.0,4320,3500.0,0.1,buy,DOGE_PPO_3,2026-01-10_steps_5s.parquet,/Users/jackfletcher/Desktop/FYP_Data/Replay_5s_DOGE/January/2026-01-10_steps_5s.parquet,3458,4320,-5.704784751241463e-05,10376082.009999998,0.14011150646520376,0.139995,95.83696095000232,1623917.9899999935,0.8646735008333332,0.0,1.0,0.5704784751241254,DOGE_S2B1_lr0.0003_clip0.2_ent0.01_ep4_bs16_cl32_gamma0.99_lam0.9_seed1_H4320_Q3e+06_pov0.1_fee0,checkpoints/DOGE/DOGE_S2B1_lr0.0003_clip0.2_ent0.01_ep4_bs16_cl32_gamma0.99_lam0.9_seed1_H4320_Q3e+06_pov0.1_fee0/best.weights.h5,67
DOGE,doge_q1p2e+07,12000000.0,4320,3500.0,0.1,buy,DOGE_PPO_3,2026-01-10_steps_5s.parquet,/Users/jackfletcher/Desktop/FYP_Data/Replay_5s_DOGE/January/2026-01-10_steps_5s.parquet,2954,4320,-5.8786452007107954e-05,10419603.01999997,0.14005601370056878,0.139795,98.61662470000623,1580396.9800000084,0.8683002516666641,0.0,1.0,0.5878645200710936,DOGE_S2B1_lr0.0003_clip0.2_ent0.01_ep4_bs16_cl32_gamma0.99_lam0.9_seed1_H4320_Q3e+06_pov0.1_fee0,checkpoints/DOGE/DOGE_S2B1_lr0.0003_clip0.2_ent0.01_ep4_bs16_cl32_gamma0.99_lam0.9_seed1_H4320_Q3e+06_pov0.1_fee0/best.weights.h5,68
DOGE,doge_q1p2e+07,12000000.0,4320,3500.0,0.1,buy,DOGE_PPO_3,2026-01-16_steps_5s.parquet,/Users/jackfletcher/Desktop/FYP_Data/Replay_5s_DOGE/January/2026-01-16_steps_5s.parquet,9149,4320,-6.350591414911102e-05,8436431.740000008,0.13717380467634735,0.13786500000000002,105.06291425000562,3563568.259999985,0.703035978333334,0.0,1.0,0.6350591414911061,DOGE_S2B1_lr0.0003_clip0.2_ent0.01_ep4_bs16_cl32_gamma0.99_lam0.9_seed1_H4320_Q3e+06_pov0.1_fee0,checkpoints/DOGE/DOGE_S2B1_lr0.0003_clip0.2_ent0.01_ep4_bs16_cl32_gamma0.99_lam0.9_seed1_H4320_Q3e+06_pov0.1_fee0/best.weights.h5,69
DOGE,doge_q1p2e+07,12000000.0,4320,3500.0,0.1,buy,DOGE_PPO_3,2026-01-14_steps_5s.parquet,/Users/jackfletcher/Desktop/FYP_Data/Replay_5s_DOGE/January/2026-01-14_steps_5s.parquet,3427,4320,-7.471524026119849e-05,8281952.960000007,0.14805761026821831,0.148675,133.29946015000493,3718047.0400000033,0.6901627466666673,0.0,1.0,0.7471524026119888,DOGE_S2B1_lr0.0003_clip0.2_ent0.01_ep4_bs16_cl32_gamma0.99_lam0.9_seed1_H4320_Q3e+06_pov0.1_fee0,checkpoints/DOGE/DOGE_S2B1_lr0.0003_clip0.2_ent0.01_ep4_bs16_cl32_gamma0.99_lam0.9_seed1_H4320_Q3e+06_pov0.1_fee0/best.weights.h5,70
DOGE,doge_q1p2e+07,12000000.0,4320,3500.0,0.1,buy,DOGE_PPO_3,2026-01-28_steps_5s.parquet,/Users/jackfletcher/Desktop/FYP_Data/Replay_5s_DOGE/January/2026-01-28_steps_5s.parquet,9645,4320,-7.942706399645315e-05,8384041.019999988,0.1249863787717133,0.12627,120.35106444998567,3615958.980000053,0.698670084999999,0.0,1.0,0.7942706399645315,DOGE_S2B1_lr0.0003_clip0.2_ent0.01_ep4_bs16_cl32_gamma0.99_lam0.9_seed1_H4320_Q3e+06_pov0.1_fee0,checkpoints/DOGE/DOGE_S2B1_lr0.0003_clip0.2_ent0.01_ep4_bs16_cl32_gamma0.99_lam0.9_seed1_H4320_Q3e+06_pov0.1_fee0/best.weights.h5,71
DOGE,doge_q1p2e+07,12000000.0,4320,3500.0,0.1,buy,DOGE_PPO_3,2026-01-21_steps_5s.parquet,/Users/jackfletcher/Desktop/FYP_Data/Replay_5s_DOGE/January/2026-01-21_steps_5s.parquet,4037,4320,-7.289535512928056e-05,9302437.509999987,0.12486801354987004,0.125635,109.89849530000612,2697562.490000047,0.7752031258333322,0.0,1.0,0.7289535512928067,DOGE_S2B1_lr0.0003_clip0.2_ent0.01_ep4_bs16_cl32_gamma0.99_lam0.9_seed1_H4320_Q3e+06_pov0.1_fee0,checkpoints/DOGE/DOGE_S2B1_lr0.0003_clip0.2_ent0.01_ep4_bs16_cl32_gamma0.99_lam0.9_seed1_H4320_Q3e+06_pov0.1_fee0/best.weights.h5,72
DOGE,doge_q1p2e+07,12000000.0,4320,3500.0,0.1,buy,DOGE_PPO_3,2026-01-23_steps_5s.parquet,/Users/jackfletcher/Desktop/FYP_Data/Replay_5s_DOGE/January/2026-01-23_steps_5s.parquet,6555,4320,-0.00010666052694457417,11164888.199999988,0.12470655608272013,0.124855,159.80520109997863,835111.8000000103,0.930407349999999,0.0,1.0,1.066605269445748,DOGE_S2B1_lr0.0003_clip0.2_ent0.01_ep4_bs16_cl32_gamma0.99_lam0.9_seed1_H4320_Q3e+06_pov0.1_fee0,checkpoints/DOGE/DOGE_S2B1_lr0.0003_clip0.2_ent0.01_ep4_bs16_cl32_gamma0.99_lam0.9_seed1_H4320_Q3e+06_pov0.1_fee0/best.weights.h5,73
DOGE,doge_q1p2e+07,12000000.0,4320,3500.0,0.1,buy,DOGE_PPO_3,2026-01-27_steps_5s.parquet,/Users/jackfletcher/Desktop/FYP_Data/Replay_5s_DOGE/January/2026-01-27_steps_5s.parquet,5373,4320,-7.787888672061306e-05,10976845.730000002,0.1221428968608633,0.12234500000000001,114.33710875000183,1023154.2700000393,0.9147371441666668,0.0,1.0,0.7787888672061373,DOGE_S2B1_lr0.0003_clip0.2_ent0.01_ep4_bs16_cl32_gamma0.99_lam0.9_seed1_H4320_Q3e+06_pov0.1_fee0,checkpoints/DOGE/DOGE_S2B1_lr0.0003_clip0.2_ent0.01_ep4_bs16_cl32_gamma0.99_lam0.9_seed1_H4320_Q3e+06_pov0.1_fee0/best.weights.h5,74
DOGE,doge_q1p2e+07,12000000.0,4320,3500.0,0.1,buy,DOGE_PPO_3,2026-01-27_steps_5s.parquet,/Users/jackfletcher/Desktop/FYP_Data/Replay_5s_DOGE/January/2026-01-27_steps_5s.parquet,1580,4320,-0.00010262468050803002,11885704.05999999,0.12267483327103805,0.12276000000000001,151.17846934998715,114295.9400000202,0.9904753383333325,0.0,1.0,1.0262468050802864,DOGE_S2B1_lr0.0003_clip0.2_ent0.01_ep4_bs16_cl32_gamma0.99_lam0.9_seed1_H4320_Q3e+06_pov0.1_fee0,checkpoints/DOGE/DOGE_S2B1_lr0.0003_clip0.2_ent0.01_ep4_bs16_cl32_gamma0.99_lam0.9_seed1_H4320_Q3e+06_pov0.1_fee0/best.weights.h5,75
DOGE,doge_q1p2e+07,12000000.0,4320,3500.0,0.1,buy,DOGE_PPO_3,2026-01-10_steps_5s.parquet,/Users/jackfletcher/Desktop/FYP_Data/Replay_5s_DOGE/January/2026-01-10_steps_5s.parquet,1378,4320,-7.316721136588501e-05,10756789.780000009,0.14014810357883528,0.140215,123.10968650000984,1243210.2199999948,0.896399148333334,0.0,1.0,0.7316721136588444,DOGE_S2B1_lr0.0003_clip0.2_ent0.01_ep4_bs16_cl32_gamma0.99_lam0.9_seed1_H4320_Q3e+06_pov0.1_fee0,checkpoints/DOGE/DOGE_S2B1_lr0.0003_clip0.2_ent0.01_ep4_bs16_cl32_gamma0.99_lam0.9_seed1_H4320_Q3e+06_pov0.1_fee0/best.weights.h5,76
DOGE,doge_q1p2e+07,12000000.0,4320,3500.0,0.1,buy,DOGE_PPO_3,2026-01-09_steps_5s.parquet,/Users/jackfletcher/Desktop/FYP_Data/Replay_5s_DOGE/January/2026-01-09_steps_5s.parquet,10394,4320,-7.576285603178239e-05,7374133.279999984,0.14102465517424193,0.13929,126.63609860000341,4625866.7199999895,0.6145111066666654,0.0,1.0,0.7576285603178226,DOGE_S2B1_lr0.0003_clip0.2_ent0.01_ep4_bs16_cl32_gamma0.99_lam0.9_seed1_H4320_Q3e+06_pov0.1_fee0,checkpoints/DOGE/DOGE_S2B1_lr0.0003_clip0.2_ent0.01_ep4_bs16_cl32_gamma0.99_lam0.9_seed1_H4320_Q3e+06_pov0.1_fee0/best.weights.h5,77
DOGE,doge_q1p2e+07,12000000.0,4320,3500.0,0.1,buy,DOGE_PPO_3,2026-01-12_steps_5s.parquet,/Users/jackfletcher/Desktop/FYP_Data/Replay_5s_DOGE/January/2026-01-12_steps_5s.parquet,9090,4320,-7.834907718551818e-05,7605200.960000007,0.13757083726078134,0.136295,128.14304970000185,4394799.040000011,0.6337667466666673,0.0,1.0,0.7834907718551785,DOGE_S2B1_lr0.0003_clip0.2_ent0.01_ep4_bs16_cl32_gamma0.99_lam0.9_seed1_H4320_Q3e+06_pov0.1_fee0,checkpoints/DOGE/DOGE_S2B1_lr0.0003_clip0.2_ent0.01_ep4_bs16_cl32_gamma0.99_lam0.9_seed1_H4320_Q3e+06_pov0.1_fee0/best.weights.h5,78
DOGE,doge_q1p2e+07,12000000.0,4320,3500.0,0.1,buy,DOGE_PPO_3,2026-01-11_steps_5s.parquet,/Users/jackfletcher/Desktop/FYP_Data/Replay_5s_DOGE/January/2026-01-11_steps_5s.parquet,4014,4320,-7.18418259183449e-05,10448158.899999999,0.13980304750767134,0.139245,120.04338059999672,1551841.0999999961,0.8706799083333332,0.0,1.0,0.718418259183434,DOGE_S2B1_lr0.0003_clip0.2_ent0.01_ep4_bs16_cl32_gamma0.99_lam0.9_seed1_H4320_Q3e+06_pov0.1_fee0,checkpoints/DOGE/DOGE_S2B1_lr0.0003_clip0.2_ent0.01_ep4_bs16_cl32_gamma0.99_lam0.9_seed1_H4320_Q3e+06_pov0.1_fee0/best.weights.h5,79
DOGE,doge_q1p2e+07,12000000.0,4320,3500.0,0.1,buy,DOGE_PPO_3,2026-01-09_steps_5s.parquet,/Users/jackfletcher/Desktop/FYP_Data/Replay_5s_DOGE/January/2026-01-09_steps_5s.parquet,10257,4320,-7.290494751434012e-05,7318352.019999986,0.14101363766558758,0.13916499999999998,121.74980424999755,4681647.979999974,0.6098626683333321,0.0,1.0,0.7290494751434003,DOGE_S2B1_lr0.0003_clip0.2_ent0.01_ep4_bs16_cl32_gamma0.99_lam0.9_seed1_H4320_Q3e+06_pov0.1_fee0,checkpoints/DOGE/DOGE_S2B1_lr0.0003_clip0.2_ent0.01_ep4_bs16_cl32_gamma0.99_lam0.9_seed1_H4320_Q3e+06_pov0.1_fee0/best.weights.h5,80
DOGE,doge_q1p2e+07,12000000.0,4320,3500.0,0.1,buy,DOGE_PPO_3,2026-01-08_steps_5s.parquet,/Users/jackfletcher/Desktop/FYP_Data/Replay_5s_DOGE/January/2026-01-08_steps_5s.parquet,10024,4320,-5.756075583199188e-05,6157474.969999995,0.14150616921796452,0.139675,96.47758285000114,5842525.03000005,0.5131229141666662,0.0,1.0,0.5756075583199162,DOGE_S2B1_lr0.0003_clip0.2_ent0.01_ep4_bs16_cl32_gamma0.99_lam0.9_seed1_H4320_Q3e+06_pov0.1_fee0,checkpoints/DOGE/DOGE_S2B1_lr0.0003_clip0.2_ent0.01_ep4_bs16_cl32_gamma0.99_lam0.9_seed1_H4320_Q3e+06_pov0.1_fee0/best.weights.h5,81
DOGE,doge_q1p2e+07,12000000.0,4320,3500.0,0.1,buy,DOGE_PPO_3,2026-01-31_steps_5s.parquet,/Users/jackfletcher/Desktop/FYP_Data/Replay_5s_DOGE/January/2026-01-31_steps_5s.parquet,5087,4320,-9.510377332397251e-05,9184447.24000003,0.11205612291226932,0.113885,129.9707187000069,2815552.759999963,0.7653706033333358,0.0,1.0,0.9510377332397222,DOGE_S2B1_lr0.0003_clip0.2_ent0.01_ep4_bs16_cl32_gamma0.99_lam0.9_seed1_H4320_Q3e+06_pov0.1_fee0,checkpoints/DOGE/DOGE_S2B1_lr0.0003_clip0.2_ent0.01_ep4_bs16_cl32_gamma0.99_lam0.9_seed1_H4320_Q3e+06_pov0.1_fee0/best.weights.h5,82
DOGE,doge_q1p2e+07,12000000.0,4320,3500.0,0.1,buy,DOGE_PPO_3,2026-01-10_steps_5s.parquet,/Users/jackfletcher/Desktop/FYP_Data/Replay_5s_DOGE/January/2026-01-10_steps_5s.parquet,6411,4320,-6.500675670354745e-05,11022252.259999987,0.14008691690777944,0.13966499999999998,108.95002410001347,977747.7400000396,0.9185210216666656,0.0,1.0,0.6500675670354866,DOGE_S2B1_lr0.0003_clip0.2_ent0.01_ep4_bs16_cl32_gamma0.99_lam0.9_seed1_H4320_Q3e+06_pov0.1_fee0,checkpoints/DOGE/DOGE_S2B1_lr0.0003_clip0.2_ent0.01_ep4_bs16_cl32_gamma0.99_lam0.9_seed1_H4320_Q3e+06_pov0.1_fee0/best.weights.h5,83
DOGE,doge_q1p2e+07,12000000.0,4320,3500.0,0.1,buy,DOGE_PPO_3,2026-01-25_steps_5s.parquet,/Users/jackfletcher/Desktop/FYP_Data/Replay_5s_DOGE/January/2026-01-25_steps_5s.parquet,10823,4320,-7.423988414258866e-05,7497693.479999979,0.1203803967553902,0.122025,108.70946234999334,4502306.520000011,0.6248077899999982,0.0,1.0,0.7423988414258919,DOGE_S2B1_lr0.0003_clip0.2_ent0.01_ep4_bs16_cl32_gamma0.99_lam0.9_seed1_H4320_Q3e+06_pov0.1_fee0,checkpoints/DOGE/DOGE_S2B1_lr0.0003_clip0.2_ent0.01_ep4_bs16_cl32_gamma0.99_lam0.9_seed1_H4320_Q3e+06_pov0.1_fee0/best.weights.h5,84
DOGE,doge_q1p2e+07,12000000.0,4320,3500.0,0.1,buy,DOGE_PPO_3,2026-01-10_steps_5s.parquet,/Users/jackfletcher/Desktop/FYP_Data/Replay_5s_DOGE/January/2026-01-10_steps_5s.parquet,7484,4320,-5.810683972188224e-05,10983122.159999993,0.14007524308369287,0.140225,97.7763792000094,1016877.8400000124,0.9152601799999994,0.0,1.0,0.5810683972188115,DOGE_S2B1_lr0.0003_clip0.2_ent0.01_ep4_bs16_cl32_gamma0.99_lam0.9_seed1_H4320_Q3e+06_pov0.1_fee0,checkpoints/DOGE/DOGE_S2B1_lr0.0003_clip0.2_ent0.01_ep4_bs16_cl32_gamma0.99_lam0.9_seed1_H4320_Q3e+06_pov0.1_fee0/best.weights.h5,85
DOGE,doge_q1p2e+07,12000000.0,4320,3500.0,0.1,buy,DOGE_PPO_3,2026-01-28_steps_5s.parquet,/Users/jackfletcher/Desktop/FYP_Data/Replay_5s_DOGE/January/2026-01-28_steps_5s.parquet,6282,4320,-8.717072621510657e-05,9293750.19999999,0.12633105499090122,0.12564,131.42556049999345,2706249.7999999877,0.7744791833333325,0.0,1.0,0.8717072621510762,DOGE_S2B1_lr0.0003_clip0.2_ent0.01_ep4_bs16_cl32_gamma0.99_lam0.9_seed1_H4320_Q3e+06_pov0.1_fee0,checkpoints/DOGE/DOGE_S2B1_lr0.0003_clip0.2_ent0.01_ep4_bs16_cl32_gamma0.99_lam0.9_seed1_H4320_Q3e+06_pov0.1_fee0/best.weights.h5,86
DOGE,doge_q1p2e+07,12000000.0,4320,3500.0,0.1,buy,DOGE_PPO_3,2026-01-09_steps_5s.parquet,/Users/jackfletcher/Desktop/FYP_Data/Replay_5s_DOGE/January/2026-01-09_steps_5s.parquet,3602,4320,-5.3731295526075065e-05,8710169.809999982,0.1418665588447589,0.142455,91.85150045000319,3289830.190000039,0.7258474841666651,0.0,1.0,0.5373129552607442,DOGE_S2B1_lr0.0003_clip0.2_ent0.01_ep4_bs16_cl32_gamma0.99_lam0.9_seed1_H4320_Q3e+06_pov0.1_fee0,checkpoints/DOGE/DOGE_S2B1_lr0.0003_clip0.2_ent0.01_ep4_bs16_cl32_gamma0.99_lam0.9_seed1_H4320_Q3e+06_pov0.1_fee0/best.weights.h5,87
DOGE,doge_q1p2e+07,12000000.0,4320,3500.0,0.1,buy,DOGE_PPO_3,2026-01-16_steps_5s.parquet,/Users/jackfletcher/Desktop/FYP_Data/Replay_5s_DOGE/January/2026-01-16_steps_5s.parquet,7500,4320,-6.359304860737797e-05,9423383.740000017,0.13775490116504555,0.139125,106.16859465001882,2576616.2599999695,0.7852819783333348,0.0,1.0,0.6359304860737874,DOGE_S2B1_lr0.0003_clip0.2_ent0.01_ep4_bs16_cl32_gamma0.99_lam0.9_seed1_H4320_Q3e+06_pov0.1_fee0,checkpoints/DOGE/DOGE_S2B1_lr0.0003_clip0.2_ent0.01_ep4_bs16_cl32_gamma0.99_lam0.9_seed1_H4320_Q3e+06_pov0.1_fee0/best.weights.h5,88
DOGE,doge_q1p2e+07,12000000.0,4320,3500.0,0.1,buy,DOGE_PPO_3,2026-01-18_steps_5s.parquet,/Users/jackfletcher/Desktop/FYP_Data/Replay_5s_DOGE/January/2026-01-18_steps_5s.parquet,10745,4320,-8.332482245914387e-05,11029791.789999979,0.13707896604954886,0.137175,137.16099024999633,970208.210000009,0.9191493158333316,0.0,1.0,0.8332482245914363,DOGE_S2B1_lr0.0003_clip0.2_ent0.01_ep4_bs16_cl32_gamma0.99_lam0.9_seed1_H4320_Q3e+06_pov0.1_fee0,checkpoints/DOGE/DOGE_S2B1_lr0.0003_clip0.2_ent0.01_ep4_bs16_cl32_gamma0.99_lam0.9_seed1_H4320_Q3e+06_pov0.1_fee0/best.weights.h5,89
DOGE,doge_q1p2e+07,12000000.0,4320,3500.0,0.1,buy,DOGE_PPO_3,2026-01-16_steps_5s.parquet,/Users/jackfletcher/Desktop/FYP_Data/Replay_5s_DOGE/January/2026-01-16_steps_5s.parquet,3534,4320,-8.340103058390204e-05,10209882.969999997,0.13977264448098764,0.138635,138.74762249998912,1790117.0300000329,0.8508235808333331,0.0,1.0,0.8340103058390084,DOGE_S2B1_lr0.0003_clip0.2_ent0.01_ep4_bs16_cl32_gamma0.99_lam0.9_seed1_H4320_Q3e+06_pov0.1_fee0,checkpoints/DOGE/DOGE_S2B1_lr0.0003_clip0.2_ent0.01_ep4_bs16_cl32_gamma0.99_lam0.9_seed1_H4320_Q3e+06_pov0.1_fee0/best.weights.h5,90
DOGE,doge_q1p2e+07,12000000.0,4320,3500.0,0.1,buy,DOGE_PPO_3,2026-01-27_steps_5s.parquet,/Users/jackfletcher/Desktop/FYP_Data/Replay_5s_DOGE/January/2026-01-27_steps_5s.parquet,9263,4320,-8.009243502686153e-05,8277259.33,0.12269871644339311,0.12223,117.47637999999868,3722740.669999998,0.6897716108333334,0.0,1.0,0.8009243502686103,DOGE_S2B1_lr0.0003_clip0.2_ent0.01_ep4_bs16_cl32_gamma0.99_lam0.9_seed1_H4320_Q3e+06_pov0.1_fee0,checkpoints/DOGE/DOGE_S2B1_lr0.0003_clip0.2_ent0.01_ep4_bs16_cl32_gamma0.99_lam0.9_seed1_H4320_Q3e+06_pov0.1_fee0/best.weights.h5,91
DOGE,doge_q1p2e+07,12000000.0,4320,3500.0,0.1,buy,DOGE_PPO_3,2026-01-10_steps_5s.parquet,/Users/jackfletcher/Desktop/FYP_Data/Replay_5s_DOGE/January/2026-01-10_steps_5s.parquet,5886,4320,-5.720061755555365e-05,10794454.220000003,0.14008919524091518,0.140345,96.33384805000946,1205545.7800000147,0.8995378516666669,0.0,1.0,0.5720061755555326,DOGE_S2B1_lr0.0003_clip0.2_ent0.01_ep4_bs16_cl32_gamma0.99_lam0.9_seed1_H4320_Q3e+06_pov0.1_fee0,checkpoints/DOGE/DOGE_S2B1_lr0.0003_clip0.2_ent0.01_ep4_bs16_cl32_gamma0.99_lam0.9_seed1_H4320_Q3e+06_pov0.1_fee0/best.weights.h5,92
DOGE,doge_q1p2e+07,12000000.0,4320,3500.0,0.1,buy,DOGE_PPO_3,2026-01-18_steps_5s.parquet,/Users/jackfletcher/Desktop/FYP_Data/Replay_5s_DOGE/January/2026-01-18_steps_5s.parquet,116,4320,-9.09233036221105e-05,11531780.820000023,0.13739312736602063,0.13799499999999998,150.56353539999878,468219.17999998934,0.9609817350000018,0.0,1.0,0.909233036221112,DOGE_S2B1_lr0.0003_clip0.2_ent0.01_ep4_bs16_cl32_gamma0.99_lam0.9_seed1_H4320_Q3e+06_pov0.1_fee0,checkpoints/DOGE/DOGE_S2B1_lr0.0003_clip0.2_ent0.01_ep4_bs16_cl32_gamma0.99_lam0.9_seed1_H4320_Q3e+06_pov0.1_fee0/best.weights.h5,93
DOGE,doge_q1p2e+07,12000000.0,4320,3500.0,0.1,buy,DOGE_PPO_3,2026-01-11_steps_5s.parquet,/Users/jackfletcher/Desktop/FYP_Data/Replay_5s_DOGE/January/2026-01-11_steps_5s.parquet,11887,4320,-6.373895880492855e-05,9765139.380000005,0.13776514099883688,0.139155,106.43513774999802,2234860.620000016,0.8137616150000003,0.0,1.0,0.6373895880492857,DOGE_S2B1_lr0.0003_clip0.2_ent0.01_ep4_bs16_cl32_gamma0.99_lam0.9_seed1_H4320_Q3e+06_pov0.1_fee0,checkpoints/DOGE/DOGE_S2B1_lr0.0003_clip0.2_ent0.01_ep4_bs16_cl32_gamma0.99_lam0.9_seed1_H4320_Q3e+06_pov0.1_fee0/best.weights.h5,94
DOGE,doge_q1p2e+07,12000000.0,4320,3500.0,0.1,buy,DOGE_PPO_3,2026-01-22_steps_5s.parquet,/Users/jackfletcher/Desktop/FYP_Data/Replay_5s_DOGE/January/2026-01-22_steps_5s.parquet,4421,4320,-6.523274031451028e-05,9629423.179999996,0.1264670363543415,0.126865,99.30901920000352,2370576.820000059,0.8024519316666663,0.0,1.0,0.6523274031450986,DOGE_S2B1_lr0.0003_clip0.2_ent0.01_ep4_bs16_cl32_gamma0.99_lam0.9_seed1_H4320_Q3e+06_pov0.1_fee0,checkpoints/DOGE/DOGE_S2B1_lr0.0003_clip0.2_ent0.01_ep4_bs16_cl32_gamma0.99_lam0.9_seed1_H4320_Q3e+06_pov0.1_fee0/best.weights.h5,95
DOGE,doge_q1p2e+07,12000000.0,4320,3500.0,0.1,buy,DOGE_PPO_3,2026-01-27_steps_5s.parquet,/Users/jackfletcher/Desktop/FYP_Data/Replay_5s_DOGE/January/2026-01-27_steps_5s.parquet,1769,4320,-9.253718698639743e-05,11632242.65999998,0.12264870375011645,0.122705,136.2573063499923,367757.3400000237,0.9693535549999983,0.0,1.0,0.9253718698639847,DOGE_S2B1_lr0.0003_clip0.2_ent0.01_ep4_bs16_cl32_gamma0.99_lam0.9_seed1_H4320_Q3e+06_pov0.1_fee0,checkpoints/DOGE/DOGE_S2B1_lr0.0003_clip0.2_ent0.01_ep4_bs16_cl32_gamma0.99_lam0.9_seed1_H4320_Q3e+06_pov0.1_fee0/best.weights.h5,96
DOGE,doge_q1p2e+07,12000000.0,4320,3500.0,0.1,buy,DOGE_PPO_3,2026-01-08_steps_5s.parquet,/Users/jackfletcher/Desktop/FYP_Data/Replay_5s_DOGE/January/2026-01-08_steps_5s.parquet,3456,4320,-6.20586739678075e-05,7268163.939999995,0.1441181561110744,0.146895,109.39330695001263,4731836.060000018,0.6056803283333329,0.0,1.0,0.620586739678073,DOGE_S2B1_lr0.0003_clip0.2_ent0.01_ep4_bs16_cl32_gamma0.99_lam0.9_seed1_H4320_Q3e+06_pov0.1_fee0,checkpoints/DOGE/DOGE_S2B1_lr0.0003_clip0.2_ent0.01_ep4_bs16_cl32_gamma0.99_lam0.9_seed1_H4320_Q3e+06_pov0.1_fee0/best.weights.h5,97
DOGE,doge_q1p2e+07,12000000.0,4320,3500.0,0.1,buy,DOGE_PPO_3,2026-01-25_steps_5s.parquet,/Users/jackfletcher/Desktop/FYP_Data/Replay_5s_DOGE/January/2026-01-25_steps_5s.parquet,5179,4320,-8.487189181869347e-05,10925092.21000003,0.12313718189295657,0.12306500000000001,125.33711240000866,1074907.790000019,0.9104243508333358,0.0,1.0,0.8487189181869247,DOGE_S2B1_lr0.0003_clip0.2_ent0.01_ep4_bs16_cl32_gamma0.99_lam0.9_seed1_H4320_Q3e+06_pov0.1_fee0,checkpoints/DOGE/DOGE_S2B1_lr0.0003_clip0.2_ent0.01_ep4_bs16_cl32_gamma0.99_lam0.9_seed1_H4320_Q3e+06_pov0.1_fee0/best.weights.h5,98
DOGE,doge_q1p2e+07,12000000.0,4320,3500.0,0.1,buy,DOGE_PPO_3,2026-01-23_steps_5s.parquet,/Users/jackfletcher/Desktop/FYP_Data/Replay_5s_DOGE/January/2026-01-23_steps_5s.parquet,648,4320,-0.00011119116922914574,12000000.000000028,0.1253238053151666,0.124555,166.1929930000306,0.0,1.0000000000000022,1.0,1.0,1.1119116922914283,DOGE_S2B1_lr0.0003_clip0.2_ent0.01_ep4_bs16_cl32_gamma0.99_lam0.9_seed1_H4320_Q3e+06_pov0.1_fee0,checkpoints/DOGE/DOGE_S2B1_lr0.0003_clip0.2_ent0.01_ep4_bs16_cl32_gamma0.99_lam0.9_seed1_H4320_Q3e+06_pov0.1_fee0/best.weights.h5,99
